a(TAX:"Severe acute respiratory syndrome-related coronavirus")	increases	p(UNIPROT:P59632, loc(GO:"perinuclear region of cytoplasm"))	{"annotations": {"CellLine": {"Vero cell": true}, "PublicationStatus": {"Published": true}, "PublicationType": {"Research": true}, "Section": {"Results": true}}, "citation": {"authors": ["Fielding BC", "Goh PY", "Hong W", "Lim SG", "Ooi EE", "Shen S", "Tan HC", "Tan TH", "Tan YJ", "Teng E"], "date": "2004-07-01", "db": "PubMed", "db_id": "15194747", "db_name": "Journal of virology", "first": "Tan YJ", "last": "Hong W", "pages": "6723-34", "volume": "78"}, "evidence": "Indirect immunofluorescence showed that U274 is localized to the perinuclear region, as well as to the plasma membrane of transfected and infected cells (see Fig. \u200bFig.3,3, where cells have been permeabilized with Triton X-100).", "line": 81, "object": {"location": {"name": "perinuclear region of cytoplasm", "namespace": "GO"}}, "relation": "increases"}
a(TAX:"Severe acute respiratory syndrome-related coronavirus")	increases	p(UNIPROT:P59632, loc(GO:"endocytic vesicle"))	{"annotations": {"CellLine": {"HeLa derived cell line cell": true}, "PublicationStatus": {"Published": true}, "PublicationType": {"Research": true}, "Section": {"Results": true}, "Species": {"9606": true}}, "citation": {"authors": ["Fielding BC", "Goh PY", "Hong W", "Lim SG", "Ooi EE", "Shen S", "Tan HC", "Tan TH", "Tan YJ", "Teng E"], "date": "2004-07-01", "db": "PubMed", "db_id": "15194747", "db_name": "Journal of virology", "first": "Tan YJ", "last": "Hong W", "pages": "6723-34", "volume": "78"}, "evidence": " Again, HeLa cells transfected with myc-U274 were able to internalize anti-myc antibodies (Fig. \u200b(Fig.5,5, upper panel, lanes 11 and 12) just like endogenous TfR (Fig. \u200b(Fig.5,5, upper panel, lanes 15 and 16), whereas CD81 did not undergo efficient internalization (Fig. \u200b(Fig.5,5, upper panel, lanes 13 and 14).", "line": 91, "object": {"location": {"name": "endocytic vesicle", "namespace": "GO"}}, "relation": "increases"}
a(TAX:"Severe acute respiratory syndrome-related coronavirus")	increases	complex(p(UNIPROT:P59632), p(UNIPROT:P59637))	{"annotations": {"CellLine": {"HEK293": true}, "PublicationStatus": {"Published": true}, "PublicationType": {"Research": true}, "Section": {"Results": true}, "Species": {"9606": true}}, "citation": {"authors": ["Fielding BC", "Goh PY", "Hong W", "Lim SG", "Ooi EE", "Shen S", "Tan HC", "Tan TH", "Tan YJ", "Teng E"], "date": "2004-07-01", "db": "PubMed", "db_id": "15194747", "db_name": "Journal of virology", "first": "Tan YJ", "last": "Hong W", "pages": "6723-34", "volume": "78"}, "evidence": "Coimmunoprecipitation experiments were performed to determine whether U274 could interact with the SARS-CoV structural proteins M, E, and N. As shown in Fig. \u200bFig.6A6A (upper panel), myc-U274 specifically coimmunoprecipitated E-HA (lane 6) and M-HA (lane 8), and neither of these showed any nonspecific binding to myc-GST (lanes 5 and 7).", "line": 97, "relation": "increases"}
a(TAX:"Severe acute respiratory syndrome-related coronavirus")	increases	complex(p(UNIPROT:P59596), p(UNIPROT:P59632))	{"annotations": {"CellLine": {"HEK293": true}, "PublicationStatus": {"Published": true}, "PublicationType": {"Research": true}, "Section": {"Results": true}, "Species": {"9606": true}}, "citation": {"authors": ["Fielding BC", "Goh PY", "Hong W", "Lim SG", "Ooi EE", "Shen S", "Tan HC", "Tan TH", "Tan YJ", "Teng E"], "date": "2004-07-01", "db": "PubMed", "db_id": "15194747", "db_name": "Journal of virology", "first": "Tan YJ", "last": "Hong W", "pages": "6723-34", "volume": "78"}, "evidence": "Coimmunoprecipitation experiments were performed to determine whether U274 could interact with the SARS-CoV structural proteins M, E, and N. As shown in Fig. \u200bFig.6A6A (upper panel), myc-U274 specifically coimmunoprecipitated E-HA (lane 6) and M-HA (lane 8), and neither of these showed any nonspecific binding to myc-GST (lanes 5 and 7).", "line": 98, "relation": "increases"}
a(TAX:"Severe acute respiratory syndrome-related coronavirus")	increases	complex(p(UNIPROT:P59594), p(UNIPROT:P59632))	{"annotations": {"CellLine": {"HEK293": true}, "PublicationStatus": {"Published": true}, "PublicationType": {"Research": true}, "Section": {"Results": true}, "Species": {"9606": true}}, "citation": {"authors": ["Fielding BC", "Goh PY", "Hong W", "Lim SG", "Ooi EE", "Shen S", "Tan HC", "Tan TH", "Tan YJ", "Teng E"], "date": "2004-07-01", "db": "PubMed", "db_id": "15194747", "db_name": "Journal of virology", "first": "Tan YJ", "last": "Hong W", "pages": "6723-34", "volume": "78"}, "evidence": "As shown in Fig. \u200bFig.6B6B (upper panel), the S protein of \u223c180-kDa interacts specifically with myc-U274 but not with myc-GST.", "line": 102, "relation": "increases"}
p(UNIPROT:P59594)	partOf	complex(p(UNIPROT:P59594), p(UNIPROT:P59632))	{"relation": "partOf"}
p(UNIPROT:P59632)	partOf	complex(p(UNIPROT:P59594), p(UNIPROT:P59632))	{"relation": "partOf"}
p(UNIPROT:P59632)	partOf	complex(p(UNIPROT:P59596), p(UNIPROT:P59632))	{"relation": "partOf"}
p(UNIPROT:P59632)	partOf	complex(p(UNIPROT:P59632), p(UNIPROT:P59637))	{"relation": "partOf"}
p(UNIPROT:P59632)	hasVariant	p(UNIPROT:P59632, frag("?"))	{"relation": "hasVariant"}
p(UNIPROT:P59596)	partOf	complex(p(UNIPROT:P59596), p(UNIPROT:P59632))	{"relation": "partOf"}
p(UNIPROT:P59637)	partOf	complex(p(UNIPROT:P59632), p(UNIPROT:P59637))	{"relation": "partOf"}
p(UNIPROT:P59632, frag("?"))	increases	p(UNIPROT:P59632, loc(GO:"host cell membrane"))	{"annotations": {"CellLine": {"Vero cell": true}, "PublicationStatus": {"Published": true}, "PublicationType": {"Research": true}, "Section": {"Results": true}}, "citation": {"authors": ["Fielding BC", "Goh PY", "Hong W", "Lim SG", "Ooi EE", "Shen S", "Tan HC", "Tan TH", "Tan YJ", "Teng E"], "date": "2004-07-01", "db": "PubMed", "db_id": "15194747", "db_name": "Journal of virology", "first": "Tan YJ", "last": "Hong W", "pages": "6723-34", "volume": "78"}, "evidence": "In addition, a U274 mutant (U274mut2) that lacks sorting signals in the cytoplasmic domain (see Table \u200bTable11 and Discussion) was also not transported to the cell surface, suggesting that this domain is essential for the transportation of U274 to the cell surface.", "line": 85, "object": {"location": {"name": "host cell membrane", "namespace": "GO"}}, "relation": "increases"}
