a(TAX:"Severe acute respiratory syndrome-related coronavirus")	increases	path(HP:"Severe viral infection")	{"annotations": {"CellLine": {"VERO C1008 cell": true}, "Custom_Species": {"60711": true}, "PublicationStatus": {"Published": true}, "PublicationType": {"Rapid report": true}, "Section": {"Full Text": true}}, "citation": {"authors": ["Fukushi S", "Kurane I", "Mizutani T", "Morikawa S", "Saijo M"], "date": "2005-06-30", "db": "PubMed", "db_id": "15916886", "db_name": "Biochimica et biophysica acta", "first": "Mizutani T", "last": "Morikawa S", "pages": "4-10", "volume": "1741"}, "evidence": "These results indicated that the persistently infected Vero E6 cells produce infectious viruses.", "line": 49, "relation": "increases"}
a(TAX:"Severe acute respiratory syndrome-related coronavirus")	association	bp(MESH:"Virus Replication")	{"annotations": {"CellLine": {"VERO C1008 cell": true}, "Custom_Species": {"60711": true}, "PublicationStatus": {"Published": true}, "PublicationType": {"Rapid report": true}, "Section": {"Full Text": true}}, "citation": {"authors": ["Fukushi S", "Kurane I", "Mizutani T", "Morikawa S", "Saijo M"], "date": "2005-06-30", "db": "PubMed", "db_id": "15916886", "db_name": "Biochimica et biophysica acta", "first": "Mizutani T", "last": "Morikawa S", "pages": "4-10", "volume": "1741"}, "evidence": "These results indicated that the persistently infected Vero E6 cells produce infectious viruses.", "line": 51, "relation": "association"}
a(TAX:"Severe acute respiratory syndrome-related coronavirus")	association	bp(GO:"viral genome replication")	{"annotations": {"CellLine": {"VERO C1008 cell": true}, "Custom_Species": {"60711": true}, "PublicationStatus": {"Published": true}, "PublicationType": {"Rapid report": true}, "Section": {"Full Text": true}}, "citation": {"authors": ["Fukushi S", "Kurane I", "Mizutani T", "Morikawa S", "Saijo M"], "date": "2005-06-30", "db": "PubMed", "db_id": "15916886", "db_name": "Biochimica et biophysica acta", "first": "Mizutani T", "last": "Morikawa S", "pages": "4-10", "volume": "1741"}, "evidence": "The amount of mRNA8 and 9 of the persistent cells are 81.4% of the acute infected cells.", "line": 55, "relation": "association"}
a(TAX:"Severe acute respiratory syndrome-related coronavirus")	decreases	p(UNIPROT:A0A0D9RQZ0)	{"annotations": {"BioAssay": {"western blot": true}, "CellLine": {"VERO C1008 cell": true}, "Custom_Species": {"60711": true}, "PublicationStatus": {"Published": true}, "PublicationType": {"Rapid report": true}, "Section": {"Full Text": true}}, "citation": {"authors": ["Fukushi S", "Kurane I", "Mizutani T", "Morikawa S", "Saijo M"], "date": "2005-06-30", "db": "PubMed", "db_id": "15916886", "db_name": "Biochimica et biophysica acta", "first": "Mizutani T", "last": "Morikawa S", "pages": "4-10", "volume": "1741"}, "evidence": "Interestingly, ACE-2 was also decreased in the acute infection of SARS-CoV.", "line": 59, "relation": "decreases"}
a(TAX:"Severe acute respiratory syndrome-related coronavirus")	increases	bp(GO:"apoptotic process")	{"annotations": {"CellLine": {"VERO C1008 cell": true}, "Custom_Species": {"60711": true}, "PublicationStatus": {"Published": true}, "PublicationType": {"Rapid report": true}, "Section": {"Full Text": true}}, "citation": {"authors": ["Fukushi S", "Kurane I", "Mizutani T", "Morikawa S", "Saijo M"], "date": "2005-06-30", "db": "PubMed", "db_id": "15916886", "db_name": "Biochimica et biophysica acta", "first": "Mizutani T", "last": "Morikawa S", "pages": "4-10", "volume": "1741"}, "evidence": "The majority of the virus in a seed could induce the apoptotic cell death of Vero E6 cells [13]", "line": 64, "relation": "increases"}
a(TAX:"Severe acute respiratory syndrome-related coronavirus")	increases	p(UNIPROT:A0A0D9RBG0, pmod(Ph))	{"annotations": {"BioAssay": {"western blot": true}, "CellLine": {"VERO C1008 cell": true}, "Custom_Species": {"60711": true}, "PublicationStatus": {"Published": true}, "PublicationType": {"Rapid report": true}, "Section": {"Full Text": true}}, "citation": {"authors": ["Fukushi S", "Kurane I", "Mizutani T", "Morikawa S", "Saijo M"], "date": "2005-06-30", "db": "PubMed", "db_id": "15916886", "db_name": "Biochimica et biophysica acta", "first": "Mizutani T", "last": "Morikawa S", "pages": "4-10", "volume": "1741"}, "evidence": "This result suggested that, at least, the phosphorylation of Akt in viral infected cells were necessary to establish persistence.", "line": 73, "relation": "increases"}
bp(GO:"viral genome replication")	association	a(TAX:"Severe acute respiratory syndrome-related coronavirus")	{"annotations": {"CellLine": {"VERO C1008 cell": true}, "Custom_Species": {"60711": true}, "PublicationStatus": {"Published": true}, "PublicationType": {"Rapid report": true}, "Section": {"Full Text": true}}, "citation": {"authors": ["Fukushi S", "Kurane I", "Mizutani T", "Morikawa S", "Saijo M"], "date": "2005-06-30", "db": "PubMed", "db_id": "15916886", "db_name": "Biochimica et biophysica acta", "first": "Mizutani T", "last": "Morikawa S", "pages": "4-10", "volume": "1741"}, "evidence": "The amount of mRNA8 and 9 of the persistent cells are 81.4% of the acute infected cells.", "line": 55, "relation": "association"}
bp(MESH:"Virus Replication")	association	a(TAX:"Severe acute respiratory syndrome-related coronavirus")	{"annotations": {"CellLine": {"VERO C1008 cell": true}, "Custom_Species": {"60711": true}, "PublicationStatus": {"Published": true}, "PublicationType": {"Rapid report": true}, "Section": {"Full Text": true}}, "citation": {"authors": ["Fukushi S", "Kurane I", "Mizutani T", "Morikawa S", "Saijo M"], "date": "2005-06-30", "db": "PubMed", "db_id": "15916886", "db_name": "Biochimica et biophysica acta", "first": "Mizutani T", "last": "Morikawa S", "pages": "4-10", "volume": "1741"}, "evidence": "These results indicated that the persistently infected Vero E6 cells produce infectious viruses.", "line": 51, "relation": "association"}
p(UNIPROT:A0A0D9RBG0)	hasVariant	p(UNIPROT:A0A0D9RBG0, pmod(Ph))	{"relation": "hasVariant"}
p(UNIPROT:A0A0D9RBG0)	increases	bp(MESH:"Cell Survival")	{"annotations": {"CellLine": {"VERO C1008 cell": true}, "Custom_Species": {"60711": true}, "PublicationStatus": {"Published": true}, "PublicationType": {"Rapid report": true}, "Section": {"Full Text": true}}, "citation": {"authors": ["Fukushi S", "Kurane I", "Mizutani T", "Morikawa S", "Saijo M"], "date": "2005-06-30", "db": "PubMed", "db_id": "15916886", "db_name": "Biochimica et biophysica acta", "first": "Mizutani T", "last": "Morikawa S", "pages": "4-10", "volume": "1741"}, "evidence": "As shown in Fig. 6, SB203580 as an inhibitor of p38 MAPK and PD98059 as an inhibitor of MEK1/2 did not affect the establishment of persistent infection, whereas no surviving cells were observed following treatment with SP600125, an inhibitor of JNK, or LY294002, an inhibitor of PI3K/Akt.", "line": 69, "relation": "increases"}
p(UNIPROT:A0A0D9RBG0, pmod(Ph))	increases	bp(MESH:"Cell Survival")	{"annotations": {"BioAssay": {"western blot": true}, "CellLine": {"VERO C1008 cell": true}, "Custom_Species": {"60711": true}, "PublicationStatus": {"Published": true}, "PublicationType": {"Rapid report": true}, "Section": {"Full Text": true}}, "citation": {"authors": ["Fukushi S", "Kurane I", "Mizutani T", "Morikawa S", "Saijo M"], "date": "2005-06-30", "db": "PubMed", "db_id": "15916886", "db_name": "Biochimica et biophysica acta", "first": "Mizutani T", "last": "Morikawa S", "pages": "4-10", "volume": "1741"}, "evidence": "This result suggested that, at least, the phosphorylation of Akt in viral infected cells were necessary to establish persistence.", "line": 74, "relation": "increases"}
p(UNIPROT:A0A0D9RTM6)	increases	bp(MESH:"Cell Survival")	{"annotations": {"CellLine": {"VERO C1008 cell": true}, "Custom_Species": {"60711": true}, "PublicationStatus": {"Published": true}, "PublicationType": {"Rapid report": true}, "Section": {"Full Text": true}}, "citation": {"authors": ["Fukushi S", "Kurane I", "Mizutani T", "Morikawa S", "Saijo M"], "date": "2005-06-30", "db": "PubMed", "db_id": "15916886", "db_name": "Biochimica et biophysica acta", "first": "Mizutani T", "last": "Morikawa S", "pages": "4-10", "volume": "1741"}, "evidence": "As shown in Fig. 6, SB203580 as an inhibitor of p38 MAPK and PD98059 as an inhibitor of MEK1/2 did not affect the establishment of persistent infection, whereas no surviving cells were observed following treatment with SP600125, an inhibitor of JNK, or LY294002, an inhibitor of PI3K/Akt.", "line": 68, "relation": "increases"}
p(UNIPROT:A0A0D9SAF4)	increases	bp(MESH:"Cell Survival")	{"annotations": {"CellLine": {"VERO C1008 cell": true}, "Custom_Species": {"60711": true}, "PublicationStatus": {"Published": true}, "PublicationType": {"Rapid report": true}, "Section": {"Full Text": true}}, "citation": {"authors": ["Fukushi S", "Kurane I", "Mizutani T", "Morikawa S", "Saijo M"], "date": "2005-06-30", "db": "PubMed", "db_id": "15916886", "db_name": "Biochimica et biophysica acta", "first": "Mizutani T", "last": "Morikawa S", "pages": "4-10", "volume": "1741"}, "evidence": "As shown in Fig. 6, SB203580 as an inhibitor of p38 MAPK and PD98059 as an inhibitor of MEK1/2 did not affect the establishment of persistent infection, whereas no surviving cells were observed following treatment with SP600125, an inhibitor of JNK, or LY294002, an inhibitor of PI3K/Akt.", "line": 67, "relation": "increases"}
path(HP:"Severe viral infection")	increases	bp(MESH:"Virus Replication")	{"annotations": {"CellLine": {"VERO C1008 cell": true}, "Custom_Species": {"60711": true}, "PublicationStatus": {"Published": true}, "PublicationType": {"Rapid report": true}, "Section": {"Full Text": true}}, "citation": {"authors": ["Fukushi S", "Kurane I", "Mizutani T", "Morikawa S", "Saijo M"], "date": "2005-06-30", "db": "PubMed", "db_id": "15916886", "db_name": "Biochimica et biophysica acta", "first": "Mizutani T", "last": "Morikawa S", "pages": "4-10", "volume": "1741"}, "evidence": "These results indicated that the persistently infected Vero E6 cells produce infectious viruses.", "line": 50, "relation": "increases"}
path(HP:"Severe viral infection")	increases	bp(GO:"viral genome replication")	{"annotations": {"CellLine": {"VERO C1008 cell": true}, "Custom_Species": {"60711": true}, "PublicationStatus": {"Published": true}, "PublicationType": {"Rapid report": true}, "Section": {"Full Text": true}}, "citation": {"authors": ["Fukushi S", "Kurane I", "Mizutani T", "Morikawa S", "Saijo M"], "date": "2005-06-30", "db": "PubMed", "db_id": "15916886", "db_name": "Biochimica et biophysica acta", "first": "Mizutani T", "last": "Morikawa S", "pages": "4-10", "volume": "1741"}, "evidence": "The amount of mRNA8 and 9 of the persistent cells are 81.4% of the acute infected cells.", "line": 54, "relation": "increases"}
