bp(GO:"extracellular matrix assembly")	association	act(p(HGNC:VCAN))	{"annotations": {"BioAssay": {"reverse transcription PCR": true}, "CellLine": {"A549 cell": true}}, "citation": {"authors": ["Chan DZ", "Chou CF", "Fielding BC", "Hong W", "Lim SG", "Shen S", "Tan TH", "Tan YJ", "Tham PY"], "date": "2005-08-01", "db": "PubMed", "db_id": "16014971", "db_name": "Journal of virology", "first": "Tan YJ", "last": "Hong W", "pages": "10083-7", "volume": "79"}, "evidence": "Interestingly, the mRNA level of CSPG2, which is involved in the extracellular matrix assembly (32), was also specifically up- regulated, with four different transcripts giving similar results (Table \u200b(Table1).1).", "line": 60, "object": {"modifier": "Activity"}, "relation": "association"}
act(p(HGNC:VCAN))	association	bp(GO:"extracellular matrix assembly")	{"annotations": {"BioAssay": {"reverse transcription PCR": true}, "CellLine": {"A549 cell": true}}, "citation": {"authors": ["Chan DZ", "Chou CF", "Fielding BC", "Hong W", "Lim SG", "Shen S", "Tan TH", "Tan YJ", "Tham PY"], "date": "2005-08-01", "db": "PubMed", "db_id": "16014971", "db_name": "Journal of virology", "first": "Tan YJ", "last": "Hong W", "pages": "10083-7", "volume": "79"}, "evidence": "Interestingly, the mRNA level of CSPG2, which is involved in the extracellular matrix assembly (32), was also specifically up- regulated, with four different transcripts giving similar results (Table \u200b(Table1).1).", "line": 60, "relation": "association", "subject": {"modifier": "Activity"}}
act(p(UNIPROT:P59632))	increases	r(HGNC:FGA)	{"annotations": {"BioAssay": {"reverse transcription PCR": true}, "CellLine": {"A549 cell": true}}, "citation": {"authors": ["Chan DZ", "Chou CF", "Fielding BC", "Hong W", "Lim SG", "Shen S", "Tan TH", "Tan YJ", "Tham PY"], "date": "2005-08-01", "db": "PubMed", "db_id": "16014971", "db_name": "Journal of virology", "first": "Tan YJ", "last": "Hong W", "pages": "10083-7", "volume": "79"}, "evidence": "The results showed that all three subunits, A\u03b1, B\u03b2, and \u03b3, of fibrinogen (Table \u200b(Table1)1) were strongly up-regulated in the 3a-expressing clones.", "line": 44, "relation": "increases", "subject": {"modifier": "Activity"}}
act(p(UNIPROT:P59632))	increases	r(HGNC:FGB)	{"annotations": {"BioAssay": {"reverse transcription PCR": true}, "CellLine": {"A549 cell": true}}, "citation": {"authors": ["Chan DZ", "Chou CF", "Fielding BC", "Hong W", "Lim SG", "Shen S", "Tan TH", "Tan YJ", "Tham PY"], "date": "2005-08-01", "db": "PubMed", "db_id": "16014971", "db_name": "Journal of virology", "first": "Tan YJ", "last": "Hong W", "pages": "10083-7", "volume": "79"}, "evidence": "The results showed that all three subunits, A\u03b1, B\u03b2, and \u03b3, of fibrinogen (Table \u200b(Table1)1) were strongly up-regulated in the 3a-expressing clones.", "line": 45, "relation": "increases", "subject": {"modifier": "Activity"}}
act(p(UNIPROT:P59632))	increases	r(HGNC:FGG)	{"annotations": {"BioAssay": {"reverse transcription PCR": true}, "CellLine": {"A549 cell": true}}, "citation": {"authors": ["Chan DZ", "Chou CF", "Fielding BC", "Hong W", "Lim SG", "Shen S", "Tan TH", "Tan YJ", "Tham PY"], "date": "2005-08-01", "db": "PubMed", "db_id": "16014971", "db_name": "Journal of virology", "first": "Tan YJ", "last": "Hong W", "pages": "10083-7", "volume": "79"}, "evidence": "The results showed that all three subunits, A\u03b1, B\u03b2, and \u03b3, of fibrinogen (Table \u200b(Table1)1) were strongly up-regulated in the 3a-expressing clones.", "line": 46, "relation": "increases", "subject": {"modifier": "Activity"}}
act(p(UNIPROT:P59632))	increases	r(HGNC:FGL2)	{"annotations": {"BioAssay": {"reverse transcription PCR": true}, "CellLine": {"A549 cell": true}}, "citation": {"authors": ["Chan DZ", "Chou CF", "Fielding BC", "Hong W", "Lim SG", "Shen S", "Tan TH", "Tan YJ", "Tham PY"], "date": "2005-08-01", "db": "PubMed", "db_id": "16014971", "db_name": "Journal of virology", "first": "Tan YJ", "last": "Hong W", "pages": "10083-7", "volume": "79"}, "evidence": "The only other fibrinogen-related gene that showed an increase in the mRNA level in the 3a-expressing clones was Fgl-1 (Table \u200b(Table1,1, Fig. \u200bFig.1B),1B), but the degree of up-regulation was less.", "line": 52, "relation": "increases", "subject": {"modifier": "Activity"}}
act(p(UNIPROT:P59632))	increases	r(HGNC:FGL1)	{"annotations": {"BioAssay": {"reverse transcription PCR": true}, "CellLine": {"A549 cell": true}}, "citation": {"authors": ["Chan DZ", "Chou CF", "Fielding BC", "Hong W", "Lim SG", "Shen S", "Tan TH", "Tan YJ", "Tham PY"], "date": "2005-08-01", "db": "PubMed", "db_id": "16014971", "db_name": "Journal of virology", "first": "Tan YJ", "last": "Hong W", "pages": "10083-7", "volume": "79"}, "evidence": "The only other fibrinogen-related gene that showed an increase in the mRNA level in the 3a-expressing clones was Fgl-1 (Table \u200b(Table1,1, Fig. \u200bFig.1B),1B), but the degree of up-regulation was less.", "line": 53, "relation": "increases", "subject": {"modifier": "Activity"}}
act(p(UNIPROT:P59632))	increases	r(HGNC:VCAN)	{"annotations": {"BioAssay": {"reverse transcription PCR": true}, "CellLine": {"A549 cell": true}}, "citation": {"authors": ["Chan DZ", "Chou CF", "Fielding BC", "Hong W", "Lim SG", "Shen S", "Tan TH", "Tan YJ", "Tham PY"], "date": "2005-08-01", "db": "PubMed", "db_id": "16014971", "db_name": "Journal of virology", "first": "Tan YJ", "last": "Hong W", "pages": "10083-7", "volume": "79"}, "evidence": "Interestingly, the mRNA level of CSPG2, which is involved in the extracellular matrix assembly (32), was also specifically up- regulated, with four different transcripts giving similar results (Table \u200b(Table1).1).", "line": 61, "relation": "increases", "subject": {"modifier": "Activity"}}
act(p(UNIPROT:P59632))	increases	p(HGNC:FGA)	{"annotations": {"BioAssay": {"western blot": true}, "CellLine": {"Huh7 cell": true}}, "citation": {"authors": ["Chan DZ", "Chou CF", "Fielding BC", "Hong W", "Lim SG", "Shen S", "Tan TH", "Tan YJ", "Tham PY"], "date": "2005-08-01", "db": "PubMed", "db_id": "16014971", "db_name": "Journal of virology", "first": "Tan YJ", "last": "Hong W", "pages": "10083-7", "volume": "79"}, "evidence": "Consistent with the increase in the mRNA, the A\u03b1 protein levels in the 3a-expressing clones were significantly higher than in the vector control (Fig. \u200b(Fig.2A,2A, panel b, lanes 4 to 6).", "line": 71, "relation": "increases", "subject": {"modifier": "Activity"}}
act(p(UNIPROT:P59632))	increases	p(HGNC:FGB)	{"annotations": {"BioAssay": {"western blot": true}, "CellLine": {"Huh7 cell": true}}, "citation": {"authors": ["Chan DZ", "Chou CF", "Fielding BC", "Hong W", "Lim SG", "Shen S", "Tan TH", "Tan YJ", "Tham PY"], "date": "2005-08-01", "db": "PubMed", "db_id": "16014971", "db_name": "Journal of virology", "first": "Tan YJ", "last": "Hong W", "pages": "10083-7", "volume": "79"}, "evidence": "Consistently, the levels of both B\u03b2 and \u03b3 proteins in the 3a-expressing clones were also higher than that in the vector control (Fig. \u200b(Fig.2A,2A, panels c and a, lanes 4 to 6).", "line": 78, "relation": "increases", "subject": {"modifier": "Activity"}}
act(p(UNIPROT:P59632))	increases	p(HGNC:FGG)	{"annotations": {"BioAssay": {"western blot": true}, "CellLine": {"Huh7 cell": true}}, "citation": {"authors": ["Chan DZ", "Chou CF", "Fielding BC", "Hong W", "Lim SG", "Shen S", "Tan TH", "Tan YJ", "Tham PY"], "date": "2005-08-01", "db": "PubMed", "db_id": "16014971", "db_name": "Journal of virology", "first": "Tan YJ", "last": "Hong W", "pages": "10083-7", "volume": "79"}, "evidence": "Consistently, the levels of both B\u03b2 and \u03b3 proteins in the 3a-expressing clones were also higher than that in the vector control (Fig. \u200b(Fig.2A,2A, panels c and a, lanes 4 to 6).", "line": 79, "relation": "increases", "subject": {"modifier": "Activity"}}
act(p(UNIPROT:P59632))	increases	sec(complex(GO:"fibrinogen complex"))	{"annotations": {"BioAssay": {"ELISA": true}, "CellLine": {"Huh7 cell": true}}, "citation": {"authors": ["Chan DZ", "Chou CF", "Fielding BC", "Hong W", "Lim SG", "Shen S", "Tan TH", "Tan YJ", "Tham PY"], "date": "2005-08-01", "db": "PubMed", "db_id": "16014971", "db_name": "Journal of virology", "first": "Tan YJ", "last": "Hong W", "pages": "10083-7", "volume": "79"}, "evidence": "As shown in Fig.2B,2B, high levels of fibrinogen (\u224830 ng per 106 cells) were secreted from the 3a-expressing clones", "line": 86, "object": {"effect": {"fromLoc": {"name": "intracellular", "namespace": "bel"}, "toLoc": {"name": "extracellular space", "namespace": "bel"}}, "modifier": "Translocation"}, "relation": "increases", "subject": {"modifier": "Activity"}}
act(p(UNIPROT:P59632))	increases	sec(complex(GO:"fibrinogen complex"))	{"annotations": {"BioAssay": {"western blot": true}, "CellLine": {"Vero cell": true}, "Sample": {"Supernatant": true}}, "citation": {"authors": ["Chan DZ", "Chou CF", "Fielding BC", "Hong W", "Lim SG", "Shen S", "Tan TH", "Tan YJ", "Tham PY"], "date": "2005-08-01", "db": "PubMed", "db_id": "16014971", "db_name": "Journal of virology", "first": "Tan YJ", "last": "Hong W", "pages": "10083-7", "volume": "79"}, "evidence": "The level of fibrinogen in the culture supernatant from infected Vero E6 cells was also significantly higher than that from mock-infected cells (Fig. \u200b(Fig.3B,3B, P < 0.005), but we could not determine the concentration, as the assay was designed for measuring human fibrinogen and no standard from the African green monkeys was available", "line": 105, "object": {"effect": {"fromLoc": {"name": "intracellular", "namespace": "bel"}, "toLoc": {"name": "extracellular space", "namespace": "bel"}}, "modifier": "Translocation"}, "relation": "increases", "subject": {"modifier": "Activity"}}
act(p(UNIPROT:P59632))	increases	p(UNIPROT:A0A0D9S1P0)	{"annotations": {"BioAssay": {"western blot": true}, "CellLine": {"Vero cell": true}}, "citation": {"authors": ["Chan DZ", "Chou CF", "Fielding BC", "Hong W", "Lim SG", "Shen S", "Tan TH", "Tan YJ", "Tham PY"], "date": "2005-08-01", "db": "PubMed", "db_id": "16014971", "db_name": "Journal of virology", "first": "Tan YJ", "last": "Hong W", "pages": "10083-7", "volume": "79"}, "evidence": "The expression of fibrinogen \u03b3 was higher in infected cells than mock- infected cells (Fig. \u200b(Fig.3A).3A).", "line": 95, "relation": "increases", "subject": {"modifier": "Activity"}}
