a(GO:"perinuclear region of cytoplasm")	association	p(UNIPROT:P59632, var("p.Cys127Ser"), var("p.Cys130Ser"), var("p.Cys133Ser"))	{"annotations": {"BioAssay": {"immunocytochemistry": true}, "CellLine": {"VERO C1008 cell": true}, "Custom_Species": {"60711": true}, "PublicationStatus": {"Published": true}, "PublicationType": {"Research": true}, "Section": {"Results": true}}, "citation": {"authors": ["Chan CM", "Chan HY", "Chan WM", "Chan WY", "Tsoi H", "Tsui SK", "Wong CO", "Yao X", "Zhai S"], "date": "2009-11-01", "db": "PubMed", "db_id": "19398035", "db_name": "The international journal of biochemistry &amp; cell biology", "first": "Chan CM", "last": "Chan HY", "pages": "2232-9", "volume": "41"}, "evidence": "In contrast to 3a-WT, the 3a-CS mutant protein lost the plasma membrane localization and became more concentrated in the cytoplasm and the perinuclear region (Fig. 1C and F).", "line": 54, "relation": "association"}
a(GO:"plasma membrane")	association	p(UNIPROT:P59632)	{"annotations": {"BioAssay": {"immunocytochemistry": true}, "CellLine": {"VERO C1008 cell": true}, "Custom_Species": {"60711": true}, "PublicationStatus": {"Published": true}, "PublicationType": {"Research": true}, "Section": {"Results": true}}, "citation": {"authors": ["Chan CM", "Chan HY", "Chan WM", "Chan WY", "Tsoi H", "Tsui SK", "Wong CO", "Yao X", "Zhai S"], "date": "2009-11-01", "db": "PubMed", "db_id": "19398035", "db_name": "The international journal of biochemistry &amp; cell biology", "first": "Chan CM", "last": "Chan HY", "pages": "2232-9", "volume": "41"}, "evidence": "We found that wild type 3a (3a-WT) protein localized to the plasma membrane (Fig. 1B and F), and also displayed a punctate cytoplasmic staining pattern (Fig. 1B and F).", "line": 49, "relation": "association"}
a(GO:cytoplasm)	association	p(UNIPROT:P59632)	{"annotations": {"BioAssay": {"immunocytochemistry": true}, "CellLine": {"VERO C1008 cell": true}, "Custom_Species": {"60711": true}, "PublicationStatus": {"Published": true}, "PublicationType": {"Research": true}, "Section": {"Results": true}}, "citation": {"authors": ["Chan CM", "Chan HY", "Chan WM", "Chan WY", "Tsoi H", "Tsui SK", "Wong CO", "Yao X", "Zhai S"], "date": "2009-11-01", "db": "PubMed", "db_id": "19398035", "db_name": "The international journal of biochemistry &amp; cell biology", "first": "Chan CM", "last": "Chan HY", "pages": "2232-9", "volume": "41"}, "evidence": "We found that wild type 3a (3a-WT) protein localized to the plasma membrane (Fig. 1B and F), and also displayed a punctate cytoplasmic staining pattern (Fig. 1B and F).", "line": 50, "relation": "association"}
a(GO:cytoplasm)	association	p(UNIPROT:P59632, var("p.Cys127Ser"), var("p.Cys130Ser"), var("p.Cys133Ser"))	{"annotations": {"BioAssay": {"immunocytochemistry": true}, "CellLine": {"VERO C1008 cell": true}, "Custom_Species": {"60711": true}, "PublicationStatus": {"Published": true}, "PublicationType": {"Research": true}, "Section": {"Results": true}}, "citation": {"authors": ["Chan CM", "Chan HY", "Chan WM", "Chan WY", "Tsoi H", "Tsui SK", "Wong CO", "Yao X", "Zhai S"], "date": "2009-11-01", "db": "PubMed", "db_id": "19398035", "db_name": "The international journal of biochemistry &amp; cell biology", "first": "Chan CM", "last": "Chan HY", "pages": "2232-9", "volume": "41"}, "evidence": "In contrast to 3a-WT, the 3a-CS mutant protein lost the plasma membrane localization and became more concentrated in the cytoplasm and the perinuclear region (Fig. 1C and F).", "line": 53, "relation": "association"}
a(GO:cytoplasm)	association	p(UNIPROT:P59632, var("p.Tyr160Ala"))	{"annotations": {"BioAssay": {"immunocytochemistry": true}, "CellLine": {"VERO C1008 cell": true}, "Custom_Species": {"60711": true}, "PublicationStatus": {"Published": true}, "PublicationType": {"Research": true}, "Section": {"Results": true}}, "citation": {"authors": ["Chan CM", "Chan HY", "Chan WM", "Chan WY", "Tsoi H", "Tsui SK", "Wong CO", "Yao X", "Zhai S"], "date": "2009-11-01", "db": "PubMed", "db_id": "19398035", "db_name": "The international journal of biochemistry &amp; cell biology", "first": "Chan CM", "last": "Chan HY", "pages": "2232-9", "volume": "41"}, "evidence": "Similarly, the plasma membrane localization of 3a-YA (Fig. 1D and F) and 3a-DE (Fig. 1E and F) mutants was partially reduced with a concomitant increase in cytoplasmic signals.", "line": 57, "relation": "association"}
a(GO:cytoplasm)	association	p(UNIPROT:P59632, var("p.Asp173Ala"), var("p.Glu171Ala"))	{"annotations": {"BioAssay": {"immunocytochemistry": true}, "CellLine": {"VERO C1008 cell": true}, "Custom_Species": {"60711": true}, "PublicationStatus": {"Published": true}, "PublicationType": {"Research": true}, "Section": {"Results": true}}, "citation": {"authors": ["Chan CM", "Chan HY", "Chan WM", "Chan WY", "Tsoi H", "Tsui SK", "Wong CO", "Yao X", "Zhai S"], "date": "2009-11-01", "db": "PubMed", "db_id": "19398035", "db_name": "The international journal of biochemistry &amp; cell biology", "first": "Chan CM", "last": "Chan HY", "pages": "2232-9", "volume": "41"}, "evidence": "Similarly, the plasma membrane localization of 3a-YA (Fig. 1D and F) and 3a-DE (Fig. 1E and F) mutants was partially reduced with a concomitant increase in cytoplasmic signals.", "line": 58, "relation": "association"}
bp(GO:"ion channel activity")	increases	bp(GO:"chromosome condensation")	{"annotations": {"CellLine": {"VERO C1008 cell": true}, "PublicationStatus": {"Published": true}, "PublicationType": {"Research": true}, "Section": {"Results": true}}, "citation": {"authors": ["Chan CM", "Chan HY", "Chan WM", "Chan WY", "Tsoi H", "Tsui SK", "Wong CO", "Yao X", "Zhai S"], "date": "2009-11-01", "db": "PubMed", "db_id": "19398035", "db_name": "The international journal of biochemistry &amp; cell biology", "first": "Chan CM", "last": "Chan HY", "pages": "2232-9", "volume": "41"}, "evidence": "To intervene the ion channel function we treated 3a-WT-transfected Vero E6 cells with ion channel blockers, 4-aminopyridine (AP) or Ba, and found that both inhibitors were able to suppress 3a-WT-induced nuclear condensation (Fig. 6F).", "line": 151, "relation": "increases"}
bp(GO:"ion channel activity")	increases	bp(GO:"apoptotic process")	{"annotations": {"MeSHAnatomy": {"Eye": true}, "PublicationStatus": {"Published": true}, "PublicationType": {"Research": true}, "Section": {"Results": true}, "Species": {"7227": true}}, "citation": {"authors": ["Chan CM", "Chan HY", "Chan WM", "Chan WY", "Tsoi H", "Tsui SK", "Wong CO", "Yao X", "Zhai S"], "date": "2009-11-01", "db": "PubMed", "db_id": "19398035", "db_name": "The international journal of biochemistry &amp; cell biology", "first": "Chan CM", "last": "Chan HY", "pages": "2232-9", "volume": "41"}, "evidence": "We found that the number of AO positive cells was largely reduced in 3a-WT-expressing larvae that were treated with Ba (Fig. 7C) when compared to the untreated control (Fig. 7B).", "line": 162, "relation": "increases"}
act(p(UNIPROT:A0A0D9REG4))	increases	bp(GO:"chromosome condensation")	{"annotations": {"BioAssay": {"immunocytochemistry": true}, "CellLine": {"VERO C1008 cell": true}, "Custom_Species": {"60711": true}, "PublicationStatus": {"Published": true}, "PublicationType": {"Research": true}, "Section": {"Results": true}}, "citation": {"authors": ["Chan CM", "Chan HY", "Chan WM", "Chan WY", "Tsoi H", "Tsui SK", "Wong CO", "Yao X", "Zhai S"], "date": "2009-11-01", "db": "PubMed", "db_id": "19398035", "db_name": "The international journal of biochemistry &amp; cell biology", "first": "Chan CM", "last": "Chan HY", "pages": "2232-9", "volume": "41"}, "evidence": "Here, we found that both caspase-8- and -9-specific inhibitors significantly suppressed nuclear condensation induced by 3a-WT in Vero E6 cells (Fig. 2C).", "line": 76, "relation": "increases", "subject": {"modifier": "Activity"}}
act(p(UNIPROT:A0A0D9S8I4))	increases	bp(GO:"chromosome condensation")	{"annotations": {"BioAssay": {"immunocytochemistry": true}, "CellLine": {"VERO C1008 cell": true}, "Custom_Species": {"60711": true}, "PublicationStatus": {"Published": true}, "PublicationType": {"Research": true}, "Section": {"Results": true}}, "citation": {"authors": ["Chan CM", "Chan HY", "Chan WM", "Chan WY", "Tsoi H", "Tsui SK", "Wong CO", "Yao X", "Zhai S"], "date": "2009-11-01", "db": "PubMed", "db_id": "19398035", "db_name": "The international journal of biochemistry &amp; cell biology", "first": "Chan CM", "last": "Chan HY", "pages": "2232-9", "volume": "41"}, "evidence": "Here, we found that both caspase-8- and -9-specific inhibitors significantly suppressed nuclear condensation induced by 3a-WT in Vero E6 cells (Fig. 2C).", "line": 77, "relation": "increases", "subject": {"modifier": "Activity"}}
p(UNIPROT:P59632)	hasVariant	p(UNIPROT:P59632, var("p.Asp173Ala"), var("p.Cys127Ser"), var("p.Cys130Ser"), var("p.Cys133Ser"), var("p.Glu171Ala"), var("p.Tyr160Ala"))	{"relation": "hasVariant"}
p(UNIPROT:P59632)	hasVariant	p(UNIPROT:P59632, var("p.Asp173Ala"), var("p.Glu171Ala"))	{"relation": "hasVariant"}
p(UNIPROT:P59632)	hasVariant	p(UNIPROT:P59632, var("p.Cys127Ser"), var("p.Cys130Ser"), var("p.Cys133Ser"))	{"relation": "hasVariant"}
p(UNIPROT:P59632)	hasVariant	p(UNIPROT:P59632, var("p.Cys133Ser"))	{"relation": "hasVariant"}
p(UNIPROT:P59632)	hasVariant	p(UNIPROT:P59632, var("p.Tyr160Ala"))	{"relation": "hasVariant"}
p(UNIPROT:P59632)	association	a(GO:"plasma membrane")	{"annotations": {"BioAssay": {"immunocytochemistry": true}, "CellLine": {"VERO C1008 cell": true}, "Custom_Species": {"60711": true}, "PublicationStatus": {"Published": true}, "PublicationType": {"Research": true}, "Section": {"Results": true}}, "citation": {"authors": ["Chan CM", "Chan HY", "Chan WM", "Chan WY", "Tsoi H", "Tsui SK", "Wong CO", "Yao X", "Zhai S"], "date": "2009-11-01", "db": "PubMed", "db_id": "19398035", "db_name": "The international journal of biochemistry &amp; cell biology", "first": "Chan CM", "last": "Chan HY", "pages": "2232-9", "volume": "41"}, "evidence": "We found that wild type 3a (3a-WT) protein localized to the plasma membrane (Fig. 1B and F), and also displayed a punctate cytoplasmic staining pattern (Fig. 1B and F).", "line": 49, "relation": "association"}
p(UNIPROT:P59632)	association	a(GO:cytoplasm)	{"annotations": {"BioAssay": {"immunocytochemistry": true}, "CellLine": {"VERO C1008 cell": true}, "Custom_Species": {"60711": true}, "PublicationStatus": {"Published": true}, "PublicationType": {"Research": true}, "Section": {"Results": true}}, "citation": {"authors": ["Chan CM", "Chan HY", "Chan WM", "Chan WY", "Tsoi H", "Tsui SK", "Wong CO", "Yao X", "Zhai S"], "date": "2009-11-01", "db": "PubMed", "db_id": "19398035", "db_name": "The international journal of biochemistry &amp; cell biology", "first": "Chan CM", "last": "Chan HY", "pages": "2232-9", "volume": "41"}, "evidence": "We found that wild type 3a (3a-WT) protein localized to the plasma membrane (Fig. 1B and F), and also displayed a punctate cytoplasmic staining pattern (Fig. 1B and F).", "line": 50, "relation": "association"}
p(UNIPROT:P59632)	increases	bp(GO:"chromosome condensation")	{"annotations": {"BioAssay": {"immunocytochemistry": true}, "CellLine": {"VERO C1008 cell": true}, "Custom_Species": {"60711": true}, "PublicationStatus": {"Published": true}, "PublicationType": {"Research": true}, "Section": {"Results": true}}, "citation": {"authors": ["Chan CM", "Chan HY", "Chan WM", "Chan WY", "Tsoi H", "Tsui SK", "Wong CO", "Yao X", "Zhai S"], "date": "2009-11-01", "db": "PubMed", "db_id": "19398035", "db_name": "The international journal of biochemistry &amp; cell biology", "first": "Chan CM", "last": "Chan HY", "pages": "2232-9", "volume": "41"}, "evidence": "Consistent with previous findings (Lawet al., 2005),we showed that up to 60% of 3a-WT-expressing Vero E6 cells displayed nuclear condensation (Fig. 2A).", "line": 61, "relation": "increases"}
p(UNIPROT:P59632)	increases	act(p(UNIPROT:A0A0D9REG4))	{"annotations": {"BioAssay": {"immunocytochemistry": true}, "CellLine": {"VERO C1008 cell": true}, "Custom_Species": {"60711": true}, "PublicationStatus": {"Published": true}, "PublicationType": {"Research": true}, "Section": {"Results": true}}, "citation": {"authors": ["Chan CM", "Chan HY", "Chan WM", "Chan WY", "Tsoi H", "Tsui SK", "Wong CO", "Yao X", "Zhai S"], "date": "2009-11-01", "db": "PubMed", "db_id": "19398035", "db_name": "The international journal of biochemistry &amp; cell biology", "first": "Chan CM", "last": "Chan HY", "pages": "2232-9", "volume": "41"}, "evidence": "Here, we found that both caspase-8- and -9-specific inhibitors significantly suppressed nuclear condensation induced by 3a-WT in Vero E6 cells (Fig. 2C).", "line": 74, "object": {"modifier": "Activity"}, "relation": "increases"}
p(UNIPROT:P59632)	increases	act(p(UNIPROT:A0A0D9S8I4))	{"annotations": {"BioAssay": {"immunocytochemistry": true}, "CellLine": {"VERO C1008 cell": true}, "Custom_Species": {"60711": true}, "PublicationStatus": {"Published": true}, "PublicationType": {"Research": true}, "Section": {"Results": true}}, "citation": {"authors": ["Chan CM", "Chan HY", "Chan WM", "Chan WY", "Tsoi H", "Tsui SK", "Wong CO", "Yao X", "Zhai S"], "date": "2009-11-01", "db": "PubMed", "db_id": "19398035", "db_name": "The international journal of biochemistry &amp; cell biology", "first": "Chan CM", "last": "Chan HY", "pages": "2232-9", "volume": "41"}, "evidence": "Here, we found that both caspase-8- and -9-specific inhibitors significantly suppressed nuclear condensation induced by 3a-WT in Vero E6 cells (Fig. 2C).", "line": 75, "object": {"modifier": "Activity"}, "relation": "increases"}
p(UNIPROT:P59632)	increases	bp(GO:"extrinsic apoptotic signaling pathway via death domain receptors")	{"annotations": {"BioAssay": {"immunocytochemistry": true}, "CellLine": {"VERO C1008 cell": true}, "Custom_Species": {"60711": true}, "PublicationStatus": {"Published": true}, "PublicationType": {"Research": true}, "Section": {"Results": true}}, "citation": {"authors": ["Chan CM", "Chan HY", "Chan WM", "Chan WY", "Tsoi H", "Tsui SK", "Wong CO", "Yao X", "Zhai S"], "date": "2009-11-01", "db": "PubMed", "db_id": "19398035", "db_name": "The international journal of biochemistry &amp; cell biology", "first": "Chan CM", "last": "Chan HY", "pages": "2232-9", "volume": "41"}, "evidence": "This indicates 3a triggers apoptosis through both the death receptor- and mitochondria-mediated pathways.", "line": 79, "relation": "increases"}
p(UNIPROT:P59632)	increases	bp(GO:"intrinsic apoptotic signaling pathway")	{"annotations": {"BioAssay": {"immunocytochemistry": true}, "CellLine": {"VERO C1008 cell": true}, "Custom_Species": {"60711": true}, "PublicationStatus": {"Published": true}, "PublicationType": {"Research": true}, "Section": {"Results": true}}, "citation": {"authors": ["Chan CM", "Chan HY", "Chan WM", "Chan WY", "Tsoi H", "Tsui SK", "Wong CO", "Yao X", "Zhai S"], "date": "2009-11-01", "db": "PubMed", "db_id": "19398035", "db_name": "The international journal of biochemistry &amp; cell biology", "first": "Chan CM", "last": "Chan HY", "pages": "2232-9", "volume": "41"}, "evidence": "This indicates 3a triggers apoptosis through both the death receptor- and mitochondria-mediated pathways.", "line": 80, "relation": "increases"}
p(UNIPROT:P59632)	increases	bp(GO:"apoptotic process")	{"annotations": {"BioAssay": {"immunocytochemistry": true}, "CellLine": {"VERO C1008 cell": true}, "Custom_Species": {"60711": true}, "PublicationStatus": {"Published": true}, "PublicationType": {"Research": true}, "Section": {"Results": true}}, "citation": {"authors": ["Chan CM", "Chan HY", "Chan WM", "Chan WY", "Tsoi H", "Tsui SK", "Wong CO", "Yao X", "Zhai S"], "date": "2009-11-01", "db": "PubMed", "db_id": "19398035", "db_name": "The international journal of biochemistry &amp; cell biology", "first": "Chan CM", "last": "Chan HY", "pages": "2232-9", "volume": "41"}, "evidence": "When we treated 3a-WT-expressing Vero E6 cells with a broad-spectrum caspase inhibitor z-VAD-fmk (Van Noorden, 2001) which blocks caspase-dependent apoptosis in general, a similar level of inhibition was again observed (Fig. 2D).", "line": 83, "relation": "increases"}
p(UNIPROT:P59632)	increases	bp(GO:"apoptotic process")	{"annotations": {"MeSHAnatomy": {"Eye": true}, "PublicationStatus": {"Published": true}, "PublicationType": {"Research": true}, "Section": {"Results": true}, "Species": {"7227": true}}, "citation": {"authors": ["Chan CM", "Chan HY", "Chan WM", "Chan WY", "Tsoi H", "Tsui SK", "Wong CO", "Yao X", "Zhai S"], "date": "2009-11-01", "db": "PubMed", "db_id": "19398035", "db_name": "The international journal of biochemistry &amp; cell biology", "first": "Chan CM", "last": "Chan HY", "pages": "2232-9", "volume": "41"}, "evidence": "As previously reported (Wong et al., 2005), 3a-WT-expressing transgenic animals displayed an increased number of AO-positive cells (Fig. 5B) when compared to the gmr-GAL4 driver control (Fig. 5A).", "line": 117, "relation": "increases"}
p(UNIPROT:P59632)	increases	act(p(UNIPROT:G4XXN2))	{"annotations": {"BioAssay": {"western blot": true}, "CellLine": {"VERO C1008 cell": true}, "Custom_Species": {"60711": true}, "PublicationStatus": {"Published": true}, "PublicationType": {"Research": true}, "Section": {"Results": true}}, "citation": {"authors": ["Chan CM", "Chan HY", "Chan WM", "Chan WY", "Tsoi H", "Tsui SK", "Wong CO", "Yao X", "Zhai S"], "date": "2009-11-01", "db": "PubMed", "db_id": "19398035", "db_name": "The international journal of biochemistry &amp; cell biology", "first": "Chan CM", "last": "Chan HY", "pages": "2232-9", "volume": "41"}, "evidence": "Here, we show that 3a-WT protein induced Bid cleavage (Fig. 3A) and mitochondrial cytochrome c release (Fig. 3B).", "line": 96, "object": {"modifier": "Activity"}, "relation": "increases"}
p(UNIPROT:P59632)	increases	act(p(UNIPROT:A0A0D9RP74))	{"annotations": {"BioAssay": {"western blot": true}, "CellLine": {"VERO C1008 cell": true}, "Custom_Species": {"60711": true}, "PublicationStatus": {"Published": true}, "PublicationType": {"Research": true}, "Section": {"Results": true}}, "citation": {"authors": ["Chan CM", "Chan HY", "Chan WM", "Chan WY", "Tsoi H", "Tsui SK", "Wong CO", "Yao X", "Zhai S"], "date": "2009-11-01", "db": "PubMed", "db_id": "19398035", "db_name": "The international journal of biochemistry &amp; cell biology", "first": "Chan CM", "last": "Chan HY", "pages": "2232-9", "volume": "41"}, "evidence": "Here, we show that 3a-WT protein induced Bid cleavage (Fig. 3A) and mitochondrial cytochrome c release (Fig. 3B).", "line": 97, "object": {"modifier": "Activity"}, "relation": "increases"}
p(UNIPROT:P59632)	increases	path(HP:"Abnormal eye morphology")	{"annotations": {"MeSHAnatomy": {"Eye": true}, "PublicationStatus": {"Published": true}, "PublicationType": {"Research": true}, "Section": {"Results": true}, "Species": {"7227": true}}, "citation": {"authors": ["Chan CM", "Chan HY", "Chan WM", "Chan WY", "Tsoi H", "Tsui SK", "Wong CO", "Yao X", "Zhai S"], "date": "2009-11-01", "db": "PubMed", "db_id": "19398035", "db_name": "The international journal of biochemistry &amp; cell biology", "first": "Chan CM", "last": "Chan HY", "pages": "2232-9", "volume": "41"}, "evidence": "We previously reported that overexpression of 3a- WT protein caused a rough-eye phenotype, and the eye size was also reduced due to excessive cell death (Wong et al., 2005; Fig. 4B).", "line": 105, "relation": "increases"}
p(UNIPROT:P59632)	increases	path(HP:"Abnormal eye morphology")	{"annotations": {"BioAssay": {"scanning electron microscopy": true}, "MeSHAnatomy": {"Eye": true}, "PublicationStatus": {"Published": true}, "PublicationType": {"Research": true}, "Section": {"Results": true}, "Species": {"7227": true}}, "citation": {"authors": ["Chan CM", "Chan HY", "Chan WM", "Chan WY", "Tsoi H", "Tsui SK", "Wong CO", "Yao X", "Zhai S"], "date": "2009-11-01", "db": "PubMed", "db_id": "19398035", "db_name": "The international journal of biochemistry &amp; cell biology", "first": "Chan CM", "last": "Chan HY", "pages": "2232-9", "volume": "41"}, "evidence": "Nevertheless, we found that both 3a-WT (Fig. 4G) and 3a mutants (Fig. 4H\u2013J) caused disruption of external eye morphology by scanning electron microscopy.", "line": 110, "relation": "increases"}
p(UNIPROT:P59632)	increases	bp(GO:"cell death")	{"annotations": {"MeSHAnatomy": {"Eye": true}, "PublicationStatus": {"Published": true}, "PublicationType": {"Research": true}, "Section": {"Results": true}, "Species": {"7227": true}}, "citation": {"authors": ["Chan CM", "Chan HY", "Chan WM", "Chan WY", "Tsoi H", "Tsui SK", "Wong CO", "Yao X", "Zhai S"], "date": "2009-11-01", "db": "PubMed", "db_id": "19398035", "db_name": "The international journal of biochemistry &amp; cell biology", "first": "Chan CM", "last": "Chan HY", "pages": "2232-9", "volume": "41"}, "evidence": "We previously reported that overexpression of 3a- WT protein caused a rough-eye phenotype, and the eye size was also reduced due to excessive cell death (Wong et al., 2005; Fig. 4B).", "line": 106, "relation": "increases"}
p(UNIPROT:P59632)	increases	bp(GO:"ion transport")	{"annotations": {"BioAssay": {"electrophysiological method": true}, "CellLine": {"HEK293": true}, "PublicationStatus": {"Published": true}, "PublicationType": {"Research": true}, "Section": {"Results": true}}, "citation": {"authors": ["Chan CM", "Chan HY", "Chan WM", "Chan WY", "Tsoi H", "Tsui SK", "Wong CO", "Yao X", "Zhai S"], "date": "2009-11-01", "db": "PubMed", "db_id": "19398035", "db_name": "The international journal of biochemistry &amp; cell biology", "first": "Chan CM", "last": "Chan HY", "pages": "2232-9", "volume": "41"}, "evidence": "Cells expressing 3a-WT-EGFP displayed a larger membrane current over the potential range (Fig. 6B) when compared to the mock transfected cells (Fig. 6A).", "line": 129, "relation": "increases"}
p(UNIPROT:P59632)	increases	bp(GO:"ion transport")	{"annotations": {"CellLine": {"VERO C1008 cell": true}, "PublicationStatus": {"Published": true}, "PublicationType": {"Research": true}, "Section": {"Results": true}}, "citation": {"authors": ["Chan CM", "Chan HY", "Chan WM", "Chan WY", "Tsoi H", "Tsui SK", "Wong CO", "Yao X", "Zhai S"], "date": "2009-11-01", "db": "PubMed", "db_id": "19398035", "db_name": "The international journal of biochemistry &amp; cell biology", "first": "Chan CM", "last": "Chan HY", "pages": "2232-9", "volume": "41"}, "evidence": "To intervene the ion channel function we treated 3a-WT-transfected Vero E6 cells with ion channel blockers, 4-aminopyridine (AP) or Ba, and found that both inhibitors were able to suppress 3a-WT-induced nuclear condensation (Fig. 6F).", "line": 149, "relation": "increases"}
p(UNIPROT:P59632)	increases	bp(GO:"ion transport")	{"annotations": {"MeSHAnatomy": {"Eye": true}, "PublicationStatus": {"Published": true}, "PublicationType": {"Research": true}, "Section": {"Results": true}, "Species": {"7227": true}}, "citation": {"authors": ["Chan CM", "Chan HY", "Chan WM", "Chan WY", "Tsoi H", "Tsui SK", "Wong CO", "Yao X", "Zhai S"], "date": "2009-11-01", "db": "PubMed", "db_id": "19398035", "db_name": "The international journal of biochemistry &amp; cell biology", "first": "Chan CM", "last": "Chan HY", "pages": "2232-9", "volume": "41"}, "evidence": "We found that the number of AO positive cells was largely reduced in 3a-WT-expressing larvae that were treated with Ba (Fig. 7C) when compared to the untreated control (Fig. 7B).", "line": 160, "relation": "increases"}
p(UNIPROT:P59632)	increases	bp(GO:"ion channel activity")	{"annotations": {"BioAssay": {"electrophysiological method": true}, "CellLine": {"HEK293": true}, "PublicationStatus": {"Published": true}, "PublicationType": {"Research": true}, "Section": {"Results": true}}, "citation": {"authors": ["Chan CM", "Chan HY", "Chan WM", "Chan WY", "Tsoi H", "Tsui SK", "Wong CO", "Yao X", "Zhai S"], "date": "2009-11-01", "db": "PubMed", "db_id": "19398035", "db_name": "The international journal of biochemistry &amp; cell biology", "first": "Chan CM", "last": "Chan HY", "pages": "2232-9", "volume": "41"}, "evidence": "Cells expressing 3a-WT-EGFP displayed a larger membrane current over the potential range (Fig. 6B) when compared to the mock transfected cells (Fig. 6A).", "line": 130, "relation": "increases"}
p(UNIPROT:P59632)	increases	bp(GO:"ion channel activity")	{"annotations": {"CellLine": {"VERO C1008 cell": true}, "PublicationStatus": {"Published": true}, "PublicationType": {"Research": true}, "Section": {"Results": true}}, "citation": {"authors": ["Chan CM", "Chan HY", "Chan WM", "Chan WY", "Tsoi H", "Tsui SK", "Wong CO", "Yao X", "Zhai S"], "date": "2009-11-01", "db": "PubMed", "db_id": "19398035", "db_name": "The international journal of biochemistry &amp; cell biology", "first": "Chan CM", "last": "Chan HY", "pages": "2232-9", "volume": "41"}, "evidence": "To intervene the ion channel function we treated 3a-WT-transfected Vero E6 cells with ion channel blockers, 4-aminopyridine (AP) or Ba, and found that both inhibitors were able to suppress 3a-WT-induced nuclear condensation (Fig. 6F).", "line": 150, "relation": "increases"}
p(UNIPROT:P59632)	increases	bp(GO:"ion channel activity")	{"annotations": {"MeSHAnatomy": {"Eye": true}, "PublicationStatus": {"Published": true}, "PublicationType": {"Research": true}, "Section": {"Results": true}, "Species": {"7227": true}}, "citation": {"authors": ["Chan CM", "Chan HY", "Chan WM", "Chan WY", "Tsoi H", "Tsui SK", "Wong CO", "Yao X", "Zhai S"], "date": "2009-11-01", "db": "PubMed", "db_id": "19398035", "db_name": "The international journal of biochemistry &amp; cell biology", "first": "Chan CM", "last": "Chan HY", "pages": "2232-9", "volume": "41"}, "evidence": "We found that the number of AO positive cells was largely reduced in 3a-WT-expressing larvae that were treated with Ba (Fig. 7C) when compared to the untreated control (Fig. 7B).", "line": 161, "relation": "increases"}
p(UNIPROT:P59632)	isA	a(MESH:"Ion Channels")	{"annotations": {"BioAssay": {"electrophysiological method": true}, "CellLine": {"HEK293": true}, "PublicationStatus": {"Published": true}, "PublicationType": {"Research": true}, "Section": {"Results": true}}, "citation": {"authors": ["Chan CM", "Chan HY", "Chan WM", "Chan WY", "Tsoi H", "Tsui SK", "Wong CO", "Yao X", "Zhai S"], "date": "2009-11-01", "db": "PubMed", "db_id": "19398035", "db_name": "The international journal of biochemistry &amp; cell biology", "first": "Chan CM", "last": "Chan HY", "pages": "2232-9", "volume": "41"}, "evidence": "We further found that addition of ion channel blocker barium chloride (Ba) altered the cell membrane current mediated by 3a-WT-EGFP, 3a-YA-EGFP and 3a-DE-EGFP proteins (Fig. 6B\u2013D).", "line": 141, "relation": "isA"}
p(UNIPROT:P59632, var("p.Asp173Ala"), var("p.Cys127Ser"), var("p.Cys130Ser"), var("p.Cys133Ser"), var("p.Glu171Ala"), var("p.Tyr160Ala"))	decreases	bp(GO:"chromosome condensation")	{"annotations": {"BioAssay": {"immunocytochemistry": true}, "CellLine": {"VERO C1008 cell": true}, "Custom_Species": {"60711": true}, "PublicationStatus": {"Published": true}, "PublicationType": {"Research": true}, "Section": {"Results": true}}, "citation": {"authors": ["Chan CM", "Chan HY", "Chan WM", "Chan WY", "Tsoi H", "Tsui SK", "Wong CO", "Yao X", "Zhai S"], "date": "2009-11-01", "db": "PubMed", "db_id": "19398035", "db_name": "The international journal of biochemistry &amp; cell biology", "first": "Chan CM", "last": "Chan HY", "pages": "2232-9", "volume": "41"}, "evidence": "When compared with 3a-WT,we observed a\u223c5-fold reduction of the number of condensed nuclei in cell population expressing the 3a-CS-YA-DE triple mutant protein (Fig. 2B).", "line": 64, "relation": "decreases"}
p(UNIPROT:P59632, var("p.Asp173Ala"), var("p.Glu171Ala"))	association	a(GO:cytoplasm)	{"annotations": {"BioAssay": {"immunocytochemistry": true}, "CellLine": {"VERO C1008 cell": true}, "Custom_Species": {"60711": true}, "PublicationStatus": {"Published": true}, "PublicationType": {"Research": true}, "Section": {"Results": true}}, "citation": {"authors": ["Chan CM", "Chan HY", "Chan WM", "Chan WY", "Tsoi H", "Tsui SK", "Wong CO", "Yao X", "Zhai S"], "date": "2009-11-01", "db": "PubMed", "db_id": "19398035", "db_name": "The international journal of biochemistry &amp; cell biology", "first": "Chan CM", "last": "Chan HY", "pages": "2232-9", "volume": "41"}, "evidence": "Similarly, the plasma membrane localization of 3a-YA (Fig. 1D and F) and 3a-DE (Fig. 1E and F) mutants was partially reduced with a concomitant increase in cytoplasmic signals.", "line": 58, "relation": "association"}
p(UNIPROT:P59632, var("p.Asp173Ala"), var("p.Glu171Ala"))	increases	bp(GO:"chromosome condensation")	{"annotations": {"BioAssay": {"immunocytochemistry": true}, "CellLine": {"VERO C1008 cell": true}, "Custom_Species": {"60711": true}, "PublicationStatus": {"Published": true}, "PublicationType": {"Research": true}, "Section": {"Results": true}}, "citation": {"authors": ["Chan CM", "Chan HY", "Chan WM", "Chan WY", "Tsoi H", "Tsui SK", "Wong CO", "Yao X", "Zhai S"], "date": "2009-11-01", "db": "PubMed", "db_id": "19398035", "db_name": "The international journal of biochemistry &amp; cell biology", "first": "Chan CM", "last": "Chan HY", "pages": "2232-9", "volume": "41"}, "evidence": "Unlike 3a-CS-YA-DE triple mutant, cells expressing single mutant proteins (3a-CS, 3a-DE and 3a-YA) displayed more prominent nuclear condensation (Fig. 2C).", "line": 70, "relation": "increases"}
p(UNIPROT:P59632, var("p.Asp173Ala"), var("p.Glu171Ala"))	decreases	act(p(UNIPROT:A0A0D9REG4))	{"annotations": {"CellLine": {"VERO C1008 cell": true}, "Custom_Species": {"60711": true}, "PublicationStatus": {"Published": true}, "PublicationType": {"Research": true}, "Section": {"Results": true}}, "citation": {"authors": ["Chan CM", "Chan HY", "Chan WM", "Chan WY", "Tsoi H", "Tsui SK", "Wong CO", "Yao X", "Zhai S"], "date": "2009-11-01", "db": "PubMed", "db_id": "19398035", "db_name": "The international journal of biochemistry &amp; cell biology", "first": "Chan CM", "last": "Chan HY", "pages": "2232-9", "volume": "41"}, "evidence": "Consistent with the caspase inhibition results,we further showed that the activities of caspase-8 and -9 were significantly reduced in all 3a mutant expressing cells (Fig. 2E and F).", "line": 89, "object": {"modifier": "Activity"}, "relation": "decreases"}
p(UNIPROT:P59632, var("p.Asp173Ala"), var("p.Glu171Ala"))	decreases	act(p(UNIPROT:A0A0D9S8I4))	{"annotations": {"CellLine": {"VERO C1008 cell": true}, "Custom_Species": {"60711": true}, "PublicationStatus": {"Published": true}, "PublicationType": {"Research": true}, "Section": {"Results": true}}, "citation": {"authors": ["Chan CM", "Chan HY", "Chan WM", "Chan WY", "Tsoi H", "Tsui SK", "Wong CO", "Yao X", "Zhai S"], "date": "2009-11-01", "db": "PubMed", "db_id": "19398035", "db_name": "The international journal of biochemistry &amp; cell biology", "first": "Chan CM", "last": "Chan HY", "pages": "2232-9", "volume": "41"}, "evidence": "Consistent with the caspase inhibition results,we further showed that the activities of caspase-8 and -9 were significantly reduced in all 3a mutant expressing cells (Fig. 2E and F).", "line": 92, "object": {"modifier": "Activity"}, "relation": "decreases"}
p(UNIPROT:P59632, var("p.Asp173Ala"), var("p.Glu171Ala"))	increases	path(HP:"Abnormal eye morphology")	{"annotations": {"BioAssay": {"scanning electron microscopy": true}, "MeSHAnatomy": {"Eye": true}, "PublicationStatus": {"Published": true}, "PublicationType": {"Research": true}, "Section": {"Results": true}, "Species": {"7227": true}}, "citation": {"authors": ["Chan CM", "Chan HY", "Chan WM", "Chan WY", "Tsoi H", "Tsui SK", "Wong CO", "Yao X", "Zhai S"], "date": "2009-11-01", "db": "PubMed", "db_id": "19398035", "db_name": "The international journal of biochemistry &amp; cell biology", "first": "Chan CM", "last": "Chan HY", "pages": "2232-9", "volume": "41"}, "evidence": "Nevertheless, we found that both 3a-WT (Fig. 4G) and 3a mutants (Fig. 4H\u2013J) caused disruption of external eye morphology by scanning electron microscopy.", "line": 113, "relation": "increases"}
p(UNIPROT:P59632, var("p.Asp173Ala"), var("p.Glu171Ala"))	decreases	bp(GO:"apoptotic process")	{"annotations": {"MeSHAnatomy": {"Eye": true}, "PublicationStatus": {"Published": true}, "PublicationType": {"Research": true}, "Section": {"Results": true}, "Species": {"7227": true}}, "citation": {"authors": ["Chan CM", "Chan HY", "Chan WM", "Chan WY", "Tsoi H", "Tsui SK", "Wong CO", "Yao X", "Zhai S"], "date": "2009-11-01", "db": "PubMed", "db_id": "19398035", "db_name": "The international journal of biochemistry &amp; cell biology", "first": "Chan CM", "last": "Chan HY", "pages": "2232-9", "volume": "41"}, "evidence": "In contrast to 3a-WT, relatively few number of AO-positive cells were detected in 3a-CS, 3a-YA and 3a-DE mutant animals (Fig. 5C\u2013E).", "line": 122, "relation": "decreases"}
p(UNIPROT:P59632, var("p.Asp173Ala"), var("p.Glu171Ala"))	increases	bp(GO:"ion channel activity")	{"annotations": {"BioAssay": {"electrophysiological method": true}, "CellLine": {"HEK293": true}, "PublicationStatus": {"Published": true}, "PublicationType": {"Research": true}, "Section": {"Results": true}}, "citation": {"authors": ["Chan CM", "Chan HY", "Chan WM", "Chan WY", "Tsoi H", "Tsui SK", "Wong CO", "Yao X", "Zhai S"], "date": "2009-11-01", "db": "PubMed", "db_id": "19398035", "db_name": "The international journal of biochemistry &amp; cell biology", "first": "Chan CM", "last": "Chan HY", "pages": "2232-9", "volume": "41"}, "evidence": "We also detected channel activities in 3a-YA-EGFP and 3a-DE-EGFP- expressing cells (Fig. 6C and D), however, the activities were found to be different from that observed in 3a- WT-EGFP-expressing cells.", "line": 134, "relation": "increases"}
p(UNIPROT:P59632, var("p.Asp173Ala"), var("p.Glu171Ala"))	isA	a(MESH:"Ion Channels")	{"annotations": {"BioAssay": {"electrophysiological method": true}, "CellLine": {"HEK293": true}, "PublicationStatus": {"Published": true}, "PublicationType": {"Research": true}, "Section": {"Results": true}}, "citation": {"authors": ["Chan CM", "Chan HY", "Chan WM", "Chan WY", "Tsoi H", "Tsui SK", "Wong CO", "Yao X", "Zhai S"], "date": "2009-11-01", "db": "PubMed", "db_id": "19398035", "db_name": "The international journal of biochemistry &amp; cell biology", "first": "Chan CM", "last": "Chan HY", "pages": "2232-9", "volume": "41"}, "evidence": "We further found that addition of ion channel blocker barium chloride (Ba) altered the cell membrane current mediated by 3a-WT-EGFP, 3a-YA-EGFP and 3a-DE-EGFP proteins (Fig. 6B\u2013D).", "line": 143, "relation": "isA"}
p(UNIPROT:P59632, var("p.Cys127Ser"), var("p.Cys130Ser"), var("p.Cys133Ser"))	association	a(GO:cytoplasm)	{"annotations": {"BioAssay": {"immunocytochemistry": true}, "CellLine": {"VERO C1008 cell": true}, "Custom_Species": {"60711": true}, "PublicationStatus": {"Published": true}, "PublicationType": {"Research": true}, "Section": {"Results": true}}, "citation": {"authors": ["Chan CM", "Chan HY", "Chan WM", "Chan WY", "Tsoi H", "Tsui SK", "Wong CO", "Yao X", "Zhai S"], "date": "2009-11-01", "db": "PubMed", "db_id": "19398035", "db_name": "The international journal of biochemistry &amp; cell biology", "first": "Chan CM", "last": "Chan HY", "pages": "2232-9", "volume": "41"}, "evidence": "In contrast to 3a-WT, the 3a-CS mutant protein lost the plasma membrane localization and became more concentrated in the cytoplasm and the perinuclear region (Fig. 1C and F).", "line": 53, "relation": "association"}
p(UNIPROT:P59632, var("p.Cys127Ser"), var("p.Cys130Ser"), var("p.Cys133Ser"))	association	a(GO:"perinuclear region of cytoplasm")	{"annotations": {"BioAssay": {"immunocytochemistry": true}, "CellLine": {"VERO C1008 cell": true}, "Custom_Species": {"60711": true}, "PublicationStatus": {"Published": true}, "PublicationType": {"Research": true}, "Section": {"Results": true}}, "citation": {"authors": ["Chan CM", "Chan HY", "Chan WM", "Chan WY", "Tsoi H", "Tsui SK", "Wong CO", "Yao X", "Zhai S"], "date": "2009-11-01", "db": "PubMed", "db_id": "19398035", "db_name": "The international journal of biochemistry &amp; cell biology", "first": "Chan CM", "last": "Chan HY", "pages": "2232-9", "volume": "41"}, "evidence": "In contrast to 3a-WT, the 3a-CS mutant protein lost the plasma membrane localization and became more concentrated in the cytoplasm and the perinuclear region (Fig. 1C and F).", "line": 54, "relation": "association"}
p(UNIPROT:P59632, var("p.Cys127Ser"), var("p.Cys130Ser"), var("p.Cys133Ser"))	increases	bp(GO:"chromosome condensation")	{"annotations": {"BioAssay": {"immunocytochemistry": true}, "CellLine": {"VERO C1008 cell": true}, "Custom_Species": {"60711": true}, "PublicationStatus": {"Published": true}, "PublicationType": {"Research": true}, "Section": {"Results": true}}, "citation": {"authors": ["Chan CM", "Chan HY", "Chan WM", "Chan WY", "Tsoi H", "Tsui SK", "Wong CO", "Yao X", "Zhai S"], "date": "2009-11-01", "db": "PubMed", "db_id": "19398035", "db_name": "The international journal of biochemistry &amp; cell biology", "first": "Chan CM", "last": "Chan HY", "pages": "2232-9", "volume": "41"}, "evidence": "Unlike 3a-CS-YA-DE triple mutant, cells expressing single mutant proteins (3a-CS, 3a-DE and 3a-YA) displayed more prominent nuclear condensation (Fig. 2C).", "line": 68, "relation": "increases"}
p(UNIPROT:P59632, var("p.Cys127Ser"), var("p.Cys130Ser"), var("p.Cys133Ser"))	decreases	act(p(UNIPROT:A0A0D9REG4))	{"annotations": {"CellLine": {"VERO C1008 cell": true}, "Custom_Species": {"60711": true}, "PublicationStatus": {"Published": true}, "PublicationType": {"Research": true}, "Section": {"Results": true}}, "citation": {"authors": ["Chan CM", "Chan HY", "Chan WM", "Chan WY", "Tsoi H", "Tsui SK", "Wong CO", "Yao X", "Zhai S"], "date": "2009-11-01", "db": "PubMed", "db_id": "19398035", "db_name": "The international journal of biochemistry &amp; cell biology", "first": "Chan CM", "last": "Chan HY", "pages": "2232-9", "volume": "41"}, "evidence": "Consistent with the caspase inhibition results,we further showed that the activities of caspase-8 and -9 were significantly reduced in all 3a mutant expressing cells (Fig. 2E and F).", "line": 87, "object": {"modifier": "Activity"}, "relation": "decreases"}
p(UNIPROT:P59632, var("p.Cys127Ser"), var("p.Cys130Ser"), var("p.Cys133Ser"))	decreases	act(p(UNIPROT:A0A0D9S8I4))	{"annotations": {"CellLine": {"VERO C1008 cell": true}, "Custom_Species": {"60711": true}, "PublicationStatus": {"Published": true}, "PublicationType": {"Research": true}, "Section": {"Results": true}}, "citation": {"authors": ["Chan CM", "Chan HY", "Chan WM", "Chan WY", "Tsoi H", "Tsui SK", "Wong CO", "Yao X", "Zhai S"], "date": "2009-11-01", "db": "PubMed", "db_id": "19398035", "db_name": "The international journal of biochemistry &amp; cell biology", "first": "Chan CM", "last": "Chan HY", "pages": "2232-9", "volume": "41"}, "evidence": "Consistent with the caspase inhibition results,we further showed that the activities of caspase-8 and -9 were significantly reduced in all 3a mutant expressing cells (Fig. 2E and F).", "line": 90, "object": {"modifier": "Activity"}, "relation": "decreases"}
p(UNIPROT:P59632, var("p.Cys127Ser"), var("p.Cys130Ser"), var("p.Cys133Ser"))	increases	path(HP:"Abnormal eye morphology")	{"annotations": {"BioAssay": {"scanning electron microscopy": true}, "MeSHAnatomy": {"Eye": true}, "PublicationStatus": {"Published": true}, "PublicationType": {"Research": true}, "Section": {"Results": true}, "Species": {"7227": true}}, "citation": {"authors": ["Chan CM", "Chan HY", "Chan WM", "Chan WY", "Tsoi H", "Tsui SK", "Wong CO", "Yao X", "Zhai S"], "date": "2009-11-01", "db": "PubMed", "db_id": "19398035", "db_name": "The international journal of biochemistry &amp; cell biology", "first": "Chan CM", "last": "Chan HY", "pages": "2232-9", "volume": "41"}, "evidence": "Nevertheless, we found that both 3a-WT (Fig. 4G) and 3a mutants (Fig. 4H\u2013J) caused disruption of external eye morphology by scanning electron microscopy.", "line": 111, "relation": "increases"}
p(UNIPROT:P59632, var("p.Cys127Ser"), var("p.Cys130Ser"), var("p.Cys133Ser"))	decreases	bp(GO:"apoptotic process")	{"annotations": {"MeSHAnatomy": {"Eye": true}, "PublicationStatus": {"Published": true}, "PublicationType": {"Research": true}, "Section": {"Results": true}, "Species": {"7227": true}}, "citation": {"authors": ["Chan CM", "Chan HY", "Chan WM", "Chan WY", "Tsoi H", "Tsui SK", "Wong CO", "Yao X", "Zhai S"], "date": "2009-11-01", "db": "PubMed", "db_id": "19398035", "db_name": "The international journal of biochemistry &amp; cell biology", "first": "Chan CM", "last": "Chan HY", "pages": "2232-9", "volume": "41"}, "evidence": "In contrast to 3a-WT, relatively few number of AO-positive cells were detected in 3a-CS, 3a-YA and 3a-DE mutant animals (Fig. 5C\u2013E).", "line": 120, "relation": "decreases"}
p(UNIPROT:P59632, var("p.Cys127Ser"), var("p.Cys130Ser"), var("p.Cys133Ser"))	decreases	bp(GO:"ion transport")	{"annotations": {"BioAssay": {"electrophysiological method": true}, "CellLine": {"HEK293": true}, "PublicationStatus": {"Published": true}, "PublicationType": {"Research": true}, "Section": {"Results": true}}, "citation": {"authors": ["Chan CM", "Chan HY", "Chan WM", "Chan WY", "Tsoi H", "Tsui SK", "Wong CO", "Yao X", "Zhai S"], "date": "2009-11-01", "db": "PubMed", "db_id": "19398035", "db_name": "The international journal of biochemistry &amp; cell biology", "first": "Chan CM", "last": "Chan HY", "pages": "2232-9", "volume": "41"}, "evidence": "Notably, 3a-CS-EGFP-expressing cells displayed whole cell currents that were similar to that of mock transfected cells (Fig. 6E), indicating the 3a-CS mutant protein lacks ion channel activity.", "line": 137, "relation": "decreases"}
p(UNIPROT:P59632, var("p.Cys127Ser"), var("p.Cys130Ser"), var("p.Cys133Ser"))	decreases	bp(GO:"ion channel activity")	{"annotations": {"BioAssay": {"electrophysiological method": true}, "CellLine": {"HEK293": true}, "PublicationStatus": {"Published": true}, "PublicationType": {"Research": true}, "Section": {"Results": true}}, "citation": {"authors": ["Chan CM", "Chan HY", "Chan WM", "Chan WY", "Tsoi H", "Tsui SK", "Wong CO", "Yao X", "Zhai S"], "date": "2009-11-01", "db": "PubMed", "db_id": "19398035", "db_name": "The international journal of biochemistry &amp; cell biology", "first": "Chan CM", "last": "Chan HY", "pages": "2232-9", "volume": "41"}, "evidence": "Notably, 3a-CS-EGFP-expressing cells displayed whole cell currents that were similar to that of mock transfected cells (Fig. 6E), indicating the 3a-CS mutant protein lacks ion channel activity.", "line": 138, "relation": "decreases"}
p(UNIPROT:P59632, var("p.Cys133Ser"))	decreases	bp(GO:"ion channel activity")	{"annotations": {"PublicationStatus": {"Published": true}, "PublicationType": {"Research": true}, "Section": {"Results": true}}, "citation": {"authors": ["Chan CM", "Chan HY", "Chan WM", "Chan WY", "Tsoi H", "Tsui SK", "Wong CO", "Yao X", "Zhai S"], "date": "2009-11-01", "db": "PubMed", "db_id": "19398035", "db_name": "The international journal of biochemistry &amp; cell biology", "first": "Chan CM", "last": "Chan HY", "pages": "2232-9", "volume": "41"}, "evidence": "It has previously been shown that the C133S point mutation (Lu et al., 2006) compromised 3a\u2019s ion channel activity.", "line": 155, "relation": "decreases"}
p(UNIPROT:P59632, var("p.Tyr160Ala"))	association	a(GO:cytoplasm)	{"annotations": {"BioAssay": {"immunocytochemistry": true}, "CellLine": {"VERO C1008 cell": true}, "Custom_Species": {"60711": true}, "PublicationStatus": {"Published": true}, "PublicationType": {"Research": true}, "Section": {"Results": true}}, "citation": {"authors": ["Chan CM", "Chan HY", "Chan WM", "Chan WY", "Tsoi H", "Tsui SK", "Wong CO", "Yao X", "Zhai S"], "date": "2009-11-01", "db": "PubMed", "db_id": "19398035", "db_name": "The international journal of biochemistry &amp; cell biology", "first": "Chan CM", "last": "Chan HY", "pages": "2232-9", "volume": "41"}, "evidence": "Similarly, the plasma membrane localization of 3a-YA (Fig. 1D and F) and 3a-DE (Fig. 1E and F) mutants was partially reduced with a concomitant increase in cytoplasmic signals.", "line": 57, "relation": "association"}
p(UNIPROT:P59632, var("p.Tyr160Ala"))	increases	bp(GO:"chromosome condensation")	{"annotations": {"BioAssay": {"immunocytochemistry": true}, "CellLine": {"VERO C1008 cell": true}, "Custom_Species": {"60711": true}, "PublicationStatus": {"Published": true}, "PublicationType": {"Research": true}, "Section": {"Results": true}}, "citation": {"authors": ["Chan CM", "Chan HY", "Chan WM", "Chan WY", "Tsoi H", "Tsui SK", "Wong CO", "Yao X", "Zhai S"], "date": "2009-11-01", "db": "PubMed", "db_id": "19398035", "db_name": "The international journal of biochemistry &amp; cell biology", "first": "Chan CM", "last": "Chan HY", "pages": "2232-9", "volume": "41"}, "evidence": "Unlike 3a-CS-YA-DE triple mutant, cells expressing single mutant proteins (3a-CS, 3a-DE and 3a-YA) displayed more prominent nuclear condensation (Fig. 2C).", "line": 69, "relation": "increases"}
p(UNIPROT:P59632, var("p.Tyr160Ala"))	decreases	act(p(UNIPROT:A0A0D9REG4))	{"annotations": {"CellLine": {"VERO C1008 cell": true}, "Custom_Species": {"60711": true}, "PublicationStatus": {"Published": true}, "PublicationType": {"Research": true}, "Section": {"Results": true}}, "citation": {"authors": ["Chan CM", "Chan HY", "Chan WM", "Chan WY", "Tsoi H", "Tsui SK", "Wong CO", "Yao X", "Zhai S"], "date": "2009-11-01", "db": "PubMed", "db_id": "19398035", "db_name": "The international journal of biochemistry &amp; cell biology", "first": "Chan CM", "last": "Chan HY", "pages": "2232-9", "volume": "41"}, "evidence": "Consistent with the caspase inhibition results,we further showed that the activities of caspase-8 and -9 were significantly reduced in all 3a mutant expressing cells (Fig. 2E and F).", "line": 88, "object": {"modifier": "Activity"}, "relation": "decreases"}
p(UNIPROT:P59632, var("p.Tyr160Ala"))	decreases	act(p(UNIPROT:A0A0D9S8I4))	{"annotations": {"CellLine": {"VERO C1008 cell": true}, "Custom_Species": {"60711": true}, "PublicationStatus": {"Published": true}, "PublicationType": {"Research": true}, "Section": {"Results": true}}, "citation": {"authors": ["Chan CM", "Chan HY", "Chan WM", "Chan WY", "Tsoi H", "Tsui SK", "Wong CO", "Yao X", "Zhai S"], "date": "2009-11-01", "db": "PubMed", "db_id": "19398035", "db_name": "The international journal of biochemistry &amp; cell biology", "first": "Chan CM", "last": "Chan HY", "pages": "2232-9", "volume": "41"}, "evidence": "Consistent with the caspase inhibition results,we further showed that the activities of caspase-8 and -9 were significantly reduced in all 3a mutant expressing cells (Fig. 2E and F).", "line": 91, "object": {"modifier": "Activity"}, "relation": "decreases"}
p(UNIPROT:P59632, var("p.Tyr160Ala"))	increases	path(HP:"Abnormal eye morphology")	{"annotations": {"BioAssay": {"scanning electron microscopy": true}, "MeSHAnatomy": {"Eye": true}, "PublicationStatus": {"Published": true}, "PublicationType": {"Research": true}, "Section": {"Results": true}, "Species": {"7227": true}}, "citation": {"authors": ["Chan CM", "Chan HY", "Chan WM", "Chan WY", "Tsoi H", "Tsui SK", "Wong CO", "Yao X", "Zhai S"], "date": "2009-11-01", "db": "PubMed", "db_id": "19398035", "db_name": "The international journal of biochemistry &amp; cell biology", "first": "Chan CM", "last": "Chan HY", "pages": "2232-9", "volume": "41"}, "evidence": "Nevertheless, we found that both 3a-WT (Fig. 4G) and 3a mutants (Fig. 4H\u2013J) caused disruption of external eye morphology by scanning electron microscopy.", "line": 112, "relation": "increases"}
p(UNIPROT:P59632, var("p.Tyr160Ala"))	decreases	bp(GO:"apoptotic process")	{"annotations": {"MeSHAnatomy": {"Eye": true}, "PublicationStatus": {"Published": true}, "PublicationType": {"Research": true}, "Section": {"Results": true}, "Species": {"7227": true}}, "citation": {"authors": ["Chan CM", "Chan HY", "Chan WM", "Chan WY", "Tsoi H", "Tsui SK", "Wong CO", "Yao X", "Zhai S"], "date": "2009-11-01", "db": "PubMed", "db_id": "19398035", "db_name": "The international journal of biochemistry &amp; cell biology", "first": "Chan CM", "last": "Chan HY", "pages": "2232-9", "volume": "41"}, "evidence": "In contrast to 3a-WT, relatively few number of AO-positive cells were detected in 3a-CS, 3a-YA and 3a-DE mutant animals (Fig. 5C\u2013E).", "line": 121, "relation": "decreases"}
p(UNIPROT:P59632, var("p.Tyr160Ala"))	increases	bp(GO:"ion channel activity")	{"annotations": {"BioAssay": {"electrophysiological method": true}, "CellLine": {"HEK293": true}, "PublicationStatus": {"Published": true}, "PublicationType": {"Research": true}, "Section": {"Results": true}}, "citation": {"authors": ["Chan CM", "Chan HY", "Chan WM", "Chan WY", "Tsoi H", "Tsui SK", "Wong CO", "Yao X", "Zhai S"], "date": "2009-11-01", "db": "PubMed", "db_id": "19398035", "db_name": "The international journal of biochemistry &amp; cell biology", "first": "Chan CM", "last": "Chan HY", "pages": "2232-9", "volume": "41"}, "evidence": "We also detected channel activities in 3a-YA-EGFP and 3a-DE-EGFP- expressing cells (Fig. 6C and D), however, the activities were found to be different from that observed in 3a- WT-EGFP-expressing cells.", "line": 133, "relation": "increases"}
p(UNIPROT:P59632, var("p.Tyr160Ala"))	isA	a(MESH:"Ion Channels")	{"annotations": {"BioAssay": {"electrophysiological method": true}, "CellLine": {"HEK293": true}, "PublicationStatus": {"Published": true}, "PublicationType": {"Research": true}, "Section": {"Results": true}}, "citation": {"authors": ["Chan CM", "Chan HY", "Chan WM", "Chan WY", "Tsoi H", "Tsui SK", "Wong CO", "Yao X", "Zhai S"], "date": "2009-11-01", "db": "PubMed", "db_id": "19398035", "db_name": "The international journal of biochemistry &amp; cell biology", "first": "Chan CM", "last": "Chan HY", "pages": "2232-9", "volume": "41"}, "evidence": "We further found that addition of ion channel blocker barium chloride (Ba) altered the cell membrane current mediated by 3a-WT-EGFP, 3a-YA-EGFP and 3a-DE-EGFP proteins (Fig. 6B\u2013D).", "line": 142, "relation": "isA"}
