a(MESH:"CD4-Positive T-Lymphocytes")	decreases	a(TAX:"Severe acute respiratory syndrome-related coronavirus")	{"annotations": {"BioAssay": {"flow cytometry": true}, "MeSHAnatomy": {"Lung": true}, "MeSHDisease": {"Severe Acute Respiratory Syndrome": true}, "PublicationStatus": {"Published": true}, "PublicationType": {"Research": true}, "Section": {"Results": true}, "Species": {"10090": true}}, "citation": {"authors": ["Bartlett JH", "Chen J", "Lamirande EW", "Lau YF", "Paddock CD", "Subbarao K", "Zaki SR"], "date": "2010-02-01", "db": "PubMed", "db_id": "19906920", "db_name": "Journal of virology", "first": "Chen J", "last": "Subbarao K", "pages": "1289-301", "volume": "84"}, "evidence": "The mice depleted of CD8+ T cells cleared the virus from the lungs as well as the isotype control-treated animals did and exhibited a near complete clearance of virus by day 9 p.i. However, depletion of CD4+ T cells resulted in delayed viral clearance from the lungs.", "line": 143, "relation": "decreases"}
a(MESH:"CD4-Positive T-Lymphocytes")	increases	p(MGI:Ifng)	{"annotations": {"MeSHAnatomy": {"Lung": true}, "MeSHDisease": {"Severe Acute Respiratory Syndrome": true}, "PublicationStatus": {"Published": true}, "PublicationType": {"Research": true}, "Section": {"Results": true}, "Species": {"10090": true}}, "citation": {"authors": ["Bartlett JH", "Chen J", "Lamirande EW", "Lau YF", "Paddock CD", "Subbarao K", "Zaki SR"], "date": "2010-02-01", "db": "PubMed", "db_id": "19906920", "db_name": "Journal of virology", "first": "Chen J", "last": "Subbarao K", "pages": "1289-301", "volume": "84"}, "evidence": "Compared to the isotype-treated controls, levels of cytokines IFN-\u03b3, IL-2, IL-4, and IL-5 and chemokine MIP-2/CXCL2 were lower in mice depleted of CD4+ T cells (P < 0.05 by Student's t test), and IL-2, IL-4, and MIP-2/CXCL2 levels were lower in mice depleted of both CD4+ and CD8+ T cells (P < 0.05 by Student's t test).", "line": 148, "relation": "increases"}
a(MESH:"CD4-Positive T-Lymphocytes")	increases	p(MGI:Il2)	{"annotations": {"MeSHAnatomy": {"Lung": true}, "MeSHDisease": {"Severe Acute Respiratory Syndrome": true}, "PublicationStatus": {"Published": true}, "PublicationType": {"Research": true}, "Section": {"Results": true}, "Species": {"10090": true}}, "citation": {"authors": ["Bartlett JH", "Chen J", "Lamirande EW", "Lau YF", "Paddock CD", "Subbarao K", "Zaki SR"], "date": "2010-02-01", "db": "PubMed", "db_id": "19906920", "db_name": "Journal of virology", "first": "Chen J", "last": "Subbarao K", "pages": "1289-301", "volume": "84"}, "evidence": "Compared to the isotype-treated controls, levels of cytokines IFN-\u03b3, IL-2, IL-4, and IL-5 and chemokine MIP-2/CXCL2 were lower in mice depleted of CD4+ T cells (P < 0.05 by Student's t test), and IL-2, IL-4, and MIP-2/CXCL2 levels were lower in mice depleted of both CD4+ and CD8+ T cells (P < 0.05 by Student's t test).", "line": 149, "relation": "increases"}
a(MESH:"CD4-Positive T-Lymphocytes")	increases	p(MGI:Il4)	{"annotations": {"MeSHAnatomy": {"Lung": true}, "MeSHDisease": {"Severe Acute Respiratory Syndrome": true}, "PublicationStatus": {"Published": true}, "PublicationType": {"Research": true}, "Section": {"Results": true}, "Species": {"10090": true}}, "citation": {"authors": ["Bartlett JH", "Chen J", "Lamirande EW", "Lau YF", "Paddock CD", "Subbarao K", "Zaki SR"], "date": "2010-02-01", "db": "PubMed", "db_id": "19906920", "db_name": "Journal of virology", "first": "Chen J", "last": "Subbarao K", "pages": "1289-301", "volume": "84"}, "evidence": "Compared to the isotype-treated controls, levels of cytokines IFN-\u03b3, IL-2, IL-4, and IL-5 and chemokine MIP-2/CXCL2 were lower in mice depleted of CD4+ T cells (P < 0.05 by Student's t test), and IL-2, IL-4, and MIP-2/CXCL2 levels were lower in mice depleted of both CD4+ and CD8+ T cells (P < 0.05 by Student's t test).", "line": 150, "relation": "increases"}
a(MESH:"CD4-Positive T-Lymphocytes")	increases	p(MGI:Il5)	{"annotations": {"MeSHAnatomy": {"Lung": true}, "MeSHDisease": {"Severe Acute Respiratory Syndrome": true}, "PublicationStatus": {"Published": true}, "PublicationType": {"Research": true}, "Section": {"Results": true}, "Species": {"10090": true}}, "citation": {"authors": ["Bartlett JH", "Chen J", "Lamirande EW", "Lau YF", "Paddock CD", "Subbarao K", "Zaki SR"], "date": "2010-02-01", "db": "PubMed", "db_id": "19906920", "db_name": "Journal of virology", "first": "Chen J", "last": "Subbarao K", "pages": "1289-301", "volume": "84"}, "evidence": "Compared to the isotype-treated controls, levels of cytokines IFN-\u03b3, IL-2, IL-4, and IL-5 and chemokine MIP-2/CXCL2 were lower in mice depleted of CD4+ T cells (P < 0.05 by Student's t test), and IL-2, IL-4, and MIP-2/CXCL2 levels were lower in mice depleted of both CD4+ and CD8+ T cells (P < 0.05 by Student's t test).", "line": 151, "relation": "increases"}
a(MESH:"CD4-Positive T-Lymphocytes")	increases	p(MGI:Cxcl2)	{"annotations": {"MeSHAnatomy": {"Lung": true}, "MeSHDisease": {"Severe Acute Respiratory Syndrome": true}, "PublicationStatus": {"Published": true}, "PublicationType": {"Research": true}, "Section": {"Results": true}, "Species": {"10090": true}}, "citation": {"authors": ["Bartlett JH", "Chen J", "Lamirande EW", "Lau YF", "Paddock CD", "Subbarao K", "Zaki SR"], "date": "2010-02-01", "db": "PubMed", "db_id": "19906920", "db_name": "Journal of virology", "first": "Chen J", "last": "Subbarao K", "pages": "1289-301", "volume": "84"}, "evidence": "Compared to the isotype-treated controls, levels of cytokines IFN-\u03b3, IL-2, IL-4, and IL-5 and chemokine MIP-2/CXCL2 were lower in mice depleted of CD4+ T cells (P < 0.05 by Student's t test), and IL-2, IL-4, and MIP-2/CXCL2 levels were lower in mice depleted of both CD4+ and CD8+ T cells (P < 0.05 by Student's t test).", "line": 152, "relation": "increases"}
a(MESH:"CD4-Positive T-Lymphocytes")	increases	a(MESH:Leukocytes)	{"annotations": {"BioAssay": {"flow cytometry": true}, "MeSHAnatomy": {"Lung": true}, "MeSHDisease": {"Severe Acute Respiratory Syndrome": true}, "PublicationStatus": {"Published": true}, "PublicationType": {"Research": true}, "Section": {"Results": true}, "Species": {"10090": true}}, "citation": {"authors": ["Bartlett JH", "Chen J", "Lamirande EW", "Lau YF", "Paddock CD", "Subbarao K", "Zaki SR"], "date": "2010-02-01", "db": "PubMed", "db_id": "19906920", "db_name": "Journal of virology", "first": "Chen J", "last": "Subbarao K", "pages": "1289-301", "volume": "84"}, "evidence": "FACS analysis revealed that depletion of CD4+ T cells resulted in decreased number of leukocytes infiltrating into the lungs on day 9 p.i. (Fig. 5B),consistent with the decreased chemokine production.", "line": 157, "relation": "increases"}
a(MESH:"CD4-Positive T-Lymphocytes")	increases	a(FIXME:"CD8+ IFN-γ+ cell")	{"annotations": {"BioAssay": {"flow cytometry": true}, "MeSHAnatomy": {"Lung": true}, "MeSHDisease": {"Severe Acute Respiratory Syndrome": true}, "PublicationStatus": {"Published": true}, "PublicationType": {"Research": true}, "Section": {"Results": true}, "Species": {"10090": true}}, "citation": {"authors": ["Bartlett JH", "Chen J", "Lamirande EW", "Lau YF", "Paddock CD", "Subbarao K", "Zaki SR"], "date": "2010-02-01", "db": "PubMed", "db_id": "19906920", "db_name": "Journal of virology", "first": "Chen J", "last": "Subbarao K", "pages": "1289-301", "volume": "84"}, "evidence": "FACS analysis also revealed that depletion of CD4+ T cells resulted in fewer IFN-\u03b3-producing CD8+ T cells infiltrating into the lungs on day 9 p.i., while depletion of CD8+ T cells did not noticeably affect pulmonary recruitment of virus-specific IFN-\u03b3-producing CD4+ T cells (Fig. 5C).", "line": 161, "relation": "increases"}
a(MESH:"CD4-Positive T-Lymphocytes")	decreases	path(HP:"Interstitial pneumonitis")	{"annotations": {"MeSHAnatomy": {"Lung": true}, "MeSHDisease": {"Severe Acute Respiratory Syndrome": true}, "PublicationStatus": {"Published": true}, "PublicationType": {"Research": true}, "Section": {"Results": true}, "Species": {"10090": true}}, "citation": {"authors": ["Bartlett JH", "Chen J", "Lamirande EW", "Lau YF", "Paddock CD", "Subbarao K", "Zaki SR"], "date": "2010-02-01", "db": "PubMed", "db_id": "19906920", "db_name": "Journal of virology", "first": "Chen J", "last": "Subbarao K", "pages": "1289-301", "volume": "84"}, "evidence": "Depletion of CD4+ T cells results in enhanced interstitial pneumonitis.", "line": 166, "relation": "decreases"}
a(TAX:"Severe acute respiratory syndrome-related coronavirus")	increases	path(DO:"severe acute respiratory syndrome")	{"annotations": {"MeSHAnatomy": {"Lung": true}, "MeSHDisease": {"Severe Acute Respiratory Syndrome": true}, "PublicationStatus": {"Published": true}, "PublicationType": {"Research": true}, "Section": {"Results": true}, "Species": {"10090": true}}, "citation": {"authors": ["Bartlett JH", "Chen J", "Lamirande EW", "Lau YF", "Paddock CD", "Subbarao K", "Zaki SR"], "date": "2010-02-01", "db": "PubMed", "db_id": "19906920", "db_name": "Journal of virology", "first": "Chen J", "last": "Subbarao K", "pages": "1289-301", "volume": "84"}, "evidence": "First, a modest increase in the levels of IFN-\u03b1 and IFN-\u03b2 was detected in the lungs early (on day 3) following SARS-CoV infection, but no statistical difference was found compared to mock-infected control samples (P > 0.05). ", "line": 84, "relation": "increases"}
a(TAX:"Severe acute respiratory syndrome-related coronavirus")	increases	p(MGI:Ifna11)	{"annotations": {"MeSHAnatomy": {"Lung": true}, "MeSHDisease": {"Severe Acute Respiratory Syndrome": true}, "PublicationStatus": {"Published": true}, "PublicationType": {"Research": true}, "Section": {"Results": true}, "Species": {"10090": true}}, "citation": {"authors": ["Bartlett JH", "Chen J", "Lamirande EW", "Lau YF", "Paddock CD", "Subbarao K", "Zaki SR"], "date": "2010-02-01", "db": "PubMed", "db_id": "19906920", "db_name": "Journal of virology", "first": "Chen J", "last": "Subbarao K", "pages": "1289-301", "volume": "84"}, "evidence": "First, a modest increase in the levels of IFN-\u03b1 and IFN-\u03b2 was detected in the lungs early (on day 3) following SARS-CoV infection, but no statistical difference was found compared to mock-infected control samples (P > 0.05). ", "line": 85, "relation": "increases"}
a(TAX:"Severe acute respiratory syndrome-related coronavirus")	increases	p(MGI:Ifnb1)	{"annotations": {"MeSHAnatomy": {"Lung": true}, "MeSHDisease": {"Severe Acute Respiratory Syndrome": true}, "PublicationStatus": {"Published": true}, "PublicationType": {"Research": true}, "Section": {"Results": true}, "Species": {"10090": true}}, "citation": {"authors": ["Bartlett JH", "Chen J", "Lamirande EW", "Lau YF", "Paddock CD", "Subbarao K", "Zaki SR"], "date": "2010-02-01", "db": "PubMed", "db_id": "19906920", "db_name": "Journal of virology", "first": "Chen J", "last": "Subbarao K", "pages": "1289-301", "volume": "84"}, "evidence": "First, a modest increase in the levels of IFN-\u03b1 and IFN-\u03b2 was detected in the lungs early (on day 3) following SARS-CoV infection, but no statistical difference was found compared to mock-infected control samples (P > 0.05). ", "line": 86, "relation": "increases"}
a(TAX:"Severe acute respiratory syndrome-related coronavirus")	increases	p(MGI:Ccl5)	{"annotations": {"MeSHAnatomy": {"Lung": true}, "MeSHDisease": {"Severe Acute Respiratory Syndrome": true}, "PublicationStatus": {"Published": true}, "PublicationType": {"Research": true}, "Section": {"Results": true}, "Species": {"10090": true}}, "citation": {"authors": ["Bartlett JH", "Chen J", "Lamirande EW", "Lau YF", "Paddock CD", "Subbarao K", "Zaki SR"], "date": "2010-02-01", "db": "PubMed", "db_id": "19906920", "db_name": "Journal of virology", "first": "Chen J", "last": "Subbarao K", "pages": "1289-301", "volume": "84"}, "evidence": "Second, a marked increase in inflammatory chemokines CCL5/RANTES and CXCL9/MIG, accompanied by an increase of inflammatory cytokines IFN-\u03b3, IL-2, and IL-5, was detected in the lungs predominantly at day 7, the late stage of infection (P < 0.05).", "line": 90, "relation": "increases"}
a(TAX:"Severe acute respiratory syndrome-related coronavirus")	increases	p(MGI:Cxcl9)	{"annotations": {"MeSHAnatomy": {"Lung": true}, "MeSHDisease": {"Severe Acute Respiratory Syndrome": true}, "PublicationStatus": {"Published": true}, "PublicationType": {"Research": true}, "Section": {"Results": true}, "Species": {"10090": true}}, "citation": {"authors": ["Bartlett JH", "Chen J", "Lamirande EW", "Lau YF", "Paddock CD", "Subbarao K", "Zaki SR"], "date": "2010-02-01", "db": "PubMed", "db_id": "19906920", "db_name": "Journal of virology", "first": "Chen J", "last": "Subbarao K", "pages": "1289-301", "volume": "84"}, "evidence": "Second, a marked increase in inflammatory chemokines CCL5/RANTES and CXCL9/MIG, accompanied by an increase of inflammatory cytokines IFN-\u03b3, IL-2, and IL-5, was detected in the lungs predominantly at day 7, the late stage of infection (P < 0.05).", "line": 91, "relation": "increases"}
a(TAX:"Severe acute respiratory syndrome-related coronavirus")	increases	p(MGI:Ifng)	{"annotations": {"MeSHAnatomy": {"Lung": true}, "MeSHDisease": {"Severe Acute Respiratory Syndrome": true}, "PublicationStatus": {"Published": true}, "PublicationType": {"Research": true}, "Section": {"Results": true}, "Species": {"10090": true}}, "citation": {"authors": ["Bartlett JH", "Chen J", "Lamirande EW", "Lau YF", "Paddock CD", "Subbarao K", "Zaki SR"], "date": "2010-02-01", "db": "PubMed", "db_id": "19906920", "db_name": "Journal of virology", "first": "Chen J", "last": "Subbarao K", "pages": "1289-301", "volume": "84"}, "evidence": "Second, a marked increase in inflammatory chemokines CCL5/RANTES and CXCL9/MIG, accompanied by an increase of inflammatory cytokines IFN-\u03b3, IL-2, and IL-5, was detected in the lungs predominantly at day 7, the late stage of infection (P < 0.05).", "line": 92, "relation": "increases"}
a(TAX:"Severe acute respiratory syndrome-related coronavirus")	increases	p(MGI:Il2)	{"annotations": {"MeSHAnatomy": {"Lung": true}, "MeSHDisease": {"Severe Acute Respiratory Syndrome": true}, "PublicationStatus": {"Published": true}, "PublicationType": {"Research": true}, "Section": {"Results": true}, "Species": {"10090": true}}, "citation": {"authors": ["Bartlett JH", "Chen J", "Lamirande EW", "Lau YF", "Paddock CD", "Subbarao K", "Zaki SR"], "date": "2010-02-01", "db": "PubMed", "db_id": "19906920", "db_name": "Journal of virology", "first": "Chen J", "last": "Subbarao K", "pages": "1289-301", "volume": "84"}, "evidence": "Second, a marked increase in inflammatory chemokines CCL5/RANTES and CXCL9/MIG, accompanied by an increase of inflammatory cytokines IFN-\u03b3, IL-2, and IL-5, was detected in the lungs predominantly at day 7, the late stage of infection (P < 0.05).", "line": 93, "relation": "increases"}
a(TAX:"Severe acute respiratory syndrome-related coronavirus")	increases	p(MGI:Il5)	{"annotations": {"MeSHAnatomy": {"Lung": true}, "MeSHDisease": {"Severe Acute Respiratory Syndrome": true}, "PublicationStatus": {"Published": true}, "PublicationType": {"Research": true}, "Section": {"Results": true}, "Species": {"10090": true}}, "citation": {"authors": ["Bartlett JH", "Chen J", "Lamirande EW", "Lau YF", "Paddock CD", "Subbarao K", "Zaki SR"], "date": "2010-02-01", "db": "PubMed", "db_id": "19906920", "db_name": "Journal of virology", "first": "Chen J", "last": "Subbarao K", "pages": "1289-301", "volume": "84"}, "evidence": "Second, a marked increase in inflammatory chemokines CCL5/RANTES and CXCL9/MIG, accompanied by an increase of inflammatory cytokines IFN-\u03b3, IL-2, and IL-5, was detected in the lungs predominantly at day 7, the late stage of infection (P < 0.05).", "line": 94, "relation": "increases"}
a(TAX:"Severe acute respiratory syndrome-related coronavirus")	increases	p(MGI:Tnf)	{"annotations": {"MeSHAnatomy": {"Lung": true}, "MeSHDisease": {"Severe Acute Respiratory Syndrome": true}, "PublicationStatus": {"Published": true}, "PublicationType": {"Research": true}, "Section": {"Results": true}, "Species": {"10090": true}}, "citation": {"authors": ["Bartlett JH", "Chen J", "Lamirande EW", "Lau YF", "Paddock CD", "Subbarao K", "Zaki SR"], "date": "2010-02-01", "db": "PubMed", "db_id": "19906920", "db_name": "Journal of virology", "first": "Chen J", "last": "Subbarao K", "pages": "1289-301", "volume": "84"}, "evidence": "hird, a biphasic pattern of significantly increased production of proinflammatory cytokines TNF-\u03b1 and IL-6 and chemokines CCL2/MCP-1, CCL3/MIP-1\u03b1, and CXCL10/IP-10 was seen both early and late following infection (P < 0.05).", "line": 98, "relation": "increases"}
a(TAX:"Severe acute respiratory syndrome-related coronavirus")	increases	p(MGI:Il6)	{"annotations": {"MeSHAnatomy": {"Lung": true}, "MeSHDisease": {"Severe Acute Respiratory Syndrome": true}, "PublicationStatus": {"Published": true}, "PublicationType": {"Research": true}, "Section": {"Results": true}, "Species": {"10090": true}}, "citation": {"authors": ["Bartlett JH", "Chen J", "Lamirande EW", "Lau YF", "Paddock CD", "Subbarao K", "Zaki SR"], "date": "2010-02-01", "db": "PubMed", "db_id": "19906920", "db_name": "Journal of virology", "first": "Chen J", "last": "Subbarao K", "pages": "1289-301", "volume": "84"}, "evidence": "hird, a biphasic pattern of significantly increased production of proinflammatory cytokines TNF-\u03b1 and IL-6 and chemokines CCL2/MCP-1, CCL3/MIP-1\u03b1, and CXCL10/IP-10 was seen both early and late following infection (P < 0.05).", "line": 99, "relation": "increases"}
a(TAX:"Severe acute respiratory syndrome-related coronavirus")	increases	p(MGI:Ccl2)	{"annotations": {"MeSHAnatomy": {"Lung": true}, "MeSHDisease": {"Severe Acute Respiratory Syndrome": true}, "PublicationStatus": {"Published": true}, "PublicationType": {"Research": true}, "Section": {"Results": true}, "Species": {"10090": true}}, "citation": {"authors": ["Bartlett JH", "Chen J", "Lamirande EW", "Lau YF", "Paddock CD", "Subbarao K", "Zaki SR"], "date": "2010-02-01", "db": "PubMed", "db_id": "19906920", "db_name": "Journal of virology", "first": "Chen J", "last": "Subbarao K", "pages": "1289-301", "volume": "84"}, "evidence": "hird, a biphasic pattern of significantly increased production of proinflammatory cytokines TNF-\u03b1 and IL-6 and chemokines CCL2/MCP-1, CCL3/MIP-1\u03b1, and CXCL10/IP-10 was seen both early and late following infection (P < 0.05).", "line": 100, "relation": "increases"}
a(TAX:"Severe acute respiratory syndrome-related coronavirus")	increases	p(MGI:Ccl3)	{"annotations": {"MeSHAnatomy": {"Lung": true}, "MeSHDisease": {"Severe Acute Respiratory Syndrome": true}, "PublicationStatus": {"Published": true}, "PublicationType": {"Research": true}, "Section": {"Results": true}, "Species": {"10090": true}}, "citation": {"authors": ["Bartlett JH", "Chen J", "Lamirande EW", "Lau YF", "Paddock CD", "Subbarao K", "Zaki SR"], "date": "2010-02-01", "db": "PubMed", "db_id": "19906920", "db_name": "Journal of virology", "first": "Chen J", "last": "Subbarao K", "pages": "1289-301", "volume": "84"}, "evidence": "hird, a biphasic pattern of significantly increased production of proinflammatory cytokines TNF-\u03b1 and IL-6 and chemokines CCL2/MCP-1, CCL3/MIP-1\u03b1, and CXCL10/IP-10 was seen both early and late following infection (P < 0.05).", "line": 101, "relation": "increases"}
a(TAX:"Severe acute respiratory syndrome-related coronavirus")	increases	p(MGI:Cxcl10)	{"annotations": {"MeSHAnatomy": {"Lung": true}, "MeSHDisease": {"Severe Acute Respiratory Syndrome": true}, "PublicationStatus": {"Published": true}, "PublicationType": {"Research": true}, "Section": {"Results": true}, "Species": {"10090": true}}, "citation": {"authors": ["Bartlett JH", "Chen J", "Lamirande EW", "Lau YF", "Paddock CD", "Subbarao K", "Zaki SR"], "date": "2010-02-01", "db": "PubMed", "db_id": "19906920", "db_name": "Journal of virology", "first": "Chen J", "last": "Subbarao K", "pages": "1289-301", "volume": "84"}, "evidence": "hird, a biphasic pattern of significantly increased production of proinflammatory cytokines TNF-\u03b1 and IL-6 and chemokines CCL2/MCP-1, CCL3/MIP-1\u03b1, and CXCL10/IP-10 was seen both early and late following infection (P < 0.05).", "line": 102, "relation": "increases"}
a(TAX:"Severe acute respiratory syndrome-related coronavirus")	increases	r(MGI:Ccl2)	{"annotations": {"MeSHAnatomy": {"Lung": true}, "MeSHDisease": {"Severe Acute Respiratory Syndrome": true}, "PublicationStatus": {"Published": true}, "PublicationType": {"Research": true}, "Section": {"Results": true}, "Species": {"10090": true}}, "citation": {"authors": ["Bartlett JH", "Chen J", "Lamirande EW", "Lau YF", "Paddock CD", "Subbarao K", "Zaki SR"], "date": "2010-02-01", "db": "PubMed", "db_id": "19906920", "db_name": "Journal of virology", "first": "Chen J", "last": "Subbarao K", "pages": "1289-301", "volume": "84"}, "evidence": "An increase in mRNA transcripts for CCL2/MCP-1, CCL3/MIP-1\u03b1, and CXCL10/IP-10 was detected in the lung early on days 2 and 3 p.i., when peak viral replication occurred. ", "line": 106, "relation": "increases"}
a(TAX:"Severe acute respiratory syndrome-related coronavirus")	increases	r(MGI:Ccl3)	{"annotations": {"MeSHAnatomy": {"Lung": true}, "MeSHDisease": {"Severe Acute Respiratory Syndrome": true}, "PublicationStatus": {"Published": true}, "PublicationType": {"Research": true}, "Section": {"Results": true}, "Species": {"10090": true}}, "citation": {"authors": ["Bartlett JH", "Chen J", "Lamirande EW", "Lau YF", "Paddock CD", "Subbarao K", "Zaki SR"], "date": "2010-02-01", "db": "PubMed", "db_id": "19906920", "db_name": "Journal of virology", "first": "Chen J", "last": "Subbarao K", "pages": "1289-301", "volume": "84"}, "evidence": "An increase in mRNA transcripts for CCL2/MCP-1, CCL3/MIP-1\u03b1, and CXCL10/IP-10 was detected in the lung early on days 2 and 3 p.i., when peak viral replication occurred. ", "line": 107, "relation": "increases"}
a(TAX:"Severe acute respiratory syndrome-related coronavirus")	increases	r(MGI:Cxcl10)	{"annotations": {"MeSHAnatomy": {"Lung": true}, "MeSHDisease": {"Severe Acute Respiratory Syndrome": true}, "PublicationStatus": {"Published": true}, "PublicationType": {"Research": true}, "Section": {"Results": true}, "Species": {"10090": true}}, "citation": {"authors": ["Bartlett JH", "Chen J", "Lamirande EW", "Lau YF", "Paddock CD", "Subbarao K", "Zaki SR"], "date": "2010-02-01", "db": "PubMed", "db_id": "19906920", "db_name": "Journal of virology", "first": "Chen J", "last": "Subbarao K", "pages": "1289-301", "volume": "84"}, "evidence": "An increase in mRNA transcripts for CCL2/MCP-1, CCL3/MIP-1\u03b1, and CXCL10/IP-10 was detected in the lung early on days 2 and 3 p.i., when peak viral replication occurred. ", "line": 108, "relation": "increases"}
a(TAX:"Severe acute respiratory syndrome-related coronavirus")	increases	r(MGI:Ccl5)	{"annotations": {"MeSHAnatomy": {"Lung": true}, "MeSHDisease": {"Severe Acute Respiratory Syndrome": true}, "PublicationStatus": {"Published": true}, "PublicationType": {"Research": true}, "Section": {"Results": true}, "Species": {"10090": true}}, "citation": {"authors": ["Bartlett JH", "Chen J", "Lamirande EW", "Lau YF", "Paddock CD", "Subbarao K", "Zaki SR"], "date": "2010-02-01", "db": "PubMed", "db_id": "19906920", "db_name": "Journal of virology", "first": "Chen J", "last": "Subbarao K", "pages": "1289-301", "volume": "84"}, "evidence": "In contrast, mRNA transcripts for CCL5/RANTES and CXCL9/MIG increased predominantly late in infection on days 5 and 7, when histopathologic evidence of pneumonitis was seen in the infected lungs.", "line": 112, "relation": "increases"}
a(TAX:"Severe acute respiratory syndrome-related coronavirus")	increases	r(MGI:Cxcl9)	{"annotations": {"MeSHAnatomy": {"Lung": true}, "MeSHDisease": {"Severe Acute Respiratory Syndrome": true}, "PublicationStatus": {"Published": true}, "PublicationType": {"Research": true}, "Section": {"Results": true}, "Species": {"10090": true}}, "citation": {"authors": ["Bartlett JH", "Chen J", "Lamirande EW", "Lau YF", "Paddock CD", "Subbarao K", "Zaki SR"], "date": "2010-02-01", "db": "PubMed", "db_id": "19906920", "db_name": "Journal of virology", "first": "Chen J", "last": "Subbarao K", "pages": "1289-301", "volume": "84"}, "evidence": "In contrast, mRNA transcripts for CCL5/RANTES and CXCL9/MIG increased predominantly late in infection on days 5 and 7, when histopathologic evidence of pneumonitis was seen in the infected lungs.", "line": 113, "relation": "increases"}
a(TAX:"Severe acute respiratory syndrome-related coronavirus")	increases	r(MGI:Ccr2)	{"annotations": {"MeSHAnatomy": {"Lung": true}, "MeSHDisease": {"Severe Acute Respiratory Syndrome": true}, "PublicationStatus": {"Published": true}, "PublicationType": {"Research": true}, "Section": {"Results": true}, "Species": {"10090": true}}, "citation": {"authors": ["Bartlett JH", "Chen J", "Lamirande EW", "Lau YF", "Paddock CD", "Subbarao K", "Zaki SR"], "date": "2010-02-01", "db": "PubMed", "db_id": "19906920", "db_name": "Journal of virology", "first": "Chen J", "last": "Subbarao K", "pages": "1289-301", "volume": "84"}, "evidence": "An increase in mRNA transcripts for CCR2, CCR5, and CXCR3, which are receptors for the upregulated chemokines (CCR2 for CCL2/MCP-1, CCR5 for CCL3/MIP-1a and CCL5/RANTES, and CXCR3 for CXCL9/MIG and CXCL10/IP-10), was also found in the lungs after infection with SARS-CoV (Fig. 1C).", "line": 117, "relation": "increases"}
a(TAX:"Severe acute respiratory syndrome-related coronavirus")	increases	r(MGI:Ccr5)	{"annotations": {"MeSHAnatomy": {"Lung": true}, "MeSHDisease": {"Severe Acute Respiratory Syndrome": true}, "PublicationStatus": {"Published": true}, "PublicationType": {"Research": true}, "Section": {"Results": true}, "Species": {"10090": true}}, "citation": {"authors": ["Bartlett JH", "Chen J", "Lamirande EW", "Lau YF", "Paddock CD", "Subbarao K", "Zaki SR"], "date": "2010-02-01", "db": "PubMed", "db_id": "19906920", "db_name": "Journal of virology", "first": "Chen J", "last": "Subbarao K", "pages": "1289-301", "volume": "84"}, "evidence": "An increase in mRNA transcripts for CCR2, CCR5, and CXCR3, which are receptors for the upregulated chemokines (CCR2 for CCL2/MCP-1, CCR5 for CCL3/MIP-1a and CCL5/RANTES, and CXCR3 for CXCL9/MIG and CXCL10/IP-10), was also found in the lungs after infection with SARS-CoV (Fig. 1C).", "line": 118, "relation": "increases"}
a(TAX:"Severe acute respiratory syndrome-related coronavirus")	increases	r(MGI:Cxcr3)	{"annotations": {"MeSHAnatomy": {"Lung": true}, "MeSHDisease": {"Severe Acute Respiratory Syndrome": true}, "PublicationStatus": {"Published": true}, "PublicationType": {"Research": true}, "Section": {"Results": true}, "Species": {"10090": true}}, "citation": {"authors": ["Bartlett JH", "Chen J", "Lamirande EW", "Lau YF", "Paddock CD", "Subbarao K", "Zaki SR"], "date": "2010-02-01", "db": "PubMed", "db_id": "19906920", "db_name": "Journal of virology", "first": "Chen J", "last": "Subbarao K", "pages": "1289-301", "volume": "84"}, "evidence": "An increase in mRNA transcripts for CCR2, CCR5, and CXCR3, which are receptors for the upregulated chemokines (CCR2 for CCL2/MCP-1, CCR5 for CCL3/MIP-1a and CCL5/RANTES, and CXCR3 for CXCL9/MIG and CXCL10/IP-10), was also found in the lungs after infection with SARS-CoV (Fig. 1C).", "line": 119, "relation": "increases"}
a(TAX:"Severe acute respiratory syndrome-related coronavirus")	increases	a(FIXME:"CD45+ leukocyte")	{"annotations": {"MeSHAnatomy": {"Lung": true}, "MeSHDisease": {"Severe Acute Respiratory Syndrome": true}, "PublicationStatus": {"Published": true}, "PublicationType": {"Research": true}, "Section": {"Results": true}, "Species": {"10090": true}}, "citation": {"authors": ["Bartlett JH", "Chen J", "Lamirande EW", "Lau YF", "Paddock CD", "Subbarao K", "Zaki SR"], "date": "2010-02-01", "db": "PubMed", "db_id": "19906920", "db_name": "Journal of virology", "first": "Chen J", "last": "Subbarao K", "pages": "1289-301", "volume": "84"}, "evidence": "We observed a significant increase in the number of CD45+ leukocytes in the lungs of SARS-CoV-infected mice 7 days p.i. (P = 0.0015).", "line": 123, "relation": "increases"}
a(TAX:"Severe acute respiratory syndrome-related coronavirus")	increases	a(MESH:"Killer Cells, Natural")	{"annotations": {"MeSHAnatomy": {"Lung": true}, "MeSHDisease": {"Severe Acute Respiratory Syndrome": true}, "PublicationStatus": {"Published": true}, "PublicationType": {"Research": true}, "Section": {"Results": true}, "Species": {"10090": true}}, "citation": {"authors": ["Bartlett JH", "Chen J", "Lamirande EW", "Lau YF", "Paddock CD", "Subbarao K", "Zaki SR"], "date": "2010-02-01", "db": "PubMed", "db_id": "19906920", "db_name": "Journal of virology", "first": "Chen J", "last": "Subbarao K", "pages": "1289-301", "volume": "84"}, "evidence": "Second, the pulmonary migration of inflammatory cells (such as NK T cells, NK cells, macrophages, and CD4+ T cells) began on day 2, increased rapidly to reach a peak on day 7 and/or 9 (P < 0.01), and declined thereafter.", "line": 127, "relation": "increases"}
a(TAX:"Severe acute respiratory syndrome-related coronavirus")	increases	a(MESH:Macrophages)	{"annotations": {"MeSHAnatomy": {"Lung": true}, "MeSHDisease": {"Severe Acute Respiratory Syndrome": true}, "PublicationStatus": {"Published": true}, "PublicationType": {"Research": true}, "Section": {"Results": true}, "Species": {"10090": true}}, "citation": {"authors": ["Bartlett JH", "Chen J", "Lamirande EW", "Lau YF", "Paddock CD", "Subbarao K", "Zaki SR"], "date": "2010-02-01", "db": "PubMed", "db_id": "19906920", "db_name": "Journal of virology", "first": "Chen J", "last": "Subbarao K", "pages": "1289-301", "volume": "84"}, "evidence": "Second, the pulmonary migration of inflammatory cells (such as NK T cells, NK cells, macrophages, and CD4+ T cells) began on day 2, increased rapidly to reach a peak on day 7 and/or 9 (P < 0.01), and declined thereafter.", "line": 128, "relation": "increases"}
a(TAX:"Severe acute respiratory syndrome-related coronavirus")	increases	a(MESH:"CD4-Positive T-Lymphocytes")	{"annotations": {"MeSHAnatomy": {"Lung": true}, "MeSHDisease": {"Severe Acute Respiratory Syndrome": true}, "PublicationStatus": {"Published": true}, "PublicationType": {"Research": true}, "Section": {"Results": true}, "Species": {"10090": true}}, "citation": {"authors": ["Bartlett JH", "Chen J", "Lamirande EW", "Lau YF", "Paddock CD", "Subbarao K", "Zaki SR"], "date": "2010-02-01", "db": "PubMed", "db_id": "19906920", "db_name": "Journal of virology", "first": "Chen J", "last": "Subbarao K", "pages": "1289-301", "volume": "84"}, "evidence": "Second, the pulmonary migration of inflammatory cells (such as NK T cells, NK cells, macrophages, and CD4+ T cells) began on day 2, increased rapidly to reach a peak on day 7 and/or 9 (P < 0.01), and declined thereafter.", "line": 129, "relation": "increases"}
a(TAX:"Severe acute respiratory syndrome-related coronavirus")	increases	a(MESH:"CD8-Positive T-Lymphocytes")	{"annotations": {"MeSHAnatomy": {"Lung": true}, "MeSHDisease": {"Severe Acute Respiratory Syndrome": true}, "PublicationStatus": {"Published": true}, "PublicationType": {"Research": true}, "Section": {"Results": true}, "Species": {"10090": true}}, "citation": {"authors": ["Bartlett JH", "Chen J", "Lamirande EW", "Lau YF", "Paddock CD", "Subbarao K", "Zaki SR"], "date": "2010-02-01", "db": "PubMed", "db_id": "19906920", "db_name": "Journal of virology", "first": "Chen J", "last": "Subbarao K", "pages": "1289-301", "volume": "84"}, "evidence": "The number of CD8+ T cells increased sharply on days 7 and 9 (P < 0.05)", "line": 133, "relation": "increases"}
a(TAX:"Severe acute respiratory syndrome-related coronavirus")	increases	a(FIXME:"CD8+ IFN-γ+ cell")	{"annotations": {"BioAssay": {"flow cytometry": true}, "MeSHAnatomy": {"Lung": true}, "MeSHDisease": {"Severe Acute Respiratory Syndrome": true}, "PublicationStatus": {"Published": true}, "PublicationType": {"Research": true}, "Section": {"Results": true}, "Species": {"10090": true}}, "citation": {"authors": ["Bartlett JH", "Chen J", "Lamirande EW", "Lau YF", "Paddock CD", "Subbarao K", "Zaki SR"], "date": "2010-02-01", "db": "PubMed", "db_id": "19906920", "db_name": "Journal of virology", "first": "Chen J", "last": "Subbarao K", "pages": "1289-301", "volume": "84"}, "evidence": "FACS analysis revealed an increased frequency of CD8+ IFN-\u03b3+ and CD4+ IFN-\u03b3+ cells seen in the lungs of SARS-CoV-infected mice following exogenous stimulation with SARS-CoV S protein and to a lesser extent nucleocapsid (N) proteins and PMA/ionomycin.", "line": 138, "relation": "increases"}
a(TAX:"Severe acute respiratory syndrome-related coronavirus")	increases	a(FIXME:"CD4+ IFN-γ+ cell")	{"annotations": {"BioAssay": {"flow cytometry": true}, "MeSHAnatomy": {"Lung": true}, "MeSHDisease": {"Severe Acute Respiratory Syndrome": true}, "PublicationStatus": {"Published": true}, "PublicationType": {"Research": true}, "Section": {"Results": true}, "Species": {"10090": true}}, "citation": {"authors": ["Bartlett JH", "Chen J", "Lamirande EW", "Lau YF", "Paddock CD", "Subbarao K", "Zaki SR"], "date": "2010-02-01", "db": "PubMed", "db_id": "19906920", "db_name": "Journal of virology", "first": "Chen J", "last": "Subbarao K", "pages": "1289-301", "volume": "84"}, "evidence": "FACS analysis revealed an increased frequency of CD8+ IFN-\u03b3+ and CD4+ IFN-\u03b3+ cells seen in the lungs of SARS-CoV-infected mice following exogenous stimulation with SARS-CoV S protein and to a lesser extent nucleocapsid (N) proteins and PMA/ionomycin.", "line": 139, "relation": "increases"}
