a(CHEBI:"N-benzyloxycarbonyl-L-leucyl-L-leucyl-L-leucinal")	partOf	composite(a(CHEBI:"N-benzyloxycarbonyl-L-leucyl-L-leucyl-L-leucinal"), p(UNIPROT:P0C6X7, frag("819_2740")))	{"relation": "partOf"}
a(CHEBI:"SB 203580")	partOf	composite(a(CHEBI:"SB 203580"), p(UNIPROT:P0C6X7, frag("819_2740")))	{"relation": "partOf"}
a(CHEBI:"SB 203580")	decreases	p(HGNC:MAPK14)	{"annotations": {"Custom_CellLine": {"HL-CZ cell": true}, "PublicationStatus": {"Published": true}, "PublicationType": {"Research": true}, "Section": {"Results": true}, "Species": {"9606": true}}, "citation": {"authors": ["Lai CC", "Li SW", "Lin CW", "Lin YJ", "Tsai FJ", "Wan L", "Yang TC"], "date": "2012-11-01", "db": "PubMed", "db_id": "22936401", "db_name": "Proteomics", "first": "Li SW", "last": "Lin CW", "pages": "3193-205", "volume": "12"}, "evidence": "ELISA assay showed less PLpro-induced TGF-?1 production by SB203580 (1.5-fold) and U0126 (3.3-fold) (Fig. 7A and B).", "line": 145, "relation": "decreases"}
a(CHEBI:U0126)	partOf	composite(a(CHEBI:U0126), p(UNIPROT:P0C6X7, frag("819_2740")))	{"relation": "partOf"}
a(CHEBI:U0126)	decreases	p(HGNC:MAPK1)	{"annotations": {"Custom_CellLine": {"HL-CZ cell": true}, "PublicationStatus": {"Published": true}, "PublicationType": {"Research": true}, "Section": {"Results": true}, "Species": {"9606": true}}, "citation": {"authors": ["Lai CC", "Li SW", "Lin CW", "Lin YJ", "Tsai FJ", "Wan L", "Yang TC"], "date": "2012-11-01", "db": "PubMed", "db_id": "22936401", "db_name": "Proteomics", "first": "Li SW", "last": "Lin CW", "pages": "3193-205", "volume": "12"}, "evidence": "ELISA assay showed less PLpro-induced TGF-?1 production by SB203580 (1.5-fold) and U0126 (3.3-fold) (Fig. 7A and B).", "line": 146, "relation": "decreases"}
a(CHEBI:U0126)	decreases	p(HGNC:MAPK3)	{"annotations": {"Custom_CellLine": {"HL-CZ cell": true}, "PublicationStatus": {"Published": true}, "PublicationType": {"Research": true}, "Section": {"Results": true}, "Species": {"9606": true}}, "citation": {"authors": ["Lai CC", "Li SW", "Lin CW", "Lin YJ", "Tsai FJ", "Wan L", "Yang TC"], "date": "2012-11-01", "db": "PubMed", "db_id": "22936401", "db_name": "Proteomics", "first": "Li SW", "last": "Lin CW", "pages": "3193-205", "volume": "12"}, "evidence": "ELISA assay showed less PLpro-induced TGF-?1 production by SB203580 (1.5-fold) and U0126 (3.3-fold) (Fig. 7A and B).", "line": 147, "relation": "decreases"}
a(TAX:"Severe acute respiratory syndrome-related coronavirus")	association	p(UNIPROT:P0C6X7)	{"annotations": {"BioAssay": {"quantitative PCR": true}, "Custom_CellLine": {"HL-CZ cell": true}, "PublicationStatus": {"Published": true}, "PublicationType": {"Research": true}, "Section": {"Results": true}, "Species": {"9606": true}}, "citation": {"authors": ["Lai CC", "Li SW", "Lin CW", "Lin YJ", "Tsai FJ", "Wan L", "Yang TC"], "date": "2012-11-01", "db": "PubMed", "db_id": "22936401", "db_name": "Proteomics", "first": "Li SW", "last": "Lin CW", "pages": "3193-205", "volume": "12"}, "evidence": "PLpro alone induced mRNA expression of TGF-b1 (greater than four fold), IL-1a (approximately three fold),and RANTES (approximately two fold) (Fig. 2A, D, and E), yet no signifi- cant rise in TNF-a and IFN-a compared to vector controls (Fig. 2B and C).", "line": 55, "relation": "association"}
bp(GO:"ERK1 and ERK2 cascade")	association	act(p(UNIPROT:P0C6X7, frag("819_2740")))	{"annotations": {"Custom_CellLine": {"HL-CZ cell": true}, "PublicationStatus": {"Published": true}, "PublicationType": {"Research": true}, "Section": {"Results": true}, "Species": {"9606": true}}, "citation": {"authors": ["Lai CC", "Li SW", "Lin CW", "Lin YJ", "Tsai FJ", "Wan L", "Yang TC"], "date": "2012-11-01", "db": "PubMed", "db_id": "22936401", "db_name": "Proteomics", "first": "Li SW", "last": "Lin CW", "pages": "3193-205", "volume": "12"}, "evidence": "Results indicated the activation of p38 MAPK- and ERK1/2-mediated signaling linking with induction of TGF-?1 and upregulation of vimentin by PLpro.", "line": 164, "object": {"modifier": "Activity"}, "relation": "association"}
bp(GO:"p38MAPK cascade")	association	act(p(UNIPROT:P0C6X7, frag("819_2740")))	{"annotations": {"Custom_CellLine": {"HL-CZ cell": true}, "PublicationStatus": {"Published": true}, "PublicationType": {"Research": true}, "Section": {"Results": true}, "Species": {"9606": true}}, "citation": {"authors": ["Lai CC", "Li SW", "Lin CW", "Lin YJ", "Tsai FJ", "Wan L", "Yang TC"], "date": "2012-11-01", "db": "PubMed", "db_id": "22936401", "db_name": "Proteomics", "first": "Li SW", "last": "Lin CW", "pages": "3193-205", "volume": "12"}, "evidence": "Results indicated the activation of p38 MAPK- and ERK1/2-mediated signaling linking with induction of TGF-?1 and upregulation of vimentin by PLpro.", "line": 163, "object": {"modifier": "Activity"}, "relation": "association"}
composite(a(CHEBI:"N-benzyloxycarbonyl-L-leucyl-L-leucyl-L-leucinal"), p(UNIPROT:P0C6X7, frag("819_2740")))	decreases	r(HGNC:TGFB1)	{"annotations": {"BioAssay": {"quantitative PCR": true}, "Custom_CellLine": {"HL-CZ cell": true}, "PublicationStatus": {"Published": true}, "PublicationType": {"Research": true}, "Section": {"Results": true}, "Species": {"9606": true}}, "citation": {"authors": ["Lai CC", "Li SW", "Lin CW", "Lin YJ", "Tsai FJ", "Wan L", "Yang TC"], "date": "2012-11-01", "db": "PubMed", "db_id": "22936401", "db_name": "Proteomics", "first": "Li SW", "last": "Lin CW", "pages": "3193-205", "volume": "12"}, "evidence": "Quantitative real-time PCR assay indicated MG-132 causing more than a twofold decrease of TGF-?1 and vimentin mRNA in PLpro-expressing versus control cells (Fig. 6A).", "line": 123, "relation": "decreases"}
composite(a(CHEBI:"N-benzyloxycarbonyl-L-leucyl-L-leucyl-L-leucinal"), p(UNIPROT:P0C6X7, frag("819_2740")))	decreases	r(HGNC:VIM)	{"annotations": {"BioAssay": {"quantitative PCR": true}, "Custom_CellLine": {"HL-CZ cell": true}, "PublicationStatus": {"Published": true}, "PublicationType": {"Research": true}, "Section": {"Results": true}, "Species": {"9606": true}}, "citation": {"authors": ["Lai CC", "Li SW", "Lin CW", "Lin YJ", "Tsai FJ", "Wan L", "Yang TC"], "date": "2012-11-01", "db": "PubMed", "db_id": "22936401", "db_name": "Proteomics", "first": "Li SW", "last": "Lin CW", "pages": "3193-205", "volume": "12"}, "evidence": "Quantitative real-time PCR assay indicated MG-132 causing more than a twofold decrease of TGF-?1 and vimentin mRNA in PLpro-expressing versus control cells (Fig. 6A).", "line": 124, "relation": "decreases"}
composite(a(CHEBI:"N-benzyloxycarbonyl-L-leucyl-L-leucyl-L-leucinal"), p(UNIPROT:P0C6X7, frag("819_2740")))	decreases	p(HGNC:TGFB1)	{"annotations": {"BioAssay": {"ELISA": true}, "Custom_CellLine": {"HL-CZ cell": true}, "PublicationStatus": {"Published": true}, "PublicationType": {"Research": true}, "Sample": {"cell lysate": true}, "Section": {"Results": true}, "Species": {"9606": true}}, "citation": {"authors": ["Lai CC", "Li SW", "Lin CW", "Lin YJ", "Tsai FJ", "Wan L", "Yang TC"], "date": "2012-11-01", "db": "PubMed", "db_id": "22936401", "db_name": "Proteomics", "first": "Li SW", "last": "Lin CW", "pages": "3193-205", "volume": "12"}, "evidence": "ELISA assays indicated MG-132 reducing TGF-?1 protein in lysates of PLpro-expressing cells by twofold and no effect on controls (Fig. 6B), proving ubiquitin\u2013proteasomal system involvement in PLpro-induced expression of TGF-?1 and vimentin.", "line": 134, "relation": "decreases"}
p(UNIPROT:P0C6X7, frag("819_2740"))	partOf	composite(a(CHEBI:"N-benzyloxycarbonyl-L-leucyl-L-leucyl-L-leucinal"), p(UNIPROT:P0C6X7, frag("819_2740")))	{"relation": "partOf"}
p(UNIPROT:P0C6X7, frag("819_2740"))	partOf	composite(a(CHEBI:"SB 203580"), p(UNIPROT:P0C6X7, frag("819_2740")))	{"relation": "partOf"}
p(UNIPROT:P0C6X7, frag("819_2740"))	partOf	composite(a(CHEBI:U0126), p(UNIPROT:P0C6X7, frag("819_2740")))	{"relation": "partOf"}
p(UNIPROT:P0C6X7, frag("819_2740"))	partOf	composite(p(HGNC:IFNA1), p(UNIPROT:P0C6X7, frag("819_2740")))	{"relation": "partOf"}
p(UNIPROT:P0C6X7, frag("819_2740"))	increases	r(HGNC:TGFB1)	{"annotations": {"BioAssay": {"quantitative PCR": true}, "Custom_CellLine": {"HL-CZ cell": true}, "PublicationStatus": {"Published": true}, "PublicationType": {"Research": true}, "Section": {"Results": true}, "Species": {"9606": true}}, "citation": {"authors": ["Lai CC", "Li SW", "Lin CW", "Lin YJ", "Tsai FJ", "Wan L", "Yang TC"], "date": "2012-11-01", "db": "PubMed", "db_id": "22936401", "db_name": "Proteomics", "first": "Li SW", "last": "Lin CW", "pages": "3193-205", "volume": "12"}, "evidence": "PLpro alone induced mRNA expression of TGF-b1 (greater than four fold), IL-1a (approximately three fold),and RANTES (approximately two fold) (Fig. 2A, D, and E), yet no signifi- cant rise in TNF-a and IFN-a compared to vector controls (Fig. 2B and C).", "line": 52, "relation": "increases"}
p(UNIPROT:P0C6X7, frag("819_2740"))	increases	r(HGNC:IL1A)	{"annotations": {"BioAssay": {"quantitative PCR": true}, "Custom_CellLine": {"HL-CZ cell": true}, "PublicationStatus": {"Published": true}, "PublicationType": {"Research": true}, "Section": {"Results": true}, "Species": {"9606": true}}, "citation": {"authors": ["Lai CC", "Li SW", "Lin CW", "Lin YJ", "Tsai FJ", "Wan L", "Yang TC"], "date": "2012-11-01", "db": "PubMed", "db_id": "22936401", "db_name": "Proteomics", "first": "Li SW", "last": "Lin CW", "pages": "3193-205", "volume": "12"}, "evidence": "PLpro alone induced mRNA expression of TGF-b1 (greater than four fold), IL-1a (approximately three fold),and RANTES (approximately two fold) (Fig. 2A, D, and E), yet no signifi- cant rise in TNF-a and IFN-a compared to vector controls (Fig. 2B and C).", "line": 53, "relation": "increases"}
p(UNIPROT:P0C6X7, frag("819_2740"))	increases	r(HGNC:CCL5)	{"annotations": {"BioAssay": {"quantitative PCR": true}, "Custom_CellLine": {"HL-CZ cell": true}, "PublicationStatus": {"Published": true}, "PublicationType": {"Research": true}, "Section": {"Results": true}, "Species": {"9606": true}}, "citation": {"authors": ["Lai CC", "Li SW", "Lin CW", "Lin YJ", "Tsai FJ", "Wan L", "Yang TC"], "date": "2012-11-01", "db": "PubMed", "db_id": "22936401", "db_name": "Proteomics", "first": "Li SW", "last": "Lin CW", "pages": "3193-205", "volume": "12"}, "evidence": "PLpro alone induced mRNA expression of TGF-b1 (greater than four fold), IL-1a (approximately three fold),and RANTES (approximately two fold) (Fig. 2A, D, and E), yet no signifi- cant rise in TNF-a and IFN-a compared to vector controls (Fig. 2B and C).", "line": 54, "relation": "increases"}
act(p(UNIPROT:P0C6X7, frag("819_2740")))	increases	p(HGNC:TGFB1)	{"annotations": {"Custom_CellLine": {"HL-CZ cell": true}, "PublicationStatus": {"Published": true}, "PublicationType": {"Research": true}, "Sample": {"cell lysate": true, "culture medium": true}, "Section": {"Results": true}, "Species": {"9606": true}}, "citation": {"authors": ["Lai CC", "Li SW", "Lin CW", "Lin YJ", "Tsai FJ", "Wan L", "Yang TC"], "date": "2012-11-01", "db": "PubMed", "db_id": "22936401", "db_name": "Proteomics", "first": "Li SW", "last": "Lin CW", "pages": "3193-205", "volume": "12"}, "evidence": "TGF-b1 in cultured media and cell lysates of PLpro-expressing cells were twice as high as in vector controls, indicating that PLpro plays a unique role in upregulating TGF-b1 production.", "line": 71, "relation": "increases", "subject": {"modifier": "Activity"}}
act(p(UNIPROT:P0C6X7, frag("819_2740")))	increases	p(HGNC:TGFB1)	{"annotations": {"Custom_CellLine": {"HL-CZ cell": true}, "PublicationStatus": {"Published": true}, "PublicationType": {"Research": true}, "Section": {"Results": true}, "Species": {"9606": true}}, "citation": {"authors": ["Lai CC", "Li SW", "Lin CW", "Lin YJ", "Tsai FJ", "Wan L", "Yang TC"], "date": "2012-11-01", "db": "PubMed", "db_id": "22936401", "db_name": "Proteomics", "first": "Li SW", "last": "Lin CW", "pages": "3193-205", "volume": "12"}, "evidence": "Results indicated the activation of p38 MAPK- and ERK1/2-mediated signaling linking with induction of TGF-?1 and upregulation of vimentin by PLpro.", "line": 165, "relation": "increases", "subject": {"modifier": "Activity"}}
act(p(UNIPROT:P0C6X7, frag("819_2740")))	increases	p(HGNC:HSPB1)	{"annotations": {"BioAssay": {"mass spectrometry": true}, "Custom_CellLine": {"HL-CZ cell": true}, "PublicationStatus": {"Published": true}, "PublicationType": {"Research": true}, "Section": {"Results": true}, "Species": {"9606": true}}, "citation": {"authors": ["Lai CC", "Li SW", "Lin CW", "Lin YJ", "Tsai FJ", "Wan L", "Yang TC"], "date": "2012-11-01", "db": "PubMed", "db_id": "22936401", "db_name": "Proteomics", "first": "Li SW", "last": "Lin CW", "pages": "3193-205", "volume": "12"}, "evidence": "MS analysis of HSP27 (Spot ID 1) showed a Mascot score of 161, five matched peptides, and sequence coverage of 37%; vimentin (Spot ID 7) showed a Mascot score of 1420, sequence coverage of 71%, and 14 matched peptides", "line": 80, "relation": "increases", "subject": {"modifier": "Activity"}}
act(p(UNIPROT:P0C6X7, frag("819_2740")))	increases	p(HGNC:HSPB1)	{"annotations": {"Assay": {"Q-TOF mass spectrometry": true}, "Custom_CellLine": {"HL-CZ cell": true}, "PublicationStatus": {"Published": true}, "PublicationType": {"Research": true}, "Section": {"Results": true}, "Species": {"9606": true}}, "citation": {"authors": ["Lai CC", "Li SW", "Lin CW", "Lin YJ", "Tsai FJ", "Wan L", "Yang TC"], "date": "2012-11-01", "db": "PubMed", "db_id": "22936401", "db_name": "Proteomics", "first": "Li SW", "last": "Lin CW", "pages": "3193-205", "volume": "12"}, "evidence": "Peptide peaks from Q-TOF MS analysis from three representative spots of interest, vimentin (Spot ID 7), glial fibrillary acidic protein (Spot ID 17), and HSP27 (Spot ID 1) appear in Supporting Information Fig. S1A\u2013C.", "line": 90, "relation": "increases", "subject": {"modifier": "Activity"}}
act(p(UNIPROT:P0C6X7, frag("819_2740")))	increases	p(HGNC:HSPB1)	{"annotations": {"BioAssay": {"western blot": true}, "Custom_CellLine": {"HL-CZ cell": true}, "PublicationStatus": {"Published": true}, "PublicationType": {"Research": true}, "Section": {"Results": true}, "Species": {"9606": true}}, "citation": {"authors": ["Lai CC", "Li SW", "Lin CW", "Lin YJ", "Tsai FJ", "Wan L", "Yang TC"], "date": "2012-11-01", "db": "PubMed", "db_id": "22936401", "db_name": "Proteomics", "first": "Li SW", "last": "Lin CW", "pages": "3193-205", "volume": "12"}, "evidence": "Analyzing cell lysates by Western blot confirms protein profiling induced by PLpro (Fig. 5), i.e. significant rise of vimentin and HSP27 coupled with substantial decline of ERK1 in PLpro- expressing cells compared to vector controls, consistent with 2DE/Q-TOF MS/MS analysis in Fig. 4, Tables 1 and 2.", "line": 102, "relation": "increases", "subject": {"modifier": "Activity"}}
act(p(UNIPROT:P0C6X7, frag("819_2740")))	increases	p(HGNC:VIM)	{"annotations": {"BioAssay": {"mass spectrometry": true}, "Custom_CellLine": {"HL-CZ cell": true}, "PublicationStatus": {"Published": true}, "PublicationType": {"Research": true}, "Section": {"Results": true}, "Species": {"9606": true}}, "citation": {"authors": ["Lai CC", "Li SW", "Lin CW", "Lin YJ", "Tsai FJ", "Wan L", "Yang TC"], "date": "2012-11-01", "db": "PubMed", "db_id": "22936401", "db_name": "Proteomics", "first": "Li SW", "last": "Lin CW", "pages": "3193-205", "volume": "12"}, "evidence": "MS analysis of HSP27 (Spot ID 1) showed a Mascot score of 161, five matched peptides, and sequence coverage of 37%; vimentin (Spot ID 7) showed a Mascot score of 1420, sequence coverage of 71%, and 14 matched peptides", "line": 81, "relation": "increases", "subject": {"modifier": "Activity"}}
act(p(UNIPROT:P0C6X7, frag("819_2740")))	increases	p(HGNC:VIM)	{"annotations": {"Assay": {"Q-TOF mass spectrometry": true}, "Custom_CellLine": {"HL-CZ cell": true}, "PublicationStatus": {"Published": true}, "PublicationType": {"Research": true}, "Section": {"Results": true}, "Species": {"9606": true}}, "citation": {"authors": ["Lai CC", "Li SW", "Lin CW", "Lin YJ", "Tsai FJ", "Wan L", "Yang TC"], "date": "2012-11-01", "db": "PubMed", "db_id": "22936401", "db_name": "Proteomics", "first": "Li SW", "last": "Lin CW", "pages": "3193-205", "volume": "12"}, "evidence": "Peptide peaks from Q-TOF MS analysis from three representative spots of interest, vimentin (Spot ID 7), glial fibrillary acidic protein (Spot ID 17), and HSP27 (Spot ID 1) appear in Supporting Information Fig. S1A\u2013C.", "line": 91, "relation": "increases", "subject": {"modifier": "Activity"}}
act(p(UNIPROT:P0C6X7, frag("819_2740")))	increases	p(HGNC:VIM)	{"annotations": {"BioAssay": {"western blot": true}, "Custom_CellLine": {"HL-CZ cell": true}, "PublicationStatus": {"Published": true}, "PublicationType": {"Research": true}, "Section": {"Results": true}, "Species": {"9606": true}}, "citation": {"authors": ["Lai CC", "Li SW", "Lin CW", "Lin YJ", "Tsai FJ", "Wan L", "Yang TC"], "date": "2012-11-01", "db": "PubMed", "db_id": "22936401", "db_name": "Proteomics", "first": "Li SW", "last": "Lin CW", "pages": "3193-205", "volume": "12"}, "evidence": "Analyzing cell lysates by Western blot confirms protein profiling induced by PLpro (Fig. 5), i.e. significant rise of vimentin and HSP27 coupled with substantial decline of ERK1 in PLpro- expressing cells compared to vector controls, consistent with 2DE/Q-TOF MS/MS analysis in Fig. 4, Tables 1 and 2.", "line": 103, "relation": "increases", "subject": {"modifier": "Activity"}}
act(p(UNIPROT:P0C6X7, frag("819_2740")))	increases	p(HGNC:VIM)	{"annotations": {"Custom_CellLine": {"HL-CZ cell": true}, "PublicationStatus": {"Published": true}, "PublicationType": {"Research": true}, "Section": {"Results": true}, "Species": {"9606": true}}, "citation": {"authors": ["Lai CC", "Li SW", "Lin CW", "Lin YJ", "Tsai FJ", "Wan L", "Yang TC"], "date": "2012-11-01", "db": "PubMed", "db_id": "22936401", "db_name": "Proteomics", "first": "Li SW", "last": "Lin CW", "pages": "3193-205", "volume": "12"}, "evidence": "Results indicated the activation of p38 MAPK- and ERK1/2-mediated signaling linking with induction of TGF-?1 and upregulation of vimentin by PLpro.", "line": 166, "relation": "increases", "subject": {"modifier": "Activity"}}
act(p(UNIPROT:P0C6X7, frag("819_2740")))	increases	p(HGNC:GFAP)	{"annotations": {"Assay": {"Q-TOF mass spectrometry": true}, "Custom_CellLine": {"HL-CZ cell": true}, "PublicationStatus": {"Published": true}, "PublicationType": {"Research": true}, "Section": {"Results": true}, "Species": {"9606": true}}, "citation": {"authors": ["Lai CC", "Li SW", "Lin CW", "Lin YJ", "Tsai FJ", "Wan L", "Yang TC"], "date": "2012-11-01", "db": "PubMed", "db_id": "22936401", "db_name": "Proteomics", "first": "Li SW", "last": "Lin CW", "pages": "3193-205", "volume": "12"}, "evidence": "Peptide peaks from Q-TOF MS analysis from three representative spots of interest, vimentin (Spot ID 7), glial fibrillary acidic protein (Spot ID 17), and HSP27 (Spot ID 1) appear in Supporting Information Fig. S1A\u2013C.", "line": 92, "relation": "increases", "subject": {"modifier": "Activity"}}
act(p(UNIPROT:P0C6X7, frag("819_2740")))	decreases	p(HGNC:MAPK3)	{"annotations": {"BioAssay": {"western blot": true}, "Custom_CellLine": {"HL-CZ cell": true}, "PublicationStatus": {"Published": true}, "PublicationType": {"Research": true}, "Section": {"Results": true}, "Species": {"9606": true}}, "citation": {"authors": ["Lai CC", "Li SW", "Lin CW", "Lin YJ", "Tsai FJ", "Wan L", "Yang TC"], "date": "2012-11-01", "db": "PubMed", "db_id": "22936401", "db_name": "Proteomics", "first": "Li SW", "last": "Lin CW", "pages": "3193-205", "volume": "12"}, "evidence": "Analyzing cell lysates by Western blot confirms protein profiling induced by PLpro (Fig. 5), i.e. significant rise of vimentin and HSP27 coupled with substantial decline of ERK1 in PLpro- expressing cells compared to vector controls, consistent with 2DE/Q-TOF MS/MS analysis in Fig. 4, Tables 1 and 2.", "line": 104, "relation": "decreases", "subject": {"modifier": "Activity"}}
act(p(UNIPROT:P0C6X7, frag("819_2740")))	increases	r(HGNC:UBE2K)	{"annotations": {"BioAssay": {"quantitative PCR": true}, "Custom_CellLine": {"HL-CZ cell": true}, "PublicationStatus": {"Published": true}, "PublicationType": {"Research": true}, "Section": {"Results": true}, "Species": {"9606": true}}, "citation": {"authors": ["Lai CC", "Li SW", "Lin CW", "Lin YJ", "Tsai FJ", "Wan L", "Yang TC"], "date": "2012-11-01", "db": "PubMed", "db_id": "22936401", "db_name": "Proteomics", "first": "Li SW", "last": "Lin CW", "pages": "3193-205", "volume": "12"}, "evidence": "Moreover, quantitative real-time PCR indicated mRNA expression of ubiquitin-conjugating enzyme E2\u201325 kDa (Spot ID 3) and protein disulfide isomerase A3 precursor (Spot ID 11) upregulated two fold in PLpro-expressing cells, but no change in controls (Supporting Information Fig. S2), supporting 2D/MS data (Fig. 4 and Table 1).", "line": 114, "relation": "increases", "subject": {"modifier": "Activity"}}
act(p(UNIPROT:P0C6X7, frag("819_2740")))	increases	r(HGNC:PDIA3)	{"annotations": {"BioAssay": {"quantitative PCR": true}, "Custom_CellLine": {"HL-CZ cell": true}, "PublicationStatus": {"Published": true}, "PublicationType": {"Research": true}, "Section": {"Results": true}, "Species": {"9606": true}}, "citation": {"authors": ["Lai CC", "Li SW", "Lin CW", "Lin YJ", "Tsai FJ", "Wan L", "Yang TC"], "date": "2012-11-01", "db": "PubMed", "db_id": "22936401", "db_name": "Proteomics", "first": "Li SW", "last": "Lin CW", "pages": "3193-205", "volume": "12"}, "evidence": "Moreover, quantitative real-time PCR indicated mRNA expression of ubiquitin-conjugating enzyme E2\u201325 kDa (Spot ID 3) and protein disulfide isomerase A3 precursor (Spot ID 11) upregulated two fold in PLpro-expressing cells, but no change in controls (Supporting Information Fig. S2), supporting 2D/MS data (Fig. 4 and Table 1).", "line": 115, "relation": "increases", "subject": {"modifier": "Activity"}}
act(p(UNIPROT:P0C6X7, frag("819_2740")))	association	bp(GO:"p38MAPK cascade")	{"annotations": {"Custom_CellLine": {"HL-CZ cell": true}, "PublicationStatus": {"Published": true}, "PublicationType": {"Research": true}, "Section": {"Results": true}, "Species": {"9606": true}}, "citation": {"authors": ["Lai CC", "Li SW", "Lin CW", "Lin YJ", "Tsai FJ", "Wan L", "Yang TC"], "date": "2012-11-01", "db": "PubMed", "db_id": "22936401", "db_name": "Proteomics", "first": "Li SW", "last": "Lin CW", "pages": "3193-205", "volume": "12"}, "evidence": "Results indicated the activation of p38 MAPK- and ERK1/2-mediated signaling linking with induction of TGF-?1 and upregulation of vimentin by PLpro.", "line": 163, "relation": "association", "subject": {"modifier": "Activity"}}
act(p(UNIPROT:P0C6X7, frag("819_2740")))	association	bp(GO:"ERK1 and ERK2 cascade")	{"annotations": {"Custom_CellLine": {"HL-CZ cell": true}, "PublicationStatus": {"Published": true}, "PublicationType": {"Research": true}, "Section": {"Results": true}, "Species": {"9606": true}}, "citation": {"authors": ["Lai CC", "Li SW", "Lin CW", "Lin YJ", "Tsai FJ", "Wan L", "Yang TC"], "date": "2012-11-01", "db": "PubMed", "db_id": "22936401", "db_name": "Proteomics", "first": "Li SW", "last": "Lin CW", "pages": "3193-205", "volume": "12"}, "evidence": "Results indicated the activation of p38 MAPK- and ERK1/2-mediated signaling linking with induction of TGF-?1 and upregulation of vimentin by PLpro.", "line": 164, "relation": "association", "subject": {"modifier": "Activity"}}
p(UNIPROT:P0C6X7)	hasVariant	p(UNIPROT:P0C6X7, frag("819_2740"))	{"relation": "hasVariant"}
p(UNIPROT:P0C6X7)	association	a(TAX:"Severe acute respiratory syndrome-related coronavirus")	{"annotations": {"BioAssay": {"quantitative PCR": true}, "Custom_CellLine": {"HL-CZ cell": true}, "PublicationStatus": {"Published": true}, "PublicationType": {"Research": true}, "Section": {"Results": true}, "Species": {"9606": true}}, "citation": {"authors": ["Lai CC", "Li SW", "Lin CW", "Lin YJ", "Tsai FJ", "Wan L", "Yang TC"], "date": "2012-11-01", "db": "PubMed", "db_id": "22936401", "db_name": "Proteomics", "first": "Li SW", "last": "Lin CW", "pages": "3193-205", "volume": "12"}, "evidence": "PLpro alone induced mRNA expression of TGF-b1 (greater than four fold), IL-1a (approximately three fold),and RANTES (approximately two fold) (Fig. 2A, D, and E), yet no signifi- cant rise in TNF-a and IFN-a compared to vector controls (Fig. 2B and C).", "line": 55, "relation": "association"}
composite(a(CHEBI:"SB 203580"), p(UNIPROT:P0C6X7, frag("819_2740")))	decreases	p(HGNC:TGFB1)	{"annotations": {"BioAssay": {"ELISA": true}, "Custom_CellLine": {"HL-CZ cell": true}, "PublicationStatus": {"Published": true}, "PublicationType": {"Research": true}, "Section": {"Results": true}, "Species": {"9606": true}}, "citation": {"authors": ["Lai CC", "Li SW", "Lin CW", "Lin YJ", "Tsai FJ", "Wan L", "Yang TC"], "date": "2012-11-01", "db": "PubMed", "db_id": "22936401", "db_name": "Proteomics", "first": "Li SW", "last": "Lin CW", "pages": "3193-205", "volume": "12"}, "evidence": "ELISA assay showed less PLpro-induced TGF-?1 production by SB203580 (1.5-fold) and U0126 (3.3-fold) (Fig. 7A and B).", "line": 142, "relation": "decreases"}
composite(a(CHEBI:U0126), p(UNIPROT:P0C6X7, frag("819_2740")))	decreases	p(HGNC:TGFB1)	{"annotations": {"BioAssay": {"ELISA": true}, "Custom_CellLine": {"HL-CZ cell": true}, "PublicationStatus": {"Published": true}, "PublicationType": {"Research": true}, "Section": {"Results": true}, "Species": {"9606": true}}, "citation": {"authors": ["Lai CC", "Li SW", "Lin CW", "Lin YJ", "Tsai FJ", "Wan L", "Yang TC"], "date": "2012-11-01", "db": "PubMed", "db_id": "22936401", "db_name": "Proteomics", "first": "Li SW", "last": "Lin CW", "pages": "3193-205", "volume": "12"}, "evidence": "ELISA assay showed less PLpro-induced TGF-?1 production by SB203580 (1.5-fold) and U0126 (3.3-fold) (Fig. 7A and B).", "line": 143, "relation": "decreases"}
composite(a(CHEBI:U0126), p(UNIPROT:P0C6X7, frag("819_2740")))	increases	r(HGNC:TGFB1)	{"annotations": {"BioAssay": {"quantitative PCR": true}, "Custom_CellLine": {"HL-CZ cell": true}, "PublicationStatus": {"Published": true}, "PublicationType": {"Research": true}, "Section": {"Results": true}, "Species": {"9606": true}}, "citation": {"authors": ["Lai CC", "Li SW", "Lin CW", "Lin YJ", "Tsai FJ", "Wan L", "Yang TC"], "date": "2012-11-01", "db": "PubMed", "db_id": "22936401", "db_name": "Proteomics", "first": "Li SW", "last": "Lin CW", "pages": "3193-205", "volume": "12"}, "evidence": "Quantitative real-time PCR assay indicated U0126 raising PLpro-induced mRNA expression of TGF-?1 (sixfold), vimentin (3.3-fold), and type I collagen (8.4-fold) (Fig. 7C).", "line": 154, "relation": "increases"}
composite(a(CHEBI:U0126), p(UNIPROT:P0C6X7, frag("819_2740")))	increases	r(HGNC:VIM)	{"annotations": {"BioAssay": {"quantitative PCR": true}, "Custom_CellLine": {"HL-CZ cell": true}, "PublicationStatus": {"Published": true}, "PublicationType": {"Research": true}, "Section": {"Results": true}, "Species": {"9606": true}}, "citation": {"authors": ["Lai CC", "Li SW", "Lin CW", "Lin YJ", "Tsai FJ", "Wan L", "Yang TC"], "date": "2012-11-01", "db": "PubMed", "db_id": "22936401", "db_name": "Proteomics", "first": "Li SW", "last": "Lin CW", "pages": "3193-205", "volume": "12"}, "evidence": "Quantitative real-time PCR assay indicated U0126 raising PLpro-induced mRNA expression of TGF-?1 (sixfold), vimentin (3.3-fold), and type I collagen (8.4-fold) (Fig. 7C).", "line": 155, "relation": "increases"}
composite(a(CHEBI:U0126), p(UNIPROT:P0C6X7, frag("819_2740")))	increases	r(HGNC:COL1A1)	{"annotations": {"BioAssay": {"quantitative PCR": true}, "Custom_CellLine": {"HL-CZ cell": true}, "PublicationStatus": {"Published": true}, "PublicationType": {"Research": true}, "Section": {"Results": true}, "Species": {"9606": true}}, "citation": {"authors": ["Lai CC", "Li SW", "Lin CW", "Lin YJ", "Tsai FJ", "Wan L", "Yang TC"], "date": "2012-11-01", "db": "PubMed", "db_id": "22936401", "db_name": "Proteomics", "first": "Li SW", "last": "Lin CW", "pages": "3193-205", "volume": "12"}, "evidence": "Quantitative real-time PCR assay indicated U0126 raising PLpro-induced mRNA expression of TGF-?1 (sixfold), vimentin (3.3-fold), and type I collagen (8.4-fold) (Fig. 7C).", "line": 156, "relation": "increases"}
composite(p(HGNC:IFNA1), p(UNIPROT:P0C6X7, frag("819_2740")))	increases	r(HGNC:TNF)	{"annotations": {"BioAssay": {"quantitative PCR": true}, "Custom_CellLine": {"HL-CZ cell": true}, "PublicationStatus": {"Published": true}, "PublicationType": {"Research": true}, "Section": {"Results": true}, "Species": {"9606": true}}, "citation": {"authors": ["Lai CC", "Li SW", "Lin CW", "Lin YJ", "Tsai FJ", "Wan L", "Yang TC"], "date": "2012-11-01", "db": "PubMed", "db_id": "22936401", "db_name": "Proteomics", "first": "Li SW", "last": "Lin CW", "pages": "3193-205", "volume": "12"}, "evidence": "IFN-a treatment stimulated higher transcriptional levels of TNF-a and IFN-b, but not TGF-b1, IL-1a, and RANTES in vector controls than in PLpro-expressing cells (Fig. 2).", "line": 62, "relation": "increases"}
composite(p(HGNC:IFNA1), p(UNIPROT:P0C6X7, frag("819_2740")))	increases	r(HGNC:IFNB1)	{"annotations": {"BioAssay": {"quantitative PCR": true}, "Custom_CellLine": {"HL-CZ cell": true}, "PublicationStatus": {"Published": true}, "PublicationType": {"Research": true}, "Section": {"Results": true}, "Species": {"9606": true}}, "citation": {"authors": ["Lai CC", "Li SW", "Lin CW", "Lin YJ", "Tsai FJ", "Wan L", "Yang TC"], "date": "2012-11-01", "db": "PubMed", "db_id": "22936401", "db_name": "Proteomics", "first": "Li SW", "last": "Lin CW", "pages": "3193-205", "volume": "12"}, "evidence": "IFN-a treatment stimulated higher transcriptional levels of TNF-a and IFN-b, but not TGF-b1, IL-1a, and RANTES in vector controls than in PLpro-expressing cells (Fig. 2).", "line": 63, "relation": "increases"}
p(HGNC:IFNA1)	partOf	composite(p(HGNC:IFNA1), p(UNIPROT:P0C6X7, frag("819_2740")))	{"relation": "partOf"}
