a(PUBCHEM:121304016)	decreases	a(TAX:"Severe acute respiratory syndrome-related coronavirus")	{"annotations": {"IC50": {"0.069 \u03bcM": true}, "PublicationStatus": {"Published": true}, "PublicationType": {"Research": true}, "Section": {"Results": true}}, "citation": {"authors": ["Babusis D", "Bannister R", "Baric RS", "Case JB", "Cihlar T", "Clarke MO", "Denison MR", "Feng JY", "Graham RL", "Gralinski LE", "Jordan R", "Leist SR", "Mackman RL", "Menachery VD", "Palmiotti CA", "Park Y", "Pyrc K", "Ray AS", "Sheahan TP", "Siegel D", "Sims AC", "Spahn JE", "Trantcheva I"], "date": "2017-06-28", "db": "PubMed", "db_id": "28659436", "db_name": "Science translational medicine", "first": "Sheahan TP", "last": "Baric RS", "volume": "9"}, "evidence": "A dose-dependent reduction in replication approaching 1 log10 was observed at 0.1 \u03bcM and exceeded 2 log10 at 1 \u03bcM GS-5734 as compared to untreated controls (Fig. 2, A and B), with average IC50 values of 0.069 \u03bcM (SARS-CoV) and 0.074 \u03bcM (MERS-CoV).", "line": 57, "relation": "decreases"}
a(PUBCHEM:121304016)	decreases	a(TAX:"Severe acute respiratory syndrome-related coronavirus")	{"annotations": {"Infection_Type": {"Severe acute respiratory syndrome-related coronavirus": true}, "MeSHAnatomy": {"Lung": true}, "Mouse_type": {"Ces1c\u2212/\u2212": true}, "PublicationStatus": {"Published": true}, "PublicationType": {"Research": true}, "Section": {"Results": true}, "Species": {"10090": true}}, "citation": {"authors": ["Babusis D", "Bannister R", "Baric RS", "Case JB", "Cihlar T", "Clarke MO", "Denison MR", "Feng JY", "Graham RL", "Gralinski LE", "Jordan R", "Leist SR", "Mackman RL", "Menachery VD", "Palmiotti CA", "Park Y", "Pyrc K", "Ray AS", "Sheahan TP", "Siegel D", "Sims AC", "Spahn JE", "Trantcheva I"], "date": "2017-06-28", "db": "PubMed", "db_id": "28659436", "db_name": "Science translational medicine", "first": "Sheahan TP", "last": "Baric RS", "volume": "9"}, "evidence": "Virus titers in the lung were significantly reduced (P < 0.05) on both 2 and 5 days postinfection (dpi) in GS-5734\u2013treated mice as compared to vehicle-treated animals (Fig. 5B).", "line": 99, "relation": "decreases"}
a(PUBCHEM:121304016)	decreases	a(TAX:"Severe acute respiratory syndrome-related coronavirus")	{"annotations": {"Infection_Type": {"Severe acute respiratory syndrome-related coronavirus": true}, "MeSHAnatomy": {"Lung": true}, "MeSHDisease": {"Severe Acute Respiratory Syndrome": true}, "Mouse_type": {"Ces1c\u2212/\u2212": true}, "PublicationStatus": {"Published": true}, "PublicationType": {"Research": true}, "Section": {"Results": true}, "Species": {"10090": true}}, "citation": {"authors": ["Babusis D", "Bannister R", "Baric RS", "Case JB", "Cihlar T", "Clarke MO", "Denison MR", "Feng JY", "Graham RL", "Gralinski LE", "Jordan R", "Leist SR", "Mackman RL", "Menachery VD", "Palmiotti CA", "Park Y", "Pyrc K", "Ray AS", "Sheahan TP", "Siegel D", "Sims AC", "Spahn JE", "Trantcheva I"], "date": "2017-06-28", "db": "PubMed", "db_id": "28659436", "db_name": "Science translational medicine", "first": "Sheahan TP", "last": "Baric RS", "volume": "9"}, "evidence": "Therapeutic GS-5734 substantially reduced the SARS-CoV\u2013induced weight loss in infected animals (Fig. 6, A and B) and significantly suppressed virus lung titers (P = 0.0059), thus demonstrating that therapeutic administration of GS-5734 can reduce disease and suppress replication during an ongoing infection (Fig. 6C).", "line": 123, "relation": "decreases"}
a(PUBCHEM:121304016)	decreases	a(TAX:"Middle East respiratory syndrome-related coronavirus")	{"annotations": {"IC50": {"0.074 \u03bcM": true}, "PublicationStatus": {"Published": true}, "PublicationType": {"Research": true}, "Section": {"Results": true}}, "citation": {"authors": ["Babusis D", "Bannister R", "Baric RS", "Case JB", "Cihlar T", "Clarke MO", "Denison MR", "Feng JY", "Graham RL", "Gralinski LE", "Jordan R", "Leist SR", "Mackman RL", "Menachery VD", "Palmiotti CA", "Park Y", "Pyrc K", "Ray AS", "Sheahan TP", "Siegel D", "Sims AC", "Spahn JE", "Trantcheva I"], "date": "2017-06-28", "db": "PubMed", "db_id": "28659436", "db_name": "Science translational medicine", "first": "Sheahan TP", "last": "Baric RS", "volume": "9"}, "evidence": "A dose-dependent reduction in replication approaching 1 log10 was observed at 0.1 \u03bcM and exceeded 2 log10 at 1 \u03bcM GS-5734 as compared to untreated controls (Fig. 2, A and B), with average IC50 values of 0.069 \u03bcM (SARS-CoV) and 0.074 \u03bcM (MERS-CoV).", "line": 60, "relation": "decreases"}
a(PUBCHEM:121304016)	decreases	p(UNIPROT:A7J8L3)	{"annotations": {"PublicationStatus": {"Published": true}, "PublicationType": {"Research": true}, "Section": {"Results": true}}, "citation": {"authors": ["Babusis D", "Bannister R", "Baric RS", "Case JB", "Cihlar T", "Clarke MO", "Denison MR", "Feng JY", "Graham RL", "Gralinski LE", "Jordan R", "Leist SR", "Mackman RL", "Menachery VD", "Palmiotti CA", "Park Y", "Pyrc K", "Ray AS", "Sheahan TP", "Siegel D", "Sims AC", "Spahn JE", "Trantcheva I"], "date": "2017-06-28", "db": "PubMed", "db_id": "28659436", "db_name": "Science translational medicine", "first": "Sheahan TP", "last": "Baric RS", "volume": "9"}, "evidence": "A dose-dependent reduction in both ORF1a and ORFN was observed for both SARS-CoV and MERS-CoV (Fig. 2, C and D, and table S1), consistent with titer reduction", "line": 67, "relation": "decreases"}
a(PUBCHEM:121304016)	decreases	p(UNIPROT:P59595)	{"annotations": {"PublicationStatus": {"Published": true}, "PublicationType": {"Research": true}, "Section": {"Results": true}}, "citation": {"authors": ["Babusis D", "Bannister R", "Baric RS", "Case JB", "Cihlar T", "Clarke MO", "Denison MR", "Feng JY", "Graham RL", "Gralinski LE", "Jordan R", "Leist SR", "Mackman RL", "Menachery VD", "Palmiotti CA", "Park Y", "Pyrc K", "Ray AS", "Sheahan TP", "Siegel D", "Sims AC", "Spahn JE", "Trantcheva I"], "date": "2017-06-28", "db": "PubMed", "db_id": "28659436", "db_name": "Science translational medicine", "first": "Sheahan TP", "last": "Baric RS", "volume": "9"}, "evidence": "A dose-dependent reduction in both ORF1a and ORFN was observed for both SARS-CoV and MERS-CoV (Fig. 2, C and D, and table S1), consistent with titer reduction", "line": 68, "relation": "decreases"}
a(PUBCHEM:121304016)	decreases	p(UNIPROT:W6A941)	{"annotations": {"PublicationStatus": {"Published": true}, "PublicationType": {"Research": true}, "Section": {"Results": true}}, "citation": {"authors": ["Babusis D", "Bannister R", "Baric RS", "Case JB", "Cihlar T", "Clarke MO", "Denison MR", "Feng JY", "Graham RL", "Gralinski LE", "Jordan R", "Leist SR", "Mackman RL", "Menachery VD", "Palmiotti CA", "Park Y", "Pyrc K", "Ray AS", "Sheahan TP", "Siegel D", "Sims AC", "Spahn JE", "Trantcheva I"], "date": "2017-06-28", "db": "PubMed", "db_id": "28659436", "db_name": "Science translational medicine", "first": "Sheahan TP", "last": "Baric RS", "volume": "9"}, "evidence": "A dose-dependent reduction in both ORF1a and ORFN was observed for both SARS-CoV and MERS-CoV (Fig. 2, C and D, and table S1), consistent with titer reduction", "line": 69, "relation": "decreases"}
a(PUBCHEM:121304016)	decreases	p(UNIPROT:R9UM87)	{"annotations": {"PublicationStatus": {"Published": true}, "PublicationType": {"Research": true}, "Section": {"Results": true}}, "citation": {"authors": ["Babusis D", "Bannister R", "Baric RS", "Case JB", "Cihlar T", "Clarke MO", "Denison MR", "Feng JY", "Graham RL", "Gralinski LE", "Jordan R", "Leist SR", "Mackman RL", "Menachery VD", "Palmiotti CA", "Park Y", "Pyrc K", "Ray AS", "Sheahan TP", "Siegel D", "Sims AC", "Spahn JE", "Trantcheva I"], "date": "2017-06-28", "db": "PubMed", "db_id": "28659436", "db_name": "Science translational medicine", "first": "Sheahan TP", "last": "Baric RS", "volume": "9"}, "evidence": "A dose-dependent reduction in both ORF1a and ORFN was observed for both SARS-CoV and MERS-CoV (Fig. 2, C and D, and table S1), consistent with titer reduction", "line": 70, "relation": "decreases"}
a(PUBCHEM:121304016)	decreases	bp(MESH:Virulence)	{"annotations": {"CellLine_Infection_Type": {"Middle East respiratory syndrome-related coronavirus": true}, "Custom_CellLine": {"HAE Cell": true}, "PublicationStatus": {"Published": true}, "PublicationType": {"Research": true}, "Section": {"Results": true}}, "citation": {"authors": ["Babusis D", "Bannister R", "Baric RS", "Case JB", "Cihlar T", "Clarke MO", "Denison MR", "Feng JY", "Graham RL", "Gralinski LE", "Jordan R", "Leist SR", "Mackman RL", "Menachery VD", "Palmiotti CA", "Park Y", "Pyrc K", "Ray AS", "Sheahan TP", "Siegel D", "Sims AC", "Spahn JE", "Trantcheva I"], "date": "2017-06-28", "db": "PubMed", "db_id": "28659436", "db_name": "Science translational medicine", "first": "Sheahan TP", "last": "Baric RS", "volume": "9"}, "evidence": "The number of MERS-CoV\u2013infected HAE cells also diminished with increasing dose of GS-5734, as observed by microscopy (Fig. 2E).", "line": 77, "relation": "decreases"}
a(PUBCHEM:121304016)	decreases	path(MESH:"Weight Loss")	{"annotations": {"Infection_Type": {"Severe acute respiratory syndrome-related coronavirus": true}, "Mouse_type": {"Ces1c\u2212/\u2212": true}, "PublicationStatus": {"Published": true}, "PublicationType": {"Research": true}, "Section": {"Results": true}, "Species": {"10090": true}, "concentration": {"25 mg/kg twice daily": true, "50 mg/kg once daily": true}}, "citation": {"authors": ["Babusis D", "Bannister R", "Baric RS", "Case JB", "Cihlar T", "Clarke MO", "Denison MR", "Feng JY", "Graham RL", "Gralinski LE", "Jordan R", "Leist SR", "Mackman RL", "Menachery VD", "Palmiotti CA", "Park Y", "Pyrc K", "Ray AS", "Sheahan TP", "Siegel D", "Sims AC", "Spahn JE", "Trantcheva I"], "date": "2017-06-28", "db": "PubMed", "db_id": "28659436", "db_name": "Science translational medicine", "first": "Sheahan TP", "last": "Baric RS", "volume": "9"}, "evidence": "As shown in Fig. 5A, prophylactic administration at 50 mg/kg QD or 25 mg/kg BID ameliorated SARS-CoV\u2013induced weight loss seen with vehicle treatment.", "line": 90, "relation": "decreases"}
a(PUBCHEM:121304016)	decreases	path(DO:bronchiolitis)	{"annotations": {"Infection_Type": {"Severe acute respiratory syndrome-related coronavirus": true}, "MeSHAnatomy": {"Lung": true}, "Mouse_type": {"Ces1c\u2212/\u2212": true}, "PublicationStatus": {"Published": true}, "PublicationType": {"Research": true}, "Section": {"Results": true}, "Species": {"10090": true}}, "citation": {"authors": ["Babusis D", "Bannister R", "Baric RS", "Case JB", "Cihlar T", "Clarke MO", "Denison MR", "Feng JY", "Graham RL", "Gralinski LE", "Jordan R", "Leist SR", "Mackman RL", "Menachery VD", "Palmiotti CA", "Park Y", "Pyrc K", "Ray AS", "Sheahan TP", "Siegel D", "Sims AC", "Spahn JE", "Trantcheva I"], "date": "2017-06-28", "db": "PubMed", "db_id": "28659436", "db_name": "Science translational medicine", "first": "Sheahan TP", "last": "Baric RS", "volume": "9"}, "evidence": "Treatment with GS-5734 also reduced SARS-CoV\u2013induced lung pathology, including denuding bronchiolitis, perivascular accumulation of inflammatory infiltrates (that is, \u201ccuffing\u201d), and intra-alveolar edema associated with diffuse alveolar damage as compared to vehicle- treated animals (Fig. 5E and fig. S6).", "line": 108, "relation": "decreases"}
a(PUBCHEM:121304016)	decreases	path(FIXME:"Cuffing,perivascular")	{"annotations": {"Infection_Type": {"Severe acute respiratory syndrome-related coronavirus": true}, "MeSHAnatomy": {"Lung": true}, "Mouse_type": {"Ces1c\u2212/\u2212": true}, "PublicationStatus": {"Published": true}, "PublicationType": {"Research": true}, "Section": {"Results": true}, "Species": {"10090": true}}, "citation": {"authors": ["Babusis D", "Bannister R", "Baric RS", "Case JB", "Cihlar T", "Clarke MO", "Denison MR", "Feng JY", "Graham RL", "Gralinski LE", "Jordan R", "Leist SR", "Mackman RL", "Menachery VD", "Palmiotti CA", "Park Y", "Pyrc K", "Ray AS", "Sheahan TP", "Siegel D", "Sims AC", "Spahn JE", "Trantcheva I"], "date": "2017-06-28", "db": "PubMed", "db_id": "28659436", "db_name": "Science translational medicine", "first": "Sheahan TP", "last": "Baric RS", "volume": "9"}, "evidence": "Treatment with GS-5734 also reduced SARS-CoV\u2013induced lung pathology, including denuding bronchiolitis, perivascular accumulation of inflammatory infiltrates (that is, \u201ccuffing\u201d), and intra-alveolar edema associated with diffuse alveolar damage as compared to vehicle- treated animals (Fig. 5E and fig. S6).", "line": 109, "relation": "decreases"}
a(PUBCHEM:121304016)	decreases	path(DO:"pulmonary edema")	{"annotations": {"Infection_Type": {"Severe acute respiratory syndrome-related coronavirus": true}, "MeSHAnatomy": {"Lung": true}, "Mouse_type": {"Ces1c\u2212/\u2212": true}, "PublicationStatus": {"Published": true}, "PublicationType": {"Research": true}, "Section": {"Results": true}, "Species": {"10090": true}}, "citation": {"authors": ["Babusis D", "Bannister R", "Baric RS", "Case JB", "Cihlar T", "Clarke MO", "Denison MR", "Feng JY", "Graham RL", "Gralinski LE", "Jordan R", "Leist SR", "Mackman RL", "Menachery VD", "Palmiotti CA", "Park Y", "Pyrc K", "Ray AS", "Sheahan TP", "Siegel D", "Sims AC", "Spahn JE", "Trantcheva I"], "date": "2017-06-28", "db": "PubMed", "db_id": "28659436", "db_name": "Science translational medicine", "first": "Sheahan TP", "last": "Baric RS", "volume": "9"}, "evidence": "Treatment with GS-5734 also reduced SARS-CoV\u2013induced lung pathology, including denuding bronchiolitis, perivascular accumulation of inflammatory infiltrates (that is, \u201ccuffing\u201d), and intra-alveolar edema associated with diffuse alveolar damage as compared to vehicle- treated animals (Fig. 5E and fig. S6).", "line": 110, "relation": "decreases"}
a(PUBCHEM:121304016)	decreases	path(MESH:Virulence)	{"annotations": {"Infection_Type": {"Severe acute respiratory syndrome-related coronavirus": true}, "MeSHAnatomy": {"Lung": true}, "MeSHDisease": {"Severe Acute Respiratory Syndrome": true}, "Mouse_type": {"Ces1c\u2212/\u2212": true}, "PublicationStatus": {"Published": true}, "PublicationType": {"Research": true}, "Section": {"Results": true}, "Species": {"10090": true}}, "citation": {"authors": ["Babusis D", "Bannister R", "Baric RS", "Case JB", "Cihlar T", "Clarke MO", "Denison MR", "Feng JY", "Graham RL", "Gralinski LE", "Jordan R", "Leist SR", "Mackman RL", "Menachery VD", "Palmiotti CA", "Park Y", "Pyrc K", "Ray AS", "Sheahan TP", "Siegel D", "Sims AC", "Spahn JE", "Trantcheva I"], "date": "2017-06-28", "db": "PubMed", "db_id": "28659436", "db_name": "Science translational medicine", "first": "Sheahan TP", "last": "Baric RS", "volume": "9"}, "evidence": "Therapeutic GS-5734 substantially reduced the SARS-CoV\u2013induced weight loss in infected animals (Fig. 6, A and B) and significantly suppressed virus lung titers (P = 0.0059), thus demonstrating that therapeutic administration of GS-5734 can reduce disease and suppress replication during an ongoing infection (Fig. 6C).", "line": 124, "relation": "decreases"}
a(PUBCHEM:121304016)	decreases	path(HP:"Decreased pulmonary function")	{"annotations": {"Infection_Type": {"Severe acute respiratory syndrome-related coronavirus": true}, "MeSHAnatomy": {"Lung": true}, "MeSHDisease": {"Severe Acute Respiratory Syndrome": true}, "Mouse_type": {"Ces1c\u2212/\u2212": true}, "PublicationStatus": {"Published": true}, "PublicationType": {"Research": true}, "Section": {"Results": true}, "Species": {"10090": true}}, "citation": {"authors": ["Babusis D", "Bannister R", "Baric RS", "Case JB", "Cihlar T", "Clarke MO", "Denison MR", "Feng JY", "Graham RL", "Gralinski LE", "Jordan R", "Leist SR", "Mackman RL", "Menachery VD", "Palmiotti CA", "Park Y", "Pyrc K", "Ray AS", "Sheahan TP", "Siegel D", "Sims AC", "Spahn JE", "Trantcheva I"], "date": "2017-06-28", "db": "PubMed", "db_id": "28659436", "db_name": "Science translational medicine", "first": "Sheahan TP", "last": "Baric RS", "volume": "9"}, "evidence": "Therapeutic treatment significantly (P = 0.003) improved pulmonary function (that is, reduced Penh scores) as compared to vehicle-treated controls (Fig. 6D).", "line": 131, "relation": "decreases"}
path(DO:"pulmonary edema")	association	path(FIXME:"diffuse alveolar damage")	{"annotations": {"Infection_Type": {"Severe acute respiratory syndrome-related coronavirus": true}, "MeSHAnatomy": {"Lung": true}, "Mouse_type": {"Ces1c\u2212/\u2212": true}, "PublicationStatus": {"Published": true}, "PublicationType": {"Research": true}, "Section": {"Results": true}, "Species": {"10090": true}}, "citation": {"authors": ["Babusis D", "Bannister R", "Baric RS", "Case JB", "Cihlar T", "Clarke MO", "Denison MR", "Feng JY", "Graham RL", "Gralinski LE", "Jordan R", "Leist SR", "Mackman RL", "Menachery VD", "Palmiotti CA", "Park Y", "Pyrc K", "Ray AS", "Sheahan TP", "Siegel D", "Sims AC", "Spahn JE", "Trantcheva I"], "date": "2017-06-28", "db": "PubMed", "db_id": "28659436", "db_name": "Science translational medicine", "first": "Sheahan TP", "last": "Baric RS", "volume": "9"}, "evidence": "Treatment with GS-5734 also reduced SARS-CoV\u2013induced lung pathology, including denuding bronchiolitis, perivascular accumulation of inflammatory infiltrates (that is, \u201ccuffing\u201d), and intra-alveolar edema associated with diffuse alveolar damage as compared to vehicle- treated animals (Fig. 5E and fig. S6).", "line": 112, "relation": "association"}
path(DO:"severe acute respiratory syndrome")	increases	path(MESH:"Weight Loss")	{"annotations": {"PublicationStatus": {"Published": true}, "PublicationType": {"Research": true}, "Section": {"Results": true}}, "citation": {"authors": ["Babusis D", "Bannister R", "Baric RS", "Case JB", "Cihlar T", "Clarke MO", "Denison MR", "Feng JY", "Graham RL", "Gralinski LE", "Jordan R", "Leist SR", "Mackman RL", "Menachery VD", "Palmiotti CA", "Park Y", "Pyrc K", "Ray AS", "Sheahan TP", "Siegel D", "Sims AC", "Spahn JE", "Trantcheva I"], "date": "2017-06-28", "db": "PubMed", "db_id": "28659436", "db_name": "Science translational medicine", "first": "Sheahan TP", "last": "Baric RS", "volume": "9"}, "evidence": "As shown in Fig. 5A, prophylactic administration at 50 mg/kg QD or 25 mg/kg BID ameliorated SARS-CoV\u2013induced weight loss seen with vehicle treatment.", "line": 85, "relation": "increases"}
path(DO:bronchiolitis)	association	path(FIXME:"diffuse alveolar damage")	{"annotations": {"Infection_Type": {"Severe acute respiratory syndrome-related coronavirus": true}, "MeSHAnatomy": {"Lung": true}, "Mouse_type": {"Ces1c\u2212/\u2212": true}, "PublicationStatus": {"Published": true}, "PublicationType": {"Research": true}, "Section": {"Results": true}, "Species": {"10090": true}}, "citation": {"authors": ["Babusis D", "Bannister R", "Baric RS", "Case JB", "Cihlar T", "Clarke MO", "Denison MR", "Feng JY", "Graham RL", "Gralinski LE", "Jordan R", "Leist SR", "Mackman RL", "Menachery VD", "Palmiotti CA", "Park Y", "Pyrc K", "Ray AS", "Sheahan TP", "Siegel D", "Sims AC", "Spahn JE", "Trantcheva I"], "date": "2017-06-28", "db": "PubMed", "db_id": "28659436", "db_name": "Science translational medicine", "first": "Sheahan TP", "last": "Baric RS", "volume": "9"}, "evidence": "Treatment with GS-5734 also reduced SARS-CoV\u2013induced lung pathology, including denuding bronchiolitis, perivascular accumulation of inflammatory infiltrates (that is, \u201ccuffing\u201d), and intra-alveolar edema associated with diffuse alveolar damage as compared to vehicle- treated animals (Fig. 5E and fig. S6).", "line": 111, "relation": "association"}
path(FIXME:"Cuffing,perivascular")	association	path(FIXME:"diffuse alveolar damage")	{"annotations": {"Infection_Type": {"Severe acute respiratory syndrome-related coronavirus": true}, "MeSHAnatomy": {"Lung": true}, "Mouse_type": {"Ces1c\u2212/\u2212": true}, "PublicationStatus": {"Published": true}, "PublicationType": {"Research": true}, "Section": {"Results": true}, "Species": {"10090": true}}, "citation": {"authors": ["Babusis D", "Bannister R", "Baric RS", "Case JB", "Cihlar T", "Clarke MO", "Denison MR", "Feng JY", "Graham RL", "Gralinski LE", "Jordan R", "Leist SR", "Mackman RL", "Menachery VD", "Palmiotti CA", "Park Y", "Pyrc K", "Ray AS", "Sheahan TP", "Siegel D", "Sims AC", "Spahn JE", "Trantcheva I"], "date": "2017-06-28", "db": "PubMed", "db_id": "28659436", "db_name": "Science translational medicine", "first": "Sheahan TP", "last": "Baric RS", "volume": "9"}, "evidence": "Treatment with GS-5734 also reduced SARS-CoV\u2013induced lung pathology, including denuding bronchiolitis, perivascular accumulation of inflammatory infiltrates (that is, \u201ccuffing\u201d), and intra-alveolar edema associated with diffuse alveolar damage as compared to vehicle- treated animals (Fig. 5E and fig. S6).", "line": 113, "relation": "association"}
path(FIXME:"diffuse alveolar damage")	association	path(DO:bronchiolitis)	{"annotations": {"Infection_Type": {"Severe acute respiratory syndrome-related coronavirus": true}, "MeSHAnatomy": {"Lung": true}, "Mouse_type": {"Ces1c\u2212/\u2212": true}, "PublicationStatus": {"Published": true}, "PublicationType": {"Research": true}, "Section": {"Results": true}, "Species": {"10090": true}}, "citation": {"authors": ["Babusis D", "Bannister R", "Baric RS", "Case JB", "Cihlar T", "Clarke MO", "Denison MR", "Feng JY", "Graham RL", "Gralinski LE", "Jordan R", "Leist SR", "Mackman RL", "Menachery VD", "Palmiotti CA", "Park Y", "Pyrc K", "Ray AS", "Sheahan TP", "Siegel D", "Sims AC", "Spahn JE", "Trantcheva I"], "date": "2017-06-28", "db": "PubMed", "db_id": "28659436", "db_name": "Science translational medicine", "first": "Sheahan TP", "last": "Baric RS", "volume": "9"}, "evidence": "Treatment with GS-5734 also reduced SARS-CoV\u2013induced lung pathology, including denuding bronchiolitis, perivascular accumulation of inflammatory infiltrates (that is, \u201ccuffing\u201d), and intra-alveolar edema associated with diffuse alveolar damage as compared to vehicle- treated animals (Fig. 5E and fig. S6).", "line": 111, "relation": "association"}
path(FIXME:"diffuse alveolar damage")	association	path(DO:"pulmonary edema")	{"annotations": {"Infection_Type": {"Severe acute respiratory syndrome-related coronavirus": true}, "MeSHAnatomy": {"Lung": true}, "Mouse_type": {"Ces1c\u2212/\u2212": true}, "PublicationStatus": {"Published": true}, "PublicationType": {"Research": true}, "Section": {"Results": true}, "Species": {"10090": true}}, "citation": {"authors": ["Babusis D", "Bannister R", "Baric RS", "Case JB", "Cihlar T", "Clarke MO", "Denison MR", "Feng JY", "Graham RL", "Gralinski LE", "Jordan R", "Leist SR", "Mackman RL", "Menachery VD", "Palmiotti CA", "Park Y", "Pyrc K", "Ray AS", "Sheahan TP", "Siegel D", "Sims AC", "Spahn JE", "Trantcheva I"], "date": "2017-06-28", "db": "PubMed", "db_id": "28659436", "db_name": "Science translational medicine", "first": "Sheahan TP", "last": "Baric RS", "volume": "9"}, "evidence": "Treatment with GS-5734 also reduced SARS-CoV\u2013induced lung pathology, including denuding bronchiolitis, perivascular accumulation of inflammatory infiltrates (that is, \u201ccuffing\u201d), and intra-alveolar edema associated with diffuse alveolar damage as compared to vehicle- treated animals (Fig. 5E and fig. S6).", "line": 112, "relation": "association"}
path(FIXME:"diffuse alveolar damage")	association	path(FIXME:"Cuffing,perivascular")	{"annotations": {"Infection_Type": {"Severe acute respiratory syndrome-related coronavirus": true}, "MeSHAnatomy": {"Lung": true}, "Mouse_type": {"Ces1c\u2212/\u2212": true}, "PublicationStatus": {"Published": true}, "PublicationType": {"Research": true}, "Section": {"Results": true}, "Species": {"10090": true}}, "citation": {"authors": ["Babusis D", "Bannister R", "Baric RS", "Case JB", "Cihlar T", "Clarke MO", "Denison MR", "Feng JY", "Graham RL", "Gralinski LE", "Jordan R", "Leist SR", "Mackman RL", "Menachery VD", "Palmiotti CA", "Park Y", "Pyrc K", "Ray AS", "Sheahan TP", "Siegel D", "Sims AC", "Spahn JE", "Trantcheva I"], "date": "2017-06-28", "db": "PubMed", "db_id": "28659436", "db_name": "Science translational medicine", "first": "Sheahan TP", "last": "Baric RS", "volume": "9"}, "evidence": "Treatment with GS-5734 also reduced SARS-CoV\u2013induced lung pathology, including denuding bronchiolitis, perivascular accumulation of inflammatory infiltrates (that is, \u201ccuffing\u201d), and intra-alveolar edema associated with diffuse alveolar damage as compared to vehicle- treated animals (Fig. 5E and fig. S6).", "line": 113, "relation": "association"}
