a(CHEBI:camostat)	decreases	a(FIXME:"SGH-36/2014")	{"annotations": {"Custom_CellLine": {"HBTE-ALI": true}, "PublicationStatus": {"Published": true}, "PublicationType": {"Research": true}, "Section": {"Results": true}}, "citation": {"authors": ["Kawase M", "Matsuyama S", "Shirato K"], "date": "2018-04-01", "db": "PubMed", "db_id": "29217279", "db_name": "Virology", "first": "Shirato K", "last": "Matsuyama S", "pages": "9-15", "volume": "517"}, "evidence": "In contrast, clinical isolates of HCoV-OC43 were inhibited by camostat but were either not inhibited or were only partially inhibited by EST (Fig. 2c\u2013f).", "line": 63, "relation": "decreases"}
a(CHEBI:camostat)	decreases	a(FIXME:"SGH-61/2014")	{"annotations": {"Custom_CellLine": {"HBTE-ALI": true}, "PublicationStatus": {"Published": true}, "PublicationType": {"Research": true}, "Section": {"Results": true}}, "citation": {"authors": ["Kawase M", "Matsuyama S", "Shirato K"], "date": "2018-04-01", "db": "PubMed", "db_id": "29217279", "db_name": "Virology", "first": "Shirato K", "last": "Matsuyama S", "pages": "9-15", "volume": "517"}, "evidence": "In contrast, clinical isolates of HCoV-OC43 were inhibited by camostat but were either not inhibited or were only partially inhibited by EST (Fig. 2c\u2013f).", "line": 64, "relation": "decreases"}
a(CHEBI:camostat)	decreases	a(FIXME:"SGH-06/2015")	{"annotations": {"Custom_CellLine": {"HBTE-ALI": true}, "PublicationStatus": {"Published": true}, "PublicationType": {"Research": true}, "Section": {"Results": true}}, "citation": {"authors": ["Kawase M", "Matsuyama S", "Shirato K"], "date": "2018-04-01", "db": "PubMed", "db_id": "29217279", "db_name": "Virology", "first": "Shirato K", "last": "Matsuyama S", "pages": "9-15", "volume": "517"}, "evidence": "In contrast, clinical isolates of HCoV-OC43 were inhibited by camostat but were either not inhibited or were only partially inhibited by EST (Fig. 2c\u2013f).", "line": 65, "relation": "decreases"}
a(CHEBI:camostat)	decreases	a(FIXME:"SGH-65/2016")	{"annotations": {"Custom_CellLine": {"HBTE-ALI": true}, "PublicationStatus": {"Published": true}, "PublicationType": {"Research": true}, "Section": {"Results": true}}, "citation": {"authors": ["Kawase M", "Matsuyama S", "Shirato K"], "date": "2018-04-01", "db": "PubMed", "db_id": "29217279", "db_name": "Virology", "first": "Shirato K", "last": "Matsuyama S", "pages": "9-15", "volume": "517"}, "evidence": "In contrast, clinical isolates of HCoV-OC43 were inhibited by camostat but were either not inhibited or were only partially inhibited by EST (Fig. 2c\u2013f).", "line": 66, "relation": "decreases"}
a(CHEBI:camostat)	decreases	a(TAX:"Human coronavirus HKU1")	{"annotations": {"Custom_CellLine": {"HBTE-ALI": true}, "PublicationStatus": {"Published": true}, "PublicationType": {"Research": true}, "Section": {"Results": true}}, "citation": {"authors": ["Kawase M", "Matsuyama S", "Shirato K"], "date": "2018-04-01", "db": "PubMed", "db_id": "29217279", "db_name": "Virology", "first": "Shirato K", "last": "Matsuyama S", "pages": "9-15", "volume": "517"}, "evidence": "For clinical isolates of HCoV-HKU1 (similar to HCoV-OC43), entry was inhibited only by camostat and EST tended to increase entry (Fig. 2g and h).", "line": 77, "relation": "decreases"}
a(FIXME:"SGH-06/2015")	association	a(TAX:"Human coronavirus OC43")	{"annotations": {"Custom_CellLine": {"HBTE-ALI": true}, "PublicationStatus": {"Published": true}, "PublicationType": {"Research": true}, "Section": {"Results": true}}, "citation": {"authors": ["Kawase M", "Matsuyama S", "Shirato K"], "date": "2018-04-01", "db": "PubMed", "db_id": "29217279", "db_name": "Virology", "first": "Shirato K", "last": "Matsuyama S", "pages": "9-15", "volume": "517"}, "evidence": "In contrast, clinical isolates of HCoV-OC43 were inhibited by camostat but were either not inhibited or were only partially inhibited by EST (Fig. 2c\u2013f).", "line": 70, "relation": "association"}
a(FIXME:"SGH-36/2014")	association	a(TAX:"Human coronavirus OC43")	{"annotations": {"Custom_CellLine": {"HBTE-ALI": true}, "PublicationStatus": {"Published": true}, "PublicationType": {"Research": true}, "Section": {"Results": true}}, "citation": {"authors": ["Kawase M", "Matsuyama S", "Shirato K"], "date": "2018-04-01", "db": "PubMed", "db_id": "29217279", "db_name": "Virology", "first": "Shirato K", "last": "Matsuyama S", "pages": "9-15", "volume": "517"}, "evidence": "In contrast, clinical isolates of HCoV-OC43 were inhibited by camostat but were either not inhibited or were only partially inhibited by EST (Fig. 2c\u2013f).", "line": 68, "relation": "association"}
a(FIXME:"SGH-36/2014")	association	a(TAX:"Human coronavirus OC43")	{"annotations": {"CellLine": {"HCT-8 cell": true}, "Dose": {"100 \u03bcM": true}, "PublicationStatus": {"Published": true}, "PublicationType": {"Research": true}, "Section": {"Results": true}}, "citation": {"authors": ["Kawase M", "Matsuyama S", "Shirato K"], "date": "2018-04-01", "db": "PubMed", "db_id": "29217279", "db_name": "Virology", "first": "Shirato K", "last": "Matsuyama S", "pages": "9-15", "volume": "517"}, "evidence": "In SGH-36/2014 infection, a high concentration (100 \u03bcM) of EST inhibited entry (Fig. 3c).", "line": 99, "relation": "association"}
a(FIXME:"SGH-61/2014")	association	a(TAX:"Human coronavirus OC43")	{"annotations": {"Custom_CellLine": {"HBTE-ALI": true}, "PublicationStatus": {"Published": true}, "PublicationType": {"Research": true}, "Section": {"Results": true}}, "citation": {"authors": ["Kawase M", "Matsuyama S", "Shirato K"], "date": "2018-04-01", "db": "PubMed", "db_id": "29217279", "db_name": "Virology", "first": "Shirato K", "last": "Matsuyama S", "pages": "9-15", "volume": "517"}, "evidence": "In contrast, clinical isolates of HCoV-OC43 were inhibited by camostat but were either not inhibited or were only partially inhibited by EST (Fig. 2c\u2013f).", "line": 69, "relation": "association"}
a(FIXME:"SGH-65/2016")	association	a(TAX:"Human coronavirus OC43")	{"annotations": {"Custom_CellLine": {"HBTE-ALI": true}, "PublicationStatus": {"Published": true}, "PublicationType": {"Research": true}, "Section": {"Results": true}}, "citation": {"authors": ["Kawase M", "Matsuyama S", "Shirato K"], "date": "2018-04-01", "db": "PubMed", "db_id": "29217279", "db_name": "Virology", "first": "Shirato K", "last": "Matsuyama S", "pages": "9-15", "volume": "517"}, "evidence": "In contrast, clinical isolates of HCoV-OC43 were inhibited by camostat but were either not inhibited or were only partially inhibited by EST (Fig. 2c\u2013f).", "line": 71, "relation": "association"}
a(MESH:"Cysteine Proteases")	increases	a(TAX:"Betacoronavirus 1")	{"annotations": {"Custom_CellLine": {"HBTE-ALI": true}, "PublicationStatus": {"Published": true}, "PublicationType": {"Research": true}, "Section": {"Results": true}}, "citation": {"authors": ["Kawase M", "Matsuyama S", "Shirato K"], "date": "2018-04-01", "db": "PubMed", "db_id": "29217279", "db_name": "Virology", "first": "Shirato K", "last": "Matsuyama S", "pages": "9-15", "volume": "517"}, "evidence": "Infection of HCoV-OC43, VR-1558, was inhibited only by EST and not by camostat (Fig. 2b). This indicates that VR-1558 enters cells via the late endosome pathway using cysteine proteases and it does not use TMRPSS2 for cell entry in HBTE-ALI culture.", "line": 57, "relation": "increases"}
a(PUBCHEM:3189)	decreases	a(TAX:"Human coronavirus OC43")	{"annotations": {"Custom_CellLine": {"HBTE-ALI": true}, "PublicationStatus": {"Published": true}, "PublicationType": {"Research": true}, "Section": {"Results": true}}, "citation": {"authors": ["Kawase M", "Matsuyama S", "Shirato K"], "date": "2018-04-01", "db": "PubMed", "db_id": "29217279", "db_name": "Virology", "first": "Shirato K", "last": "Matsuyama S", "pages": "9-15", "volume": "517"}, "evidence": "Infection of HCoV-OC43, VR-1558, was inhibited only by EST and not by camostat (Fig. 2b). This indicates that VR-1558 enters cells via the late endosome pathway using cysteine proteases and it does not use TMRPSS2 for cell entry in HBTE-ALI culture.", "line": 54, "relation": "decreases"}
a(PUBCHEM:3189)	decreases	a(TAX:"Betacoronavirus 1")	{"annotations": {"Custom_CellLine": {"HBTE-ALI": true}, "PublicationStatus": {"Published": true}, "PublicationType": {"Research": true}, "Section": {"Results": true}}, "citation": {"authors": ["Kawase M", "Matsuyama S", "Shirato K"], "date": "2018-04-01", "db": "PubMed", "db_id": "29217279", "db_name": "Virology", "first": "Shirato K", "last": "Matsuyama S", "pages": "9-15", "volume": "517"}, "evidence": "Infection of HCoV-OC43, VR-1558, was inhibited only by EST and not by camostat (Fig. 2b). This indicates that VR-1558 enters cells via the late endosome pathway using cysteine proteases and it does not use TMRPSS2 for cell entry in HBTE-ALI culture.", "line": 55, "relation": "decreases"}
a(PUBCHEM:3189)	decreases	a(TAX:"Betacoronavirus 1")	{"annotations": {"CellLine": {"HCT-8 cell": true}, "Dose": {"10 \u03bcM": true, "100 \u03bcM": true}, "PublicationStatus": {"Published": true}, "PublicationType": {"Research": true}, "Section": {"Results": true}}, "citation": {"authors": ["Kawase M", "Matsuyama S", "Shirato K"], "date": "2018-04-01", "db": "PubMed", "db_id": "29217279", "db_name": "Virology", "first": "Shirato K", "last": "Matsuyama S", "pages": "9-15", "volume": "517"}, "evidence": "The entry of VR-1558 in HCT-8 was inhibited only by EST treatment at both 10 and 100 \u03bcM (Fig. 3b).", "line": 91, "relation": "decreases"}
a(PUBCHEM:3189)	increases	a(TAX:"Human coronavirus HKU1")	{"annotations": {"Custom_CellLine": {"HBTE-ALI": true}, "PublicationStatus": {"Published": true}, "PublicationType": {"Research": true}, "Section": {"Results": true}}, "citation": {"authors": ["Kawase M", "Matsuyama S", "Shirato K"], "date": "2018-04-01", "db": "PubMed", "db_id": "29217279", "db_name": "Virology", "first": "Shirato K", "last": "Matsuyama S", "pages": "9-15", "volume": "517"}, "evidence": "For clinical isolates of HCoV-HKU1 (similar to HCoV-OC43), entry was inhibited only by camostat and EST tended to increase entry (Fig. 2g and h).", "line": 78, "relation": "increases"}
a(PUBCHEM:3189)	decreases	a(FIXME:"SGH-36/2014")	{"annotations": {"CellLine": {"HCT-8 cell": true}, "Dose": {"100 \u03bcM": true}, "PublicationStatus": {"Published": true}, "PublicationType": {"Research": true}, "Section": {"Results": true}}, "citation": {"authors": ["Kawase M", "Matsuyama S", "Shirato K"], "date": "2018-04-01", "db": "PubMed", "db_id": "29217279", "db_name": "Virology", "first": "Shirato K", "last": "Matsuyama S", "pages": "9-15", "volume": "517"}, "evidence": "In SGH-36/2014 infection, a high concentration (100 \u03bcM) of EST inhibited entry (Fig. 3c).", "line": 98, "relation": "decreases"}
a(TAX:"Human coronavirus OC43")	partOf	complex(a(TAX:"Human coronavirus OC43"), p(GFAM:Cathepsins))	{"relation": "partOf"}
a(TAX:"Human coronavirus OC43")	association	a(FIXME:"SGH-36/2014")	{"annotations": {"Custom_CellLine": {"HBTE-ALI": true}, "PublicationStatus": {"Published": true}, "PublicationType": {"Research": true}, "Section": {"Results": true}}, "citation": {"authors": ["Kawase M", "Matsuyama S", "Shirato K"], "date": "2018-04-01", "db": "PubMed", "db_id": "29217279", "db_name": "Virology", "first": "Shirato K", "last": "Matsuyama S", "pages": "9-15", "volume": "517"}, "evidence": "In contrast, clinical isolates of HCoV-OC43 were inhibited by camostat but were either not inhibited or were only partially inhibited by EST (Fig. 2c\u2013f).", "line": 68, "relation": "association"}
a(TAX:"Human coronavirus OC43")	association	a(FIXME:"SGH-36/2014")	{"annotations": {"CellLine": {"HCT-8 cell": true}, "Dose": {"100 \u03bcM": true}, "PublicationStatus": {"Published": true}, "PublicationType": {"Research": true}, "Section": {"Results": true}}, "citation": {"authors": ["Kawase M", "Matsuyama S", "Shirato K"], "date": "2018-04-01", "db": "PubMed", "db_id": "29217279", "db_name": "Virology", "first": "Shirato K", "last": "Matsuyama S", "pages": "9-15", "volume": "517"}, "evidence": "In SGH-36/2014 infection, a high concentration (100 \u03bcM) of EST inhibited entry (Fig. 3c).", "line": 99, "relation": "association"}
a(TAX:"Human coronavirus OC43")	association	a(FIXME:"SGH-61/2014")	{"annotations": {"Custom_CellLine": {"HBTE-ALI": true}, "PublicationStatus": {"Published": true}, "PublicationType": {"Research": true}, "Section": {"Results": true}}, "citation": {"authors": ["Kawase M", "Matsuyama S", "Shirato K"], "date": "2018-04-01", "db": "PubMed", "db_id": "29217279", "db_name": "Virology", "first": "Shirato K", "last": "Matsuyama S", "pages": "9-15", "volume": "517"}, "evidence": "In contrast, clinical isolates of HCoV-OC43 were inhibited by camostat but were either not inhibited or were only partially inhibited by EST (Fig. 2c\u2013f).", "line": 69, "relation": "association"}
a(TAX:"Human coronavirus OC43")	association	a(FIXME:"SGH-06/2015")	{"annotations": {"Custom_CellLine": {"HBTE-ALI": true}, "PublicationStatus": {"Published": true}, "PublicationType": {"Research": true}, "Section": {"Results": true}}, "citation": {"authors": ["Kawase M", "Matsuyama S", "Shirato K"], "date": "2018-04-01", "db": "PubMed", "db_id": "29217279", "db_name": "Virology", "first": "Shirato K", "last": "Matsuyama S", "pages": "9-15", "volume": "517"}, "evidence": "In contrast, clinical isolates of HCoV-OC43 were inhibited by camostat but were either not inhibited or were only partially inhibited by EST (Fig. 2c\u2013f).", "line": 70, "relation": "association"}
a(TAX:"Human coronavirus OC43")	association	a(FIXME:"SGH-65/2016")	{"annotations": {"Custom_CellLine": {"HBTE-ALI": true}, "PublicationStatus": {"Published": true}, "PublicationType": {"Research": true}, "Section": {"Results": true}}, "citation": {"authors": ["Kawase M", "Matsuyama S", "Shirato K"], "date": "2018-04-01", "db": "PubMed", "db_id": "29217279", "db_name": "Virology", "first": "Shirato K", "last": "Matsuyama S", "pages": "9-15", "volume": "517"}, "evidence": "In contrast, clinical isolates of HCoV-OC43 were inhibited by camostat but were either not inhibited or were only partially inhibited by EST (Fig. 2c\u2013f).", "line": 71, "relation": "association"}
bp(GO:"late endosome to lysosome transport")	increases	a(TAX:"Betacoronavirus 1")	{"annotations": {"Custom_CellLine": {"HBTE-ALI": true}, "PublicationStatus": {"Published": true}, "PublicationType": {"Research": true}, "Section": {"Results": true}}, "citation": {"authors": ["Kawase M", "Matsuyama S", "Shirato K"], "date": "2018-04-01", "db": "PubMed", "db_id": "29217279", "db_name": "Virology", "first": "Shirato K", "last": "Matsuyama S", "pages": "9-15", "volume": "517"}, "evidence": "Infection of HCoV-OC43, VR-1558, was inhibited only by EST and not by camostat (Fig. 2b). This indicates that VR-1558 enters cells via the late endosome pathway using cysteine proteases and it does not use TMRPSS2 for cell entry in HBTE-ALI culture.", "line": 56, "relation": "increases"}
complex(a(TAX:"Human coronavirus OC43"), p(GFAM:Cathepsins))	increases	a(TAX:"Human coronavirus OC43")	{"annotations": {"CellLine": {"HCT-8 cell": true}, "PublicationStatus": {"Published": true}, "PublicationType": {"Research": true}, "Section": {"Results": true}}, "citation": {"authors": ["Kawase M", "Matsuyama S", "Shirato K"], "date": "2018-04-01", "db": "PubMed", "db_id": "29217279", "db_name": "Virology", "first": "Shirato K", "last": "Matsuyama S", "pages": "9-15", "volume": "517"}, "evidence": "That cathepsins use HCoV-OC43 for entry into HCT-8 cells was confirmed by an entry inhibition assay similar to that in HBTE-ALI cultures (Fig. 3b and c).", "line": 84, "relation": "increases"}
p(GFAM:Cathepsins)	partOf	complex(a(TAX:"Human coronavirus OC43"), p(GFAM:Cathepsins))	{"relation": "partOf"}
