a(CHEBI:"potassium(1+)")	decreases	a(TAX:"Influenza A virus (A/Puerto Rico/8/1934(H1N1))")	{"annotations": {"BioAssay": {"ELISA": true}, "Custom_Cell": {"LPS-primed bone marrow macrophage": true}, "PublicationStatus": {"Published": true}, "PublicationType": {"Research": true}, "Section": {"Results": true}, "Species": {"9606": true}, "concentration": {"130 mM": true}}, "citation": {"authors": ["Chang MF", "Chen IY", "Ichinohe T", "Moriyama M"], "date": "2019-01-01", "db": "PubMed", "db_id": "30761102", "db_name": "Frontiers in microbiology", "first": "Chen IY", "last": "Ichinohe T", "pages": "50", "volume": "10"}, "evidence": "In agreement with a previous result (Ichinohe et al., 2010), we found that IL-1\u03b2 secretion caused by influenza virus was completely blocked when the extracellular K + concentration was increased to 130 mM (Figure 5A).", "line": 112, "relation": "decreases"}
a(CHEBI:"potassium(1+)")	decreases	p(UNIPROT:P59637)	{"annotations": {"BioAssay": {"ELISA": true}, "Custom_Cell": {"LPS-primed bone marrow macrophage": true}, "PublicationStatus": {"Published": true}, "PublicationType": {"Research": true}, "Section": {"Results": true}, "Species": {"9606": true}, "concentration": {"130 mM": true}}, "citation": {"authors": ["Chang MF", "Chen IY", "Ichinohe T", "Moriyama M"], "date": "2019-01-01", "db": "PubMed", "db_id": "30761102", "db_name": "Frontiers in microbiology", "first": "Chen IY", "last": "Ichinohe T", "pages": "50", "volume": "10"}, "evidence": "The inhibitory effect of the K + -rich medium was also observed when cells were stimulated with lentiviruses expressing the SARS-CoV E or 3a proteins (Figure 5B).", "line": 120, "relation": "decreases"}
a(CHEBI:"potassium(1+)")	decreases	p(UNIPROT:P59632)	{"annotations": {"BioAssay": {"ELISA": true}, "Custom_Cell": {"LPS-primed bone marrow macrophage": true}, "PublicationStatus": {"Published": true}, "PublicationType": {"Research": true}, "Section": {"Results": true}, "Species": {"9606": true}, "concentration": {"130 mM": true}}, "citation": {"authors": ["Chang MF", "Chen IY", "Ichinohe T", "Moriyama M"], "date": "2019-01-01", "db": "PubMed", "db_id": "30761102", "db_name": "Frontiers in microbiology", "first": "Chen IY", "last": "Ichinohe T", "pages": "50", "volume": "10"}, "evidence": "The inhibitory effect of the K + -rich medium was also observed when cells were stimulated with lentiviruses expressing the SARS-CoV E or 3a proteins (Figure 5B).", "line": 121, "relation": "decreases"}
a(PUBCHEM:134828258)	decreases	p(HGNC:IL1B)	{"annotations": {"BioAssay": {"ELISA": true}, "Custom_Cell": {"LPS-primed bone marrow macrophage": true}, "PublicationStatus": {"Published": true}, "PublicationType": {"Research": true}, "Section": {"Results": true}, "Species": {"9606": true}}, "citation": {"authors": ["Chang MF", "Chen IY", "Ichinohe T", "Moriyama M"], "date": "2019-01-01", "db": "PubMed", "db_id": "30761102", "db_name": "Frontiers in microbiology", "first": "Chen IY", "last": "Ichinohe T", "pages": "50", "volume": "10"}, "evidence": "As reported previously (Nakahira et al., 2011; Ito et al., 2012), treatment of BMMs with Mito-TEMPO completely blocked IL-1\u03b2 secretion in response to ATP (Figure 6A). Similarly, IL-1\u03b2 release induced by the SARS-CoV E and 3a proteins was significantly inhibited by Mito-TEMPO (Figure 6B).", "line": 130, "relation": "decreases"}
a(TAX:"Encephalomyocarditis virus strain Rueckert")	association	p(UNIPROT:Q66765)	{"annotations": {"PublicationStatus": {"Published": true}, "PublicationType": {"Research": true}, "Section": {"Results": true}, "Species": {"9606": true}}, "citation": {"authors": ["Chang MF", "Chen IY", "Ichinohe T", "Moriyama M"], "date": "2019-01-01", "db": "PubMed", "db_id": "30761102", "db_name": "Frontiers in microbiology", "first": "Chen IY", "last": "Ichinohe T", "pages": "50", "volume": "10"}, "evidence": "We previously demonstrated that the influenza virus M2 protein (a proton-selective ion channel), its H37G mutant (which has lost its proton selectivity and enables the transport of other cations such as Na + and K + ), and the EMCV 2B protein (a Ca 2+ channel) stimulates NLRP3 inflammasome-mediated IL-1\u03b2 secretion (Ichinohe et al., 2010; Ito et al., 2012).", "line": 52, "relation": "association"}
a(TAX:"Influenza A virus (A/Puerto Rico/8/1934(H1N1))")	association	p(UNIPROT:P06821)	{"annotations": {"PublicationStatus": {"Published": true}, "PublicationType": {"Research": true}, "Section": {"Results": true}, "Species": {"9606": true}}, "citation": {"authors": ["Chang MF", "Chen IY", "Ichinohe T", "Moriyama M"], "date": "2019-01-01", "db": "PubMed", "db_id": "30761102", "db_name": "Frontiers in microbiology", "first": "Chen IY", "last": "Ichinohe T", "pages": "50", "volume": "10"}, "evidence": "We previously demonstrated that the influenza virus M2 protein (a proton-selective ion channel), its H37G mutant (which has lost its proton selectivity and enables the transport of other cations such as Na + and K + ), and the EMCV 2B protein (a Ca 2+ channel) stimulates NLRP3 inflammasome-mediated IL-1\u03b2 secretion (Ichinohe et al., 2010; Ito et al., 2012).", "line": 51, "relation": "association"}
a(TAX:"Influenza A virus (A/Puerto Rico/8/1934(H1N1))")	increases	p(HGNC:IL1B)	{"annotations": {"BioAssay": {"ELISA": true}, "Custom_Cell": {"LPS-primed bone marrow macrophage": true}, "PublicationStatus": {"Published": true}, "PublicationType": {"Research": true}, "Section": {"Results": true}, "Species": {"9606": true}}, "citation": {"authors": ["Chang MF", "Chen IY", "Ichinohe T", "Moriyama M"], "date": "2019-01-01", "db": "PubMed", "db_id": "30761102", "db_name": "Frontiers in microbiology", "first": "Chen IY", "last": "Ichinohe T", "pages": "50", "volume": "10"}, "evidence": "In agreement with a previous result (Ichinohe et al., 2010), we found that IL-1\u03b2 secretion caused by influenza virus was completely blocked when the extracellular K + concentration was increased to 130 mM (Figure 5A).", "line": 110, "relation": "increases"}
a(TAX:"Severe acute respiratory syndrome-related coronavirus")	association	p(UNIPROT:P59637)	{"annotations": {"PublicationStatus": {"Published": true}, "PublicationType": {"Research": true}, "Section": {"Results": true}, "Species": {"9606": true}}, "citation": {"authors": ["Chang MF", "Chen IY", "Ichinohe T", "Moriyama M"], "date": "2019-01-01", "db": "PubMed", "db_id": "30761102", "db_name": "Frontiers in microbiology", "first": "Chen IY", "last": "Ichinohe T", "pages": "50", "volume": "10"}, "evidence": "In addition, the SARS-CoV E protein acts as a Ca 2+ -permeable ion channels that activates the NLRP3 inflammasome (Nieto-Torres et al., 2015).", "line": 57, "relation": "association"}
a(TAX:"Severe acute respiratory syndrome-related coronavirus")	association	p(UNIPROT:P59632)	{"annotations": {"BioAssay": {"ELISA": true}, "Custom_Cell": {"LPS-primed bone marrow macrophage": true}, "PublicationStatus": {"Published": true}, "PublicationType": {"Research": true}, "Section": {"Results": true}, "Species": {"9606": true}}, "citation": {"authors": ["Chang MF", "Chen IY", "Ichinohe T", "Moriyama M"], "date": "2019-01-01", "db": "PubMed", "db_id": "30761102", "db_name": "Frontiers in microbiology", "first": "Chen IY", "last": "Ichinohe T", "pages": "50", "volume": "10"}, "evidence": "IL-1\u03b2 was released from LPS-primed BMMs transduced with the M2- and 2B-expressing lentivirus (Figure 1D). Similarly, the lentiviruses expressing the SARS-CoV E or 3a proteins stimulated IL-1\u03b2 release from LPS-primed BMMs (Figure 1D).", "line": 68, "relation": "association"}
bp(GO:"ion transport")	positiveCorrelation	p(HGNC:IL1B)	{"annotations": {"Custom_Cell": {"LPS-primed bone marrow macrophage": true}, "PublicationStatus": {"Published": true}, "PublicationType": {"Research": true}, "Section": {"Results": true}, "Species": {"9606": true}}, "citation": {"authors": ["Chang MF", "Chen IY", "Ichinohe T", "Moriyama M"], "date": "2019-01-01", "db": "PubMed", "db_id": "30761102", "db_name": "Frontiers in microbiology", "first": "Chen IY", "last": "Ichinohe T", "pages": "50", "volume": "10"}, "evidence": "Notably,the 3a-CS mutant completely abrogated IL-1\u03b2 secretion (Figure 2B), suggesting that the ion channel activity of the 3a protein is required for SARS-CoV 3a-induced IL-1\u03b2 secretion.", "line": 96, "relation": "positiveCorrelation"}
act(complex(GO:"NLRP3 inflammasome complex"))	increases	sec(p(HGNC:IL1B))	{"annotations": {"PublicationStatus": {"Published": true}, "PublicationType": {"Research": true}, "Section": {"Results": true}, "Species": {"9606": true}}, "citation": {"authors": ["Chang MF", "Chen IY", "Ichinohe T", "Moriyama M"], "date": "2019-01-01", "db": "PubMed", "db_id": "30761102", "db_name": "Frontiers in microbiology", "first": "Chen IY", "last": "Ichinohe T", "pages": "50", "volume": "10"}, "evidence": "We previously demonstrated that the influenza virus M2 protein (a proton-selective ion channel), its H37G mutant (which has lost its proton selectivity and enables the transport of other cations such as Na + and K + ), and the EMCV 2B protein (a Ca 2+ channel) stimulates NLRP3 inflammasome-mediated IL-1\u03b2 secretion (Ichinohe et al., 2010; Ito et al., 2012).", "line": 50, "object": {"effect": {"fromLoc": {"name": "intracellular", "namespace": "bel"}, "toLoc": {"name": "extracellular space", "namespace": "bel"}}, "modifier": "Translocation"}, "relation": "increases", "subject": {"modifier": "Activity"}}
p(HGNC:IL1B)	positiveCorrelation	bp(GO:"ion transport")	{"annotations": {"Custom_Cell": {"LPS-primed bone marrow macrophage": true}, "PublicationStatus": {"Published": true}, "PublicationType": {"Research": true}, "Section": {"Results": true}, "Species": {"9606": true}}, "citation": {"authors": ["Chang MF", "Chen IY", "Ichinohe T", "Moriyama M"], "date": "2019-01-01", "db": "PubMed", "db_id": "30761102", "db_name": "Frontiers in microbiology", "first": "Chen IY", "last": "Ichinohe T", "pages": "50", "volume": "10"}, "evidence": "Notably,the 3a-CS mutant completely abrogated IL-1\u03b2 secretion (Figure 2B), suggesting that the ion channel activity of the 3a protein is required for SARS-CoV 3a-induced IL-1\u03b2 secretion.", "line": 96, "relation": "positiveCorrelation"}
p(UNIPROT:P06821)	hasVariant	p(UNIPROT:P06821, var("p.His37Gly"))	{"relation": "hasVariant"}
act(p(UNIPROT:P06821))	increases	complex(GO:"NLRP3 inflammasome complex")	{"annotations": {"PublicationStatus": {"Published": true}, "PublicationType": {"Research": true}, "Section": {"Results": true}, "Species": {"9606": true}}, "citation": {"authors": ["Chang MF", "Chen IY", "Ichinohe T", "Moriyama M"], "date": "2019-01-01", "db": "PubMed", "db_id": "30761102", "db_name": "Frontiers in microbiology", "first": "Chen IY", "last": "Ichinohe T", "pages": "50", "volume": "10"}, "evidence": "We previously demonstrated that the influenza virus M2 protein (a proton-selective ion channel), its H37G mutant (which has lost its proton selectivity and enables the transport of other cations such as Na + and K + ), and the EMCV 2B protein (a Ca 2+ channel) stimulates NLRP3 inflammasome-mediated IL-1\u03b2 secretion (Ichinohe et al., 2010; Ito et al., 2012).", "line": 47, "relation": "increases", "subject": {"modifier": "Activity"}}
p(UNIPROT:P06821)	association	a(TAX:"Influenza A virus (A/Puerto Rico/8/1934(H1N1))")	{"annotations": {"PublicationStatus": {"Published": true}, "PublicationType": {"Research": true}, "Section": {"Results": true}, "Species": {"9606": true}}, "citation": {"authors": ["Chang MF", "Chen IY", "Ichinohe T", "Moriyama M"], "date": "2019-01-01", "db": "PubMed", "db_id": "30761102", "db_name": "Frontiers in microbiology", "first": "Chen IY", "last": "Ichinohe T", "pages": "50", "volume": "10"}, "evidence": "We previously demonstrated that the influenza virus M2 protein (a proton-selective ion channel), its H37G mutant (which has lost its proton selectivity and enables the transport of other cations such as Na + and K + ), and the EMCV 2B protein (a Ca 2+ channel) stimulates NLRP3 inflammasome-mediated IL-1\u03b2 secretion (Ichinohe et al., 2010; Ito et al., 2012).", "line": 51, "relation": "association"}
act(p(UNIPROT:P06821))	increases	p(HGNC:IL1B)	{"annotations": {"BioAssay": {"ELISA": true}, "Custom_Cell": {"LPS-primed bone marrow macrophage": true}, "PublicationStatus": {"Published": true}, "PublicationType": {"Research": true}, "Section": {"Results": true}, "Species": {"9606": true}}, "citation": {"authors": ["Chang MF", "Chen IY", "Ichinohe T", "Moriyama M"], "date": "2019-01-01", "db": "PubMed", "db_id": "30761102", "db_name": "Frontiers in microbiology", "first": "Chen IY", "last": "Ichinohe T", "pages": "50", "volume": "10"}, "evidence": "IL-1\u03b2 was released from LPS-primed BMMs transduced with the M2- and 2B-expressing lentivirus (Figure 1D). Similarly, the lentiviruses expressing the SARS-CoV E or 3a proteins stimulated IL-1\u03b2 release from LPS-primed BMMs (Figure 1D).", "line": 64, "relation": "increases", "subject": {"modifier": "Activity"}}
act(p(UNIPROT:P06821, var("p.His37Gly")))	increases	complex(GO:"NLRP3 inflammasome complex")	{"annotations": {"PublicationStatus": {"Published": true}, "PublicationType": {"Research": true}, "Section": {"Results": true}, "Species": {"9606": true}}, "citation": {"authors": ["Chang MF", "Chen IY", "Ichinohe T", "Moriyama M"], "date": "2019-01-01", "db": "PubMed", "db_id": "30761102", "db_name": "Frontiers in microbiology", "first": "Chen IY", "last": "Ichinohe T", "pages": "50", "volume": "10"}, "evidence": "We previously demonstrated that the influenza virus M2 protein (a proton-selective ion channel), its H37G mutant (which has lost its proton selectivity and enables the transport of other cations such as Na + and K + ), and the EMCV 2B protein (a Ca 2+ channel) stimulates NLRP3 inflammasome-mediated IL-1\u03b2 secretion (Ichinohe et al., 2010; Ito et al., 2012).", "line": 48, "relation": "increases", "subject": {"modifier": "Activity"}}
p(UNIPROT:P59632)	hasVariant	p(UNIPROT:P59632, frag("127_133"))	{"relation": "hasVariant"}
p(UNIPROT:P59632)	hasVariant	p(UNIPROT:P59632, var("?"))	{"relation": "hasVariant"}
p(UNIPROT:P59632)	hasVariant	p(UNIPROT:P59632, var("p.Cys127Ser"), var("p.Cys130Ser"), var("p.Cys133Ser"))	{"relation": "hasVariant"}
act(p(UNIPROT:P59632))	increases	p(HGNC:IL1B)	{"annotations": {"BioAssay": {"ELISA": true}, "Custom_Cell": {"LPS-primed bone marrow macrophage": true}, "PublicationStatus": {"Published": true}, "PublicationType": {"Research": true}, "Section": {"Results": true}, "Species": {"9606": true}}, "citation": {"authors": ["Chang MF", "Chen IY", "Ichinohe T", "Moriyama M"], "date": "2019-01-01", "db": "PubMed", "db_id": "30761102", "db_name": "Frontiers in microbiology", "first": "Chen IY", "last": "Ichinohe T", "pages": "50", "volume": "10"}, "evidence": "IL-1\u03b2 was released from LPS-primed BMMs transduced with the M2- and 2B-expressing lentivirus (Figure 1D). Similarly, the lentiviruses expressing the SARS-CoV E or 3a proteins stimulated IL-1\u03b2 release from LPS-primed BMMs (Figure 1D).", "line": 67, "relation": "increases", "subject": {"modifier": "Activity"}}
act(p(UNIPROT:P59632))	increases	p(HGNC:IL1B)	{"annotations": {"BioAssay": {"ELISA": true}, "Custom_Cell": {"LPS-primed bone marrow macrophage": true}, "PublicationStatus": {"Published": true}, "PublicationType": {"Research": true}, "Section": {"Results": true}, "Species": {"9606": true}}, "citation": {"authors": ["Chang MF", "Chen IY", "Ichinohe T", "Moriyama M"], "date": "2019-01-01", "db": "PubMed", "db_id": "30761102", "db_name": "Frontiers in microbiology", "first": "Chen IY", "last": "Ichinohe T", "pages": "50", "volume": "10"}, "evidence": "Furthermore, IL-1\u03b2 secretion from LPS-primed BMMs co-infected with E- and 3a-expressing lentiviruses was significantly higher than that from SARS-CoV E-expressing lentivirus-infected cells (Figure 1E). These data indicated that the expression of SARS-CoV viroporin 3a is sufficient to stimulate IL-1\u03b2 secretion by LPS-primed BMMs.", "line": 75, "relation": "increases", "subject": {"modifier": "Activity"}}
act(p(UNIPROT:P59632))	increases	p(HGNC:IL1B)	{"annotations": {"BioAssay": {"ELISA": true}, "Custom_Cell": {"LPS-primed bone marrow macrophage": true}, "PublicationStatus": {"Published": true}, "PublicationType": {"Research": true}, "Section": {"Results": true}, "Species": {"9606": true}}, "citation": {"authors": ["Chang MF", "Chen IY", "Ichinohe T", "Moriyama M"], "date": "2019-01-01", "db": "PubMed", "db_id": "30761102", "db_name": "Frontiers in microbiology", "first": "Chen IY", "last": "Ichinohe T", "pages": "50", "volume": "10"}, "evidence": "As reported previously (Nakahira et al., 2011; Ito et al., 2012), treatment of BMMs with Mito-TEMPO completely blocked IL-1\u03b2 secretion in response to ATP (Figure 6A). Similarly, IL-1\u03b2 release induced by the SARS-CoV E and 3a proteins was significantly inhibited by Mito-TEMPO (Figure 6B).", "line": 129, "relation": "increases", "subject": {"modifier": "Activity"}}
p(UNIPROT:P59632)	association	a(TAX:"Severe acute respiratory syndrome-related coronavirus")	{"annotations": {"BioAssay": {"ELISA": true}, "Custom_Cell": {"LPS-primed bone marrow macrophage": true}, "PublicationStatus": {"Published": true}, "PublicationType": {"Research": true}, "Section": {"Results": true}, "Species": {"9606": true}}, "citation": {"authors": ["Chang MF", "Chen IY", "Ichinohe T", "Moriyama M"], "date": "2019-01-01", "db": "PubMed", "db_id": "30761102", "db_name": "Frontiers in microbiology", "first": "Chen IY", "last": "Ichinohe T", "pages": "50", "volume": "10"}, "evidence": "IL-1\u03b2 was released from LPS-primed BMMs transduced with the M2- and 2B-expressing lentivirus (Figure 1D). Similarly, the lentiviruses expressing the SARS-CoV E or 3a proteins stimulated IL-1\u03b2 release from LPS-primed BMMs (Figure 1D).", "line": 68, "relation": "association"}
act(p(UNIPROT:P59632))	increases	complex(GO:"NLRP3 inflammasome complex", loc(GO:"nuclear outer membrane"))	{"annotations": {"BioAssay": {"confocal microscopy": true}, "Custom_Cell": {"LPS-primed bone marrow macrophage": true}, "PublicationStatus": {"Published": true}, "PublicationType": {"Research": true}, "Section": {"Results": true}, "Species": {"9606": true}}, "citation": {"authors": ["Chang MF", "Chen IY", "Ichinohe T", "Moriyama M"], "date": "2019-01-01", "db": "PubMed", "db_id": "30761102", "db_name": "Frontiers in microbiology", "first": "Chen IY", "last": "Ichinohe T", "pages": "50", "volume": "10"}, "evidence": "Although cells expressing the ion channel activity-loss mutants 3a-CS or V25F uniformly expressed NLRP3 throughout the cytoplasm, it was redistributed to the perinuclear region in SARS-CoV 3a- or E-expressing cells (Figure 4).", "line": 104, "object": {"location": {"name": "nuclear outer membrane", "namespace": "GO"}}, "relation": "increases", "subject": {"modifier": "Activity"}}
act(p(UNIPROT:P59632, frag("127_133")))	increases	complex(GO:"ion channel complex")	{"annotations": {"Custom_Cell": {"LPS-primed bone marrow macrophage": true}, "PublicationStatus": {"Published": true}, "PublicationType": {"Research": true}, "Section": {"Results": true}, "Species": {"9606": true}}, "citation": {"authors": ["Chang MF", "Chen IY", "Ichinohe T", "Moriyama M"], "date": "2019-01-01", "db": "PubMed", "db_id": "30761102", "db_name": "Frontiers in microbiology", "first": "Chen IY", "last": "Ichinohe T", "pages": "50", "volume": "10"}, "evidence": "In addition, the SARS-CoV 3a protein contains a cysteine-rich domain (amino acid residues 127\u2013133) that is involved in the formation of a homodimer to generate the ion channel (Lu et al., 2006; Chan et al., 2009). Thus, mutation of the cysteine-rich domain blocks the ion conductivity by the 3a protein (Chan et al., 2009).", "line": 86, "relation": "increases", "subject": {"modifier": "Activity"}}
act(p(UNIPROT:P59632, var("?")))	decreases	bp(GO:"ion transport")	{"annotations": {"Custom_Cell": {"LPS-primed bone marrow macrophage": true}, "PublicationStatus": {"Published": true}, "PublicationType": {"Research": true}, "Section": {"Results": true}, "Species": {"9606": true}}, "citation": {"authors": ["Chang MF", "Chen IY", "Ichinohe T", "Moriyama M"], "date": "2019-01-01", "db": "PubMed", "db_id": "30761102", "db_name": "Frontiers in microbiology", "first": "Chen IY", "last": "Ichinohe T", "pages": "50", "volume": "10"}, "evidence": "In addition, the SARS-CoV 3a protein contains a cysteine-rich domain (amino acid residues 127\u2013133) that is involved in the formation of a homodimer to generate the ion channel (Lu et al., 2006; Chan et al., 2009). Thus, mutation of the cysteine-rich domain blocks the ion conductivity by the 3a protein (Chan et al., 2009).", "line": 87, "relation": "decreases", "subject": {"modifier": "Activity"}}
act(p(UNIPROT:P59632, var("p.Cys127Ser"), var("p.Cys130Ser"), var("p.Cys133Ser")))	decreases	bp(GO:"ion transport")	{"annotations": {"Custom_Cell": {"LPS-primed bone marrow macrophage": true}, "PublicationStatus": {"Published": true}, "PublicationType": {"Research": true}, "Section": {"Results": true}, "Species": {"9606": true}}, "citation": {"authors": ["Chang MF", "Chen IY", "Ichinohe T", "Moriyama M"], "date": "2019-01-01", "db": "PubMed", "db_id": "30761102", "db_name": "Frontiers in microbiology", "first": "Chen IY", "last": "Ichinohe T", "pages": "50", "volume": "10"}, "evidence": "To this end, we substituted amino acids Cys-127, Cys-130, and Cys-133 within the cysteine-rich domain of the SARS-CoV 3a protein with serine to generate a lentivirus expressing the ion channel activity-loss mutant, 3a-CS (Chan et al., 2009; Figure 2A).", "line": 91, "relation": "decreases", "subject": {"modifier": "Activity"}}
act(p(UNIPROT:P59632, var("p.Cys127Ser"), var("p.Cys130Ser"), var("p.Cys133Ser")))	decreases	bp(GO:"ion transport")	{"annotations": {"Custom_Cell": {"LPS-primed bone marrow macrophage": true}, "PublicationStatus": {"Published": true}, "PublicationType": {"Research": true}, "Section": {"Results": true}, "Species": {"9606": true}}, "citation": {"authors": ["Chang MF", "Chen IY", "Ichinohe T", "Moriyama M"], "date": "2019-01-01", "db": "PubMed", "db_id": "30761102", "db_name": "Frontiers in microbiology", "first": "Chen IY", "last": "Ichinohe T", "pages": "50", "volume": "10"}, "evidence": "Notably,the 3a-CS mutant completely abrogated IL-1\u03b2 secretion (Figure 2B), suggesting that the ion channel activity of the 3a protein is required for SARS-CoV 3a-induced IL-1\u03b2 secretion.", "line": 95, "relation": "decreases", "subject": {"modifier": "Activity"}}
act(p(UNIPROT:P59632, var("p.Cys127Ser"), var("p.Cys130Ser"), var("p.Cys133Ser")))	increases	complex(GO:"NLRP3 inflammasome complex", loc(GO:cytoplasm))	{"annotations": {"BioAssay": {"confocal microscopy": true}, "Custom_Cell": {"LPS-primed bone marrow macrophage": true}, "PublicationStatus": {"Published": true}, "PublicationType": {"Research": true}, "Section": {"Results": true}, "Species": {"9606": true}}, "citation": {"authors": ["Chang MF", "Chen IY", "Ichinohe T", "Moriyama M"], "date": "2019-01-01", "db": "PubMed", "db_id": "30761102", "db_name": "Frontiers in microbiology", "first": "Chen IY", "last": "Ichinohe T", "pages": "50", "volume": "10"}, "evidence": "Although cells expressing the ion channel activity-loss mutants 3a-CS or V25F uniformly expressed NLRP3 throughout the cytoplasm, it was redistributed to the perinuclear region in SARS-CoV 3a- or E-expressing cells (Figure 4).", "line": 101, "object": {"location": {"name": "cytoplasm", "namespace": "GO"}}, "relation": "increases", "subject": {"modifier": "Activity"}}
p(UNIPROT:P59637)	hasVariant	p(UNIPROT:P59637, frag("1_40"))	{"relation": "hasVariant"}
p(UNIPROT:P59637)	hasVariant	p(UNIPROT:P59637, var("p.Asn15Ala"))	{"relation": "hasVariant"}
p(UNIPROT:P59637)	hasVariant	p(UNIPROT:P59637, var("p.Val25Phe"))	{"relation": "hasVariant"}
act(p(UNIPROT:P59637))	increases	complex(GO:"NLRP3 inflammasome complex")	{"annotations": {"PublicationStatus": {"Published": true}, "PublicationType": {"Research": true}, "Section": {"Results": true}, "Species": {"9606": true}}, "citation": {"authors": ["Chang MF", "Chen IY", "Ichinohe T", "Moriyama M"], "date": "2019-01-01", "db": "PubMed", "db_id": "30761102", "db_name": "Frontiers in microbiology", "first": "Chen IY", "last": "Ichinohe T", "pages": "50", "volume": "10"}, "evidence": "In addition, the SARS-CoV E protein acts as a Ca 2+ -permeable ion channels that activates the NLRP3 inflammasome (Nieto-Torres et al., 2015).", "line": 56, "relation": "increases", "subject": {"modifier": "Activity"}}
act(p(UNIPROT:P59637))	increases	complex(GO:"NLRP3 inflammasome complex", loc(GO:"nuclear outer membrane"))	{"annotations": {"BioAssay": {"confocal microscopy": true}, "Custom_Cell": {"LPS-primed bone marrow macrophage": true}, "PublicationStatus": {"Published": true}, "PublicationType": {"Research": true}, "Section": {"Results": true}, "Species": {"9606": true}}, "citation": {"authors": ["Chang MF", "Chen IY", "Ichinohe T", "Moriyama M"], "date": "2019-01-01", "db": "PubMed", "db_id": "30761102", "db_name": "Frontiers in microbiology", "first": "Chen IY", "last": "Ichinohe T", "pages": "50", "volume": "10"}, "evidence": "Although cells expressing the ion channel activity-loss mutants 3a-CS or V25F uniformly expressed NLRP3 throughout the cytoplasm, it was redistributed to the perinuclear region in SARS-CoV 3a- or E-expressing cells (Figure 4).", "line": 103, "object": {"location": {"name": "nuclear outer membrane", "namespace": "GO"}}, "relation": "increases", "subject": {"modifier": "Activity"}}
p(UNIPROT:P59637)	association	a(TAX:"Severe acute respiratory syndrome-related coronavirus")	{"annotations": {"PublicationStatus": {"Published": true}, "PublicationType": {"Research": true}, "Section": {"Results": true}, "Species": {"9606": true}}, "citation": {"authors": ["Chang MF", "Chen IY", "Ichinohe T", "Moriyama M"], "date": "2019-01-01", "db": "PubMed", "db_id": "30761102", "db_name": "Frontiers in microbiology", "first": "Chen IY", "last": "Ichinohe T", "pages": "50", "volume": "10"}, "evidence": "In addition, the SARS-CoV E protein acts as a Ca 2+ -permeable ion channels that activates the NLRP3 inflammasome (Nieto-Torres et al., 2015).", "line": 57, "relation": "association"}
act(p(UNIPROT:P59637))	increases	p(HGNC:IL1B)	{"annotations": {"BioAssay": {"ELISA": true}, "Custom_Cell": {"LPS-primed bone marrow macrophage": true}, "PublicationStatus": {"Published": true}, "PublicationType": {"Research": true}, "Section": {"Results": true}, "Species": {"9606": true}}, "citation": {"authors": ["Chang MF", "Chen IY", "Ichinohe T", "Moriyama M"], "date": "2019-01-01", "db": "PubMed", "db_id": "30761102", "db_name": "Frontiers in microbiology", "first": "Chen IY", "last": "Ichinohe T", "pages": "50", "volume": "10"}, "evidence": "IL-1\u03b2 was released from LPS-primed BMMs transduced with the M2- and 2B-expressing lentivirus (Figure 1D). Similarly, the lentiviruses expressing the SARS-CoV E or 3a proteins stimulated IL-1\u03b2 release from LPS-primed BMMs (Figure 1D).", "line": 66, "relation": "increases", "subject": {"modifier": "Activity"}}
act(p(UNIPROT:P59637))	increases	p(HGNC:IL1B)	{"annotations": {"BioAssay": {"ELISA": true}, "Custom_Cell": {"LPS-primed bone marrow macrophage": true}, "PublicationStatus": {"Published": true}, "PublicationType": {"Research": true}, "Section": {"Results": true}, "Species": {"9606": true}}, "citation": {"authors": ["Chang MF", "Chen IY", "Ichinohe T", "Moriyama M"], "date": "2019-01-01", "db": "PubMed", "db_id": "30761102", "db_name": "Frontiers in microbiology", "first": "Chen IY", "last": "Ichinohe T", "pages": "50", "volume": "10"}, "evidence": "Furthermore, IL-1\u03b2 secretion from LPS-primed BMMs co-infected with E- and 3a-expressing lentiviruses was significantly higher than that from SARS-CoV E-expressing lentivirus-infected cells (Figure 1E). These data indicated that the expression of SARS-CoV viroporin 3a is sufficient to stimulate IL-1\u03b2 secretion by LPS-primed BMMs.", "line": 74, "relation": "increases", "subject": {"modifier": "Activity"}}
act(p(UNIPROT:P59637))	increases	p(HGNC:IL1B)	{"annotations": {"BioAssay": {"ELISA": true}, "Custom_Cell": {"LPS-primed bone marrow macrophage": true}, "PublicationStatus": {"Published": true}, "PublicationType": {"Research": true}, "Section": {"Results": true}, "Species": {"9606": true}}, "citation": {"authors": ["Chang MF", "Chen IY", "Ichinohe T", "Moriyama M"], "date": "2019-01-01", "db": "PubMed", "db_id": "30761102", "db_name": "Frontiers in microbiology", "first": "Chen IY", "last": "Ichinohe T", "pages": "50", "volume": "10"}, "evidence": "As reported previously (Nakahira et al., 2011; Ito et al., 2012), treatment of BMMs with Mito-TEMPO completely blocked IL-1\u03b2 secretion in response to ATP (Figure 6A). Similarly, IL-1\u03b2 release induced by the SARS-CoV E and 3a proteins was significantly inhibited by Mito-TEMPO (Figure 6B).", "line": 128, "relation": "increases", "subject": {"modifier": "Activity"}}
act(p(UNIPROT:P59637, frag("1_40")))	increases	complex(GO:"ion channel complex")	{"annotations": {"Custom_Cell": {"LPS-primed bone marrow macrophage": true}, "PublicationStatus": {"Published": true}, "PublicationType": {"Research": true}, "Section": {"Results": true}, "Species": {"9606": true}}, "citation": {"authors": ["Chang MF", "Chen IY", "Ichinohe T", "Moriyama M"], "date": "2019-01-01", "db": "PubMed", "db_id": "30761102", "db_name": "Frontiers in microbiology", "first": "Chen IY", "last": "Ichinohe T", "pages": "50", "volume": "10"}, "evidence": "Previous studies demonstrated that the N-terminal 40 amino acids of the SARS-CoV E protein are important for ion channel formation, and that mutations N15A and V25F [located in the transmembrane domain (from amino acid residues 7\u201338)] prevent ion conductivity (Wilson et al., 2004; Torres et al., 2007; Verdia-Baguena et al., 2012).", "line": 80, "relation": "increases", "subject": {"modifier": "Activity"}}
act(p(UNIPROT:P59637, var("p.Asn15Ala")))	decreases	bp(GO:"ion transport")	{"annotations": {"Custom_Cell": {"LPS-primed bone marrow macrophage": true}, "PublicationStatus": {"Published": true}, "PublicationType": {"Research": true}, "Section": {"Results": true}, "Species": {"9606": true}}, "citation": {"authors": ["Chang MF", "Chen IY", "Ichinohe T", "Moriyama M"], "date": "2019-01-01", "db": "PubMed", "db_id": "30761102", "db_name": "Frontiers in microbiology", "first": "Chen IY", "last": "Ichinohe T", "pages": "50", "volume": "10"}, "evidence": "Previous studies demonstrated that the N-terminal 40 amino acids of the SARS-CoV E protein are important for ion channel formation, and that mutations N15A and V25F [located in the transmembrane domain (from amino acid residues 7\u201338)] prevent ion conductivity (Wilson et al., 2004; Torres et al., 2007; Verdia-Baguena et al., 2012).", "line": 81, "relation": "decreases", "subject": {"modifier": "Activity"}}
act(p(UNIPROT:P59637, var("p.Val25Phe")))	decreases	bp(GO:"ion transport")	{"annotations": {"Custom_Cell": {"LPS-primed bone marrow macrophage": true}, "PublicationStatus": {"Published": true}, "PublicationType": {"Research": true}, "Section": {"Results": true}, "Species": {"9606": true}}, "citation": {"authors": ["Chang MF", "Chen IY", "Ichinohe T", "Moriyama M"], "date": "2019-01-01", "db": "PubMed", "db_id": "30761102", "db_name": "Frontiers in microbiology", "first": "Chen IY", "last": "Ichinohe T", "pages": "50", "volume": "10"}, "evidence": "Previous studies demonstrated that the N-terminal 40 amino acids of the SARS-CoV E protein are important for ion channel formation, and that mutations N15A and V25F [located in the transmembrane domain (from amino acid residues 7\u201338)] prevent ion conductivity (Wilson et al., 2004; Torres et al., 2007; Verdia-Baguena et al., 2012).", "line": 82, "relation": "decreases", "subject": {"modifier": "Activity"}}
act(p(UNIPROT:P59637, var("p.Val25Phe")))	increases	complex(GO:"NLRP3 inflammasome complex", loc(GO:cytoplasm))	{"annotations": {"BioAssay": {"confocal microscopy": true}, "Custom_Cell": {"LPS-primed bone marrow macrophage": true}, "PublicationStatus": {"Published": true}, "PublicationType": {"Research": true}, "Section": {"Results": true}, "Species": {"9606": true}}, "citation": {"authors": ["Chang MF", "Chen IY", "Ichinohe T", "Moriyama M"], "date": "2019-01-01", "db": "PubMed", "db_id": "30761102", "db_name": "Frontiers in microbiology", "first": "Chen IY", "last": "Ichinohe T", "pages": "50", "volume": "10"}, "evidence": "Although cells expressing the ion channel activity-loss mutants 3a-CS or V25F uniformly expressed NLRP3 throughout the cytoplasm, it was redistributed to the perinuclear region in SARS-CoV 3a- or E-expressing cells (Figure 4).", "line": 102, "object": {"location": {"name": "cytoplasm", "namespace": "GO"}}, "relation": "increases", "subject": {"modifier": "Activity"}}
p(UNIPROT:Q66765)	hasVariant	p(UNIPROT:Q66765, frag("1045_1194"))	{"relation": "hasVariant"}
act(p(UNIPROT:Q66765))	increases	complex(GO:"NLRP3 inflammasome complex")	{"annotations": {"PublicationStatus": {"Published": true}, "PublicationType": {"Research": true}, "Section": {"Results": true}, "Species": {"9606": true}}, "citation": {"authors": ["Chang MF", "Chen IY", "Ichinohe T", "Moriyama M"], "date": "2019-01-01", "db": "PubMed", "db_id": "30761102", "db_name": "Frontiers in microbiology", "first": "Chen IY", "last": "Ichinohe T", "pages": "50", "volume": "10"}, "evidence": "We previously demonstrated that the influenza virus M2 protein (a proton-selective ion channel), its H37G mutant (which has lost its proton selectivity and enables the transport of other cations such as Na + and K + ), and the EMCV 2B protein (a Ca 2+ channel) stimulates NLRP3 inflammasome-mediated IL-1\u03b2 secretion (Ichinohe et al., 2010; Ito et al., 2012).", "line": 49, "relation": "increases", "subject": {"modifier": "Activity"}}
p(UNIPROT:Q66765)	association	a(TAX:"Encephalomyocarditis virus strain Rueckert")	{"annotations": {"PublicationStatus": {"Published": true}, "PublicationType": {"Research": true}, "Section": {"Results": true}, "Species": {"9606": true}}, "citation": {"authors": ["Chang MF", "Chen IY", "Ichinohe T", "Moriyama M"], "date": "2019-01-01", "db": "PubMed", "db_id": "30761102", "db_name": "Frontiers in microbiology", "first": "Chen IY", "last": "Ichinohe T", "pages": "50", "volume": "10"}, "evidence": "We previously demonstrated that the influenza virus M2 protein (a proton-selective ion channel), its H37G mutant (which has lost its proton selectivity and enables the transport of other cations such as Na + and K + ), and the EMCV 2B protein (a Ca 2+ channel) stimulates NLRP3 inflammasome-mediated IL-1\u03b2 secretion (Ichinohe et al., 2010; Ito et al., 2012).", "line": 52, "relation": "association"}
act(p(UNIPROT:Q66765, frag("1045_1194")))	increases	p(HGNC:IL1B)	{"annotations": {"BioAssay": {"ELISA": true}, "Custom_Cell": {"LPS-primed bone marrow macrophage": true}, "PublicationStatus": {"Published": true}, "PublicationType": {"Research": true}, "Section": {"Results": true}, "Species": {"9606": true}}, "citation": {"authors": ["Chang MF", "Chen IY", "Ichinohe T", "Moriyama M"], "date": "2019-01-01", "db": "PubMed", "db_id": "30761102", "db_name": "Frontiers in microbiology", "first": "Chen IY", "last": "Ichinohe T", "pages": "50", "volume": "10"}, "evidence": "IL-1\u03b2 was released from LPS-primed BMMs transduced with the M2- and 2B-expressing lentivirus (Figure 1D). Similarly, the lentiviruses expressing the SARS-CoV E or 3a proteins stimulated IL-1\u03b2 release from LPS-primed BMMs (Figure 1D).", "line": 65, "relation": "increases", "subject": {"modifier": "Activity"}}
