a(CHEBI:oseltamivir)	negativeCorrelation	path(DO:"COVID-19")	{"annotations": {"PublicationStatus": {"Published": true}, "PublicationType": {"Research": true}, "Section": {"Results": true}, "Species": {"9606": true}}, "citation": {"authors": ["Cao B", "Cheng Z", "Fan G", "Gao H", "Gao Z", "Gu X", "Guo L", "Hu Y", "Huang C", "Jiang R", "Jin Q", "Li H", "Li X", "Liu M", "Ren L", "Wang G", "Wang J", "Wang Y", "Wei Y", "Wu W", "Xia J", "Xiao Y", "Xie J", "Xie X", "Xu J", "Yin W", "Yu T", "Zhang L", "Zhao J"], "date": "2020-02-15", "db": "PubMed", "db_id": "31986264", "db_name": "Lancet (London, England)", "first": "Huang C", "last": "Cao B", "pages": "497-506", "volume": "395"}, "evidence": "All patients were administered with empirical antibiotic treatment, and 38 (93%) patients received antiviral therapy (oseltamivir).", "line": 106, "relation": "negativeCorrelation"}
a(TAX:"Severe acute respiratory syndrome coronavirus 2")	increases	path(DO:"COVID-19")	{"annotations": {"Age": {"14 years": true, "25-49 years": true, "50-64 years": true}, "PublicationStatus": {"Published": true}, "PublicationType": {"Research": true}, "Section": {"Results": true}, "Species": {"9606": true}}, "citation": {"authors": ["Cao B", "Cheng Z", "Fan G", "Gao H", "Gao Z", "Gu X", "Guo L", "Hu Y", "Huang C", "Jiang R", "Jin Q", "Li H", "Li X", "Liu M", "Ren L", "Wang G", "Wang J", "Wang Y", "Wei Y", "Wu W", "Xia J", "Xiao Y", "Xie J", "Xie X", "Xu J", "Yin W", "Yu T", "Zhang L", "Zhao J"], "date": "2020-02-15", "db": "PubMed", "db_id": "31986264", "db_name": "Lancet (London, England)", "first": "Huang C", "last": "Cao B", "pages": "497-506", "volume": "395"}, "evidence": "By Jan 2, 2020, 41 admitted hospital patients were identified as laboratory-confirmed 2019-nCoV infection in Wuhan. 20 [49%]) of the 2019-nCoV-infected patients were aged 25\u201349 years, and 14 (34%) were aged 50\u201364 years (figure 1A).", "line": 47, "relation": "increases"}
a(TAX:"Severe acute respiratory syndrome coronavirus 2")	positiveCorrelation	path(DO:"COVID-19")	{"annotations": {"PublicationStatus": {"Published": true}, "PublicationType": {"Research": true}, "Section": {"Results": true}, "Species": {"9606": true}}, "citation": {"authors": ["Cao B", "Cheng Z", "Fan G", "Gao H", "Gao Z", "Gu X", "Guo L", "Hu Y", "Huang C", "Jiang R", "Jin Q", "Li H", "Li X", "Liu M", "Ren L", "Wang G", "Wang J", "Wang Y", "Wei Y", "Wu W", "Xia J", "Xiao Y", "Xie J", "Xie X", "Xu J", "Yin W", "Yu T", "Zhang L", "Zhao J"], "date": "2020-02-15", "db": "PubMed", "db_id": "31986264", "db_name": "Lancet (London, England)", "first": "Huang C", "last": "Cao B", "pages": "497-506", "volume": "395"}, "evidence": "All patients had pneumonia. Common complications included ARDS (12 [29%] of 41 patients), followed by RNAaemia (six [15%] patients), acute cardiac injury (five [12%] patients), and secondary infection (four [10%] patients; table 3).", "line": 99, "relation": "positiveCorrelation"}
path(DO:"COVID-19")	positiveCorrelation	path(MESH:Fever)	{"annotations": {"PublicationStatus": {"Published": true}, "PublicationType": {"Research": true}, "Section": {"Results": true}, "Species": {"9606": true}}, "citation": {"authors": ["Cao B", "Cheng Z", "Fan G", "Gao H", "Gao Z", "Gu X", "Guo L", "Hu Y", "Huang C", "Jiang R", "Jin Q", "Li H", "Li X", "Liu M", "Ren L", "Wang G", "Wang J", "Wang Y", "Wei Y", "Wu W", "Xia J", "Xiao Y", "Xie J", "Xie X", "Xu J", "Yin W", "Yu T", "Zhang L", "Zhao J"], "date": "2020-02-15", "db": "PubMed", "db_id": "31986264", "db_name": "Lancet (London, England)", "first": "Huang C", "last": "Cao B", "pages": "497-506", "volume": "395"}, "evidence": "The most common symptoms at onset of illness were fever (40 [98%] of 41 patients), cough (31 [76%]), and myalgia or fatigue (18 [44%]); less common symptoms were sputum production (11 [28%] of 39), headache (three [8%] of 38), haemoptysis (two [5%] of 39), and diarrhoea (one [3%] of 38; table 1).", "line": 52, "relation": "positiveCorrelation"}
path(DO:"COVID-19")	positiveCorrelation	path(MESH:Cough)	{"annotations": {"PublicationStatus": {"Published": true}, "PublicationType": {"Research": true}, "Section": {"Results": true}, "Species": {"9606": true}}, "citation": {"authors": ["Cao B", "Cheng Z", "Fan G", "Gao H", "Gao Z", "Gu X", "Guo L", "Hu Y", "Huang C", "Jiang R", "Jin Q", "Li H", "Li X", "Liu M", "Ren L", "Wang G", "Wang J", "Wang Y", "Wei Y", "Wu W", "Xia J", "Xiao Y", "Xie J", "Xie X", "Xu J", "Yin W", "Yu T", "Zhang L", "Zhao J"], "date": "2020-02-15", "db": "PubMed", "db_id": "31986264", "db_name": "Lancet (London, England)", "first": "Huang C", "last": "Cao B", "pages": "497-506", "volume": "395"}, "evidence": "The most common symptoms at onset of illness were fever (40 [98%] of 41 patients), cough (31 [76%]), and myalgia or fatigue (18 [44%]); less common symptoms were sputum production (11 [28%] of 39), headache (three [8%] of 38), haemoptysis (two [5%] of 39), and diarrhoea (one [3%] of 38; table 1).", "line": 53, "relation": "positiveCorrelation"}
path(DO:"COVID-19")	positiveCorrelation	path(MESH:Nausea)	{"annotations": {"PublicationStatus": {"Published": true}, "PublicationType": {"Research": true}, "Section": {"Results": true}, "Species": {"9606": true}}, "citation": {"authors": ["Cao B", "Cheng Z", "Fan G", "Gao H", "Gao Z", "Gu X", "Guo L", "Hu Y", "Huang C", "Jiang R", "Jin Q", "Li H", "Li X", "Liu M", "Ren L", "Wang G", "Wang J", "Wang Y", "Wei Y", "Wu W", "Xia J", "Xiao Y", "Xie J", "Xie X", "Xu J", "Yin W", "Yu T", "Zhang L", "Zhao J"], "date": "2020-02-15", "db": "PubMed", "db_id": "31986264", "db_name": "Lancet (London, England)", "first": "Huang C", "last": "Cao B", "pages": "497-506", "volume": "395"}, "evidence": "The most common symptoms at onset of illness were fever (40 [98%] of 41 patients), cough (31 [76%]), and myalgia or fatigue (18 [44%]); less common symptoms were sputum production (11 [28%] of 39), headache (three [8%] of 38), haemoptysis (two [5%] of 39), and diarrhoea (one [3%] of 38; table 1).", "line": 54, "relation": "positiveCorrelation"}
path(DO:"COVID-19")	positiveCorrelation	path(MESH:Myalgia)	{"annotations": {"PublicationStatus": {"Published": true}, "PublicationType": {"Research": true}, "Section": {"Results": true}, "Species": {"9606": true}}, "citation": {"authors": ["Cao B", "Cheng Z", "Fan G", "Gao H", "Gao Z", "Gu X", "Guo L", "Hu Y", "Huang C", "Jiang R", "Jin Q", "Li H", "Li X", "Liu M", "Ren L", "Wang G", "Wang J", "Wang Y", "Wei Y", "Wu W", "Xia J", "Xiao Y", "Xie J", "Xie X", "Xu J", "Yin W", "Yu T", "Zhang L", "Zhao J"], "date": "2020-02-15", "db": "PubMed", "db_id": "31986264", "db_name": "Lancet (London, England)", "first": "Huang C", "last": "Cao B", "pages": "497-506", "volume": "395"}, "evidence": "The most common symptoms at onset of illness were fever (40 [98%] of 41 patients), cough (31 [76%]), and myalgia or fatigue (18 [44%]); less common symptoms were sputum production (11 [28%] of 39), headache (three [8%] of 38), haemoptysis (two [5%] of 39), and diarrhoea (one [3%] of 38; table 1).", "line": 55, "relation": "positiveCorrelation"}
path(DO:"COVID-19")	positiveCorrelation	path(MESH:Sputum)	{"annotations": {"PublicationStatus": {"Published": true}, "PublicationType": {"Research": true}, "Section": {"Results": true}, "Species": {"9606": true}}, "citation": {"authors": ["Cao B", "Cheng Z", "Fan G", "Gao H", "Gao Z", "Gu X", "Guo L", "Hu Y", "Huang C", "Jiang R", "Jin Q", "Li H", "Li X", "Liu M", "Ren L", "Wang G", "Wang J", "Wang Y", "Wei Y", "Wu W", "Xia J", "Xiao Y", "Xie J", "Xie X", "Xu J", "Yin W", "Yu T", "Zhang L", "Zhao J"], "date": "2020-02-15", "db": "PubMed", "db_id": "31986264", "db_name": "Lancet (London, England)", "first": "Huang C", "last": "Cao B", "pages": "497-506", "volume": "395"}, "evidence": "The most common symptoms at onset of illness were fever (40 [98%] of 41 patients), cough (31 [76%]), and myalgia or fatigue (18 [44%]); less common symptoms were sputum production (11 [28%] of 39), headache (three [8%] of 38), haemoptysis (two [5%] of 39), and diarrhoea (one [3%] of 38; table 1).", "line": 56, "relation": "positiveCorrelation"}
path(DO:"COVID-19")	positiveCorrelation	path(MESH:Headache)	{"annotations": {"PublicationStatus": {"Published": true}, "PublicationType": {"Research": true}, "Section": {"Results": true}, "Species": {"9606": true}}, "citation": {"authors": ["Cao B", "Cheng Z", "Fan G", "Gao H", "Gao Z", "Gu X", "Guo L", "Hu Y", "Huang C", "Jiang R", "Jin Q", "Li H", "Li X", "Liu M", "Ren L", "Wang G", "Wang J", "Wang Y", "Wei Y", "Wu W", "Xia J", "Xiao Y", "Xie J", "Xie X", "Xu J", "Yin W", "Yu T", "Zhang L", "Zhao J"], "date": "2020-02-15", "db": "PubMed", "db_id": "31986264", "db_name": "Lancet (London, England)", "first": "Huang C", "last": "Cao B", "pages": "497-506", "volume": "395"}, "evidence": "The most common symptoms at onset of illness were fever (40 [98%] of 41 patients), cough (31 [76%]), and myalgia or fatigue (18 [44%]); less common symptoms were sputum production (11 [28%] of 39), headache (three [8%] of 38), haemoptysis (two [5%] of 39), and diarrhoea (one [3%] of 38; table 1).", "line": 57, "relation": "positiveCorrelation"}
path(DO:"COVID-19")	positiveCorrelation	path(DO:diarrhea)	{"annotations": {"PublicationStatus": {"Published": true}, "PublicationType": {"Research": true}, "Section": {"Results": true}, "Species": {"9606": true}}, "citation": {"authors": ["Cao B", "Cheng Z", "Fan G", "Gao H", "Gao Z", "Gu X", "Guo L", "Hu Y", "Huang C", "Jiang R", "Jin Q", "Li H", "Li X", "Liu M", "Ren L", "Wang G", "Wang J", "Wang Y", "Wei Y", "Wu W", "Xia J", "Xiao Y", "Xie J", "Xie X", "Xu J", "Yin W", "Yu T", "Zhang L", "Zhao J"], "date": "2020-02-15", "db": "PubMed", "db_id": "31986264", "db_name": "Lancet (London, England)", "first": "Huang C", "last": "Cao B", "pages": "497-506", "volume": "395"}, "evidence": "The most common symptoms at onset of illness were fever (40 [98%] of 41 patients), cough (31 [76%]), and myalgia or fatigue (18 [44%]); less common symptoms were sputum production (11 [28%] of 39), headache (three [8%] of 38), haemoptysis (two [5%] of 39), and diarrhoea (one [3%] of 38; table 1).", "line": 58, "relation": "positiveCorrelation"}
path(DO:"COVID-19")	positiveCorrelation	path(MESH:Hemoptysis)	{"annotations": {"PublicationStatus": {"Published": true}, "PublicationType": {"Research": true}, "Section": {"Results": true}, "Species": {"9606": true}}, "citation": {"authors": ["Cao B", "Cheng Z", "Fan G", "Gao H", "Gao Z", "Gu X", "Guo L", "Hu Y", "Huang C", "Jiang R", "Jin Q", "Li H", "Li X", "Liu M", "Ren L", "Wang G", "Wang J", "Wang Y", "Wei Y", "Wu W", "Xia J", "Xiao Y", "Xie J", "Xie X", "Xu J", "Yin W", "Yu T", "Zhang L", "Zhao J"], "date": "2020-02-15", "db": "PubMed", "db_id": "31986264", "db_name": "Lancet (London, England)", "first": "Huang C", "last": "Cao B", "pages": "497-506", "volume": "395"}, "evidence": "The most common symptoms at onset of illness were fever (40 [98%] of 41 patients), cough (31 [76%]), and myalgia or fatigue (18 [44%]); less common symptoms were sputum production (11 [28%] of 39), headache (three [8%] of 38), haemoptysis (two [5%] of 39), and diarrhoea (one [3%] of 38; table 1).", "line": 59, "relation": "positiveCorrelation"}
path(DO:"COVID-19")	positiveCorrelation	path(DO:leukopenia)	{"annotations": {"PublicationStatus": {"Published": true}, "PublicationType": {"Research": true}, "Section": {"Results": true}, "Species": {"9606": true}}, "citation": {"authors": ["Cao B", "Cheng Z", "Fan G", "Gao H", "Gao Z", "Gu X", "Guo L", "Hu Y", "Huang C", "Jiang R", "Jin Q", "Li H", "Li X", "Liu M", "Ren L", "Wang G", "Wang J", "Wang Y", "Wei Y", "Wu W", "Xia J", "Xiao Y", "Xie J", "Xie X", "Xu J", "Yin W", "Yu T", "Zhang L", "Zhao J"], "date": "2020-02-15", "db": "PubMed", "db_id": "31986264", "db_name": "Lancet (London, England)", "first": "Huang C", "last": "Cao B", "pages": "497-506", "volume": "395"}, "evidence": "The blood counts of patients on admission showed leucopenia (white blood cell count less than 4 \u00d7 10\u2079/L;ten [25%] of 40 patients) and lymphopenia (lymphocyte count <1\u00b70 \u00d7 10\u2079/L; 26 [63%] patients; table 2).", "line": 63, "relation": "positiveCorrelation"}
path(DO:"COVID-19")	positiveCorrelation	path(DO:lymphopenia)	{"annotations": {"PublicationStatus": {"Published": true}, "PublicationType": {"Research": true}, "Section": {"Results": true}, "Species": {"9606": true}}, "citation": {"authors": ["Cao B", "Cheng Z", "Fan G", "Gao H", "Gao Z", "Gu X", "Guo L", "Hu Y", "Huang C", "Jiang R", "Jin Q", "Li H", "Li X", "Liu M", "Ren L", "Wang G", "Wang J", "Wang Y", "Wei Y", "Wu W", "Xia J", "Xiao Y", "Xie J", "Xie X", "Xu J", "Yin W", "Yu T", "Zhang L", "Zhao J"], "date": "2020-02-15", "db": "PubMed", "db_id": "31986264", "db_name": "Lancet (London, England)", "first": "Huang C", "last": "Cao B", "pages": "497-506", "volume": "395"}, "evidence": "The blood counts of patients on admission showed leucopenia (white blood cell count less than 4 \u00d7 10\u2079/L;ten [25%] of 40 patients) and lymphopenia (lymphocyte count <1\u00b70 \u00d7 10\u2079/L; 26 [63%] patients; table 2).", "line": 64, "relation": "positiveCorrelation"}
path(DO:"COVID-19")	increases	p(HGNC:GOT1)	{"annotations": {"PublicationStatus": {"Published": true}, "PublicationType": {"Research": true}, "Section": {"Results": true}, "Species": {"9606": true}}, "citation": {"authors": ["Cao B", "Cheng Z", "Fan G", "Gao H", "Gao Z", "Gu X", "Guo L", "Hu Y", "Huang C", "Jiang R", "Jin Q", "Li H", "Li X", "Liu M", "Ren L", "Wang G", "Wang J", "Wang Y", "Wei Y", "Wu W", "Xia J", "Xiao Y", "Xie J", "Xie X", "Xu J", "Yin W", "Yu T", "Zhang L", "Zhao J"], "date": "2020-02-15", "db": "PubMed", "db_id": "31986264", "db_name": "Lancet (London, England)", "first": "Huang C", "last": "Cao B", "pages": "497-506", "volume": "395"}, "evidence": "Levels of aspartate aminotransferase were increased in 15 (37%) of 41 patients, including eight (62%) of 13 ICU patients and seven (25%) of 28 non-ICU patients.", "line": 68, "relation": "increases"}
path(DO:"COVID-19")	increases	p(HGNC:TNNI3)	{"annotations": {"PublicationStatus": {"Published": true}, "PublicationType": {"Research": true}, "Section": {"Results": true}, "Species": {"9606": true}}, "citation": {"authors": ["Cao B", "Cheng Z", "Fan G", "Gao H", "Gao Z", "Gu X", "Guo L", "Hu Y", "Huang C", "Jiang R", "Jin Q", "Li H", "Li X", "Liu M", "Ren L", "Wang G", "Wang J", "Wang Y", "Wei Y", "Wu W", "Xia J", "Xiao Y", "Xie J", "Xie X", "Xu J", "Yin W", "Yu T", "Zhang L", "Zhao J"], "date": "2020-02-15", "db": "PubMed", "db_id": "31986264", "db_name": "Lancet (London, England)", "first": "Huang C", "last": "Cao B", "pages": "497-506", "volume": "395"}, "evidence": "Hypersensitive troponin I (hs-cTnI) was increased substantially in five patients, in whom the diagnosis of virus-related cardiac injury was made.", "line": 72, "relation": "increases"}
path(DO:"COVID-19")	increases	p(HGNC:IL1B)	{"annotations": {"PublicationStatus": {"Published": true}, "PublicationType": {"Research": true}, "Sample": {"Plasma": true}, "Section": {"Results": true}, "Species": {"9606": true}}, "citation": {"authors": ["Cao B", "Cheng Z", "Fan G", "Gao H", "Gao Z", "Gu X", "Guo L", "Hu Y", "Huang C", "Jiang R", "Jin Q", "Li H", "Li X", "Liu M", "Ren L", "Wang G", "Wang J", "Wang Y", "Wei Y", "Wu W", "Xia J", "Xiao Y", "Xie J", "Xie X", "Xu J", "Yin W", "Yu T", "Zhang L", "Zhao J"], "date": "2020-02-15", "db": "PubMed", "db_id": "31986264", "db_name": "Lancet (London, England)", "first": "Huang C", "last": "Cao B", "pages": "497-506", "volume": "395"}, "evidence": "Initial plasma IL1B, IL1RA, IL7, IL8, IL9, IL10, basic FGF, GCSF, GMCSF, IFN\u03b3, IP10, MCP1, MIP1A, MIP1B, PDGF, TNF\u03b1, and VEGF concentrations were higher in both ICU patients and non-ICU patients than in healthy adults (appendix pp 6\u20137).", "line": 77, "relation": "increases"}
path(DO:"COVID-19")	increases	p(HGNC:IL1RN)	{"annotations": {"PublicationStatus": {"Published": true}, "PublicationType": {"Research": true}, "Sample": {"Plasma": true}, "Section": {"Results": true}, "Species": {"9606": true}}, "citation": {"authors": ["Cao B", "Cheng Z", "Fan G", "Gao H", "Gao Z", "Gu X", "Guo L", "Hu Y", "Huang C", "Jiang R", "Jin Q", "Li H", "Li X", "Liu M", "Ren L", "Wang G", "Wang J", "Wang Y", "Wei Y", "Wu W", "Xia J", "Xiao Y", "Xie J", "Xie X", "Xu J", "Yin W", "Yu T", "Zhang L", "Zhao J"], "date": "2020-02-15", "db": "PubMed", "db_id": "31986264", "db_name": "Lancet (London, England)", "first": "Huang C", "last": "Cao B", "pages": "497-506", "volume": "395"}, "evidence": "Initial plasma IL1B, IL1RA, IL7, IL8, IL9, IL10, basic FGF, GCSF, GMCSF, IFN\u03b3, IP10, MCP1, MIP1A, MIP1B, PDGF, TNF\u03b1, and VEGF concentrations were higher in both ICU patients and non-ICU patients than in healthy adults (appendix pp 6\u20137).", "line": 78, "relation": "increases"}
path(DO:"COVID-19")	increases	p(HGNC:IL7)	{"annotations": {"PublicationStatus": {"Published": true}, "PublicationType": {"Research": true}, "Sample": {"Plasma": true}, "Section": {"Results": true}, "Species": {"9606": true}}, "citation": {"authors": ["Cao B", "Cheng Z", "Fan G", "Gao H", "Gao Z", "Gu X", "Guo L", "Hu Y", "Huang C", "Jiang R", "Jin Q", "Li H", "Li X", "Liu M", "Ren L", "Wang G", "Wang J", "Wang Y", "Wei Y", "Wu W", "Xia J", "Xiao Y", "Xie J", "Xie X", "Xu J", "Yin W", "Yu T", "Zhang L", "Zhao J"], "date": "2020-02-15", "db": "PubMed", "db_id": "31986264", "db_name": "Lancet (London, England)", "first": "Huang C", "last": "Cao B", "pages": "497-506", "volume": "395"}, "evidence": "Initial plasma IL1B, IL1RA, IL7, IL8, IL9, IL10, basic FGF, GCSF, GMCSF, IFN\u03b3, IP10, MCP1, MIP1A, MIP1B, PDGF, TNF\u03b1, and VEGF concentrations were higher in both ICU patients and non-ICU patients than in healthy adults (appendix pp 6\u20137).", "line": 79, "relation": "increases"}
path(DO:"COVID-19")	increases	p(HGNC:CXCL8)	{"annotations": {"PublicationStatus": {"Published": true}, "PublicationType": {"Research": true}, "Sample": {"Plasma": true}, "Section": {"Results": true}, "Species": {"9606": true}}, "citation": {"authors": ["Cao B", "Cheng Z", "Fan G", "Gao H", "Gao Z", "Gu X", "Guo L", "Hu Y", "Huang C", "Jiang R", "Jin Q", "Li H", "Li X", "Liu M", "Ren L", "Wang G", "Wang J", "Wang Y", "Wei Y", "Wu W", "Xia J", "Xiao Y", "Xie J", "Xie X", "Xu J", "Yin W", "Yu T", "Zhang L", "Zhao J"], "date": "2020-02-15", "db": "PubMed", "db_id": "31986264", "db_name": "Lancet (London, England)", "first": "Huang C", "last": "Cao B", "pages": "497-506", "volume": "395"}, "evidence": "Initial plasma IL1B, IL1RA, IL7, IL8, IL9, IL10, basic FGF, GCSF, GMCSF, IFN\u03b3, IP10, MCP1, MIP1A, MIP1B, PDGF, TNF\u03b1, and VEGF concentrations were higher in both ICU patients and non-ICU patients than in healthy adults (appendix pp 6\u20137).", "line": 80, "relation": "increases"}
path(DO:"COVID-19")	increases	p(HGNC:IL9)	{"annotations": {"PublicationStatus": {"Published": true}, "PublicationType": {"Research": true}, "Sample": {"Plasma": true}, "Section": {"Results": true}, "Species": {"9606": true}}, "citation": {"authors": ["Cao B", "Cheng Z", "Fan G", "Gao H", "Gao Z", "Gu X", "Guo L", "Hu Y", "Huang C", "Jiang R", "Jin Q", "Li H", "Li X", "Liu M", "Ren L", "Wang G", "Wang J", "Wang Y", "Wei Y", "Wu W", "Xia J", "Xiao Y", "Xie J", "Xie X", "Xu J", "Yin W", "Yu T", "Zhang L", "Zhao J"], "date": "2020-02-15", "db": "PubMed", "db_id": "31986264", "db_name": "Lancet (London, England)", "first": "Huang C", "last": "Cao B", "pages": "497-506", "volume": "395"}, "evidence": "Initial plasma IL1B, IL1RA, IL7, IL8, IL9, IL10, basic FGF, GCSF, GMCSF, IFN\u03b3, IP10, MCP1, MIP1A, MIP1B, PDGF, TNF\u03b1, and VEGF concentrations were higher in both ICU patients and non-ICU patients than in healthy adults (appendix pp 6\u20137).", "line": 81, "relation": "increases"}
path(DO:"COVID-19")	increases	p(HGNC:IL10)	{"annotations": {"PublicationStatus": {"Published": true}, "PublicationType": {"Research": true}, "Sample": {"Plasma": true}, "Section": {"Results": true}, "Species": {"9606": true}}, "citation": {"authors": ["Cao B", "Cheng Z", "Fan G", "Gao H", "Gao Z", "Gu X", "Guo L", "Hu Y", "Huang C", "Jiang R", "Jin Q", "Li H", "Li X", "Liu M", "Ren L", "Wang G", "Wang J", "Wang Y", "Wei Y", "Wu W", "Xia J", "Xiao Y", "Xie J", "Xie X", "Xu J", "Yin W", "Yu T", "Zhang L", "Zhao J"], "date": "2020-02-15", "db": "PubMed", "db_id": "31986264", "db_name": "Lancet (London, England)", "first": "Huang C", "last": "Cao B", "pages": "497-506", "volume": "395"}, "evidence": "Initial plasma IL1B, IL1RA, IL7, IL8, IL9, IL10, basic FGF, GCSF, GMCSF, IFN\u03b3, IP10, MCP1, MIP1A, MIP1B, PDGF, TNF\u03b1, and VEGF concentrations were higher in both ICU patients and non-ICU patients than in healthy adults (appendix pp 6\u20137).", "line": 82, "relation": "increases"}
path(DO:"COVID-19")	increases	a(MESH:"Fibroblast Growth Factors")	{"annotations": {"PublicationStatus": {"Published": true}, "PublicationType": {"Research": true}, "Sample": {"Plasma": true}, "Section": {"Results": true}, "Species": {"9606": true}}, "citation": {"authors": ["Cao B", "Cheng Z", "Fan G", "Gao H", "Gao Z", "Gu X", "Guo L", "Hu Y", "Huang C", "Jiang R", "Jin Q", "Li H", "Li X", "Liu M", "Ren L", "Wang G", "Wang J", "Wang Y", "Wei Y", "Wu W", "Xia J", "Xiao Y", "Xie J", "Xie X", "Xu J", "Yin W", "Yu T", "Zhang L", "Zhao J"], "date": "2020-02-15", "db": "PubMed", "db_id": "31986264", "db_name": "Lancet (London, England)", "first": "Huang C", "last": "Cao B", "pages": "497-506", "volume": "395"}, "evidence": "Initial plasma IL1B, IL1RA, IL7, IL8, IL9, IL10, basic FGF, GCSF, GMCSF, IFN\u03b3, IP10, MCP1, MIP1A, MIP1B, PDGF, TNF\u03b1, and VEGF concentrations were higher in both ICU patients and non-ICU patients than in healthy adults (appendix pp 6\u20137).", "line": 83, "relation": "increases"}
path(DO:"COVID-19")	increases	p(HGNC:CSF3)	{"annotations": {"PublicationStatus": {"Published": true}, "PublicationType": {"Research": true}, "Sample": {"Plasma": true}, "Section": {"Results": true}, "Species": {"9606": true}}, "citation": {"authors": ["Cao B", "Cheng Z", "Fan G", "Gao H", "Gao Z", "Gu X", "Guo L", "Hu Y", "Huang C", "Jiang R", "Jin Q", "Li H", "Li X", "Liu M", "Ren L", "Wang G", "Wang J", "Wang Y", "Wei Y", "Wu W", "Xia J", "Xiao Y", "Xie J", "Xie X", "Xu J", "Yin W", "Yu T", "Zhang L", "Zhao J"], "date": "2020-02-15", "db": "PubMed", "db_id": "31986264", "db_name": "Lancet (London, England)", "first": "Huang C", "last": "Cao B", "pages": "497-506", "volume": "395"}, "evidence": "Initial plasma IL1B, IL1RA, IL7, IL8, IL9, IL10, basic FGF, GCSF, GMCSF, IFN\u03b3, IP10, MCP1, MIP1A, MIP1B, PDGF, TNF\u03b1, and VEGF concentrations were higher in both ICU patients and non-ICU patients than in healthy adults (appendix pp 6\u20137).", "line": 84, "relation": "increases"}
path(DO:"COVID-19")	increases	p(HGNC:CSF2)	{"annotations": {"PublicationStatus": {"Published": true}, "PublicationType": {"Research": true}, "Sample": {"Plasma": true}, "Section": {"Results": true}, "Species": {"9606": true}}, "citation": {"authors": ["Cao B", "Cheng Z", "Fan G", "Gao H", "Gao Z", "Gu X", "Guo L", "Hu Y", "Huang C", "Jiang R", "Jin Q", "Li H", "Li X", "Liu M", "Ren L", "Wang G", "Wang J", "Wang Y", "Wei Y", "Wu W", "Xia J", "Xiao Y", "Xie J", "Xie X", "Xu J", "Yin W", "Yu T", "Zhang L", "Zhao J"], "date": "2020-02-15", "db": "PubMed", "db_id": "31986264", "db_name": "Lancet (London, England)", "first": "Huang C", "last": "Cao B", "pages": "497-506", "volume": "395"}, "evidence": "Initial plasma IL1B, IL1RA, IL7, IL8, IL9, IL10, basic FGF, GCSF, GMCSF, IFN\u03b3, IP10, MCP1, MIP1A, MIP1B, PDGF, TNF\u03b1, and VEGF concentrations were higher in both ICU patients and non-ICU patients than in healthy adults (appendix pp 6\u20137).", "line": 85, "relation": "increases"}
path(DO:"COVID-19")	increases	p(HGNC:IFNG)	{"annotations": {"PublicationStatus": {"Published": true}, "PublicationType": {"Research": true}, "Sample": {"Plasma": true}, "Section": {"Results": true}, "Species": {"9606": true}}, "citation": {"authors": ["Cao B", "Cheng Z", "Fan G", "Gao H", "Gao Z", "Gu X", "Guo L", "Hu Y", "Huang C", "Jiang R", "Jin Q", "Li H", "Li X", "Liu M", "Ren L", "Wang G", "Wang J", "Wang Y", "Wei Y", "Wu W", "Xia J", "Xiao Y", "Xie J", "Xie X", "Xu J", "Yin W", "Yu T", "Zhang L", "Zhao J"], "date": "2020-02-15", "db": "PubMed", "db_id": "31986264", "db_name": "Lancet (London, England)", "first": "Huang C", "last": "Cao B", "pages": "497-506", "volume": "395"}, "evidence": "Initial plasma IL1B, IL1RA, IL7, IL8, IL9, IL10, basic FGF, GCSF, GMCSF, IFN\u03b3, IP10, MCP1, MIP1A, MIP1B, PDGF, TNF\u03b1, and VEGF concentrations were higher in both ICU patients and non-ICU patients than in healthy adults (appendix pp 6\u20137).", "line": 86, "relation": "increases"}
path(DO:"COVID-19")	increases	p(HGNC:CXCL10)	{"annotations": {"PublicationStatus": {"Published": true}, "PublicationType": {"Research": true}, "Sample": {"Plasma": true}, "Section": {"Results": true}, "Species": {"9606": true}}, "citation": {"authors": ["Cao B", "Cheng Z", "Fan G", "Gao H", "Gao Z", "Gu X", "Guo L", "Hu Y", "Huang C", "Jiang R", "Jin Q", "Li H", "Li X", "Liu M", "Ren L", "Wang G", "Wang J", "Wang Y", "Wei Y", "Wu W", "Xia J", "Xiao Y", "Xie J", "Xie X", "Xu J", "Yin W", "Yu T", "Zhang L", "Zhao J"], "date": "2020-02-15", "db": "PubMed", "db_id": "31986264", "db_name": "Lancet (London, England)", "first": "Huang C", "last": "Cao B", "pages": "497-506", "volume": "395"}, "evidence": "Initial plasma IL1B, IL1RA, IL7, IL8, IL9, IL10, basic FGF, GCSF, GMCSF, IFN\u03b3, IP10, MCP1, MIP1A, MIP1B, PDGF, TNF\u03b1, and VEGF concentrations were higher in both ICU patients and non-ICU patients than in healthy adults (appendix pp 6\u20137).", "line": 87, "relation": "increases"}
path(DO:"COVID-19")	increases	p(HGNC:CCL2)	{"annotations": {"PublicationStatus": {"Published": true}, "PublicationType": {"Research": true}, "Sample": {"Plasma": true}, "Section": {"Results": true}, "Species": {"9606": true}}, "citation": {"authors": ["Cao B", "Cheng Z", "Fan G", "Gao H", "Gao Z", "Gu X", "Guo L", "Hu Y", "Huang C", "Jiang R", "Jin Q", "Li H", "Li X", "Liu M", "Ren L", "Wang G", "Wang J", "Wang Y", "Wei Y", "Wu W", "Xia J", "Xiao Y", "Xie J", "Xie X", "Xu J", "Yin W", "Yu T", "Zhang L", "Zhao J"], "date": "2020-02-15", "db": "PubMed", "db_id": "31986264", "db_name": "Lancet (London, England)", "first": "Huang C", "last": "Cao B", "pages": "497-506", "volume": "395"}, "evidence": "Initial plasma IL1B, IL1RA, IL7, IL8, IL9, IL10, basic FGF, GCSF, GMCSF, IFN\u03b3, IP10, MCP1, MIP1A, MIP1B, PDGF, TNF\u03b1, and VEGF concentrations were higher in both ICU patients and non-ICU patients than in healthy adults (appendix pp 6\u20137).", "line": 88, "relation": "increases"}
path(DO:"COVID-19")	increases	p(HGNC:CCL3)	{"annotations": {"PublicationStatus": {"Published": true}, "PublicationType": {"Research": true}, "Sample": {"Plasma": true}, "Section": {"Results": true}, "Species": {"9606": true}}, "citation": {"authors": ["Cao B", "Cheng Z", "Fan G", "Gao H", "Gao Z", "Gu X", "Guo L", "Hu Y", "Huang C", "Jiang R", "Jin Q", "Li H", "Li X", "Liu M", "Ren L", "Wang G", "Wang J", "Wang Y", "Wei Y", "Wu W", "Xia J", "Xiao Y", "Xie J", "Xie X", "Xu J", "Yin W", "Yu T", "Zhang L", "Zhao J"], "date": "2020-02-15", "db": "PubMed", "db_id": "31986264", "db_name": "Lancet (London, England)", "first": "Huang C", "last": "Cao B", "pages": "497-506", "volume": "395"}, "evidence": "Initial plasma IL1B, IL1RA, IL7, IL8, IL9, IL10, basic FGF, GCSF, GMCSF, IFN\u03b3, IP10, MCP1, MIP1A, MIP1B, PDGF, TNF\u03b1, and VEGF concentrations were higher in both ICU patients and non-ICU patients than in healthy adults (appendix pp 6\u20137).", "line": 89, "relation": "increases"}
path(DO:"COVID-19")	increases	p(HGNC:PDGFRB)	{"annotations": {"PublicationStatus": {"Published": true}, "PublicationType": {"Research": true}, "Sample": {"Plasma": true}, "Section": {"Results": true}, "Species": {"9606": true}}, "citation": {"authors": ["Cao B", "Cheng Z", "Fan G", "Gao H", "Gao Z", "Gu X", "Guo L", "Hu Y", "Huang C", "Jiang R", "Jin Q", "Li H", "Li X", "Liu M", "Ren L", "Wang G", "Wang J", "Wang Y", "Wei Y", "Wu W", "Xia J", "Xiao Y", "Xie J", "Xie X", "Xu J", "Yin W", "Yu T", "Zhang L", "Zhao J"], "date": "2020-02-15", "db": "PubMed", "db_id": "31986264", "db_name": "Lancet (London, England)", "first": "Huang C", "last": "Cao B", "pages": "497-506", "volume": "395"}, "evidence": "Initial plasma IL1B, IL1RA, IL7, IL8, IL9, IL10, basic FGF, GCSF, GMCSF, IFN\u03b3, IP10, MCP1, MIP1A, MIP1B, PDGF, TNF\u03b1, and VEGF concentrations were higher in both ICU patients and non-ICU patients than in healthy adults (appendix pp 6\u20137).", "line": 90, "relation": "increases"}
path(DO:"COVID-19")	increases	p(HGNC:TNF)	{"annotations": {"PublicationStatus": {"Published": true}, "PublicationType": {"Research": true}, "Sample": {"Plasma": true}, "Section": {"Results": true}, "Species": {"9606": true}}, "citation": {"authors": ["Cao B", "Cheng Z", "Fan G", "Gao H", "Gao Z", "Gu X", "Guo L", "Hu Y", "Huang C", "Jiang R", "Jin Q", "Li H", "Li X", "Liu M", "Ren L", "Wang G", "Wang J", "Wang Y", "Wei Y", "Wu W", "Xia J", "Xiao Y", "Xie J", "Xie X", "Xu J", "Yin W", "Yu T", "Zhang L", "Zhao J"], "date": "2020-02-15", "db": "PubMed", "db_id": "31986264", "db_name": "Lancet (London, England)", "first": "Huang C", "last": "Cao B", "pages": "497-506", "volume": "395"}, "evidence": "Initial plasma IL1B, IL1RA, IL7, IL8, IL9, IL10, basic FGF, GCSF, GMCSF, IFN\u03b3, IP10, MCP1, MIP1A, MIP1B, PDGF, TNF\u03b1, and VEGF concentrations were higher in both ICU patients and non-ICU patients than in healthy adults (appendix pp 6\u20137).", "line": 91, "relation": "increases"}
path(DO:"COVID-19")	increases	p(HGNC:VEGFA)	{"annotations": {"PublicationStatus": {"Published": true}, "PublicationType": {"Research": true}, "Sample": {"Plasma": true}, "Section": {"Results": true}, "Species": {"9606": true}}, "citation": {"authors": ["Cao B", "Cheng Z", "Fan G", "Gao H", "Gao Z", "Gu X", "Guo L", "Hu Y", "Huang C", "Jiang R", "Jin Q", "Li H", "Li X", "Liu M", "Ren L", "Wang G", "Wang J", "Wang Y", "Wei Y", "Wu W", "Xia J", "Xiao Y", "Xie J", "Xie X", "Xu J", "Yin W", "Yu T", "Zhang L", "Zhao J"], "date": "2020-02-15", "db": "PubMed", "db_id": "31986264", "db_name": "Lancet (London, England)", "first": "Huang C", "last": "Cao B", "pages": "497-506", "volume": "395"}, "evidence": "Initial plasma IL1B, IL1RA, IL7, IL8, IL9, IL10, basic FGF, GCSF, GMCSF, IFN\u03b3, IP10, MCP1, MIP1A, MIP1B, PDGF, TNF\u03b1, and VEGF concentrations were higher in both ICU patients and non-ICU patients than in healthy adults (appendix pp 6\u20137).", "line": 92, "relation": "increases"}
path(DO:"COVID-19")	positiveCorrelation	path(DO:pneumonia)	{"annotations": {"PublicationStatus": {"Published": true}, "PublicationType": {"Research": true}, "Section": {"Results": true}, "Species": {"9606": true}}, "citation": {"authors": ["Cao B", "Cheng Z", "Fan G", "Gao H", "Gao Z", "Gu X", "Guo L", "Hu Y", "Huang C", "Jiang R", "Jin Q", "Li H", "Li X", "Liu M", "Ren L", "Wang G", "Wang J", "Wang Y", "Wei Y", "Wu W", "Xia J", "Xiao Y", "Xie J", "Xie X", "Xu J", "Yin W", "Yu T", "Zhang L", "Zhao J"], "date": "2020-02-15", "db": "PubMed", "db_id": "31986264", "db_name": "Lancet (London, England)", "first": "Huang C", "last": "Cao B", "pages": "497-506", "volume": "395"}, "evidence": "All patients had pneumonia. Common complications included ARDS (12 [29%] of 41 patients), followed by RNAaemia (six [15%] patients), acute cardiac injury (five [12%] patients), and secondary infection (four [10%] patients; table 3).", "line": 97, "relation": "positiveCorrelation"}
path(DO:"COVID-19")	positiveCorrelation	path(MESH:"Respiratory Distress Syndrome, Adult")	{"annotations": {"PublicationStatus": {"Published": true}, "PublicationType": {"Research": true}, "Section": {"Results": true}, "Species": {"9606": true}}, "citation": {"authors": ["Cao B", "Cheng Z", "Fan G", "Gao H", "Gao Z", "Gu X", "Guo L", "Hu Y", "Huang C", "Jiang R", "Jin Q", "Li H", "Li X", "Liu M", "Ren L", "Wang G", "Wang J", "Wang Y", "Wei Y", "Wu W", "Xia J", "Xiao Y", "Xie J", "Xie X", "Xu J", "Yin W", "Yu T", "Zhang L", "Zhao J"], "date": "2020-02-15", "db": "PubMed", "db_id": "31986264", "db_name": "Lancet (London, England)", "first": "Huang C", "last": "Cao B", "pages": "497-506", "volume": "395"}, "evidence": "All patients had pneumonia. Common complications included ARDS (12 [29%] of 41 patients), followed by RNAaemia (six [15%] patients), acute cardiac injury (five [12%] patients), and secondary infection (four [10%] patients; table 3).", "line": 98, "relation": "positiveCorrelation"}
path(DO:"COVID-19")	positiveCorrelation	a(TAX:"Severe acute respiratory syndrome coronavirus 2")	{"annotations": {"PublicationStatus": {"Published": true}, "PublicationType": {"Research": true}, "Section": {"Results": true}, "Species": {"9606": true}}, "citation": {"authors": ["Cao B", "Cheng Z", "Fan G", "Gao H", "Gao Z", "Gu X", "Guo L", "Hu Y", "Huang C", "Jiang R", "Jin Q", "Li H", "Li X", "Liu M", "Ren L", "Wang G", "Wang J", "Wang Y", "Wei Y", "Wu W", "Xia J", "Xiao Y", "Xie J", "Xie X", "Xu J", "Yin W", "Yu T", "Zhang L", "Zhao J"], "date": "2020-02-15", "db": "PubMed", "db_id": "31986264", "db_name": "Lancet (London, England)", "first": "Huang C", "last": "Cao B", "pages": "497-506", "volume": "395"}, "evidence": "All patients had pneumonia. Common complications included ARDS (12 [29%] of 41 patients), followed by RNAaemia (six [15%] patients), acute cardiac injury (five [12%] patients), and secondary infection (four [10%] patients; table 3).", "line": 99, "relation": "positiveCorrelation"}
path(DO:"COVID-19")	positiveCorrelation	path(MESH:"Heart Injuries")	{"annotations": {"PublicationStatus": {"Published": true}, "PublicationType": {"Research": true}, "Section": {"Results": true}, "Species": {"9606": true}}, "citation": {"authors": ["Cao B", "Cheng Z", "Fan G", "Gao H", "Gao Z", "Gu X", "Guo L", "Hu Y", "Huang C", "Jiang R", "Jin Q", "Li H", "Li X", "Liu M", "Ren L", "Wang G", "Wang J", "Wang Y", "Wei Y", "Wu W", "Xia J", "Xiao Y", "Xie J", "Xie X", "Xu J", "Yin W", "Yu T", "Zhang L", "Zhao J"], "date": "2020-02-15", "db": "PubMed", "db_id": "31986264", "db_name": "Lancet (London, England)", "first": "Huang C", "last": "Cao B", "pages": "497-506", "volume": "395"}, "evidence": "All patients had pneumonia. Common complications included ARDS (12 [29%] of 41 patients), followed by RNAaemia (six [15%] patients), acute cardiac injury (five [12%] patients), and secondary infection (four [10%] patients; table 3).", "line": 101, "relation": "positiveCorrelation"}
path(DO:"COVID-19")	positiveCorrelation	path(MESH:Coinfection)	{"annotations": {"PublicationStatus": {"Published": true}, "PublicationType": {"Research": true}, "Section": {"Results": true}, "Species": {"9606": true}}, "citation": {"authors": ["Cao B", "Cheng Z", "Fan G", "Gao H", "Gao Z", "Gu X", "Guo L", "Hu Y", "Huang C", "Jiang R", "Jin Q", "Li H", "Li X", "Liu M", "Ren L", "Wang G", "Wang J", "Wang Y", "Wei Y", "Wu W", "Xia J", "Xiao Y", "Xie J", "Xie X", "Xu J", "Yin W", "Yu T", "Zhang L", "Zhao J"], "date": "2020-02-15", "db": "PubMed", "db_id": "31986264", "db_name": "Lancet (London, England)", "first": "Huang C", "last": "Cao B", "pages": "497-506", "volume": "395"}, "evidence": "All patients had pneumonia. Common complications included ARDS (12 [29%] of 41 patients), followed by RNAaemia (six [15%] patients), acute cardiac injury (five [12%] patients), and secondary infection (four [10%] patients; table 3).", "line": 102, "relation": "positiveCorrelation"}
path(DO:"COVID-19")	negativeCorrelation	a(CHEBI:oseltamivir)	{"annotations": {"PublicationStatus": {"Published": true}, "PublicationType": {"Research": true}, "Section": {"Results": true}, "Species": {"9606": true}}, "citation": {"authors": ["Cao B", "Cheng Z", "Fan G", "Gao H", "Gao Z", "Gu X", "Guo L", "Hu Y", "Huang C", "Jiang R", "Jin Q", "Li H", "Li X", "Liu M", "Ren L", "Wang G", "Wang J", "Wang Y", "Wei Y", "Wu W", "Xia J", "Xiao Y", "Xie J", "Xie X", "Xu J", "Yin W", "Yu T", "Zhang L", "Zhao J"], "date": "2020-02-15", "db": "PubMed", "db_id": "31986264", "db_name": "Lancet (London, England)", "first": "Huang C", "last": "Cao B", "pages": "497-506", "volume": "395"}, "evidence": "All patients were administered with empirical antibiotic treatment, and 38 (93%) patients received antiviral therapy (oseltamivir).", "line": 106, "relation": "negativeCorrelation"}
path(DO:diarrhea)	positiveCorrelation	path(DO:"COVID-19")	{"annotations": {"PublicationStatus": {"Published": true}, "PublicationType": {"Research": true}, "Section": {"Results": true}, "Species": {"9606": true}}, "citation": {"authors": ["Cao B", "Cheng Z", "Fan G", "Gao H", "Gao Z", "Gu X", "Guo L", "Hu Y", "Huang C", "Jiang R", "Jin Q", "Li H", "Li X", "Liu M", "Ren L", "Wang G", "Wang J", "Wang Y", "Wei Y", "Wu W", "Xia J", "Xiao Y", "Xie J", "Xie X", "Xu J", "Yin W", "Yu T", "Zhang L", "Zhao J"], "date": "2020-02-15", "db": "PubMed", "db_id": "31986264", "db_name": "Lancet (London, England)", "first": "Huang C", "last": "Cao B", "pages": "497-506", "volume": "395"}, "evidence": "The most common symptoms at onset of illness were fever (40 [98%] of 41 patients), cough (31 [76%]), and myalgia or fatigue (18 [44%]); less common symptoms were sputum production (11 [28%] of 39), headache (three [8%] of 38), haemoptysis (two [5%] of 39), and diarrhoea (one [3%] of 38; table 1).", "line": 58, "relation": "positiveCorrelation"}
path(DO:leukopenia)	positiveCorrelation	path(DO:"COVID-19")	{"annotations": {"PublicationStatus": {"Published": true}, "PublicationType": {"Research": true}, "Section": {"Results": true}, "Species": {"9606": true}}, "citation": {"authors": ["Cao B", "Cheng Z", "Fan G", "Gao H", "Gao Z", "Gu X", "Guo L", "Hu Y", "Huang C", "Jiang R", "Jin Q", "Li H", "Li X", "Liu M", "Ren L", "Wang G", "Wang J", "Wang Y", "Wei Y", "Wu W", "Xia J", "Xiao Y", "Xie J", "Xie X", "Xu J", "Yin W", "Yu T", "Zhang L", "Zhao J"], "date": "2020-02-15", "db": "PubMed", "db_id": "31986264", "db_name": "Lancet (London, England)", "first": "Huang C", "last": "Cao B", "pages": "497-506", "volume": "395"}, "evidence": "The blood counts of patients on admission showed leucopenia (white blood cell count less than 4 \u00d7 10\u2079/L;ten [25%] of 40 patients) and lymphopenia (lymphocyte count <1\u00b70 \u00d7 10\u2079/L; 26 [63%] patients; table 2).", "line": 63, "relation": "positiveCorrelation"}
path(DO:lymphopenia)	positiveCorrelation	path(DO:"COVID-19")	{"annotations": {"PublicationStatus": {"Published": true}, "PublicationType": {"Research": true}, "Section": {"Results": true}, "Species": {"9606": true}}, "citation": {"authors": ["Cao B", "Cheng Z", "Fan G", "Gao H", "Gao Z", "Gu X", "Guo L", "Hu Y", "Huang C", "Jiang R", "Jin Q", "Li H", "Li X", "Liu M", "Ren L", "Wang G", "Wang J", "Wang Y", "Wei Y", "Wu W", "Xia J", "Xiao Y", "Xie J", "Xie X", "Xu J", "Yin W", "Yu T", "Zhang L", "Zhao J"], "date": "2020-02-15", "db": "PubMed", "db_id": "31986264", "db_name": "Lancet (London, England)", "first": "Huang C", "last": "Cao B", "pages": "497-506", "volume": "395"}, "evidence": "The blood counts of patients on admission showed leucopenia (white blood cell count less than 4 \u00d7 10\u2079/L;ten [25%] of 40 patients) and lymphopenia (lymphocyte count <1\u00b70 \u00d7 10\u2079/L; 26 [63%] patients; table 2).", "line": 64, "relation": "positiveCorrelation"}
path(DO:pneumonia)	positiveCorrelation	path(DO:"COVID-19")	{"annotations": {"PublicationStatus": {"Published": true}, "PublicationType": {"Research": true}, "Section": {"Results": true}, "Species": {"9606": true}}, "citation": {"authors": ["Cao B", "Cheng Z", "Fan G", "Gao H", "Gao Z", "Gu X", "Guo L", "Hu Y", "Huang C", "Jiang R", "Jin Q", "Li H", "Li X", "Liu M", "Ren L", "Wang G", "Wang J", "Wang Y", "Wei Y", "Wu W", "Xia J", "Xiao Y", "Xie J", "Xie X", "Xu J", "Yin W", "Yu T", "Zhang L", "Zhao J"], "date": "2020-02-15", "db": "PubMed", "db_id": "31986264", "db_name": "Lancet (London, England)", "first": "Huang C", "last": "Cao B", "pages": "497-506", "volume": "395"}, "evidence": "All patients had pneumonia. Common complications included ARDS (12 [29%] of 41 patients), followed by RNAaemia (six [15%] patients), acute cardiac injury (five [12%] patients), and secondary infection (four [10%] patients; table 3).", "line": 97, "relation": "positiveCorrelation"}
path(MESH:"Heart Injuries")	positiveCorrelation	path(DO:"COVID-19")	{"annotations": {"PublicationStatus": {"Published": true}, "PublicationType": {"Research": true}, "Section": {"Results": true}, "Species": {"9606": true}}, "citation": {"authors": ["Cao B", "Cheng Z", "Fan G", "Gao H", "Gao Z", "Gu X", "Guo L", "Hu Y", "Huang C", "Jiang R", "Jin Q", "Li H", "Li X", "Liu M", "Ren L", "Wang G", "Wang J", "Wang Y", "Wei Y", "Wu W", "Xia J", "Xiao Y", "Xie J", "Xie X", "Xu J", "Yin W", "Yu T", "Zhang L", "Zhao J"], "date": "2020-02-15", "db": "PubMed", "db_id": "31986264", "db_name": "Lancet (London, England)", "first": "Huang C", "last": "Cao B", "pages": "497-506", "volume": "395"}, "evidence": "All patients had pneumonia. Common complications included ARDS (12 [29%] of 41 patients), followed by RNAaemia (six [15%] patients), acute cardiac injury (five [12%] patients), and secondary infection (four [10%] patients; table 3).", "line": 101, "relation": "positiveCorrelation"}
path(MESH:"Respiratory Distress Syndrome, Adult")	positiveCorrelation	path(DO:"COVID-19")	{"annotations": {"PublicationStatus": {"Published": true}, "PublicationType": {"Research": true}, "Section": {"Results": true}, "Species": {"9606": true}}, "citation": {"authors": ["Cao B", "Cheng Z", "Fan G", "Gao H", "Gao Z", "Gu X", "Guo L", "Hu Y", "Huang C", "Jiang R", "Jin Q", "Li H", "Li X", "Liu M", "Ren L", "Wang G", "Wang J", "Wang Y", "Wei Y", "Wu W", "Xia J", "Xiao Y", "Xie J", "Xie X", "Xu J", "Yin W", "Yu T", "Zhang L", "Zhao J"], "date": "2020-02-15", "db": "PubMed", "db_id": "31986264", "db_name": "Lancet (London, England)", "first": "Huang C", "last": "Cao B", "pages": "497-506", "volume": "395"}, "evidence": "All patients had pneumonia. Common complications included ARDS (12 [29%] of 41 patients), followed by RNAaemia (six [15%] patients), acute cardiac injury (five [12%] patients), and secondary infection (four [10%] patients; table 3).", "line": 98, "relation": "positiveCorrelation"}
path(MESH:Coinfection)	positiveCorrelation	path(DO:"COVID-19")	{"annotations": {"PublicationStatus": {"Published": true}, "PublicationType": {"Research": true}, "Section": {"Results": true}, "Species": {"9606": true}}, "citation": {"authors": ["Cao B", "Cheng Z", "Fan G", "Gao H", "Gao Z", "Gu X", "Guo L", "Hu Y", "Huang C", "Jiang R", "Jin Q", "Li H", "Li X", "Liu M", "Ren L", "Wang G", "Wang J", "Wang Y", "Wei Y", "Wu W", "Xia J", "Xiao Y", "Xie J", "Xie X", "Xu J", "Yin W", "Yu T", "Zhang L", "Zhao J"], "date": "2020-02-15", "db": "PubMed", "db_id": "31986264", "db_name": "Lancet (London, England)", "first": "Huang C", "last": "Cao B", "pages": "497-506", "volume": "395"}, "evidence": "All patients had pneumonia. Common complications included ARDS (12 [29%] of 41 patients), followed by RNAaemia (six [15%] patients), acute cardiac injury (five [12%] patients), and secondary infection (four [10%] patients; table 3).", "line": 102, "relation": "positiveCorrelation"}
path(MESH:Cough)	positiveCorrelation	path(DO:"COVID-19")	{"annotations": {"PublicationStatus": {"Published": true}, "PublicationType": {"Research": true}, "Section": {"Results": true}, "Species": {"9606": true}}, "citation": {"authors": ["Cao B", "Cheng Z", "Fan G", "Gao H", "Gao Z", "Gu X", "Guo L", "Hu Y", "Huang C", "Jiang R", "Jin Q", "Li H", "Li X", "Liu M", "Ren L", "Wang G", "Wang J", "Wang Y", "Wei Y", "Wu W", "Xia J", "Xiao Y", "Xie J", "Xie X", "Xu J", "Yin W", "Yu T", "Zhang L", "Zhao J"], "date": "2020-02-15", "db": "PubMed", "db_id": "31986264", "db_name": "Lancet (London, England)", "first": "Huang C", "last": "Cao B", "pages": "497-506", "volume": "395"}, "evidence": "The most common symptoms at onset of illness were fever (40 [98%] of 41 patients), cough (31 [76%]), and myalgia or fatigue (18 [44%]); less common symptoms were sputum production (11 [28%] of 39), headache (three [8%] of 38), haemoptysis (two [5%] of 39), and diarrhoea (one [3%] of 38; table 1).", "line": 53, "relation": "positiveCorrelation"}
path(MESH:Fever)	positiveCorrelation	path(DO:"COVID-19")	{"annotations": {"PublicationStatus": {"Published": true}, "PublicationType": {"Research": true}, "Section": {"Results": true}, "Species": {"9606": true}}, "citation": {"authors": ["Cao B", "Cheng Z", "Fan G", "Gao H", "Gao Z", "Gu X", "Guo L", "Hu Y", "Huang C", "Jiang R", "Jin Q", "Li H", "Li X", "Liu M", "Ren L", "Wang G", "Wang J", "Wang Y", "Wei Y", "Wu W", "Xia J", "Xiao Y", "Xie J", "Xie X", "Xu J", "Yin W", "Yu T", "Zhang L", "Zhao J"], "date": "2020-02-15", "db": "PubMed", "db_id": "31986264", "db_name": "Lancet (London, England)", "first": "Huang C", "last": "Cao B", "pages": "497-506", "volume": "395"}, "evidence": "The most common symptoms at onset of illness were fever (40 [98%] of 41 patients), cough (31 [76%]), and myalgia or fatigue (18 [44%]); less common symptoms were sputum production (11 [28%] of 39), headache (three [8%] of 38), haemoptysis (two [5%] of 39), and diarrhoea (one [3%] of 38; table 1).", "line": 52, "relation": "positiveCorrelation"}
path(MESH:Headache)	positiveCorrelation	path(DO:"COVID-19")	{"annotations": {"PublicationStatus": {"Published": true}, "PublicationType": {"Research": true}, "Section": {"Results": true}, "Species": {"9606": true}}, "citation": {"authors": ["Cao B", "Cheng Z", "Fan G", "Gao H", "Gao Z", "Gu X", "Guo L", "Hu Y", "Huang C", "Jiang R", "Jin Q", "Li H", "Li X", "Liu M", "Ren L", "Wang G", "Wang J", "Wang Y", "Wei Y", "Wu W", "Xia J", "Xiao Y", "Xie J", "Xie X", "Xu J", "Yin W", "Yu T", "Zhang L", "Zhao J"], "date": "2020-02-15", "db": "PubMed", "db_id": "31986264", "db_name": "Lancet (London, England)", "first": "Huang C", "last": "Cao B", "pages": "497-506", "volume": "395"}, "evidence": "The most common symptoms at onset of illness were fever (40 [98%] of 41 patients), cough (31 [76%]), and myalgia or fatigue (18 [44%]); less common symptoms were sputum production (11 [28%] of 39), headache (three [8%] of 38), haemoptysis (two [5%] of 39), and diarrhoea (one [3%] of 38; table 1).", "line": 57, "relation": "positiveCorrelation"}
path(MESH:Hemoptysis)	positiveCorrelation	path(DO:"COVID-19")	{"annotations": {"PublicationStatus": {"Published": true}, "PublicationType": {"Research": true}, "Section": {"Results": true}, "Species": {"9606": true}}, "citation": {"authors": ["Cao B", "Cheng Z", "Fan G", "Gao H", "Gao Z", "Gu X", "Guo L", "Hu Y", "Huang C", "Jiang R", "Jin Q", "Li H", "Li X", "Liu M", "Ren L", "Wang G", "Wang J", "Wang Y", "Wei Y", "Wu W", "Xia J", "Xiao Y", "Xie J", "Xie X", "Xu J", "Yin W", "Yu T", "Zhang L", "Zhao J"], "date": "2020-02-15", "db": "PubMed", "db_id": "31986264", "db_name": "Lancet (London, England)", "first": "Huang C", "last": "Cao B", "pages": "497-506", "volume": "395"}, "evidence": "The most common symptoms at onset of illness were fever (40 [98%] of 41 patients), cough (31 [76%]), and myalgia or fatigue (18 [44%]); less common symptoms were sputum production (11 [28%] of 39), headache (three [8%] of 38), haemoptysis (two [5%] of 39), and diarrhoea (one [3%] of 38; table 1).", "line": 59, "relation": "positiveCorrelation"}
path(MESH:Myalgia)	positiveCorrelation	path(DO:"COVID-19")	{"annotations": {"PublicationStatus": {"Published": true}, "PublicationType": {"Research": true}, "Section": {"Results": true}, "Species": {"9606": true}}, "citation": {"authors": ["Cao B", "Cheng Z", "Fan G", "Gao H", "Gao Z", "Gu X", "Guo L", "Hu Y", "Huang C", "Jiang R", "Jin Q", "Li H", "Li X", "Liu M", "Ren L", "Wang G", "Wang J", "Wang Y", "Wei Y", "Wu W", "Xia J", "Xiao Y", "Xie J", "Xie X", "Xu J", "Yin W", "Yu T", "Zhang L", "Zhao J"], "date": "2020-02-15", "db": "PubMed", "db_id": "31986264", "db_name": "Lancet (London, England)", "first": "Huang C", "last": "Cao B", "pages": "497-506", "volume": "395"}, "evidence": "The most common symptoms at onset of illness were fever (40 [98%] of 41 patients), cough (31 [76%]), and myalgia or fatigue (18 [44%]); less common symptoms were sputum production (11 [28%] of 39), headache (three [8%] of 38), haemoptysis (two [5%] of 39), and diarrhoea (one [3%] of 38; table 1).", "line": 55, "relation": "positiveCorrelation"}
path(MESH:Nausea)	positiveCorrelation	path(DO:"COVID-19")	{"annotations": {"PublicationStatus": {"Published": true}, "PublicationType": {"Research": true}, "Section": {"Results": true}, "Species": {"9606": true}}, "citation": {"authors": ["Cao B", "Cheng Z", "Fan G", "Gao H", "Gao Z", "Gu X", "Guo L", "Hu Y", "Huang C", "Jiang R", "Jin Q", "Li H", "Li X", "Liu M", "Ren L", "Wang G", "Wang J", "Wang Y", "Wei Y", "Wu W", "Xia J", "Xiao Y", "Xie J", "Xie X", "Xu J", "Yin W", "Yu T", "Zhang L", "Zhao J"], "date": "2020-02-15", "db": "PubMed", "db_id": "31986264", "db_name": "Lancet (London, England)", "first": "Huang C", "last": "Cao B", "pages": "497-506", "volume": "395"}, "evidence": "The most common symptoms at onset of illness were fever (40 [98%] of 41 patients), cough (31 [76%]), and myalgia or fatigue (18 [44%]); less common symptoms were sputum production (11 [28%] of 39), headache (three [8%] of 38), haemoptysis (two [5%] of 39), and diarrhoea (one [3%] of 38; table 1).", "line": 54, "relation": "positiveCorrelation"}
path(MESH:Sputum)	positiveCorrelation	path(DO:"COVID-19")	{"annotations": {"PublicationStatus": {"Published": true}, "PublicationType": {"Research": true}, "Section": {"Results": true}, "Species": {"9606": true}}, "citation": {"authors": ["Cao B", "Cheng Z", "Fan G", "Gao H", "Gao Z", "Gu X", "Guo L", "Hu Y", "Huang C", "Jiang R", "Jin Q", "Li H", "Li X", "Liu M", "Ren L", "Wang G", "Wang J", "Wang Y", "Wei Y", "Wu W", "Xia J", "Xiao Y", "Xie J", "Xie X", "Xu J", "Yin W", "Yu T", "Zhang L", "Zhao J"], "date": "2020-02-15", "db": "PubMed", "db_id": "31986264", "db_name": "Lancet (London, England)", "first": "Huang C", "last": "Cao B", "pages": "497-506", "volume": "395"}, "evidence": "The most common symptoms at onset of illness were fever (40 [98%] of 41 patients), cough (31 [76%]), and myalgia or fatigue (18 [44%]); less common symptoms were sputum production (11 [28%] of 39), headache (three [8%] of 38), haemoptysis (two [5%] of 39), and diarrhoea (one [3%] of 38; table 1).", "line": 56, "relation": "positiveCorrelation"}
