p(COVID:NS3)	regulates	bp(GO:"viral genome replication")	{"annotations": {"Custom_Disease": {"COVID-19": true}, "PublicationStatus": {"Published": true}, "PublicationType": {"Research": true}, "Section": {"Full Text": true}}, "citation": {"authors": ["Chan JF", "Chu H", "Kok KH", "To KK", "Yuan S", "Yuen KY", "Zhu Z"], "date": "2020-01-01", "db": "PubMed", "db_id": "31987001", "db_name": "Emerging microbes &amp; infections", "first": "Chan JF", "last": "Yuen KY", "pages": "221-236", "volume": "9"}, "evidence": "These putative nsps included two viral cysteine proteases, namely, nsp3 (papain-like protease) and nsp5 (chymotrypsin-like, 3C-like, or main protease), nsp12 (RNA-dependent RNA polymerase [RdRp]), nsp13 (helicase), and other nsps which are likely involved in the transcription and replication of the virus (Table 2).", "line": 88, "relation": "regulates"}
p(COVID:NS3)	regulates	bp(GO:"viral transcription")	{"annotations": {"Custom_Disease": {"COVID-19": true}, "PublicationStatus": {"Published": true}, "PublicationType": {"Research": true}, "Section": {"Full Text": true}}, "citation": {"authors": ["Chan JF", "Chu H", "Kok KH", "To KK", "Yuan S", "Yuen KY", "Zhu Z"], "date": "2020-01-01", "db": "PubMed", "db_id": "31987001", "db_name": "Emerging microbes &amp; infections", "first": "Chan JF", "last": "Yuen KY", "pages": "221-236", "volume": "9"}, "evidence": "These putative nsps included two viral cysteine proteases, namely, nsp3 (papain-like protease) and nsp5 (chymotrypsin-like, 3C-like, or main protease), nsp12 (RNA-dependent RNA polymerase [RdRp]), nsp13 (helicase), and other nsps which are likely involved in the transcription and replication of the virus (Table 2).", "line": 92, "relation": "regulates"}
p(COVID:ORF8)	regulates	bp(GO:"recombination hotspot binding")	{"annotations": {"Custom_Disease": {"COVID-19": true}, "PublicationStatus": {"Published": true}, "PublicationType": {"Research": true}, "Section": {"Full Text": true}}, "citation": {"authors": ["Chan JF", "Chu H", "Kok KH", "To KK", "Yuan S", "Yuen KY", "Zhu Z"], "date": "2020-01-01", "db": "PubMed", "db_id": "31987001", "db_name": "Emerging microbes &amp; infections", "first": "Chan JF", "last": "Yuen KY", "pages": "221-236", "volume": "9"}, "evidence": "The major distinction between SARSr-CoV and SARS-CoV is in orf3b, Spike and orf8 but especially variable in Spike S1 and orf8 which were previously shown to be recombination hot spots.", "line": 100, "relation": "regulates"}
p(COVID:S)	hasVariant	p(COVID:S, frag("?"))	{"relation": "hasVariant"}
p(COVID:S)	regulates	bp(GO:"recombination hotspot binding")	{"annotations": {"Custom_Disease": {"COVID-19": true}, "PublicationStatus": {"Published": true}, "PublicationType": {"Research": true}, "Section": {"Full Text": true}}, "citation": {"authors": ["Chan JF", "Chu H", "Kok KH", "To KK", "Yuan S", "Yuen KY", "Zhu Z"], "date": "2020-01-01", "db": "PubMed", "db_id": "31987001", "db_name": "Emerging microbes &amp; infections", "first": "Chan JF", "last": "Yuen KY", "pages": "221-236", "volume": "9"}, "evidence": "The major distinction between SARSr-CoV and SARS-CoV is in orf3b, Spike and orf8 but especially variable in Spike S1 and orf8 which were previously shown to be recombination hot spots.", "line": 99, "relation": "regulates"}
p(COVID:S, frag("?"))	increases	bp(GO:"receptor binding")	{"annotations": {"Custom_Disease": {"COVID-19": true}, "PublicationStatus": {"Published": true}, "PublicationType": {"Research": true}, "Section": {"Full Text": true}}, "citation": {"authors": ["Chan JF", "Chu H", "Kok KH", "To KK", "Yuan S", "Yuen KY", "Zhu Z"], "date": "2020-01-01", "db": "PubMed", "db_id": "31987001", "db_name": "Emerging microbes &amp; infections", "first": "Chan JF", "last": "Yuen KY", "pages": "221-236", "volume": "9"}, "evidence": "The S1 subunit contains a signal peptide, followed by an N-terminal domain (NTD) and receptor-binding domain (RBD), while the S2 subunit contains conserved fusion peptide (FP), heptad repeat (HR) 1 and 2, transmembrane domain (TM), and cytoplasmic domain (CP).", "line": 104, "relation": "increases"}
p(FIXME:NSP12)	regulates	bp(GO:"viral genome replication")	{"annotations": {"Custom_Disease": {"COVID-19": true}, "PublicationStatus": {"Published": true}, "PublicationType": {"Research": true}, "Section": {"Full Text": true}}, "citation": {"authors": ["Chan JF", "Chu H", "Kok KH", "To KK", "Yuan S", "Yuen KY", "Zhu Z"], "date": "2020-01-01", "db": "PubMed", "db_id": "31987001", "db_name": "Emerging microbes &amp; infections", "first": "Chan JF", "last": "Yuen KY", "pages": "221-236", "volume": "9"}, "evidence": "These putative nsps included two viral cysteine proteases, namely, nsp3 (papain-like protease) and nsp5 (chymotrypsin-like, 3C-like, or main protease), nsp12 (RNA-dependent RNA polymerase [RdRp]), nsp13 (helicase), and other nsps which are likely involved in the transcription and replication of the virus (Table 2).", "line": 90, "relation": "regulates"}
p(FIXME:NSP12)	regulates	bp(GO:"viral transcription")	{"annotations": {"Custom_Disease": {"COVID-19": true}, "PublicationStatus": {"Published": true}, "PublicationType": {"Research": true}, "Section": {"Full Text": true}}, "citation": {"authors": ["Chan JF", "Chu H", "Kok KH", "To KK", "Yuan S", "Yuen KY", "Zhu Z"], "date": "2020-01-01", "db": "PubMed", "db_id": "31987001", "db_name": "Emerging microbes &amp; infections", "first": "Chan JF", "last": "Yuen KY", "pages": "221-236", "volume": "9"}, "evidence": "These putative nsps included two viral cysteine proteases, namely, nsp3 (papain-like protease) and nsp5 (chymotrypsin-like, 3C-like, or main protease), nsp12 (RNA-dependent RNA polymerase [RdRp]), nsp13 (helicase), and other nsps which are likely involved in the transcription and replication of the virus (Table 2).", "line": 94, "relation": "regulates"}
p(FIXME:NSP13)	regulates	bp(GO:"viral genome replication")	{"annotations": {"Custom_Disease": {"COVID-19": true}, "PublicationStatus": {"Published": true}, "PublicationType": {"Research": true}, "Section": {"Full Text": true}}, "citation": {"authors": ["Chan JF", "Chu H", "Kok KH", "To KK", "Yuan S", "Yuen KY", "Zhu Z"], "date": "2020-01-01", "db": "PubMed", "db_id": "31987001", "db_name": "Emerging microbes &amp; infections", "first": "Chan JF", "last": "Yuen KY", "pages": "221-236", "volume": "9"}, "evidence": "These putative nsps included two viral cysteine proteases, namely, nsp3 (papain-like protease) and nsp5 (chymotrypsin-like, 3C-like, or main protease), nsp12 (RNA-dependent RNA polymerase [RdRp]), nsp13 (helicase), and other nsps which are likely involved in the transcription and replication of the virus (Table 2).", "line": 91, "relation": "regulates"}
p(FIXME:NSP13)	regulates	bp(GO:"viral transcription")	{"annotations": {"Custom_Disease": {"COVID-19": true}, "PublicationStatus": {"Published": true}, "PublicationType": {"Research": true}, "Section": {"Full Text": true}}, "citation": {"authors": ["Chan JF", "Chu H", "Kok KH", "To KK", "Yuan S", "Yuen KY", "Zhu Z"], "date": "2020-01-01", "db": "PubMed", "db_id": "31987001", "db_name": "Emerging microbes &amp; infections", "first": "Chan JF", "last": "Yuen KY", "pages": "221-236", "volume": "9"}, "evidence": "These putative nsps included two viral cysteine proteases, namely, nsp3 (papain-like protease) and nsp5 (chymotrypsin-like, 3C-like, or main protease), nsp12 (RNA-dependent RNA polymerase [RdRp]), nsp13 (helicase), and other nsps which are likely involved in the transcription and replication of the virus (Table 2).", "line": 95, "relation": "regulates"}
p(FIXME:NSP5)	regulates	bp(GO:"viral genome replication")	{"annotations": {"Custom_Disease": {"COVID-19": true}, "PublicationStatus": {"Published": true}, "PublicationType": {"Research": true}, "Section": {"Full Text": true}}, "citation": {"authors": ["Chan JF", "Chu H", "Kok KH", "To KK", "Yuan S", "Yuen KY", "Zhu Z"], "date": "2020-01-01", "db": "PubMed", "db_id": "31987001", "db_name": "Emerging microbes &amp; infections", "first": "Chan JF", "last": "Yuen KY", "pages": "221-236", "volume": "9"}, "evidence": "These putative nsps included two viral cysteine proteases, namely, nsp3 (papain-like protease) and nsp5 (chymotrypsin-like, 3C-like, or main protease), nsp12 (RNA-dependent RNA polymerase [RdRp]), nsp13 (helicase), and other nsps which are likely involved in the transcription and replication of the virus (Table 2).", "line": 89, "relation": "regulates"}
p(FIXME:NSP5)	regulates	bp(GO:"viral transcription")	{"annotations": {"Custom_Disease": {"COVID-19": true}, "PublicationStatus": {"Published": true}, "PublicationType": {"Research": true}, "Section": {"Full Text": true}}, "citation": {"authors": ["Chan JF", "Chu H", "Kok KH", "To KK", "Yuan S", "Yuen KY", "Zhu Z"], "date": "2020-01-01", "db": "PubMed", "db_id": "31987001", "db_name": "Emerging microbes &amp; infections", "first": "Chan JF", "last": "Yuen KY", "pages": "221-236", "volume": "9"}, "evidence": "These putative nsps included two viral cysteine proteases, namely, nsp3 (papain-like protease) and nsp5 (chymotrypsin-like, 3C-like, or main protease), nsp12 (RNA-dependent RNA polymerase [RdRp]), nsp13 (helicase), and other nsps which are likely involved in the transcription and replication of the virus (Table 2).", "line": 93, "relation": "regulates"}
p(FIXME:ORF3b)	increases	path(EFO:pathogenicity)	{"annotations": {"Custom_Disease": {"COVID-19": true}, "PublicationStatus": {"Published": true}, "PublicationType": {"Research": true}, "Section": {"Full Text": true}}, "citation": {"authors": ["Chan JF", "Chu H", "Kok KH", "To KK", "Yuan S", "Yuen KY", "Zhu Z"], "date": "2020-01-01", "db": "PubMed", "db_id": "31987001", "db_name": "Emerging microbes &amp; infections", "first": "Chan JF", "last": "Yuen KY", "pages": "221-236", "volume": "9"}, "evidence": "But orf3b may have a role in viral pathogenicity as Vero E6 but not 293T cells transfected with a construct expressing Orf3b underwent necrosis as early as 6\u2005h after transfection and underwent simultaneous necrosis and apoptosis at later time points [20]. ", "line": 108, "relation": "increases"}
p(FIXME:ORF3b)	decreases	p(HGNC:IFNB1)	{"annotations": {"Custom_Disease": {"COVID-19": true}, "PublicationStatus": {"Published": true}, "PublicationType": {"Research": true}, "Section": {"Full Text": true}}, "citation": {"authors": ["Chan JF", "Chu H", "Kok KH", "To KK", "Yuan S", "Yuen KY", "Zhu Z"], "date": "2020-01-01", "db": "PubMed", "db_id": "31987001", "db_name": "Emerging microbes &amp; infections", "first": "Chan JF", "last": "Yuen KY", "pages": "221-236", "volume": "9"}, "evidence": "Orf3b was also shown to inhibit expression of IFN-\u03b2 at synthesis and signalling [21].", "line": 113, "relation": "decreases"}
p(FIXME:ORF3b)	decreases	act(p(HGNC:IFNB1))	{"annotations": {"Custom_Disease": {"COVID-19": true}, "PublicationStatus": {"Published": true}, "PublicationType": {"Research": true}, "Section": {"Full Text": true}}, "citation": {"authors": ["Chan JF", "Chu H", "Kok KH", "To KK", "Yuan S", "Yuen KY", "Zhu Z"], "date": "2020-01-01", "db": "PubMed", "db_id": "31987001", "db_name": "Emerging microbes &amp; infections", "first": "Chan JF", "last": "Yuen KY", "pages": "221-236", "volume": "9"}, "evidence": "Orf3b was also shown to inhibit expression of IFN-\u03b2 at synthesis and signalling [21].", "line": 114, "object": {"modifier": "Activity"}, "relation": "decreases"}
