p(COVID:ORF1ab)	hasVariant	p(COVID:ORF1ab, var("p.Ala501GLu"))	{"relation": "hasVariant"}
p(COVID:ORF1ab)	hasVariant	p(COVID:ORF1ab, var("p.Gly723Ser"))	{"relation": "hasVariant"}
p(COVID:ORF1ab)	hasVariant	p(COVID:ORF1ab, var("p.His1010Pro"))	{"relation": "hasVariant"}
p(COVID:ORF1ab)	hasVariant	p(COVID:ORF1ab, var("p.Ile1010Pro"))	{"relation": "hasVariant"}
p(COVID:ORF1ab)	hasVariant	p(COVID:ORF1ab, var("p.Thr501GLu"))	{"relation": "hasVariant"}
p(COVID:ORF1ab, var("p.Ala501GLu"))	positiveCorrelation	path(MESH:Virulence)	{"annotations": {"Custom_Disease": {"COVID-19": true}, "PublicationStatus": {"Published": true}, "PublicationType": {"Research": true}, "Section": {"Results": true}}, "citation": {"authors": ["Angeletti S", "Benvenuto D", "Bianchi M", "Ciccozzi M", "Giovanetti M", "Pascarella S"], "date": "2020-02-21", "db": "PubMed", "db_id": "32083328", "db_name": "Journal of medical virology", "first": "Angeletti S", "last": "Ciccozzi M"}, "evidence": "on the amino acidic position 501the COVID\u20102019 has a glutamine residue, the Bat SARS\u2010like cor-onavirus has a threonine residue and the SARS virus has an alanineresidue.", "line": 86, "relation": "positiveCorrelation"}
p(COVID:ORF1ab, var("p.Gly723Ser"))	positiveCorrelation	path(MESH:Virulence)	{"annotations": {"Custom_Disease": {"COVID-19": true}, "PublicationStatus": {"Published": true}, "PublicationType": {"Research": true}, "Section": {"Results": true}}, "citation": {"authors": ["Angeletti S", "Benvenuto D", "Bianchi M", "Ciccozzi M", "Giovanetti M", "Pascarella S"], "date": "2020-02-21", "db": "PubMed", "db_id": "32083328", "db_name": "Journal of medical virology", "first": "Angeletti S", "last": "Ciccozzi M"}, "evidence": "At position 723 in the COVID\u20102019 there is a serine residuewhile the Bat SARS\u2010like virus and the SARS virus have a glycineresidue", "line": 91, "relation": "positiveCorrelation"}
p(COVID:ORF1ab, var("p.Gly723Ser"))	positiveCorrelation	path(MESH:Virulence)	{"annotations": {"Custom_Disease": {"COVID-19": true}, "PublicationStatus": {"Published": true}, "PublicationType": {"Research": true}, "Section": {"Results": true}}, "citation": {"authors": ["Angeletti S", "Benvenuto D", "Bianchi M", "Ciccozzi M", "Giovanetti M", "Pascarella S"], "date": "2020-02-21", "db": "PubMed", "db_id": "32083328", "db_name": "Journal of medical virology", "first": "Angeletti S", "last": "Ciccozzi M"}, "evidence": "As for the residue in position 723 (543 in the nsp3 protein), theCOVID\u20102019 sequence displays a Ser replacing for Gly in Bat SARS\u2010like and SARS coronaviruses", "line": 106, "relation": "positiveCorrelation"}
p(COVID:ORF1ab, var("p.His1010Pro"))	positiveCorrelation	path(MESH:Virulence)	{"annotations": {"Custom_Disease": {"COVID-19": true}, "PublicationStatus": {"Published": true}, "PublicationType": {"Research": true}, "Section": {"Results": true}}, "citation": {"authors": ["Angeletti S", "Benvenuto D", "Bianchi M", "Ciccozzi M", "Giovanetti M", "Pascarella S"], "date": "2020-02-21", "db": "PubMed", "db_id": "32083328", "db_name": "Journal of medical virology", "first": "Angeletti S", "last": "Ciccozzi M"}, "evidence": "On the aminoacidic position 1010, the COVID\u20102019 has a proline residue, the Bat SARS\u2010like coronavirus has a histidine residueand the SARS virus has an isoleucine residue. Significant (P < .05)pervasive negative selection in 2416 sites (55%) has been evidencedand confirmed by FUBAR analysis.", "line": 99, "relation": "positiveCorrelation"}
p(COVID:ORF1ab, var("p.Ile1010Pro"))	positiveCorrelation	path(MESH:Virulence)	{"annotations": {"Custom_Disease": {"COVID-19": true}, "PublicationStatus": {"Published": true}, "PublicationType": {"Research": true}, "Section": {"Results": true}}, "citation": {"authors": ["Angeletti S", "Benvenuto D", "Bianchi M", "Ciccozzi M", "Giovanetti M", "Pascarella S"], "date": "2020-02-21", "db": "PubMed", "db_id": "32083328", "db_name": "Journal of medical virology", "first": "Angeletti S", "last": "Ciccozzi M"}, "evidence": "On the aminoacidic position 1010, the COVID\u20102019 has a proline residue, the Bat SARS\u2010like coronavirus has a histidine residueand the SARS virus has an isoleucine residue. Significant (P < .05)pervasive negative selection in 2416 sites (55%) has been evidencedand confirmed by FUBAR analysis.", "line": 100, "relation": "positiveCorrelation"}
p(COVID:ORF1ab, var("p.Thr501GLu"))	positiveCorrelation	path(MESH:Virulence)	{"annotations": {"Custom_Disease": {"COVID-19": true}, "PublicationStatus": {"Published": true}, "PublicationType": {"Research": true}, "Section": {"Results": true}}, "citation": {"authors": ["Angeletti S", "Benvenuto D", "Bianchi M", "Ciccozzi M", "Giovanetti M", "Pascarella S"], "date": "2020-02-21", "db": "PubMed", "db_id": "32083328", "db_name": "Journal of medical virology", "first": "Angeletti S", "last": "Ciccozzi M"}, "evidence": "on the amino acidic position 501the COVID\u20102019 has a glutamine residue, the Bat SARS\u2010like cor-onavirus has a threonine residue and the SARS virus has an alanineresidue.", "line": 85, "relation": "positiveCorrelation"}
path(MESH:Virulence)	positiveCorrelation	p(COVID:ORF1ab, var("p.Thr501GLu"))	{"annotations": {"Custom_Disease": {"COVID-19": true}, "PublicationStatus": {"Published": true}, "PublicationType": {"Research": true}, "Section": {"Results": true}}, "citation": {"authors": ["Angeletti S", "Benvenuto D", "Bianchi M", "Ciccozzi M", "Giovanetti M", "Pascarella S"], "date": "2020-02-21", "db": "PubMed", "db_id": "32083328", "db_name": "Journal of medical virology", "first": "Angeletti S", "last": "Ciccozzi M"}, "evidence": "on the amino acidic position 501the COVID\u20102019 has a glutamine residue, the Bat SARS\u2010like cor-onavirus has a threonine residue and the SARS virus has an alanineresidue.", "line": 85, "relation": "positiveCorrelation"}
path(MESH:Virulence)	positiveCorrelation	p(COVID:ORF1ab, var("p.Ala501GLu"))	{"annotations": {"Custom_Disease": {"COVID-19": true}, "PublicationStatus": {"Published": true}, "PublicationType": {"Research": true}, "Section": {"Results": true}}, "citation": {"authors": ["Angeletti S", "Benvenuto D", "Bianchi M", "Ciccozzi M", "Giovanetti M", "Pascarella S"], "date": "2020-02-21", "db": "PubMed", "db_id": "32083328", "db_name": "Journal of medical virology", "first": "Angeletti S", "last": "Ciccozzi M"}, "evidence": "on the amino acidic position 501the COVID\u20102019 has a glutamine residue, the Bat SARS\u2010like cor-onavirus has a threonine residue and the SARS virus has an alanineresidue.", "line": 86, "relation": "positiveCorrelation"}
path(MESH:Virulence)	positiveCorrelation	p(COVID:ORF1ab, var("p.Gly723Ser"))	{"annotations": {"Custom_Disease": {"COVID-19": true}, "PublicationStatus": {"Published": true}, "PublicationType": {"Research": true}, "Section": {"Results": true}}, "citation": {"authors": ["Angeletti S", "Benvenuto D", "Bianchi M", "Ciccozzi M", "Giovanetti M", "Pascarella S"], "date": "2020-02-21", "db": "PubMed", "db_id": "32083328", "db_name": "Journal of medical virology", "first": "Angeletti S", "last": "Ciccozzi M"}, "evidence": "At position 723 in the COVID\u20102019 there is a serine residuewhile the Bat SARS\u2010like virus and the SARS virus have a glycineresidue", "line": 91, "relation": "positiveCorrelation"}
path(MESH:Virulence)	positiveCorrelation	p(COVID:ORF1ab, var("p.Gly723Ser"))	{"annotations": {"Custom_Disease": {"COVID-19": true}, "PublicationStatus": {"Published": true}, "PublicationType": {"Research": true}, "Section": {"Results": true}}, "citation": {"authors": ["Angeletti S", "Benvenuto D", "Bianchi M", "Ciccozzi M", "Giovanetti M", "Pascarella S"], "date": "2020-02-21", "db": "PubMed", "db_id": "32083328", "db_name": "Journal of medical virology", "first": "Angeletti S", "last": "Ciccozzi M"}, "evidence": "As for the residue in position 723 (543 in the nsp3 protein), theCOVID\u20102019 sequence displays a Ser replacing for Gly in Bat SARS\u2010like and SARS coronaviruses", "line": 106, "relation": "positiveCorrelation"}
path(MESH:Virulence)	positiveCorrelation	p(COVID:ORF1ab, var("p.His1010Pro"))	{"annotations": {"Custom_Disease": {"COVID-19": true}, "PublicationStatus": {"Published": true}, "PublicationType": {"Research": true}, "Section": {"Results": true}}, "citation": {"authors": ["Angeletti S", "Benvenuto D", "Bianchi M", "Ciccozzi M", "Giovanetti M", "Pascarella S"], "date": "2020-02-21", "db": "PubMed", "db_id": "32083328", "db_name": "Journal of medical virology", "first": "Angeletti S", "last": "Ciccozzi M"}, "evidence": "On the aminoacidic position 1010, the COVID\u20102019 has a proline residue, the Bat SARS\u2010like coronavirus has a histidine residueand the SARS virus has an isoleucine residue. Significant (P < .05)pervasive negative selection in 2416 sites (55%) has been evidencedand confirmed by FUBAR analysis.", "line": 99, "relation": "positiveCorrelation"}
path(MESH:Virulence)	positiveCorrelation	p(COVID:ORF1ab, var("p.Ile1010Pro"))	{"annotations": {"Custom_Disease": {"COVID-19": true}, "PublicationStatus": {"Published": true}, "PublicationType": {"Research": true}, "Section": {"Results": true}}, "citation": {"authors": ["Angeletti S", "Benvenuto D", "Bianchi M", "Ciccozzi M", "Giovanetti M", "Pascarella S"], "date": "2020-02-21", "db": "PubMed", "db_id": "32083328", "db_name": "Journal of medical virology", "first": "Angeletti S", "last": "Ciccozzi M"}, "evidence": "On the aminoacidic position 1010, the COVID\u20102019 has a proline residue, the Bat SARS\u2010like coronavirus has a histidine residueand the SARS virus has an isoleucine residue. Significant (P < .05)pervasive negative selection in 2416 sites (55%) has been evidencedand confirmed by FUBAR analysis.", "line": 100, "relation": "positiveCorrelation"}
