a(TAX:"Severe acute respiratory syndrome coronavirus 2")	increases	path(DO:pneumonia)	{"annotations": {"Country": {"China": true}, "PublicationStatus": {"Published": true}, "PublicationType": {"Research": true}, "Section": {"Results": true}, "Species": {"9606": true}}, "citation": {"authors": ["Letko M", "Marzi A", "Munster V"], "date": "2020-04-01", "db": "PubMed", "db_id": "32094589", "db_name": "Nature microbiology", "first": "Letko M", "last": "Munster V", "pages": "562-569", "volume": "5"}, "evidence": "While our study was ongoing, a lineage B virus tentatively named SARS-CoV-2 was identified as the cause of a pneumonia outbreak in Hubei, China.", "line": 51, "relation": "increases"}
complex(p(COVID:S), p(HGNC:ACE2))	increases	a(TAX:"Severe acute respiratory syndrome coronavirus 2")	{"annotations": {"PublicationStatus": {"Published": true}, "PublicationType": {"Research": true}, "Section": {"Results": true}, "Species": {"9606": true}}, "citation": {"authors": ["Letko M", "Marzi A", "Munster V"], "date": "2020-04-01", "db": "PubMed", "db_id": "32094589", "db_name": "Nature microbiology", "first": "Letko M", "last": "Munster V", "pages": "562-569", "volume": "5"}, "evidence": "The chimeric SARS\u2013SARS-CoV-2 spike protein expressed was incorporated into particles similarly to other clade 1 chimeric spikes and was capable of entering cells expressing human ACE2, but not any of the other receptors tested (Fig. 3c,d and Extended Data Fig. 3).", "line": 56, "relation": "increases"}
p(COVID:S)	partOf	complex(p(COVID:S), p(HGNC:ACE2))	{"relation": "partOf"}
p(HGNC:ACE2)	partOf	complex(p(COVID:S), p(HGNC:ACE2))	{"relation": "partOf"}
p(HGNC:ANPEP)	increases	a(TAX:"Human coronavirus 229E")	{"annotations": {"PublicationStatus": {"Published": true}, "PublicationType": {"Research": true}, "Section": {"Results": true}, "Species": {"9606": true}}, "citation": {"authors": ["Letko M", "Marzi A", "Munster V"], "date": "2020-04-01", "db": "PubMed", "db_id": "32094589", "db_name": "Nature microbiology", "first": "Letko M", "last": "Munster V", "pages": "562-569", "volume": "5"}, "evidence": "Human DPP4\u2014a receptor for the lineage C betacoronaviruses\u2014only mediated entry of MERS-CoV, whereas APN only mediated entry of the alphacoronavirus HCoV-229E (Fig. 2b).", "line": 47, "relation": "increases"}
p(HGNC:DPP4)	increases	a(TAX:"Middle East respiratory syndrome-related coronavirus")	{"annotations": {"PublicationStatus": {"Published": true}, "PublicationType": {"Research": true}, "Section": {"Results": true}, "Species": {"9606": true}}, "citation": {"authors": ["Letko M", "Marzi A", "Munster V"], "date": "2020-04-01", "db": "PubMed", "db_id": "32094589", "db_name": "Nature microbiology", "first": "Letko M", "last": "Munster V", "pages": "562-569", "volume": "5"}, "evidence": "Human DPP4\u2014a receptor for the lineage C betacoronaviruses\u2014only mediated entry of MERS-CoV, whereas APN only mediated entry of the alphacoronavirus HCoV-229E (Fig. 2b).", "line": 46, "relation": "increases"}
