a(CHEBI:glucocorticoid)	negativeCorrelation	path(DO:"COVID-19")	{"annotations": {"Custom_Disease": {"COVID-19": true}, "Disease_Stage": {"severe": true}, "PublicationStatus": {"Published": true}, "PublicationType": {"Research": true}, "Section": {"Results": true}}, "citation": {"authors": ["Chen PY", "Chen RC", "Chen Z", "China Medical Treatment Expert Group for Covid-19.", "Du B", "Guan WJ", "He JX", "Hu Y", "Hu YH", "Hui DSC", "Lei CL", "Li G", "Li LJ", "Li SY", "Liang WH", "Liang ZJ", "Liu JY", "Liu L", "Liu Y", "Luo J", "Ni ZY", "Ou CQ", "Peng P", "Peng YX", "Qiu SQ", "Shan H", "Tang CL", "Wang JL", "Wang JM", "Wang T", "Wei L", "Xiang J", "Ye CJ", "Yuen KY", "Zeng G", "Zheng ZJ", "Zhong NS", "Zhu SY"], "date": "2020-02-28", "db": "PubMed", "db_id": "32109013", "db_name": "The New England journal of medicine", "first": "Guan WJ", "last": "Zhong NS"}, "evidence": "Systemic glucocorticoids were given to 204 patients (18.6%), with a higher percentage among those with severe disease than nonsevere disease (44.5% vs. 13.7%).", "line": 81, "relation": "negativeCorrelation"}
a(TAX:"Severe acute respiratory syndrome coronavirus 2")	increases	path(DO:"COVID-19")	{"annotations": {"Custom_Disease": {"COVID-19": true}, "PublicationStatus": {"Published": true}, "PublicationType": {"Research": true}, "Section": {"Results": true}}, "citation": {"authors": ["Chen PY", "Chen RC", "Chen Z", "China Medical Treatment Expert Group for Covid-19.", "Du B", "Guan WJ", "He JX", "Hu Y", "Hu YH", "Hui DSC", "Lei CL", "Li G", "Li LJ", "Li SY", "Liang WH", "Liang ZJ", "Liu JY", "Liu L", "Liu Y", "Luo J", "Ni ZY", "Ou CQ", "Peng P", "Peng YX", "Qiu SQ", "Shan H", "Tang CL", "Wang JL", "Wang JM", "Wang T", "Wei L", "Xiang J", "Ye CJ", "Yuen KY", "Zeng G", "Zheng ZJ", "Zhong NS", "Zhu SY"], "date": "2020-02-28", "db": "PubMed", "db_id": "32109013", "db_name": "The New England journal of medicine", "first": "Guan WJ", "last": "Zhong NS"}, "evidence": "Fever was present in 43.8% of the patients on admission but developed in 88.7% during hospitalization.", "line": 50, "relation": "increases"}
path(DO:"COVID-19")	positiveCorrelation	path(MESH:Fever)	{"annotations": {"Custom_Disease": {"COVID-19": true}, "PublicationStatus": {"Published": true}, "PublicationType": {"Research": true}, "Section": {"Results": true}}, "citation": {"authors": ["Chen PY", "Chen RC", "Chen Z", "China Medical Treatment Expert Group for Covid-19.", "Du B", "Guan WJ", "He JX", "Hu Y", "Hu YH", "Hui DSC", "Lei CL", "Li G", "Li LJ", "Li SY", "Liang WH", "Liang ZJ", "Liu JY", "Liu L", "Liu Y", "Luo J", "Ni ZY", "Ou CQ", "Peng P", "Peng YX", "Qiu SQ", "Shan H", "Tang CL", "Wang JL", "Wang JM", "Wang T", "Wei L", "Xiang J", "Ye CJ", "Yuen KY", "Zeng G", "Zheng ZJ", "Zhong NS", "Zhu SY"], "date": "2020-02-28", "db": "PubMed", "db_id": "32109013", "db_name": "The New England journal of medicine", "first": "Guan WJ", "last": "Zhong NS"}, "evidence": "Fever was present in 43.8% of the patients on admission but developed in 88.7% during hospitalization.", "line": 51, "relation": "positiveCorrelation"}
path(DO:"COVID-19")	positiveCorrelation	path(MESH:Cough)	{"annotations": {"Custom_Disease": {"COVID-19": true}, "PublicationStatus": {"Published": true}, "PublicationType": {"Research": true}, "Section": {"Results": true}}, "citation": {"authors": ["Chen PY", "Chen RC", "Chen Z", "China Medical Treatment Expert Group for Covid-19.", "Du B", "Guan WJ", "He JX", "Hu Y", "Hu YH", "Hui DSC", "Lei CL", "Li G", "Li LJ", "Li SY", "Liang WH", "Liang ZJ", "Liu JY", "Liu L", "Liu Y", "Luo J", "Ni ZY", "Ou CQ", "Peng P", "Peng YX", "Qiu SQ", "Shan H", "Tang CL", "Wang JL", "Wang JM", "Wang T", "Wei L", "Xiang J", "Ye CJ", "Yuen KY", "Zeng G", "Zheng ZJ", "Zhong NS", "Zhu SY"], "date": "2020-02-28", "db": "PubMed", "db_id": "32109013", "db_name": "The New England journal of medicine", "first": "Guan WJ", "last": "Zhong NS"}, "evidence": "The second most common symptom was cough (67.8%); nausea or vomiting (5.0%) and diarrhea (3.8%) were uncommon.", "line": 55, "relation": "positiveCorrelation"}
path(DO:"COVID-19")	positiveCorrelation	path(MESH:Nausea)	{"annotations": {"Custom_Disease": {"COVID-19": true}, "PublicationStatus": {"Published": true}, "PublicationType": {"Research": true}, "Section": {"Results": true}}, "citation": {"authors": ["Chen PY", "Chen RC", "Chen Z", "China Medical Treatment Expert Group for Covid-19.", "Du B", "Guan WJ", "He JX", "Hu Y", "Hu YH", "Hui DSC", "Lei CL", "Li G", "Li LJ", "Li SY", "Liang WH", "Liang ZJ", "Liu JY", "Liu L", "Liu Y", "Luo J", "Ni ZY", "Ou CQ", "Peng P", "Peng YX", "Qiu SQ", "Shan H", "Tang CL", "Wang JL", "Wang JM", "Wang T", "Wei L", "Xiang J", "Ye CJ", "Yuen KY", "Zeng G", "Zheng ZJ", "Zhong NS", "Zhu SY"], "date": "2020-02-28", "db": "PubMed", "db_id": "32109013", "db_name": "The New England journal of medicine", "first": "Guan WJ", "last": "Zhong NS"}, "evidence": "The second most common symptom was cough (67.8%); nausea or vomiting (5.0%) and diarrhea (3.8%) were uncommon.", "line": 57, "relation": "positiveCorrelation"}
path(DO:"COVID-19")	positiveCorrelation	path(MESH:Vomiting)	{"annotations": {"Custom_Disease": {"COVID-19": true}, "PublicationStatus": {"Published": true}, "PublicationType": {"Research": true}, "Section": {"Results": true}}, "citation": {"authors": ["Chen PY", "Chen RC", "Chen Z", "China Medical Treatment Expert Group for Covid-19.", "Du B", "Guan WJ", "He JX", "Hu Y", "Hu YH", "Hui DSC", "Lei CL", "Li G", "Li LJ", "Li SY", "Liang WH", "Liang ZJ", "Liu JY", "Liu L", "Liu Y", "Luo J", "Ni ZY", "Ou CQ", "Peng P", "Peng YX", "Qiu SQ", "Shan H", "Tang CL", "Wang JL", "Wang JM", "Wang T", "Wei L", "Xiang J", "Ye CJ", "Yuen KY", "Zeng G", "Zheng ZJ", "Zhong NS", "Zhu SY"], "date": "2020-02-28", "db": "PubMed", "db_id": "32109013", "db_name": "The New England journal of medicine", "first": "Guan WJ", "last": "Zhong NS"}, "evidence": "The second most common symptom was cough (67.8%); nausea or vomiting (5.0%) and diarrhea (3.8%) were uncommon.", "line": 58, "relation": "positiveCorrelation"}
path(DO:"COVID-19")	positiveCorrelation	path(DO:diarrhea)	{"annotations": {"Custom_Disease": {"COVID-19": true}, "PublicationStatus": {"Published": true}, "PublicationType": {"Research": true}, "Section": {"Results": true}}, "citation": {"authors": ["Chen PY", "Chen RC", "Chen Z", "China Medical Treatment Expert Group for Covid-19.", "Du B", "Guan WJ", "He JX", "Hu Y", "Hu YH", "Hui DSC", "Lei CL", "Li G", "Li LJ", "Li SY", "Liang WH", "Liang ZJ", "Liu JY", "Liu L", "Liu Y", "Luo J", "Ni ZY", "Ou CQ", "Peng P", "Peng YX", "Qiu SQ", "Shan H", "Tang CL", "Wang JL", "Wang JM", "Wang T", "Wei L", "Xiang J", "Ye CJ", "Yuen KY", "Zeng G", "Zheng ZJ", "Zhong NS", "Zhu SY"], "date": "2020-02-28", "db": "PubMed", "db_id": "32109013", "db_name": "The New England journal of medicine", "first": "Guan WJ", "last": "Zhong NS"}, "evidence": "The second most common symptom was cough (67.8%); nausea or vomiting (5.0%) and diarrhea (3.8%) were uncommon.", "line": 59, "relation": "positiveCorrelation"}
path(DO:"COVID-19")	positiveCorrelation	path(DO:hypertension)	{"annotations": {"Custom_Disease": {"COVID-19": true}, "PublicationStatus": {"Published": true}, "PublicationType": {"Research": true}, "Section": {"Results": true}}, "citation": {"authors": ["Chen PY", "Chen RC", "Chen Z", "China Medical Treatment Expert Group for Covid-19.", "Du B", "Guan WJ", "He JX", "Hu Y", "Hu YH", "Hui DSC", "Lei CL", "Li G", "Li LJ", "Li SY", "Liang WH", "Liang ZJ", "Liu JY", "Liu L", "Liu Y", "Luo J", "Ni ZY", "Ou CQ", "Peng P", "Peng YX", "Qiu SQ", "Shan H", "Tang CL", "Wang JL", "Wang JM", "Wang T", "Wei L", "Xiang J", "Ye CJ", "Yuen KY", "Zeng G", "Zheng ZJ", "Zhong NS", "Zhu SY"], "date": "2020-02-28", "db": "PubMed", "db_id": "32109013", "db_name": "The New England journal of medicine", "first": "Guan WJ", "last": "Zhong NS"}, "evidence": "Among the overall population, 23.7% had at least one coexisting illness (e.g., hypertension and chronic obstructive pulmonary disease).", "line": 63, "relation": "positiveCorrelation"}
path(DO:"COVID-19")	positiveCorrelation	path(DO:"chronic obstructive pulmonary disease")	{"annotations": {"Custom_Disease": {"COVID-19": true}, "PublicationStatus": {"Published": true}, "PublicationType": {"Research": true}, "Section": {"Results": true}}, "citation": {"authors": ["Chen PY", "Chen RC", "Chen Z", "China Medical Treatment Expert Group for Covid-19.", "Du B", "Guan WJ", "He JX", "Hu Y", "Hu YH", "Hui DSC", "Lei CL", "Li G", "Li LJ", "Li SY", "Liang WH", "Liang ZJ", "Liu JY", "Liu L", "Liu Y", "Luo J", "Ni ZY", "Ou CQ", "Peng P", "Peng YX", "Qiu SQ", "Shan H", "Tang CL", "Wang JL", "Wang JM", "Wang T", "Wei L", "Xiang J", "Ye CJ", "Yuen KY", "Zeng G", "Zheng ZJ", "Zhong NS", "Zhu SY"], "date": "2020-02-28", "db": "PubMed", "db_id": "32109013", "db_name": "The New England journal of medicine", "first": "Guan WJ", "last": "Zhong NS"}, "evidence": "Among the overall population, 23.7% had at least one coexisting illness (e.g., hypertension and chronic obstructive pulmonary disease).", "line": 64, "relation": "positiveCorrelation"}
path(DO:"COVID-19")	increases	p(HGNC:CRP)	{"annotations": {"Custom_Disease": {"COVID-19": true}, "Disease_Stage": {"severe": true}, "PublicationStatus": {"Published": true}, "PublicationType": {"Research": true}, "Section": {"Results": true}}, "citation": {"authors": ["Chen PY", "Chen RC", "Chen Z", "China Medical Treatment Expert Group for Covid-19.", "Du B", "Guan WJ", "He JX", "Hu Y", "Hu YH", "Hui DSC", "Lei CL", "Li G", "Li LJ", "Li SY", "Liang WH", "Liang ZJ", "Liu JY", "Liu L", "Liu Y", "Luo J", "Ni ZY", "Ou CQ", "Peng P", "Peng YX", "Qiu SQ", "Shan H", "Tang CL", "Wang JL", "Wang JM", "Wang T", "Wei L", "Xiang J", "Ye CJ", "Yuen KY", "Zeng G", "Zheng ZJ", "Zhong NS", "Zhu SY"], "date": "2020-02-28", "db": "PubMed", "db_id": "32109013", "db_name": "The New England journal of medicine", "first": "Guan WJ", "last": "Zhong NS"}, "evidence": "Most of the patients had elevated levels of C-reactive protein; less common were elevated levels of alanine aminotransferase, aspartate aminotransferase, creatine kinase, and d-dimer. Patients with severe disease had more prominent laboratory abnormalities (including lymphocytopenia and leukopenia) than those with nonsevere disease.", "line": 69, "relation": "increases"}
path(DO:"COVID-19")	increases	p(HGNC:GPT)	{"annotations": {"Custom_Disease": {"COVID-19": true}, "Disease_Stage": {"severe": true}, "PublicationStatus": {"Published": true}, "PublicationType": {"Research": true}, "Section": {"Results": true}}, "citation": {"authors": ["Chen PY", "Chen RC", "Chen Z", "China Medical Treatment Expert Group for Covid-19.", "Du B", "Guan WJ", "He JX", "Hu Y", "Hu YH", "Hui DSC", "Lei CL", "Li G", "Li LJ", "Li SY", "Liang WH", "Liang ZJ", "Liu JY", "Liu L", "Liu Y", "Luo J", "Ni ZY", "Ou CQ", "Peng P", "Peng YX", "Qiu SQ", "Shan H", "Tang CL", "Wang JL", "Wang JM", "Wang T", "Wei L", "Xiang J", "Ye CJ", "Yuen KY", "Zeng G", "Zheng ZJ", "Zhong NS", "Zhu SY"], "date": "2020-02-28", "db": "PubMed", "db_id": "32109013", "db_name": "The New England journal of medicine", "first": "Guan WJ", "last": "Zhong NS"}, "evidence": "Most of the patients had elevated levels of C-reactive protein; less common were elevated levels of alanine aminotransferase, aspartate aminotransferase, creatine kinase, and d-dimer. Patients with severe disease had more prominent laboratory abnormalities (including lymphocytopenia and leukopenia) than those with nonsevere disease.", "line": 70, "relation": "increases"}
path(DO:"COVID-19")	increases	p(HGNC:GOT1)	{"annotations": {"Custom_Disease": {"COVID-19": true}, "Disease_Stage": {"severe": true}, "PublicationStatus": {"Published": true}, "PublicationType": {"Research": true}, "Section": {"Results": true}}, "citation": {"authors": ["Chen PY", "Chen RC", "Chen Z", "China Medical Treatment Expert Group for Covid-19.", "Du B", "Guan WJ", "He JX", "Hu Y", "Hu YH", "Hui DSC", "Lei CL", "Li G", "Li LJ", "Li SY", "Liang WH", "Liang ZJ", "Liu JY", "Liu L", "Liu Y", "Luo J", "Ni ZY", "Ou CQ", "Peng P", "Peng YX", "Qiu SQ", "Shan H", "Tang CL", "Wang JL", "Wang JM", "Wang T", "Wei L", "Xiang J", "Ye CJ", "Yuen KY", "Zeng G", "Zheng ZJ", "Zhong NS", "Zhu SY"], "date": "2020-02-28", "db": "PubMed", "db_id": "32109013", "db_name": "The New England journal of medicine", "first": "Guan WJ", "last": "Zhong NS"}, "evidence": "Most of the patients had elevated levels of C-reactive protein; less common were elevated levels of alanine aminotransferase, aspartate aminotransferase, creatine kinase, and d-dimer. Patients with severe disease had more prominent laboratory abnormalities (including lymphocytopenia and leukopenia) than those with nonsevere disease.", "line": 71, "relation": "increases"}
path(DO:"COVID-19")	increases	p(HGNC:CKM)	{"annotations": {"Custom_Disease": {"COVID-19": true}, "Disease_Stage": {"severe": true}, "PublicationStatus": {"Published": true}, "PublicationType": {"Research": true}, "Section": {"Results": true}}, "citation": {"authors": ["Chen PY", "Chen RC", "Chen Z", "China Medical Treatment Expert Group for Covid-19.", "Du B", "Guan WJ", "He JX", "Hu Y", "Hu YH", "Hui DSC", "Lei CL", "Li G", "Li LJ", "Li SY", "Liang WH", "Liang ZJ", "Liu JY", "Liu L", "Liu Y", "Luo J", "Ni ZY", "Ou CQ", "Peng P", "Peng YX", "Qiu SQ", "Shan H", "Tang CL", "Wang JL", "Wang JM", "Wang T", "Wei L", "Xiang J", "Ye CJ", "Yuen KY", "Zeng G", "Zheng ZJ", "Zhong NS", "Zhu SY"], "date": "2020-02-28", "db": "PubMed", "db_id": "32109013", "db_name": "The New England journal of medicine", "first": "Guan WJ", "last": "Zhong NS"}, "evidence": "Most of the patients had elevated levels of C-reactive protein; less common were elevated levels of alanine aminotransferase, aspartate aminotransferase, creatine kinase, and d-dimer. Patients with severe disease had more prominent laboratory abnormalities (including lymphocytopenia and leukopenia) than those with nonsevere disease.", "line": 72, "relation": "increases"}
path(DO:"COVID-19")	increases	p(HGNC:CKB)	{"annotations": {"Custom_Disease": {"COVID-19": true}, "Disease_Stage": {"severe": true}, "PublicationStatus": {"Published": true}, "PublicationType": {"Research": true}, "Section": {"Results": true}}, "citation": {"authors": ["Chen PY", "Chen RC", "Chen Z", "China Medical Treatment Expert Group for Covid-19.", "Du B", "Guan WJ", "He JX", "Hu Y", "Hu YH", "Hui DSC", "Lei CL", "Li G", "Li LJ", "Li SY", "Liang WH", "Liang ZJ", "Liu JY", "Liu L", "Liu Y", "Luo J", "Ni ZY", "Ou CQ", "Peng P", "Peng YX", "Qiu SQ", "Shan H", "Tang CL", "Wang JL", "Wang JM", "Wang T", "Wei L", "Xiang J", "Ye CJ", "Yuen KY", "Zeng G", "Zheng ZJ", "Zhong NS", "Zhu SY"], "date": "2020-02-28", "db": "PubMed", "db_id": "32109013", "db_name": "The New England journal of medicine", "first": "Guan WJ", "last": "Zhong NS"}, "evidence": "Most of the patients had elevated levels of C-reactive protein; less common were elevated levels of alanine aminotransferase, aspartate aminotransferase, creatine kinase, and d-dimer. Patients with severe disease had more prominent laboratory abnormalities (including lymphocytopenia and leukopenia) than those with nonsevere disease.", "line": 73, "relation": "increases"}
path(DO:"COVID-19")	increases	path(MESH:"T-Lymphocytopenia")	{"annotations": {"Custom_Disease": {"COVID-19": true}, "Disease_Stage": {"severe": true}, "PublicationStatus": {"Published": true}, "PublicationType": {"Research": true}, "Section": {"Results": true}}, "citation": {"authors": ["Chen PY", "Chen RC", "Chen Z", "China Medical Treatment Expert Group for Covid-19.", "Du B", "Guan WJ", "He JX", "Hu Y", "Hu YH", "Hui DSC", "Lei CL", "Li G", "Li LJ", "Li SY", "Liang WH", "Liang ZJ", "Liu JY", "Liu L", "Liu Y", "Luo J", "Ni ZY", "Ou CQ", "Peng P", "Peng YX", "Qiu SQ", "Shan H", "Tang CL", "Wang JL", "Wang JM", "Wang T", "Wei L", "Xiang J", "Ye CJ", "Yuen KY", "Zeng G", "Zheng ZJ", "Zhong NS", "Zhu SY"], "date": "2020-02-28", "db": "PubMed", "db_id": "32109013", "db_name": "The New England journal of medicine", "first": "Guan WJ", "last": "Zhong NS"}, "evidence": "Most of the patients had elevated levels of C-reactive protein; less common were elevated levels of alanine aminotransferase, aspartate aminotransferase, creatine kinase, and d-dimer. Patients with severe disease had more prominent laboratory abnormalities (including lymphocytopenia and leukopenia) than those with nonsevere disease.", "line": 74, "relation": "increases"}
path(DO:"COVID-19")	increases	path(DO:leukopenia)	{"annotations": {"Custom_Disease": {"COVID-19": true}, "Disease_Stage": {"severe": true}, "PublicationStatus": {"Published": true}, "PublicationType": {"Research": true}, "Section": {"Results": true}}, "citation": {"authors": ["Chen PY", "Chen RC", "Chen Z", "China Medical Treatment Expert Group for Covid-19.", "Du B", "Guan WJ", "He JX", "Hu Y", "Hu YH", "Hui DSC", "Lei CL", "Li G", "Li LJ", "Li SY", "Liang WH", "Liang ZJ", "Liu JY", "Liu L", "Liu Y", "Luo J", "Ni ZY", "Ou CQ", "Peng P", "Peng YX", "Qiu SQ", "Shan H", "Tang CL", "Wang JL", "Wang JM", "Wang T", "Wei L", "Xiang J", "Ye CJ", "Yuen KY", "Zeng G", "Zheng ZJ", "Zhong NS", "Zhu SY"], "date": "2020-02-28", "db": "PubMed", "db_id": "32109013", "db_name": "The New England journal of medicine", "first": "Guan WJ", "last": "Zhong NS"}, "evidence": "Most of the patients had elevated levels of C-reactive protein; less common were elevated levels of alanine aminotransferase, aspartate aminotransferase, creatine kinase, and d-dimer. Patients with severe disease had more prominent laboratory abnormalities (including lymphocytopenia and leukopenia) than those with nonsevere disease.", "line": 75, "relation": "increases"}
path(DO:"COVID-19")	negativeCorrelation	a(CHEBI:glucocorticoid)	{"annotations": {"Custom_Disease": {"COVID-19": true}, "Disease_Stage": {"severe": true}, "PublicationStatus": {"Published": true}, "PublicationType": {"Research": true}, "Section": {"Results": true}}, "citation": {"authors": ["Chen PY", "Chen RC", "Chen Z", "China Medical Treatment Expert Group for Covid-19.", "Du B", "Guan WJ", "He JX", "Hu Y", "Hu YH", "Hui DSC", "Lei CL", "Li G", "Li LJ", "Li SY", "Liang WH", "Liang ZJ", "Liu JY", "Liu L", "Liu Y", "Luo J", "Ni ZY", "Ou CQ", "Peng P", "Peng YX", "Qiu SQ", "Shan H", "Tang CL", "Wang JL", "Wang JM", "Wang T", "Wei L", "Xiang J", "Ye CJ", "Yuen KY", "Zeng G", "Zheng ZJ", "Zhong NS", "Zhu SY"], "date": "2020-02-28", "db": "PubMed", "db_id": "32109013", "db_name": "The New England journal of medicine", "first": "Guan WJ", "last": "Zhong NS"}, "evidence": "Systemic glucocorticoids were given to 204 patients (18.6%), with a higher percentage among those with severe disease than nonsevere disease (44.5% vs. 13.7%).", "line": 81, "relation": "negativeCorrelation"}
path(DO:"COVID-19")	negativeCorrelation	path(MESH:"Extracorporeal Membrane Oxygenation")	{"annotations": {"Custom_Disease": {"COVID-19": true}, "Disease_Stage": {"severe": true}, "PublicationStatus": {"Published": true}, "PublicationType": {"Research": true}, "Section": {"Results": true}}, "citation": {"authors": ["Chen PY", "Chen RC", "Chen Z", "China Medical Treatment Expert Group for Covid-19.", "Du B", "Guan WJ", "He JX", "Hu Y", "Hu YH", "Hui DSC", "Lei CL", "Li G", "Li LJ", "Li SY", "Liang WH", "Liang ZJ", "Liu JY", "Liu L", "Liu Y", "Luo J", "Ni ZY", "Ou CQ", "Peng P", "Peng YX", "Qiu SQ", "Shan H", "Tang CL", "Wang JL", "Wang JM", "Wang T", "Wei L", "Xiang J", "Ye CJ", "Yuen KY", "Zeng G", "Zheng ZJ", "Zhong NS", "Zhu SY"], "date": "2020-02-28", "db": "PubMed", "db_id": "32109013", "db_name": "The New England journal of medicine", "first": "Guan WJ", "last": "Zhong NS"}, "evidence": "Extracorporeal membrane oxygenation was performed in 5 patients (0.5%) with severe disease.", "line": 87, "relation": "negativeCorrelation"}
path(DO:"COVID-19")	increases	path(DO:pneumonia)	{"annotations": {"Custom_Disease": {"COVID-19": true}, "PublicationStatus": {"Published": true}, "PublicationType": {"Research": true}, "Section": {"Results": true}}, "citation": {"authors": ["Chen PY", "Chen RC", "Chen Z", "China Medical Treatment Expert Group for Covid-19.", "Du B", "Guan WJ", "He JX", "Hu Y", "Hu YH", "Hui DSC", "Lei CL", "Li G", "Li LJ", "Li SY", "Liang WH", "Liang ZJ", "Liu JY", "Liu L", "Liu Y", "Luo J", "Ni ZY", "Ou CQ", "Peng P", "Peng YX", "Qiu SQ", "Shan H", "Tang CL", "Wang JL", "Wang JM", "Wang T", "Wei L", "Xiang J", "Ye CJ", "Yuen KY", "Zeng G", "Zheng ZJ", "Zhong NS", "Zhu SY"], "date": "2020-02-28", "db": "PubMed", "db_id": "32109013", "db_name": "The New England journal of medicine", "first": "Guan WJ", "last": "Zhong NS"}, "evidence": "Patients with severe disease had a higher incidence of physician-diagnosed pneumonia than those with nonsevere disease (99.4% vs. 89.5%).", "line": 91, "relation": "increases"}
path(DO:"chronic obstructive pulmonary disease")	positiveCorrelation	path(DO:"COVID-19")	{"annotations": {"Custom_Disease": {"COVID-19": true}, "PublicationStatus": {"Published": true}, "PublicationType": {"Research": true}, "Section": {"Results": true}}, "citation": {"authors": ["Chen PY", "Chen RC", "Chen Z", "China Medical Treatment Expert Group for Covid-19.", "Du B", "Guan WJ", "He JX", "Hu Y", "Hu YH", "Hui DSC", "Lei CL", "Li G", "Li LJ", "Li SY", "Liang WH", "Liang ZJ", "Liu JY", "Liu L", "Liu Y", "Luo J", "Ni ZY", "Ou CQ", "Peng P", "Peng YX", "Qiu SQ", "Shan H", "Tang CL", "Wang JL", "Wang JM", "Wang T", "Wei L", "Xiang J", "Ye CJ", "Yuen KY", "Zeng G", "Zheng ZJ", "Zhong NS", "Zhu SY"], "date": "2020-02-28", "db": "PubMed", "db_id": "32109013", "db_name": "The New England journal of medicine", "first": "Guan WJ", "last": "Zhong NS"}, "evidence": "Among the overall population, 23.7% had at least one coexisting illness (e.g., hypertension and chronic obstructive pulmonary disease).", "line": 64, "relation": "positiveCorrelation"}
path(DO:diarrhea)	positiveCorrelation	path(DO:"COVID-19")	{"annotations": {"Custom_Disease": {"COVID-19": true}, "PublicationStatus": {"Published": true}, "PublicationType": {"Research": true}, "Section": {"Results": true}}, "citation": {"authors": ["Chen PY", "Chen RC", "Chen Z", "China Medical Treatment Expert Group for Covid-19.", "Du B", "Guan WJ", "He JX", "Hu Y", "Hu YH", "Hui DSC", "Lei CL", "Li G", "Li LJ", "Li SY", "Liang WH", "Liang ZJ", "Liu JY", "Liu L", "Liu Y", "Luo J", "Ni ZY", "Ou CQ", "Peng P", "Peng YX", "Qiu SQ", "Shan H", "Tang CL", "Wang JL", "Wang JM", "Wang T", "Wei L", "Xiang J", "Ye CJ", "Yuen KY", "Zeng G", "Zheng ZJ", "Zhong NS", "Zhu SY"], "date": "2020-02-28", "db": "PubMed", "db_id": "32109013", "db_name": "The New England journal of medicine", "first": "Guan WJ", "last": "Zhong NS"}, "evidence": "The second most common symptom was cough (67.8%); nausea or vomiting (5.0%) and diarrhea (3.8%) were uncommon.", "line": 59, "relation": "positiveCorrelation"}
path(DO:hypertension)	positiveCorrelation	path(DO:"COVID-19")	{"annotations": {"Custom_Disease": {"COVID-19": true}, "PublicationStatus": {"Published": true}, "PublicationType": {"Research": true}, "Section": {"Results": true}}, "citation": {"authors": ["Chen PY", "Chen RC", "Chen Z", "China Medical Treatment Expert Group for Covid-19.", "Du B", "Guan WJ", "He JX", "Hu Y", "Hu YH", "Hui DSC", "Lei CL", "Li G", "Li LJ", "Li SY", "Liang WH", "Liang ZJ", "Liu JY", "Liu L", "Liu Y", "Luo J", "Ni ZY", "Ou CQ", "Peng P", "Peng YX", "Qiu SQ", "Shan H", "Tang CL", "Wang JL", "Wang JM", "Wang T", "Wei L", "Xiang J", "Ye CJ", "Yuen KY", "Zeng G", "Zheng ZJ", "Zhong NS", "Zhu SY"], "date": "2020-02-28", "db": "PubMed", "db_id": "32109013", "db_name": "The New England journal of medicine", "first": "Guan WJ", "last": "Zhong NS"}, "evidence": "Among the overall population, 23.7% had at least one coexisting illness (e.g., hypertension and chronic obstructive pulmonary disease).", "line": 63, "relation": "positiveCorrelation"}
path(MESH:"Extracorporeal Membrane Oxygenation")	negativeCorrelation	path(DO:"COVID-19")	{"annotations": {"Custom_Disease": {"COVID-19": true}, "Disease_Stage": {"severe": true}, "PublicationStatus": {"Published": true}, "PublicationType": {"Research": true}, "Section": {"Results": true}}, "citation": {"authors": ["Chen PY", "Chen RC", "Chen Z", "China Medical Treatment Expert Group for Covid-19.", "Du B", "Guan WJ", "He JX", "Hu Y", "Hu YH", "Hui DSC", "Lei CL", "Li G", "Li LJ", "Li SY", "Liang WH", "Liang ZJ", "Liu JY", "Liu L", "Liu Y", "Luo J", "Ni ZY", "Ou CQ", "Peng P", "Peng YX", "Qiu SQ", "Shan H", "Tang CL", "Wang JL", "Wang JM", "Wang T", "Wei L", "Xiang J", "Ye CJ", "Yuen KY", "Zeng G", "Zheng ZJ", "Zhong NS", "Zhu SY"], "date": "2020-02-28", "db": "PubMed", "db_id": "32109013", "db_name": "The New England journal of medicine", "first": "Guan WJ", "last": "Zhong NS"}, "evidence": "Extracorporeal membrane oxygenation was performed in 5 patients (0.5%) with severe disease.", "line": 87, "relation": "negativeCorrelation"}
path(MESH:Cough)	positiveCorrelation	path(DO:"COVID-19")	{"annotations": {"Custom_Disease": {"COVID-19": true}, "PublicationStatus": {"Published": true}, "PublicationType": {"Research": true}, "Section": {"Results": true}}, "citation": {"authors": ["Chen PY", "Chen RC", "Chen Z", "China Medical Treatment Expert Group for Covid-19.", "Du B", "Guan WJ", "He JX", "Hu Y", "Hu YH", "Hui DSC", "Lei CL", "Li G", "Li LJ", "Li SY", "Liang WH", "Liang ZJ", "Liu JY", "Liu L", "Liu Y", "Luo J", "Ni ZY", "Ou CQ", "Peng P", "Peng YX", "Qiu SQ", "Shan H", "Tang CL", "Wang JL", "Wang JM", "Wang T", "Wei L", "Xiang J", "Ye CJ", "Yuen KY", "Zeng G", "Zheng ZJ", "Zhong NS", "Zhu SY"], "date": "2020-02-28", "db": "PubMed", "db_id": "32109013", "db_name": "The New England journal of medicine", "first": "Guan WJ", "last": "Zhong NS"}, "evidence": "The second most common symptom was cough (67.8%); nausea or vomiting (5.0%) and diarrhea (3.8%) were uncommon.", "line": 55, "relation": "positiveCorrelation"}
path(MESH:Fever)	positiveCorrelation	path(DO:"COVID-19")	{"annotations": {"Custom_Disease": {"COVID-19": true}, "PublicationStatus": {"Published": true}, "PublicationType": {"Research": true}, "Section": {"Results": true}}, "citation": {"authors": ["Chen PY", "Chen RC", "Chen Z", "China Medical Treatment Expert Group for Covid-19.", "Du B", "Guan WJ", "He JX", "Hu Y", "Hu YH", "Hui DSC", "Lei CL", "Li G", "Li LJ", "Li SY", "Liang WH", "Liang ZJ", "Liu JY", "Liu L", "Liu Y", "Luo J", "Ni ZY", "Ou CQ", "Peng P", "Peng YX", "Qiu SQ", "Shan H", "Tang CL", "Wang JL", "Wang JM", "Wang T", "Wei L", "Xiang J", "Ye CJ", "Yuen KY", "Zeng G", "Zheng ZJ", "Zhong NS", "Zhu SY"], "date": "2020-02-28", "db": "PubMed", "db_id": "32109013", "db_name": "The New England journal of medicine", "first": "Guan WJ", "last": "Zhong NS"}, "evidence": "Fever was present in 43.8% of the patients on admission but developed in 88.7% during hospitalization.", "line": 51, "relation": "positiveCorrelation"}
path(MESH:Nausea)	positiveCorrelation	path(DO:"COVID-19")	{"annotations": {"Custom_Disease": {"COVID-19": true}, "PublicationStatus": {"Published": true}, "PublicationType": {"Research": true}, "Section": {"Results": true}}, "citation": {"authors": ["Chen PY", "Chen RC", "Chen Z", "China Medical Treatment Expert Group for Covid-19.", "Du B", "Guan WJ", "He JX", "Hu Y", "Hu YH", "Hui DSC", "Lei CL", "Li G", "Li LJ", "Li SY", "Liang WH", "Liang ZJ", "Liu JY", "Liu L", "Liu Y", "Luo J", "Ni ZY", "Ou CQ", "Peng P", "Peng YX", "Qiu SQ", "Shan H", "Tang CL", "Wang JL", "Wang JM", "Wang T", "Wei L", "Xiang J", "Ye CJ", "Yuen KY", "Zeng G", "Zheng ZJ", "Zhong NS", "Zhu SY"], "date": "2020-02-28", "db": "PubMed", "db_id": "32109013", "db_name": "The New England journal of medicine", "first": "Guan WJ", "last": "Zhong NS"}, "evidence": "The second most common symptom was cough (67.8%); nausea or vomiting (5.0%) and diarrhea (3.8%) were uncommon.", "line": 57, "relation": "positiveCorrelation"}
path(MESH:Vomiting)	positiveCorrelation	path(DO:"COVID-19")	{"annotations": {"Custom_Disease": {"COVID-19": true}, "PublicationStatus": {"Published": true}, "PublicationType": {"Research": true}, "Section": {"Results": true}}, "citation": {"authors": ["Chen PY", "Chen RC", "Chen Z", "China Medical Treatment Expert Group for Covid-19.", "Du B", "Guan WJ", "He JX", "Hu Y", "Hu YH", "Hui DSC", "Lei CL", "Li G", "Li LJ", "Li SY", "Liang WH", "Liang ZJ", "Liu JY", "Liu L", "Liu Y", "Luo J", "Ni ZY", "Ou CQ", "Peng P", "Peng YX", "Qiu SQ", "Shan H", "Tang CL", "Wang JL", "Wang JM", "Wang T", "Wei L", "Xiang J", "Ye CJ", "Yuen KY", "Zeng G", "Zheng ZJ", "Zhong NS", "Zhu SY"], "date": "2020-02-28", "db": "PubMed", "db_id": "32109013", "db_name": "The New England journal of medicine", "first": "Guan WJ", "last": "Zhong NS"}, "evidence": "The second most common symptom was cough (67.8%); nausea or vomiting (5.0%) and diarrhea (3.8%) were uncommon.", "line": 58, "relation": "positiveCorrelation"}
