bp(GO:"viral entry into host cell")	increases	path(EFO:pathogenicity)	{"annotations": {"Custom_Disease": {"COVID-19": true}, "PublicationStatus": {"Published": true}, "PublicationType": {"Correspondence": true}, "Section": {"Full Text": true}}, "citation": {"authors": ["Song L", "Zheng M"], "date": "2020-03-04", "db": "PubMed", "db_id": "32132669", "db_name": "Cellular &amp; molecular immunology", "first": "Zheng M", "last": "Song L"}, "evidence": "Moreover, another study found that the spike RBD of SARS-CoV-2 bound potently to angiotensin-converting enzyme 2 (ACE2), the host cell receptor of SARS-CoV.5", "line": 94, "relation": "increases"}
complex(p(COVID:S, frag("?")), p(HGNC:ACE2))	increases	bp(GO:"viral entry into host cell")	{"annotations": {"Custom_Disease": {"COVID-19": true}, "PublicationStatus": {"Published": true}, "PublicationType": {"Correspondence": true}, "Section": {"Full Text": true}}, "citation": {"authors": ["Song L", "Zheng M"], "date": "2020-03-04", "db": "PubMed", "db_id": "32132669", "db_name": "Cellular &amp; molecular immunology", "first": "Zheng M", "last": "Song L"}, "evidence": "Moreover, another study found that the spike RBD of SARS-CoV-2 bound potently to angiotensin-converting enzyme 2 (ACE2), the host cell receptor of SARS-CoV.5", "line": 93, "relation": "increases"}
complex(p(COVID:S, frag("?")), p(HGNC:ACE2))	increases	path(MESH:Virulence)	{"annotations": {"Custom_Disease": {"COVID-19": true}, "PublicationStatus": {"Published": true}, "PublicationType": {"Correspondence": true}, "Section": {"Full Text": true}}, "citation": {"authors": ["Song L", "Zheng M"], "date": "2020-03-04", "db": "PubMed", "db_id": "32132669", "db_name": "Cellular &amp; molecular immunology", "first": "Zheng M", "last": "Song L"}, "evidence": "We discovered that the SARS-CoV-2 spike RBD was in the interaction interface with ACE2 (Fig. 1p).", "line": 99, "relation": "increases"}
complex(p(COVID:S, frag("?")), p(HGNC:ACE2))	increases	path(EFO:pathogenicity)	{"annotations": {"Custom_Disease": {"COVID-19": true}, "PublicationStatus": {"Published": true}, "PublicationType": {"Correspondence": true}, "Section": {"Full Text": true}}, "citation": {"authors": ["Song L", "Zheng M"], "date": "2020-03-04", "db": "PubMed", "db_id": "32132669", "db_name": "Cellular &amp; molecular immunology", "first": "Zheng M", "last": "Song L"}, "evidence": "We discovered that the SARS-CoV-2 spike RBD was in the interaction interface with ACE2 (Fig. 1p).", "line": 100, "relation": "increases"}
p(COVID:S, frag("?"))	partOf	complex(p(COVID:S, frag("?")), p(HGNC:ACE2))	{"relation": "partOf"}
p(COVID:S, frag("?"))	increases	bp(GO:"receptor binding")	{"annotations": {"Custom_Disease": {"COVID-19": true}, "PublicationStatus": {"Published": true}, "PublicationType": {"Correspondence": true}, "Section": {"Full Text": true}}, "citation": {"authors": ["Song L", "Zheng M"], "date": "2020-03-04", "db": "PubMed", "db_id": "32132669", "db_name": "Cellular &amp; molecular immunology", "first": "Zheng M", "last": "Song L"}, "evidence": "Among the structural proteins of coronavirus, the spike glycoprotein contains receptor-binding domain (RBD) to mediate coronavirus entering host cells, which makes spike protein the primary antigenic target of neutralizing antibody and vaccine.5", "line": 86, "relation": "increases"}
p(COVID:S, frag("?"))	increases	bp(GO:"viral entry into host cell")	{"annotations": {"Custom_Disease": {"COVID-19": true}, "PublicationStatus": {"Published": true}, "PublicationType": {"Correspondence": true}, "Section": {"Full Text": true}}, "citation": {"authors": ["Song L", "Zheng M"], "date": "2020-03-04", "db": "PubMed", "db_id": "32132669", "db_name": "Cellular &amp; molecular immunology", "first": "Zheng M", "last": "Song L"}, "evidence": "Among the structural proteins of coronavirus, the spike glycoprotein contains receptor-binding domain (RBD) to mediate coronavirus entering host cells, which makes spike protein the primary antigenic target of neutralizing antibody and vaccine.5", "line": 87, "relation": "increases"}
p(COVID:S)	hasVariant	p(COVID:S, frag("?"))	{"relation": "hasVariant"}
p(HGNC:ACE2)	partOf	complex(p(COVID:S, frag("?")), p(HGNC:ACE2))	{"relation": "partOf"}
