a(CHEBI:"ammonium chloride")	decreases	complex(a(MESH:"G protein, vesicular stomatitis virus"), p(HGNC:TMPRSS2))	{"annotations": {"CellLine": {"Caco-2 cell": true}, "Custom_CellLine": {"TMPRSS2-293T cells": true}, "PublicationStatus": {"Published": true}, "PublicationType": {"Research": true}, "Section": {"Results": true}}, "citation": {"authors": ["Drosten C", "Erichsen S", "Herrler G", "Herrler T", "Hoffmann M", "Kleine-Weber H", "Kr\u00fcger N", "M\u00fcller MA", "Nitsche A", "P\u00f6hlmann S", "Schiergens TS", "Schroeder S", "Wu NH"], "date": "2020-03-04", "db": "PubMed", "db_id": "32142651", "db_name": "Cell", "first": "Hoffmann M", "last": "P\u00f6hlmann S"}, "evidence": "Ammonium chloride blocked VSV-G-dependent entry into both cell lines whereas entry driven by Nipah virus F and G proteins was not affected (Figure S3A; data not shown), consistent with Nipah virus but not VSV being able to fuse directly with the plasma membrane (Bossart et al., 2002).", "line": 77, "relation": "decreases"}
a(CHEBI:"ammonium chloride")	decreases	complex(p(COVID:S), p(HGNC:ACE2))	{"annotations": {"Custom_CellLine": {"TMPRSS2-293T cells": true}, "PublicationStatus": {"Published": true}, "PublicationType": {"Research": true}, "Section": {"Results": true}}, "citation": {"authors": ["Drosten C", "Erichsen S", "Herrler G", "Herrler T", "Hoffmann M", "Kleine-Weber H", "Kr\u00fcger N", "M\u00fcller MA", "Nitsche A", "P\u00f6hlmann S", "Schiergens TS", "Schroeder S", "Wu NH"], "date": "2020-03-04", "db": "PubMed", "db_id": "32142651", "db_name": "Cell", "first": "Hoffmann M", "last": "P\u00f6hlmann S"}, "evidence": "Ammonium chloride treatment strongly inhibited SARS-2-S- and SARS-S- driven entry into TMPRSS2-293T cells (Figure S3 A), suggesting CatB/L dependence.", "line": 86, "relation": "decreases"}
a(CHEBI:"ammonium chloride")	decreases	complex(a(UNIPROT:P59594), p(HGNC:ACE2))	{"annotations": {"Custom_CellLine": {"TMPRSS2-293T cells": true}, "PublicationStatus": {"Published": true}, "PublicationType": {"Research": true}, "Section": {"Results": true}}, "citation": {"authors": ["Drosten C", "Erichsen S", "Herrler G", "Herrler T", "Hoffmann M", "Kleine-Weber H", "Kr\u00fcger N", "M\u00fcller MA", "Nitsche A", "P\u00f6hlmann S", "Schiergens TS", "Schroeder S", "Wu NH"], "date": "2020-03-04", "db": "PubMed", "db_id": "32142651", "db_name": "Cell", "first": "Hoffmann M", "last": "P\u00f6hlmann S"}, "evidence": "Ammonium chloride treatment strongly inhibited SARS-2-S- and SARS-S- driven entry into TMPRSS2-293T cells (Figure S3 A), suggesting CatB/L dependence.", "line": 87, "relation": "decreases"}
a(CHEBI:aloxistatin)	decreases	act(p(HGNC:CTSB))	{"annotations": {"Custom_CellLine": {"Vero-TMPRSS2 cells": true}, "PublicationStatus": {"Published": true}, "PublicationType": {"Research": true}, "Section": {"Results": true}}, "citation": {"authors": ["Drosten C", "Erichsen S", "Herrler G", "Herrler T", "Hoffmann M", "Kleine-Weber H", "Kr\u00fcger N", "M\u00fcller MA", "Nitsche A", "P\u00f6hlmann S", "Schiergens TS", "Schroeder S", "Wu NH"], "date": "2020-03-04", "db": "PubMed", "db_id": "32142651", "db_name": "Cell", "first": "Hoffmann M", "last": "P\u00f6hlmann S"}, "evidence": "Full inhibition was attained when camostat mesylate and E-64d, an inhibitor of CatB/L, were added (Figure 4A; Figure S3B), indicating that SARS-2-S can use both CatB/L as well as TMPRSS2 for priming in these cell lines.", "line": 110, "object": {"modifier": "Activity"}, "relation": "decreases"}
a(CHEBI:aloxistatin)	decreases	act(p(HGNC:CTSL))	{"annotations": {"Custom_CellLine": {"Vero-TMPRSS2 cells": true}, "PublicationStatus": {"Published": true}, "PublicationType": {"Research": true}, "Section": {"Results": true}}, "citation": {"authors": ["Drosten C", "Erichsen S", "Herrler G", "Herrler T", "Hoffmann M", "Kleine-Weber H", "Kr\u00fcger N", "M\u00fcller MA", "Nitsche A", "P\u00f6hlmann S", "Schiergens TS", "Schroeder S", "Wu NH"], "date": "2020-03-04", "db": "PubMed", "db_id": "32142651", "db_name": "Cell", "first": "Hoffmann M", "last": "P\u00f6hlmann S"}, "evidence": "Full inhibition was attained when camostat mesylate and E-64d, an inhibitor of CatB/L, were added (Figure 4A; Figure S3B), indicating that SARS-2-S can use both CatB/L as well as TMPRSS2 for priming in these cell lines.", "line": 111, "object": {"modifier": "Activity"}, "relation": "decreases"}
a(CHEBI:camostat)	partOf	complex(a(CHEBI:camostat), p(HGNC:TMPRSS2))	{"relation": "partOf"}
a(CHEBI:camostat)	decreases	act(p(HGNC:TMPRSS2))	{"annotations": {"CellLine": {"Caco-2 cell": true}, "Custom_CellLine": {"Vero-TMPRSS2 cells": true}, "PublicationStatus": {"Published": true}, "PublicationType": {"Research": true}, "Section": {"Results": true}}, "citation": {"authors": ["Drosten C", "Erichsen S", "Herrler G", "Herrler T", "Hoffmann M", "Kleine-Weber H", "Kr\u00fcger N", "M\u00fcller MA", "Nitsche A", "P\u00f6hlmann S", "Schiergens TS", "Schroeder S", "Wu NH"], "date": "2020-03-04", "db": "PubMed", "db_id": "32142651", "db_name": "Cell", "first": "Hoffmann M", "last": "P\u00f6hlmann S"}, "evidence": "Indeed, the clinically proven serine protease inhibitor camostat mesylate, which is active against TMPRSS2 (Kawase et al., 2012), partially blocked SARS-2-S-driven entry into Caco-2 (Figure S3 B) and Vero-TMPRSS2 cells (Figure 4A).", "line": 97, "object": {"modifier": "Activity"}, "relation": "decreases"}
a(CHEBI:camostat)	decreases	act(p(HGNC:CTSB))	{"annotations": {"Custom_CellLine": {"Vero-TMPRSS2 cells": true}, "PublicationStatus": {"Published": true}, "PublicationType": {"Research": true}, "Section": {"Results": true}}, "citation": {"authors": ["Drosten C", "Erichsen S", "Herrler G", "Herrler T", "Hoffmann M", "Kleine-Weber H", "Kr\u00fcger N", "M\u00fcller MA", "Nitsche A", "P\u00f6hlmann S", "Schiergens TS", "Schroeder S", "Wu NH"], "date": "2020-03-04", "db": "PubMed", "db_id": "32142651", "db_name": "Cell", "first": "Hoffmann M", "last": "P\u00f6hlmann S"}, "evidence": "Full inhibition was attained when camostat mesylate and E-64d, an inhibitor of CatB/L, were added (Figure 4A; Figure S3B), indicating that SARS-2-S can use both CatB/L as well as TMPRSS2 for priming in these cell lines.", "line": 108, "object": {"modifier": "Activity"}, "relation": "decreases"}
a(CHEBI:camostat)	decreases	act(p(HGNC:CTSL))	{"annotations": {"Custom_CellLine": {"Vero-TMPRSS2 cells": true}, "PublicationStatus": {"Published": true}, "PublicationType": {"Research": true}, "Section": {"Results": true}}, "citation": {"authors": ["Drosten C", "Erichsen S", "Herrler G", "Herrler T", "Hoffmann M", "Kleine-Weber H", "Kr\u00fcger N", "M\u00fcller MA", "Nitsche A", "P\u00f6hlmann S", "Schiergens TS", "Schroeder S", "Wu NH"], "date": "2020-03-04", "db": "PubMed", "db_id": "32142651", "db_name": "Cell", "first": "Hoffmann M", "last": "P\u00f6hlmann S"}, "evidence": "Full inhibition was attained when camostat mesylate and E-64d, an inhibitor of CatB/L, were added (Figure 4A; Figure S3B), indicating that SARS-2-S can use both CatB/L as well as TMPRSS2 for priming in these cell lines.", "line": 109, "object": {"modifier": "Activity"}, "relation": "decreases"}
a(CHEBI:camostat)	decreases	a(UNIPROT:P59594)	{"annotations": {"CellLine": {"Calu-3 cell": true}, "PublicationStatus": {"Published": true}, "PublicationType": {"Research": true}, "Section": {"Results": true}}, "citation": {"authors": ["Drosten C", "Erichsen S", "Herrler G", "Herrler T", "Hoffmann M", "Kleine-Weber H", "Kr\u00fcger N", "M\u00fcller MA", "Nitsche A", "P\u00f6hlmann S", "Schiergens TS", "Schroeder S", "Wu NH"], "date": "2020-03-04", "db": "PubMed", "db_id": "32142651", "db_name": "Cell", "first": "Hoffmann M", "last": "P\u00f6hlmann S"}, "evidence": "Indeed, camostat mesylate significantly reduced MERS-S-, SARS-S-, and SARS-2-S- but not VSV-G-driven entry into the lung cell line Calu-3 (Figure 4C) and exerted no unwanted cytotoxic effects (Figure S3 C).", "line": 122, "relation": "decreases"}
a(CHEBI:camostat)	decreases	a(UNIPROT:P59594)	{"annotations": {"CellLine": {"Calu-3 cell": true}, "PublicationStatus": {"Published": true}, "PublicationType": {"Research": true}, "Section": {"Results": true}}, "citation": {"authors": ["Drosten C", "Erichsen S", "Herrler G", "Herrler T", "Hoffmann M", "Kleine-Weber H", "Kr\u00fcger N", "M\u00fcller MA", "Nitsche A", "P\u00f6hlmann S", "Schiergens TS", "Schroeder S", "Wu NH"], "date": "2020-03-04", "db": "PubMed", "db_id": "32142651", "db_name": "Cell", "first": "Hoffmann M", "last": "P\u00f6hlmann S"}, "evidence": "Finally, camostat mesylate treatment inhibited SARS-S- and SARS-2-S- but not VSV-G-driven entry into primary human lung cells (Figure 4E).", "line": 138, "relation": "decreases"}
a(CHEBI:camostat)	decreases	p(COVID:S)	{"annotations": {"CellLine": {"Calu-3 cell": true}, "PublicationStatus": {"Published": true}, "PublicationType": {"Research": true}, "Section": {"Results": true}}, "citation": {"authors": ["Drosten C", "Erichsen S", "Herrler G", "Herrler T", "Hoffmann M", "Kleine-Weber H", "Kr\u00fcger N", "M\u00fcller MA", "Nitsche A", "P\u00f6hlmann S", "Schiergens TS", "Schroeder S", "Wu NH"], "date": "2020-03-04", "db": "PubMed", "db_id": "32142651", "db_name": "Cell", "first": "Hoffmann M", "last": "P\u00f6hlmann S"}, "evidence": "Indeed, camostat mesylate significantly reduced MERS-S-, SARS-S-, and SARS-2-S- but not VSV-G-driven entry into the lung cell line Calu-3 (Figure 4C) and exerted no unwanted cytotoxic effects (Figure S3 C).", "line": 123, "relation": "decreases"}
a(CHEBI:camostat)	decreases	p(COVID:S)	{"annotations": {"CellLine": {"Calu-3 cell": true}, "PublicationStatus": {"Published": true}, "PublicationType": {"Research": true}, "Section": {"Results": true}}, "citation": {"authors": ["Drosten C", "Erichsen S", "Herrler G", "Herrler T", "Hoffmann M", "Kleine-Weber H", "Kr\u00fcger N", "M\u00fcller MA", "Nitsche A", "P\u00f6hlmann S", "Schiergens TS", "Schroeder S", "Wu NH"], "date": "2020-03-04", "db": "PubMed", "db_id": "32142651", "db_name": "Cell", "first": "Hoffmann M", "last": "P\u00f6hlmann S"}, "evidence": "Finally, camostat mesylate treatment inhibited SARS-S- and SARS-2-S- but not VSV-G-driven entry into primary human lung cells (Figure 4E).", "line": 137, "relation": "decreases"}
a(CHEBI:camostat)	decreases	path(DO:"COVID-19")	{"annotations": {"CellLine": {"Calu-3 cell": true}, "PublicationStatus": {"Published": true}, "PublicationType": {"Research": true}, "Section": {"Results": true}}, "citation": {"authors": ["Drosten C", "Erichsen S", "Herrler G", "Herrler T", "Hoffmann M", "Kleine-Weber H", "Kr\u00fcger N", "M\u00fcller MA", "Nitsche A", "P\u00f6hlmann S", "Schiergens TS", "Schroeder S", "Wu NH"], "date": "2020-03-04", "db": "PubMed", "db_id": "32142651", "db_name": "Cell", "first": "Hoffmann M", "last": "P\u00f6hlmann S"}, "evidence": "Similarly, camostat mesylate treatment significantly reduced Calu-3 infection with authentic SARS-CoV-2 (Figure 4D).", "line": 130, "relation": "decreases"}
a(CHEBI:camostat)	decreases	path(DO:"COVID-19")	{"annotations": {"CellLine": {"Calu-3 cell": true}, "PublicationStatus": {"Published": true}, "PublicationType": {"Research": true}, "Section": {"Results": true}}, "citation": {"authors": ["Drosten C", "Erichsen S", "Herrler G", "Herrler T", "Hoffmann M", "Kleine-Weber H", "Kr\u00fcger N", "M\u00fcller MA", "Nitsche A", "P\u00f6hlmann S", "Schiergens TS", "Schroeder S", "Wu NH"], "date": "2020-03-04", "db": "PubMed", "db_id": "32142651", "db_name": "Cell", "first": "Hoffmann M", "last": "P\u00f6hlmann S"}, "evidence": "Collectively, SARS-CoV-2 can use TMPRSS2 for S protein priming and camostat mesylate, an inhibitor of TMPRSS2, blocks SARS-CoV-2 infection of lung cells.", "line": 147, "relation": "decreases"}
a(MESH:"G protein, vesicular stomatitis virus")	partOf	complex(a(MESH:"G protein, vesicular stomatitis virus"), p(HGNC:TMPRSS2))	{"relation": "partOf"}
a(MESH:"Middle East Respiratory Syndrome Coronavirus")	partOf	complex(a(MESH:"Middle East Respiratory Syndrome Coronavirus"), p(HGNC:DPP4))	{"relation": "partOf"}
a(TAX:"Human coronavirus 229E")	partOf	complex(a(TAX:"Human coronavirus 229E"), p(HGNC:ANPEP))	{"relation": "partOf"}
a(TAX:"Severe acute respiratory syndrome coronavirus 2")	association	p(COVID:S)	{"annotations": {"CellLine": {"BHK-21 cell": true}, "PublicationStatus": {"Published": true}, "PublicationType": {"Research": true}, "Section": {"Results": true}}, "citation": {"authors": ["Drosten C", "Erichsen S", "Herrler G", "Herrler T", "Hoffmann M", "Kleine-Weber H", "Kr\u00fcger N", "M\u00fcller MA", "Nitsche A", "P\u00f6hlmann S", "Schiergens TS", "Schroeder S", "Wu NH"], "date": "2020-03-04", "db": "PubMed", "db_id": "32142651", "db_name": "Cell", "first": "Hoffmann M", "last": "P\u00f6hlmann S"}, "evidence": "In agreement with these findings, directed expression of human and bat (Rhinolophus alcyone) ACE2 but not human DPP4, the entry receptor used by MERS-CoV (Raj et al., 2013), or human APN, the entry receptor used by HCoV-229E (Yeager et al.,1992), allowed SARS-2-S- and SARS-S-driven entry into otherwise non-susceptible BHK-21 cells (Figure 3A).", "line": 57, "relation": "association"}
a(UNIPROT:P59594)	partOf	complex(a(UNIPROT:P59594), p(HGNC:ACE2))	{"relation": "partOf"}
a(UNIPROT:P59594)	positiveCorrelation	act(p(HGNC:ACE2))	{"annotations": {"CellLine": {"Vero cell": true}, "PublicationStatus": {"Published": true}, "PublicationType": {"Research": true}, "Section": {"Results": true}}, "citation": {"authors": ["Drosten C", "Erichsen S", "Herrler G", "Herrler T", "Hoffmann M", "Kleine-Weber H", "Kr\u00fcger N", "M\u00fcller MA", "Nitsche A", "P\u00f6hlmann S", "Schiergens TS", "Schroeder S", "Wu NH"], "date": "2020-03-04", "db": "PubMed", "db_id": "32142651", "db_name": "Cell", "first": "Hoffmann M", "last": "P\u00f6hlmann S"}, "evidence": "Moreover, antiserum raised against human ACE2 blocked SARS-S- and SARS-2-S- but not VSV-G- or MERS-S-driven entry (Figure 3B).", "line": 65, "object": {"modifier": "Activity"}, "relation": "positiveCorrelation"}
complex(a(CHEBI:camostat), p(HGNC:TMPRSS2))	decreases	p(COVID:S)	{"annotations": {"CellLine": {"Caco-2 cell": true}, "Custom_CellLine": {"Vero-TMPRSS2 cells": true}, "PublicationStatus": {"Published": true}, "PublicationType": {"Research": true}, "Section": {"Results": true}}, "citation": {"authors": ["Drosten C", "Erichsen S", "Herrler G", "Herrler T", "Hoffmann M", "Kleine-Weber H", "Kr\u00fcger N", "M\u00fcller MA", "Nitsche A", "P\u00f6hlmann S", "Schiergens TS", "Schroeder S", "Wu NH"], "date": "2020-03-04", "db": "PubMed", "db_id": "32142651", "db_name": "Cell", "first": "Hoffmann M", "last": "P\u00f6hlmann S"}, "evidence": "Indeed, the clinically proven serine protease inhibitor camostat mesylate, which is active against TMPRSS2 (Kawase et al., 2012), partially blocked SARS-2-S-driven entry into Caco-2 (Figure S3 B) and Vero-TMPRSS2 cells (Figure 4A).", "line": 98, "relation": "decreases"}
p(HGNC:TMPRSS2)	partOf	complex(a(CHEBI:camostat), p(HGNC:TMPRSS2))	{"relation": "partOf"}
p(HGNC:TMPRSS2)	partOf	complex(a(MESH:"G protein, vesicular stomatitis virus"), p(HGNC:TMPRSS2))	{"relation": "partOf"}
p(HGNC:TMPRSS2)	partOf	complex(p(COVID:S), p(HGNC:TMPRSS2))	{"relation": "partOf"}
complex(a(MESH:"Middle East Respiratory Syndrome Coronavirus"), p(HGNC:DPP4))	regulates	a(MESH:"Middle East Respiratory Syndrome Coronavirus")	{"annotations": {"CellLine": {"BHK-21 cell": true}, "PublicationStatus": {"Published": true}, "PublicationType": {"Research": true}, "Section": {"Results": true}}, "citation": {"authors": ["Drosten C", "Erichsen S", "Herrler G", "Herrler T", "Hoffmann M", "Kleine-Weber H", "Kr\u00fcger N", "M\u00fcller MA", "Nitsche A", "P\u00f6hlmann S", "Schiergens TS", "Schroeder S", "Wu NH"], "date": "2020-03-04", "db": "PubMed", "db_id": "32142651", "db_name": "Cell", "first": "Hoffmann M", "last": "P\u00f6hlmann S"}, "evidence": "In agreement with these findings, directed expression of human and bat (Rhinolophus alcyone) ACE2 but not human DPP4, the entry receptor used by MERS-CoV (Raj et al., 2013), or human APN, the entry receptor used by HCoV-229E (Yeager et al.,1992), allowed SARS-2-S- and SARS-S-driven entry into otherwise non-susceptible BHK-21 cells (Figure 3A).", "line": 54, "relation": "regulates"}
p(HGNC:DPP4)	partOf	complex(a(MESH:"Middle East Respiratory Syndrome Coronavirus"), p(HGNC:DPP4))	{"relation": "partOf"}
complex(a(TAX:"Human coronavirus 229E"), p(HGNC:ANPEP))	regulates	a(TAX:"Human coronavirus 229E")	{"annotations": {"CellLine": {"BHK-21 cell": true}, "PublicationStatus": {"Published": true}, "PublicationType": {"Research": true}, "Section": {"Results": true}}, "citation": {"authors": ["Drosten C", "Erichsen S", "Herrler G", "Herrler T", "Hoffmann M", "Kleine-Weber H", "Kr\u00fcger N", "M\u00fcller MA", "Nitsche A", "P\u00f6hlmann S", "Schiergens TS", "Schroeder S", "Wu NH"], "date": "2020-03-04", "db": "PubMed", "db_id": "32142651", "db_name": "Cell", "first": "Hoffmann M", "last": "P\u00f6hlmann S"}, "evidence": "In agreement with these findings, directed expression of human and bat (Rhinolophus alcyone) ACE2 but not human DPP4, the entry receptor used by MERS-CoV (Raj et al., 2013), or human APN, the entry receptor used by HCoV-229E (Yeager et al.,1992), allowed SARS-2-S- and SARS-S-driven entry into otherwise non-susceptible BHK-21 cells (Figure 3A).", "line": 55, "relation": "regulates"}
p(HGNC:ANPEP)	partOf	complex(a(TAX:"Human coronavirus 229E"), p(HGNC:ANPEP))	{"relation": "partOf"}
complex(a(UNIPROT:P59594), p(HGNC:ACE2))	regulates	a(UNIPROT:P59594)	{"annotations": {"CellLine": {"BHK-21 cell": true}, "PublicationStatus": {"Published": true}, "PublicationType": {"Research": true}, "Section": {"Results": true}}, "citation": {"authors": ["Drosten C", "Erichsen S", "Herrler G", "Herrler T", "Hoffmann M", "Kleine-Weber H", "Kr\u00fcger N", "M\u00fcller MA", "Nitsche A", "P\u00f6hlmann S", "Schiergens TS", "Schroeder S", "Wu NH"], "date": "2020-03-04", "db": "PubMed", "db_id": "32142651", "db_name": "Cell", "first": "Hoffmann M", "last": "P\u00f6hlmann S"}, "evidence": "In agreement with these findings, directed expression of human and bat (Rhinolophus alcyone) ACE2 but not human DPP4, the entry receptor used by MERS-CoV (Raj et al., 2013), or human APN, the entry receptor used by HCoV-229E (Yeager et al.,1992), allowed SARS-2-S- and SARS-S-driven entry into otherwise non-susceptible BHK-21 cells (Figure 3A).", "line": 58, "relation": "regulates"}
p(HGNC:ACE2)	partOf	complex(a(UNIPROT:P59594), p(HGNC:ACE2))	{"relation": "partOf"}
p(HGNC:ACE2)	partOf	complex(p(COVID:S), p(HGNC:ACE2))	{"relation": "partOf"}
act(p(HGNC:ACE2))	positiveCorrelation	a(UNIPROT:P59594)	{"annotations": {"CellLine": {"Vero cell": true}, "PublicationStatus": {"Published": true}, "PublicationType": {"Research": true}, "Section": {"Results": true}}, "citation": {"authors": ["Drosten C", "Erichsen S", "Herrler G", "Herrler T", "Hoffmann M", "Kleine-Weber H", "Kr\u00fcger N", "M\u00fcller MA", "Nitsche A", "P\u00f6hlmann S", "Schiergens TS", "Schroeder S", "Wu NH"], "date": "2020-03-04", "db": "PubMed", "db_id": "32142651", "db_name": "Cell", "first": "Hoffmann M", "last": "P\u00f6hlmann S"}, "evidence": "Moreover, antiserum raised against human ACE2 blocked SARS-S- and SARS-2-S- but not VSV-G- or MERS-S-driven entry (Figure 3B).", "line": 65, "relation": "positiveCorrelation", "subject": {"modifier": "Activity"}}
act(p(HGNC:ACE2))	positiveCorrelation	p(COVID:S)	{"annotations": {"CellLine": {"Vero cell": true}, "PublicationStatus": {"Published": true}, "PublicationType": {"Research": true}, "Section": {"Results": true}}, "citation": {"authors": ["Drosten C", "Erichsen S", "Herrler G", "Herrler T", "Hoffmann M", "Kleine-Weber H", "Kr\u00fcger N", "M\u00fcller MA", "Nitsche A", "P\u00f6hlmann S", "Schiergens TS", "Schroeder S", "Wu NH"], "date": "2020-03-04", "db": "PubMed", "db_id": "32142651", "db_name": "Cell", "first": "Hoffmann M", "last": "P\u00f6hlmann S"}, "evidence": "Moreover, antiserum raised against human ACE2 blocked SARS-S- and SARS-2-S- but not VSV-G- or MERS-S-driven entry (Figure 3B).", "line": 66, "relation": "positiveCorrelation", "subject": {"modifier": "Activity"}}
complex(p(COVID:S), p(HGNC:ACE2))	regulates	p(COVID:S)	{"annotations": {"CellLine": {"BHK-21 cell": true}, "PublicationStatus": {"Published": true}, "PublicationType": {"Research": true}, "Section": {"Results": true}}, "citation": {"authors": ["Drosten C", "Erichsen S", "Herrler G", "Herrler T", "Hoffmann M", "Kleine-Weber H", "Kr\u00fcger N", "M\u00fcller MA", "Nitsche A", "P\u00f6hlmann S", "Schiergens TS", "Schroeder S", "Wu NH"], "date": "2020-03-04", "db": "PubMed", "db_id": "32142651", "db_name": "Cell", "first": "Hoffmann M", "last": "P\u00f6hlmann S"}, "evidence": "In agreement with these findings, directed expression of human and bat (Rhinolophus alcyone) ACE2 but not human DPP4, the entry receptor used by MERS-CoV (Raj et al., 2013), or human APN, the entry receptor used by HCoV-229E (Yeager et al.,1992), allowed SARS-2-S- and SARS-S-driven entry into otherwise non-susceptible BHK-21 cells (Figure 3A).", "line": 56, "relation": "regulates"}
p(COVID:S)	partOf	complex(p(COVID:S), p(HGNC:ACE2))	{"relation": "partOf"}
p(COVID:S)	partOf	complex(p(COVID:S), p(HGNC:CTSB))	{"relation": "partOf"}
p(COVID:S)	partOf	complex(p(COVID:S), p(HGNC:CTSL))	{"relation": "partOf"}
p(COVID:S)	partOf	complex(p(COVID:S), p(HGNC:TMPRSS2))	{"relation": "partOf"}
p(COVID:S)	association	a(TAX:"Severe acute respiratory syndrome coronavirus 2")	{"annotations": {"CellLine": {"BHK-21 cell": true}, "PublicationStatus": {"Published": true}, "PublicationType": {"Research": true}, "Section": {"Results": true}}, "citation": {"authors": ["Drosten C", "Erichsen S", "Herrler G", "Herrler T", "Hoffmann M", "Kleine-Weber H", "Kr\u00fcger N", "M\u00fcller MA", "Nitsche A", "P\u00f6hlmann S", "Schiergens TS", "Schroeder S", "Wu NH"], "date": "2020-03-04", "db": "PubMed", "db_id": "32142651", "db_name": "Cell", "first": "Hoffmann M", "last": "P\u00f6hlmann S"}, "evidence": "In agreement with these findings, directed expression of human and bat (Rhinolophus alcyone) ACE2 but not human DPP4, the entry receptor used by MERS-CoV (Raj et al., 2013), or human APN, the entry receptor used by HCoV-229E (Yeager et al.,1992), allowed SARS-2-S- and SARS-S-driven entry into otherwise non-susceptible BHK-21 cells (Figure 3A).", "line": 57, "relation": "association"}
p(COVID:S)	positiveCorrelation	act(p(HGNC:ACE2))	{"annotations": {"CellLine": {"Vero cell": true}, "PublicationStatus": {"Published": true}, "PublicationType": {"Research": true}, "Section": {"Results": true}}, "citation": {"authors": ["Drosten C", "Erichsen S", "Herrler G", "Herrler T", "Hoffmann M", "Kleine-Weber H", "Kr\u00fcger N", "M\u00fcller MA", "Nitsche A", "P\u00f6hlmann S", "Schiergens TS", "Schroeder S", "Wu NH"], "date": "2020-03-04", "db": "PubMed", "db_id": "32142651", "db_name": "Cell", "first": "Hoffmann M", "last": "P\u00f6hlmann S"}, "evidence": "Moreover, antiserum raised against human ACE2 blocked SARS-S- and SARS-2-S- but not VSV-G- or MERS-S-driven entry (Figure 3B).", "line": 66, "object": {"modifier": "Activity"}, "relation": "positiveCorrelation"}
complex(p(COVID:S), p(HGNC:CTSB))	increases	p(COVID:S)	{"annotations": {"Custom_CellLine": {"Vero-TMPRSS2 cells": true}, "PublicationStatus": {"Published": true}, "PublicationType": {"Research": true}, "Section": {"Results": true}}, "citation": {"authors": ["Drosten C", "Erichsen S", "Herrler G", "Herrler T", "Hoffmann M", "Kleine-Weber H", "Kr\u00fcger N", "M\u00fcller MA", "Nitsche A", "P\u00f6hlmann S", "Schiergens TS", "Schroeder S", "Wu NH"], "date": "2020-03-04", "db": "PubMed", "db_id": "32142651", "db_name": "Cell", "first": "Hoffmann M", "last": "P\u00f6hlmann S"}, "evidence": "Full inhibition was attained when camostat mesylate and E-64d, an inhibitor of CatB/L, were added (Figure 4A; Figure S3B), indicating that SARS-2-S can use both CatB/L as well as TMPRSS2 for priming in these cell lines.", "line": 112, "relation": "increases"}
p(HGNC:CTSB)	partOf	complex(p(COVID:S), p(HGNC:CTSB))	{"relation": "partOf"}
complex(p(COVID:S), p(HGNC:CTSL))	increases	p(COVID:S)	{"annotations": {"Custom_CellLine": {"Vero-TMPRSS2 cells": true}, "PublicationStatus": {"Published": true}, "PublicationType": {"Research": true}, "Section": {"Results": true}}, "citation": {"authors": ["Drosten C", "Erichsen S", "Herrler G", "Herrler T", "Hoffmann M", "Kleine-Weber H", "Kr\u00fcger N", "M\u00fcller MA", "Nitsche A", "P\u00f6hlmann S", "Schiergens TS", "Schroeder S", "Wu NH"], "date": "2020-03-04", "db": "PubMed", "db_id": "32142651", "db_name": "Cell", "first": "Hoffmann M", "last": "P\u00f6hlmann S"}, "evidence": "Full inhibition was attained when camostat mesylate and E-64d, an inhibitor of CatB/L, were added (Figure 4A; Figure S3B), indicating that SARS-2-S can use both CatB/L as well as TMPRSS2 for priming in these cell lines.", "line": 113, "relation": "increases"}
p(HGNC:CTSL)	partOf	complex(p(COVID:S), p(HGNC:CTSL))	{"relation": "partOf"}
complex(p(COVID:S), p(HGNC:TMPRSS2))	increases	p(COVID:S)	{"annotations": {"Custom_CellLine": {"Vero-TMPRSS2 cells": true}, "PublicationStatus": {"Published": true}, "PublicationType": {"Research": true}, "Section": {"Results": true}}, "citation": {"authors": ["Drosten C", "Erichsen S", "Herrler G", "Herrler T", "Hoffmann M", "Kleine-Weber H", "Kr\u00fcger N", "M\u00fcller MA", "Nitsche A", "P\u00f6hlmann S", "Schiergens TS", "Schroeder S", "Wu NH"], "date": "2020-03-04", "db": "PubMed", "db_id": "32142651", "db_name": "Cell", "first": "Hoffmann M", "last": "P\u00f6hlmann S"}, "evidence": "Full inhibition was attained when camostat mesylate and E-64d, an inhibitor of CatB/L, were added (Figure 4A; Figure S3B), indicating that SARS-2-S can use both CatB/L as well as TMPRSS2 for priming in these cell lines.", "line": 114, "relation": "increases"}
complex(p(COVID:S), p(HGNC:TMPRSS2))	increases	p(COVID:S)	{"annotations": {"CellLine": {"Calu-3 cell": true}, "PublicationStatus": {"Published": true}, "PublicationType": {"Research": true}, "Section": {"Results": true}}, "citation": {"authors": ["Drosten C", "Erichsen S", "Herrler G", "Herrler T", "Hoffmann M", "Kleine-Weber H", "Kr\u00fcger N", "M\u00fcller MA", "Nitsche A", "P\u00f6hlmann S", "Schiergens TS", "Schroeder S", "Wu NH"], "date": "2020-03-04", "db": "PubMed", "db_id": "32142651", "db_name": "Cell", "first": "Hoffmann M", "last": "P\u00f6hlmann S"}, "evidence": "Collectively, SARS-CoV-2 can use TMPRSS2 for S protein priming and camostat mesylate, an inhibitor of TMPRSS2, blocks SARS-CoV-2 infection of lung cells.", "line": 146, "relation": "increases"}
