a(CHEBI:"Interferon alfa-2a")	partOf	composite(a(CHEBI:"Interferon alfa-2a"), a(CHEBI:ribavirin))	{"relation": "partOf"}
a(CHEBI:"Interferon alfa-2a")	decreases	a(MESH:"RNA, Viral")	{"annotations": {"PublicationStatus": {"Published": true}, "PublicationType": {"Review": true}, "Section": {"Full Text": true}, "Species": {"9606": true}}, "citation": {"authors": ["Wang Y", "Zhu LQ"], "date": "2020-03-12", "db": "PubMed", "db_id": "32166483", "db_name": "World journal of pediatrics : WJP", "first": "Wang Y", "last": "Zhu LQ"}, "evidence": "IFN-\u03b1 is a broad-spectrum antiviral drug, which could inhibit the synthesis of viral RNA and inhibit viral replication and spread.", "line": 56, "relation": "decreases"}
a(CHEBI:"Interferon alfa-2a")	decreases	bp(MESH:"Virus Replication")	{"annotations": {"PublicationStatus": {"Published": true}, "PublicationType": {"Review": true}, "Section": {"Full Text": true}, "Species": {"9606": true}}, "citation": {"authors": ["Wang Y", "Zhu LQ"], "date": "2020-03-12", "db": "PubMed", "db_id": "32166483", "db_name": "World journal of pediatrics : WJP", "first": "Wang Y", "last": "Zhu LQ"}, "evidence": "IFN-\u03b1 is a broad-spectrum antiviral drug, which could inhibit the synthesis of viral RNA and inhibit viral replication and spread.", "line": 57, "relation": "decreases"}
a(CHEBI:"Interferon alfa-2a")	decreases	path(DO:"COVID-19")	{"annotations": {"PublicationStatus": {"Published": true}, "PublicationType": {"Review": true}, "Section": {"Full Text": true}, "Species": {"9606": true}, "population_type": {"Children": true}}, "citation": {"authors": ["Wang Y", "Zhu LQ"], "date": "2020-03-12", "db": "PubMed", "db_id": "32166483", "db_name": "World journal of pediatrics : WJP", "first": "Wang Y", "last": "Zhu LQ"}, "evidence": "In the experts\u2019 consensus statements, it could be also used for treatment of COVID-19 in children [9], IFN-\u03b1 is the only antiviral drug which is clearly recommended to be used in children with COVID-19.", "line": 75, "relation": "decreases"}
a(CHEBI:"Interferon alfa-2a")	positiveCorrelation	path(HP:"Low-grade fever")	{"annotations": {"PublicationStatus": {"Published": true}, "PublicationType": {"Review": true}, "Section": {"Full Text": true}, "Species": {"9606": true}, "mode_of_administration": {"intramuscular": true}, "population_type": {"Children": true}}, "citation": {"authors": ["Wang Y", "Zhu LQ"], "date": "2020-03-12", "db": "PubMed", "db_id": "32166483", "db_name": "World journal of pediatrics : WJP", "first": "Wang Y", "last": "Zhu LQ"}, "evidence": "Adverse reactions of IFN-\u03b1 mainly include low-grade fever and flu-like symptoms (both in children with intramuscularly injection) [11].", "line": 85, "relation": "positiveCorrelation"}
a(CHEBI:"Interferon alfa-2a")	positiveCorrelation	path(DO:influenza)	{"annotations": {"PublicationStatus": {"Published": true}, "PublicationType": {"Review": true}, "Section": {"Full Text": true}, "Species": {"9606": true}, "mode_of_administration": {"intramuscular": true}, "population_type": {"Children": true}}, "citation": {"authors": ["Wang Y", "Zhu LQ"], "date": "2020-03-12", "db": "PubMed", "db_id": "32166483", "db_name": "World journal of pediatrics : WJP", "first": "Wang Y", "last": "Zhu LQ"}, "evidence": "Adverse reactions of IFN-\u03b1 mainly include low-grade fever and flu-like symptoms (both in children with intramuscularly injection) [11].", "line": 86, "relation": "positiveCorrelation"}
a(CHEBI:clindamycin)	partOf	composite(a(CHEBI:clindamycin), a(PUBCHEM:64927))	{"relation": "partOf"}
a(CHEBI:gentamycin)	partOf	composite(a(CHEBI:gentamycin), a(PUBCHEM:64927))	{"relation": "partOf"}
a(CHEBI:heparin)	partOf	composite(a(CHEBI:heparin), a(PUBCHEM:64927))	{"relation": "partOf"}
a(CHEBI:ribavirin)	partOf	composite(a(CHEBI:"Interferon alfa-2a"), a(CHEBI:ribavirin))	{"relation": "partOf"}
a(CHEBI:ribavirin)	decreases	a(MESH:"RNA, Viral")	{"annotations": {"PublicationStatus": {"Published": true}, "PublicationType": {"Review": true}, "Section": {"Full Text": true}}, "citation": {"authors": ["Wang Y", "Zhu LQ"], "date": "2020-03-12", "db": "PubMed", "db_id": "32166483", "db_name": "World journal of pediatrics : WJP", "first": "Wang Y", "last": "Zhu LQ"}, "evidence": "Ribavirin is a broad-spectrum antiviral drug, which has inhibitory effects on RNA viruses and DNA viruses.", "line": 131, "relation": "decreases"}
a(CHEBI:ribavirin)	decreases	a(MESH:"DNA, Viral")	{"annotations": {"PublicationStatus": {"Published": true}, "PublicationType": {"Review": true}, "Section": {"Full Text": true}}, "citation": {"authors": ["Wang Y", "Zhu LQ"], "date": "2020-03-12", "db": "PubMed", "db_id": "32166483", "db_name": "World journal of pediatrics : WJP", "first": "Wang Y", "last": "Zhu LQ"}, "evidence": "Ribavirin is a broad-spectrum antiviral drug, which has inhibitory effects on RNA viruses and DNA viruses.", "line": 132, "relation": "decreases"}
a(CHEBI:ribavirin)	decreases	path(DO:"COVID-19")	{"annotations": {"Dose": {"10 mg/kg": true}, "PublicationStatus": {"Published": true}, "PublicationType": {"Review": true}, "Section": {"Full Text": true}, "Species": {"9606": true}, "mode_of_administration": {"Intravenous": true}, "population_type": {"Children": true}}, "citation": {"authors": ["Wang Y", "Zhu LQ"], "date": "2020-03-12", "db": "PubMed", "db_id": "32166483", "db_name": "World journal of pediatrics : WJP", "first": "Wang Y", "last": "Zhu LQ"}, "evidence": "Intravenous infusion of ribavirin injections at a dose of 10 mg/kg every time (maximum 500 mg every time), 2\u20133 times daily was recommended for children with COVID-19 [17].", "line": 142, "relation": "decreases"}
a(CHEBI:ribavirin)	positiveCorrelation	path(MESH:Fever)	{"annotations": {"PublicationStatus": {"Published": true}, "PublicationType": {"Review": true}, "Section": {"Full Text": true}, "Species": {"9606": true}, "population_type": {"Children": true}}, "citation": {"authors": ["Wang Y", "Zhu LQ"], "date": "2020-03-12", "db": "PubMed", "db_id": "32166483", "db_name": "World journal of pediatrics : WJP", "first": "Wang Y", "last": "Zhu LQ"}, "evidence": "The most common adverse reactions of ribavirin in children include fever (80%), headache (62%), neutropenia (33%), fatigue (30%), etc. [20].", "line": 154, "relation": "positiveCorrelation"}
a(CHEBI:ribavirin)	positiveCorrelation	path(MESH:Headache)	{"annotations": {"PublicationStatus": {"Published": true}, "PublicationType": {"Review": true}, "Section": {"Full Text": true}, "Species": {"9606": true}, "population_type": {"Children": true}}, "citation": {"authors": ["Wang Y", "Zhu LQ"], "date": "2020-03-12", "db": "PubMed", "db_id": "32166483", "db_name": "World journal of pediatrics : WJP", "first": "Wang Y", "last": "Zhu LQ"}, "evidence": "The most common adverse reactions of ribavirin in children include fever (80%), headache (62%), neutropenia (33%), fatigue (30%), etc. [20].", "line": 155, "relation": "positiveCorrelation"}
a(CHEBI:ribavirin)	positiveCorrelation	path(MESH:Neutropenia)	{"annotations": {"PublicationStatus": {"Published": true}, "PublicationType": {"Review": true}, "Section": {"Full Text": true}, "Species": {"9606": true}, "population_type": {"Children": true}}, "citation": {"authors": ["Wang Y", "Zhu LQ"], "date": "2020-03-12", "db": "PubMed", "db_id": "32166483", "db_name": "World journal of pediatrics : WJP", "first": "Wang Y", "last": "Zhu LQ"}, "evidence": "The most common adverse reactions of ribavirin in children include fever (80%), headache (62%), neutropenia (33%), fatigue (30%), etc. [20].", "line": 156, "relation": "positiveCorrelation"}
a(CHEBI:ribavirin)	positiveCorrelation	path(MESH:Fatigue)	{"annotations": {"PublicationStatus": {"Published": true}, "PublicationType": {"Review": true}, "Section": {"Full Text": true}, "Species": {"9606": true}, "population_type": {"Children": true}}, "citation": {"authors": ["Wang Y", "Zhu LQ"], "date": "2020-03-12", "db": "PubMed", "db_id": "32166483", "db_name": "World journal of pediatrics : WJP", "first": "Wang Y", "last": "Zhu LQ"}, "evidence": "The most common adverse reactions of ribavirin in children include fever (80%), headache (62%), neutropenia (33%), fatigue (30%), etc. [20].", "line": 157, "relation": "positiveCorrelation"}
a(CHEBI:ribavirin)	positiveCorrelation	path(HP:"Decreased hemoglobin concentration")	{"annotations": {"PublicationStatus": {"Published": true}, "PublicationType": {"Review": true}, "Section": {"Full Text": true}}, "citation": {"authors": ["Wang Y", "Zhu LQ"], "date": "2020-03-12", "db": "PubMed", "db_id": "32166483", "db_name": "World journal of pediatrics : WJP", "first": "Wang Y", "last": "Zhu LQ"}, "evidence": "Large doses of ribavirin could cause decreased hemoglobin and serious heart damage.", "line": 164, "relation": "positiveCorrelation"}
a(CHEBI:ribavirin)	positiveCorrelation	path(DO:"rheumatic heart disease")	{"annotations": {"PublicationStatus": {"Published": true}, "PublicationType": {"Review": true}, "Section": {"Full Text": true}}, "citation": {"authors": ["Wang Y", "Zhu LQ"], "date": "2020-03-12", "db": "PubMed", "db_id": "32166483", "db_name": "World journal of pediatrics : WJP", "first": "Wang Y", "last": "Zhu LQ"}, "evidence": "Large doses of ribavirin could cause decreased hemoglobin and serious heart damage.", "line": 165, "relation": "positiveCorrelation"}
a(CHEBI:streptomycin)	partOf	composite(a(CHEBI:streptomycin), a(PUBCHEM:64927))	{"relation": "partOf"}
a(CHEBI:umifenovir)	decreases	path(DO:influenza)	{"annotations": {"Dose": {"0.5 g": true}, "PublicationStatus": {"Published": true}, "PublicationType": {"Review": true}, "Section": {"Full Text": true}, "Species": {"9606": true}, "population_type": {"Chinese": true, "Russian": true}}, "citation": {"authors": ["Wang Y", "Zhu LQ"], "date": "2020-03-12", "db": "PubMed", "db_id": "32166483", "db_name": "World journal of pediatrics : WJP", "first": "Wang Y", "last": "Zhu LQ"}, "evidence": "Arbidol (umifenovir) is a broad-spectrum antiviral compound approved in Russia and China for prophylaxis and treatment of influenza.", "line": 210, "relation": "decreases"}
a(CHEBI:umifenovir)	decreases	a(MESH:"RNA, Viral")	{"annotations": {"Dose": {"0.5 g": true}, "PublicationStatus": {"Published": true}, "PublicationType": {"Review": true}, "Section": {"Full Text": true}}, "citation": {"authors": ["Wang Y", "Zhu LQ"], "date": "2020-03-12", "db": "PubMed", "db_id": "32166483", "db_name": "World journal of pediatrics : WJP", "first": "Wang Y", "last": "Zhu LQ"}, "evidence": "This compound shows activities against numerous DNA and RNA viruses [27].", "line": 217, "relation": "decreases"}
a(CHEBI:umifenovir)	decreases	a(MESH:"DNA, Viral")	{"annotations": {"Dose": {"0.5 g": true}, "PublicationStatus": {"Published": true}, "PublicationType": {"Review": true}, "Section": {"Full Text": true}}, "citation": {"authors": ["Wang Y", "Zhu LQ"], "date": "2020-03-12", "db": "PubMed", "db_id": "32166483", "db_name": "World journal of pediatrics : WJP", "first": "Wang Y", "last": "Zhu LQ"}, "evidence": "This compound shows activities against numerous DNA and RNA viruses [27].", "line": 218, "relation": "decreases"}
a(CHEBI:umifenovir)	decreases	a(TAX:"Severe acute respiratory syndrome coronavirus 2")	{"annotations": {"Dose": {"0.5 g": true}, "PublicationStatus": {"Published": true}, "PublicationType": {"Review": true}, "Section": {"Full Text": true}, "Study": {"in vitro": true}}, "citation": {"authors": ["Wang Y", "Zhu LQ"], "date": "2020-03-12", "db": "PubMed", "db_id": "32166483", "db_name": "World journal of pediatrics : WJP", "first": "Wang Y", "last": "Zhu LQ"}, "evidence": "Arbidol was found to be effective to SARS-CoV-2 in vitro [28].", "line": 223, "relation": "decreases"}
a(CHEBI:umifenovir)	positiveCorrelation	path(MESH:Nausea)	{"annotations": {"Dose": {"0.5 g": true}, "PublicationStatus": {"Published": true}, "PublicationType": {"Review": true}, "Section": {"Full Text": true}}, "citation": {"authors": ["Wang Y", "Zhu LQ"], "date": "2020-03-12", "db": "PubMed", "db_id": "32166483", "db_name": "World journal of pediatrics : WJP", "first": "Wang Y", "last": "Zhu LQ"}, "evidence": "Adverse reactions include nausea, diarrhea, dizziness, elevated serum aminotransferase, etc.", "line": 229, "relation": "positiveCorrelation"}
a(CHEBI:umifenovir)	positiveCorrelation	path(DO:diarrhea)	{"annotations": {"Dose": {"0.5 g": true}, "PublicationStatus": {"Published": true}, "PublicationType": {"Review": true}, "Section": {"Full Text": true}}, "citation": {"authors": ["Wang Y", "Zhu LQ"], "date": "2020-03-12", "db": "PubMed", "db_id": "32166483", "db_name": "World journal of pediatrics : WJP", "first": "Wang Y", "last": "Zhu LQ"}, "evidence": "Adverse reactions include nausea, diarrhea, dizziness, elevated serum aminotransferase, etc.", "line": 230, "relation": "positiveCorrelation"}
a(CHEBI:umifenovir)	positiveCorrelation	path(MESH:Dizziness)	{"annotations": {"Dose": {"0.5 g": true}, "PublicationStatus": {"Published": true}, "PublicationType": {"Review": true}, "Section": {"Full Text": true}}, "citation": {"authors": ["Wang Y", "Zhu LQ"], "date": "2020-03-12", "db": "PubMed", "db_id": "32166483", "db_name": "World journal of pediatrics : WJP", "first": "Wang Y", "last": "Zhu LQ"}, "evidence": "Adverse reactions include nausea, diarrhea, dizziness, elevated serum aminotransferase, etc.", "line": 231, "relation": "positiveCorrelation"}
a(CHEBI:umifenovir)	positiveCorrelation	a(MESH:"Aspartate Aminotransferases")	{"annotations": {"Dose": {"0.5 g": true}, "MeSHAnatomy": {"Serum": true}, "PublicationStatus": {"Published": true}, "PublicationType": {"Review": true}, "Section": {"Full Text": true}}, "citation": {"authors": ["Wang Y", "Zhu LQ"], "date": "2020-03-12", "db": "PubMed", "db_id": "32166483", "db_name": "World journal of pediatrics : WJP", "first": "Wang Y", "last": "Zhu LQ"}, "evidence": "Adverse reactions include nausea, diarrhea, dizziness, elevated serum aminotransferase, etc.", "line": 233, "relation": "positiveCorrelation"}
a(MESH:"Aspartate Aminotransferases")	positiveCorrelation	a(CHEBI:umifenovir)	{"annotations": {"Dose": {"0.5 g": true}, "MeSHAnatomy": {"Serum": true}, "PublicationStatus": {"Published": true}, "PublicationType": {"Review": true}, "Section": {"Full Text": true}}, "citation": {"authors": ["Wang Y", "Zhu LQ"], "date": "2020-03-12", "db": "PubMed", "db_id": "32166483", "db_name": "World journal of pediatrics : WJP", "first": "Wang Y", "last": "Zhu LQ"}, "evidence": "Adverse reactions include nausea, diarrhea, dizziness, elevated serum aminotransferase, etc.", "line": 233, "relation": "positiveCorrelation"}
a(MESH:Bilirubin)	positiveCorrelation	a(PUBCHEM:11979606)	{"annotations": {"PublicationStatus": {"Published": true}, "PublicationType": {"Review": true}, "Section": {"Full Text": true}}, "citation": {"authors": ["Wang Y", "Zhu LQ"], "date": "2020-03-12", "db": "PubMed", "db_id": "32166483", "db_name": "World journal of pediatrics : WJP", "first": "Wang Y", "last": "Zhu LQ"}, "evidence": "LPVr may increase free bilirubin and exacerbate jaundice.", "line": 125, "relation": "positiveCorrelation"}
a(PUBCHEM:11979606)	decreases	path(DO:"COVID-19")	{"annotations": {"PublicationStatus": {"Published": true}, "PublicationType": {"Review": true}, "Section": {"Full Text": true}, "Species": {"9606": true}, "population_type": {"Children": true}}, "citation": {"authors": ["Wang Y", "Zhu LQ"], "date": "2020-03-12", "db": "PubMed", "db_id": "32166483", "db_name": "World journal of pediatrics : WJP", "first": "Wang Y", "last": "Zhu LQ"}, "evidence": "Based on the clinical experiences in treating SARS [13] and MERS [14], LPVr is proposed to treat COVID-19.", "line": 107, "relation": "decreases"}
a(PUBCHEM:11979606)	positiveCorrelation	path(DO:diarrhea)	{"annotations": {"PublicationStatus": {"Published": true}, "PublicationType": {"Review": true}, "Section": {"Full Text": true}, "Species": {"9606": true}, "population_type": {"Adult": true, "Children": true}}, "citation": {"authors": ["Wang Y", "Zhu LQ"], "date": "2020-03-12", "db": "PubMed", "db_id": "32166483", "db_name": "World journal of pediatrics : WJP", "first": "Wang Y", "last": "Zhu LQ"}, "evidence": "The most common adverse reactions of LPVr include diarrhea (adults 19.5%; children 12%), vomiting (adults 6.8%; children 21%), rash (adults 5%; children 12%), etc. [19].", "line": 117, "relation": "positiveCorrelation"}
a(PUBCHEM:11979606)	positiveCorrelation	path(MESH:Vomiting)	{"annotations": {"PublicationStatus": {"Published": true}, "PublicationType": {"Review": true}, "Section": {"Full Text": true}, "Species": {"9606": true}, "population_type": {"Adult": true, "Children": true}}, "citation": {"authors": ["Wang Y", "Zhu LQ"], "date": "2020-03-12", "db": "PubMed", "db_id": "32166483", "db_name": "World journal of pediatrics : WJP", "first": "Wang Y", "last": "Zhu LQ"}, "evidence": "The most common adverse reactions of LPVr include diarrhea (adults 19.5%; children 12%), vomiting (adults 6.8%; children 21%), rash (adults 5%; children 12%), etc. [19].", "line": 118, "relation": "positiveCorrelation"}
a(PUBCHEM:11979606)	positiveCorrelation	path(HP:"Skin rash")	{"annotations": {"PublicationStatus": {"Published": true}, "PublicationType": {"Review": true}, "Section": {"Full Text": true}, "Species": {"9606": true}, "population_type": {"Adult": true, "Children": true}}, "citation": {"authors": ["Wang Y", "Zhu LQ"], "date": "2020-03-12", "db": "PubMed", "db_id": "32166483", "db_name": "World journal of pediatrics : WJP", "first": "Wang Y", "last": "Zhu LQ"}, "evidence": "The most common adverse reactions of LPVr include diarrhea (adults 19.5%; children 12%), vomiting (adults 6.8%; children 21%), rash (adults 5%; children 12%), etc. [19].", "line": 119, "relation": "positiveCorrelation"}
a(PUBCHEM:11979606)	positiveCorrelation	a(MESH:Bilirubin)	{"annotations": {"PublicationStatus": {"Published": true}, "PublicationType": {"Review": true}, "Section": {"Full Text": true}}, "citation": {"authors": ["Wang Y", "Zhu LQ"], "date": "2020-03-12", "db": "PubMed", "db_id": "32166483", "db_name": "World journal of pediatrics : WJP", "first": "Wang Y", "last": "Zhu LQ"}, "evidence": "LPVr may increase free bilirubin and exacerbate jaundice.", "line": 125, "relation": "positiveCorrelation"}
a(PUBCHEM:11979606)	positiveCorrelation	path(MESH:Jaundice)	{"annotations": {"PublicationStatus": {"Published": true}, "PublicationType": {"Review": true}, "Section": {"Full Text": true}}, "citation": {"authors": ["Wang Y", "Zhu LQ"], "date": "2020-03-12", "db": "PubMed", "db_id": "32166483", "db_name": "World journal of pediatrics : WJP", "first": "Wang Y", "last": "Zhu LQ"}, "evidence": "LPVr may increase free bilirubin and exacerbate jaundice.", "line": 126, "relation": "positiveCorrelation"}
a(PUBCHEM:64927)	partOf	composite(a(CHEBI:clindamycin), a(PUBCHEM:64927))	{"relation": "partOf"}
a(PUBCHEM:64927)	partOf	composite(a(CHEBI:gentamycin), a(PUBCHEM:64927))	{"relation": "partOf"}
a(PUBCHEM:64927)	partOf	composite(a(CHEBI:heparin), a(PUBCHEM:64927))	{"relation": "partOf"}
a(PUBCHEM:64927)	partOf	composite(a(CHEBI:streptomycin), a(PUBCHEM:64927))	{"relation": "partOf"}
a(PUBCHEM:64927)	decreases	path(DO:"COVID-19")	{"annotations": {"Dose": {"0.5 g": true}, "PublicationStatus": {"Published": true}, "PublicationType": {"Review": true}, "Section": {"Full Text": true}, "Species": {"9606": true}, "mode_of_administration": {"oral": true}, "population_type": {"Adult": true, "Children": true}}, "citation": {"authors": ["Wang Y", "Zhu LQ"], "date": "2020-03-12", "db": "PubMed", "db_id": "32166483", "db_name": "World journal of pediatrics : WJP", "first": "Wang Y", "last": "Zhu LQ"}, "evidence": "CD tablets were recommended for oral administration in 18\u201365 years of infected adults at a dose of 0.5 g every time, twice daily [1], for 7 days.", "line": 176, "relation": "decreases"}
a(PUBCHEM:64927)	positiveCorrelation	path(DO:"toxic optic neuropathy")	{"annotations": {"Dose": {"0.5 g": true}, "PublicationStatus": {"Published": true}, "PublicationType": {"Review": true}, "Section": {"Full Text": true}}, "citation": {"authors": ["Wang Y", "Zhu LQ"], "date": "2020-03-12", "db": "PubMed", "db_id": "32166483", "db_name": "World journal of pediatrics : WJP", "first": "Wang Y", "last": "Zhu LQ"}, "evidence": "At higher doses of CD, the main adverse reaction is ocular toxicity, which could affect vision", "line": 184, "relation": "positiveCorrelation"}
a(PUBCHEM:64927)	positiveCorrelation	path(HP:Arrhythmia)	{"annotations": {"Dose": {"0.5 g": true}, "PublicationStatus": {"Published": true}, "PublicationType": {"Review": true}, "Section": {"Full Text": true}}, "citation": {"authors": ["Wang Y", "Zhu LQ"], "date": "2020-03-12", "db": "PubMed", "db_id": "32166483", "db_name": "World journal of pediatrics : WJP", "first": "Wang Y", "last": "Zhu LQ"}, "evidence": "Other adverse reactions of CD include arrhythmia, drug induced psychosis, leukopenia, etc.", "line": 189, "relation": "positiveCorrelation"}
a(PUBCHEM:64927)	positiveCorrelation	path(DO:"drug psychosis")	{"annotations": {"Dose": {"0.5 g": true}, "PublicationStatus": {"Published": true}, "PublicationType": {"Review": true}, "Section": {"Full Text": true}}, "citation": {"authors": ["Wang Y", "Zhu LQ"], "date": "2020-03-12", "db": "PubMed", "db_id": "32166483", "db_name": "World journal of pediatrics : WJP", "first": "Wang Y", "last": "Zhu LQ"}, "evidence": "Other adverse reactions of CD include arrhythmia, drug induced psychosis, leukopenia, etc.", "line": 190, "relation": "positiveCorrelation"}
a(PUBCHEM:64927)	positiveCorrelation	path(DO:leukopenia)	{"annotations": {"Dose": {"0.5 g": true}, "PublicationStatus": {"Published": true}, "PublicationType": {"Review": true}, "Section": {"Full Text": true}}, "citation": {"authors": ["Wang Y", "Zhu LQ"], "date": "2020-03-12", "db": "PubMed", "db_id": "32166483", "db_name": "World journal of pediatrics : WJP", "first": "Wang Y", "last": "Zhu LQ"}, "evidence": "Other adverse reactions of CD include arrhythmia, drug induced psychosis, leukopenia, etc.", "line": 191, "relation": "positiveCorrelation"}
bp(MESH:"Growth and Development")	negativeCorrelation	composite(a(CHEBI:"Interferon alfa-2a"), a(CHEBI:ribavirin))	{"annotations": {"PublicationStatus": {"Published": true}, "PublicationType": {"Review": true}, "Section": {"Full Text": true}, "Species": {"9606": true}}, "citation": {"authors": ["Wang Y", "Zhu LQ"], "date": "2020-03-12", "db": "PubMed", "db_id": "32166483", "db_name": "World journal of pediatrics : WJP", "first": "Wang Y", "last": "Zhu LQ"}, "evidence": "Growth and development inhibition is more common when combining IFN-\u03b1 with ribavirin. Suicidal ideation is more common in children (mainly adolescents) compared with adults (2.4%vs. 1%) [12].", "line": 96, "relation": "negativeCorrelation"}
composite(a(CHEBI:"Interferon alfa-2a"), a(CHEBI:ribavirin))	decreases	bp(MESH:"Virus Replication")	{"annotations": {"PublicationStatus": {"Published": true}, "PublicationType": {"Review": true}, "Section": {"Full Text": true}}, "citation": {"authors": ["Wang Y", "Zhu LQ"], "date": "2020-03-12", "db": "PubMed", "db_id": "32166483", "db_name": "World journal of pediatrics : WJP", "first": "Wang Y", "last": "Zhu LQ"}, "evidence": "IFN-\u03b1, combined with ribavirin, which could reduce viral replication, moderated the host response and improved clinical outcome in MERS-CoV infected rhesus macaques [2].", "line": 65, "relation": "decreases"}
composite(a(CHEBI:"Interferon alfa-2a"), a(CHEBI:ribavirin))	decreases	a(MESH:"Middle East Respiratory Syndrome Coronavirus")	{"annotations": {"PublicationStatus": {"Published": true}, "PublicationType": {"Review": true}, "Section": {"Full Text": true}}, "citation": {"authors": ["Wang Y", "Zhu LQ"], "date": "2020-03-12", "db": "PubMed", "db_id": "32166483", "db_name": "World journal of pediatrics : WJP", "first": "Wang Y", "last": "Zhu LQ"}, "evidence": "IFN-\u03b1, combined with ribavirin, which could reduce viral replication, moderated the host response and improved clinical outcome in MERS-CoV infected rhesus macaques [2].", "line": 66, "relation": "decreases"}
composite(a(CHEBI:"Interferon alfa-2a"), a(CHEBI:ribavirin))	negativeCorrelation	bp(MESH:"Growth and Development")	{"annotations": {"PublicationStatus": {"Published": true}, "PublicationType": {"Review": true}, "Section": {"Full Text": true}, "Species": {"9606": true}}, "citation": {"authors": ["Wang Y", "Zhu LQ"], "date": "2020-03-12", "db": "PubMed", "db_id": "32166483", "db_name": "World journal of pediatrics : WJP", "first": "Wang Y", "last": "Zhu LQ"}, "evidence": "Growth and development inhibition is more common when combining IFN-\u03b1 with ribavirin. Suicidal ideation is more common in children (mainly adolescents) compared with adults (2.4%vs. 1%) [12].", "line": 96, "relation": "negativeCorrelation"}
composite(a(CHEBI:"Interferon alfa-2a"), a(CHEBI:ribavirin))	negativeCorrelation	path(MESH:"Suicidal Ideation")	{"annotations": {"PublicationStatus": {"Published": true}, "PublicationType": {"Review": true}, "Section": {"Full Text": true}, "Species": {"9606": true}, "population_type": {"Adolescents": true}}, "citation": {"authors": ["Wang Y", "Zhu LQ"], "date": "2020-03-12", "db": "PubMed", "db_id": "32166483", "db_name": "World journal of pediatrics : WJP", "first": "Wang Y", "last": "Zhu LQ"}, "evidence": "Growth and development inhibition is more common when combining IFN-\u03b1 with ribavirin. Suicidal ideation is more common in children (mainly adolescents) compared with adults (2.4%vs. 1%) [12].", "line": 98, "relation": "negativeCorrelation"}
composite(a(CHEBI:clindamycin), a(PUBCHEM:64927))	decreases	bp(GO:"neuromuscular junction")	{"annotations": {"Dose": {"0.5 g": true}, "PublicationStatus": {"Published": true}, "PublicationType": {"Review": true}, "Section": {"Full Text": true}}, "citation": {"authors": ["Wang Y", "Zhu LQ"], "date": "2020-03-12", "db": "PubMed", "db_id": "32166483", "db_name": "World journal of pediatrics : WJP", "first": "Wang Y", "last": "Zhu LQ"}, "evidence": "CD has a direct inhibitory effect on neuromuscular junctions, which could be aggravated while combining with drugs (e.g., clindamycin, streptomycin, gentamicin, etc.).", "line": 197, "relation": "decreases"}
composite(a(CHEBI:gentamycin), a(PUBCHEM:64927))	decreases	bp(GO:"neuromuscular junction")	{"annotations": {"Dose": {"0.5 g": true}, "PublicationStatus": {"Published": true}, "PublicationType": {"Review": true}, "Section": {"Full Text": true}}, "citation": {"authors": ["Wang Y", "Zhu LQ"], "date": "2020-03-12", "db": "PubMed", "db_id": "32166483", "db_name": "World journal of pediatrics : WJP", "first": "Wang Y", "last": "Zhu LQ"}, "evidence": "CD has a direct inhibitory effect on neuromuscular junctions, which could be aggravated while combining with drugs (e.g., clindamycin, streptomycin, gentamicin, etc.).", "line": 199, "relation": "decreases"}
composite(a(CHEBI:heparin), a(PUBCHEM:64927))	positiveCorrelation	path(MESH:Hemorrhage)	{"annotations": {"Dose": {"0.5 g": true}, "PublicationStatus": {"Published": true}, "PublicationType": {"Review": true}, "Section": {"Full Text": true}}, "citation": {"authors": ["Wang Y", "Zhu LQ"], "date": "2020-03-12", "db": "PubMed", "db_id": "32166483", "db_name": "World journal of pediatrics : WJP", "first": "Wang Y", "last": "Zhu LQ"}, "evidence": "Combination of CD with heparin could increase bleeding risk.", "line": 203, "relation": "positiveCorrelation"}
composite(a(CHEBI:streptomycin), a(PUBCHEM:64927))	decreases	bp(GO:"neuromuscular junction")	{"annotations": {"Dose": {"0.5 g": true}, "PublicationStatus": {"Published": true}, "PublicationType": {"Review": true}, "Section": {"Full Text": true}}, "citation": {"authors": ["Wang Y", "Zhu LQ"], "date": "2020-03-12", "db": "PubMed", "db_id": "32166483", "db_name": "World journal of pediatrics : WJP", "first": "Wang Y", "last": "Zhu LQ"}, "evidence": "CD has a direct inhibitory effect on neuromuscular junctions, which could be aggravated while combining with drugs (e.g., clindamycin, streptomycin, gentamicin, etc.).", "line": 198, "relation": "decreases"}
path(DO:"drug psychosis")	positiveCorrelation	a(PUBCHEM:64927)	{"annotations": {"Dose": {"0.5 g": true}, "PublicationStatus": {"Published": true}, "PublicationType": {"Review": true}, "Section": {"Full Text": true}}, "citation": {"authors": ["Wang Y", "Zhu LQ"], "date": "2020-03-12", "db": "PubMed", "db_id": "32166483", "db_name": "World journal of pediatrics : WJP", "first": "Wang Y", "last": "Zhu LQ"}, "evidence": "Other adverse reactions of CD include arrhythmia, drug induced psychosis, leukopenia, etc.", "line": 190, "relation": "positiveCorrelation"}
path(DO:"rheumatic heart disease")	positiveCorrelation	a(CHEBI:ribavirin)	{"annotations": {"PublicationStatus": {"Published": true}, "PublicationType": {"Review": true}, "Section": {"Full Text": true}}, "citation": {"authors": ["Wang Y", "Zhu LQ"], "date": "2020-03-12", "db": "PubMed", "db_id": "32166483", "db_name": "World journal of pediatrics : WJP", "first": "Wang Y", "last": "Zhu LQ"}, "evidence": "Large doses of ribavirin could cause decreased hemoglobin and serious heart damage.", "line": 165, "relation": "positiveCorrelation"}
path(DO:"toxic optic neuropathy")	positiveCorrelation	a(PUBCHEM:64927)	{"annotations": {"Dose": {"0.5 g": true}, "PublicationStatus": {"Published": true}, "PublicationType": {"Review": true}, "Section": {"Full Text": true}}, "citation": {"authors": ["Wang Y", "Zhu LQ"], "date": "2020-03-12", "db": "PubMed", "db_id": "32166483", "db_name": "World journal of pediatrics : WJP", "first": "Wang Y", "last": "Zhu LQ"}, "evidence": "At higher doses of CD, the main adverse reaction is ocular toxicity, which could affect vision", "line": 184, "relation": "positiveCorrelation"}
path(DO:diarrhea)	positiveCorrelation	a(PUBCHEM:11979606)	{"annotations": {"PublicationStatus": {"Published": true}, "PublicationType": {"Review": true}, "Section": {"Full Text": true}, "Species": {"9606": true}, "population_type": {"Adult": true, "Children": true}}, "citation": {"authors": ["Wang Y", "Zhu LQ"], "date": "2020-03-12", "db": "PubMed", "db_id": "32166483", "db_name": "World journal of pediatrics : WJP", "first": "Wang Y", "last": "Zhu LQ"}, "evidence": "The most common adverse reactions of LPVr include diarrhea (adults 19.5%; children 12%), vomiting (adults 6.8%; children 21%), rash (adults 5%; children 12%), etc. [19].", "line": 117, "relation": "positiveCorrelation"}
path(DO:diarrhea)	positiveCorrelation	a(CHEBI:umifenovir)	{"annotations": {"Dose": {"0.5 g": true}, "PublicationStatus": {"Published": true}, "PublicationType": {"Review": true}, "Section": {"Full Text": true}}, "citation": {"authors": ["Wang Y", "Zhu LQ"], "date": "2020-03-12", "db": "PubMed", "db_id": "32166483", "db_name": "World journal of pediatrics : WJP", "first": "Wang Y", "last": "Zhu LQ"}, "evidence": "Adverse reactions include nausea, diarrhea, dizziness, elevated serum aminotransferase, etc.", "line": 230, "relation": "positiveCorrelation"}
path(DO:influenza)	positiveCorrelation	a(CHEBI:"Interferon alfa-2a")	{"annotations": {"PublicationStatus": {"Published": true}, "PublicationType": {"Review": true}, "Section": {"Full Text": true}, "Species": {"9606": true}, "mode_of_administration": {"intramuscular": true}, "population_type": {"Children": true}}, "citation": {"authors": ["Wang Y", "Zhu LQ"], "date": "2020-03-12", "db": "PubMed", "db_id": "32166483", "db_name": "World journal of pediatrics : WJP", "first": "Wang Y", "last": "Zhu LQ"}, "evidence": "Adverse reactions of IFN-\u03b1 mainly include low-grade fever and flu-like symptoms (both in children with intramuscularly injection) [11].", "line": 86, "relation": "positiveCorrelation"}
path(DO:leukopenia)	positiveCorrelation	a(PUBCHEM:64927)	{"annotations": {"Dose": {"0.5 g": true}, "PublicationStatus": {"Published": true}, "PublicationType": {"Review": true}, "Section": {"Full Text": true}}, "citation": {"authors": ["Wang Y", "Zhu LQ"], "date": "2020-03-12", "db": "PubMed", "db_id": "32166483", "db_name": "World journal of pediatrics : WJP", "first": "Wang Y", "last": "Zhu LQ"}, "evidence": "Other adverse reactions of CD include arrhythmia, drug induced psychosis, leukopenia, etc.", "line": 191, "relation": "positiveCorrelation"}
path(HP:"Decreased hemoglobin concentration")	positiveCorrelation	a(CHEBI:ribavirin)	{"annotations": {"PublicationStatus": {"Published": true}, "PublicationType": {"Review": true}, "Section": {"Full Text": true}}, "citation": {"authors": ["Wang Y", "Zhu LQ"], "date": "2020-03-12", "db": "PubMed", "db_id": "32166483", "db_name": "World journal of pediatrics : WJP", "first": "Wang Y", "last": "Zhu LQ"}, "evidence": "Large doses of ribavirin could cause decreased hemoglobin and serious heart damage.", "line": 164, "relation": "positiveCorrelation"}
path(HP:"Low-grade fever")	positiveCorrelation	a(CHEBI:"Interferon alfa-2a")	{"annotations": {"PublicationStatus": {"Published": true}, "PublicationType": {"Review": true}, "Section": {"Full Text": true}, "Species": {"9606": true}, "mode_of_administration": {"intramuscular": true}, "population_type": {"Children": true}}, "citation": {"authors": ["Wang Y", "Zhu LQ"], "date": "2020-03-12", "db": "PubMed", "db_id": "32166483", "db_name": "World journal of pediatrics : WJP", "first": "Wang Y", "last": "Zhu LQ"}, "evidence": "Adverse reactions of IFN-\u03b1 mainly include low-grade fever and flu-like symptoms (both in children with intramuscularly injection) [11].", "line": 85, "relation": "positiveCorrelation"}
path(HP:"Skin rash")	positiveCorrelation	a(PUBCHEM:11979606)	{"annotations": {"PublicationStatus": {"Published": true}, "PublicationType": {"Review": true}, "Section": {"Full Text": true}, "Species": {"9606": true}, "population_type": {"Adult": true, "Children": true}}, "citation": {"authors": ["Wang Y", "Zhu LQ"], "date": "2020-03-12", "db": "PubMed", "db_id": "32166483", "db_name": "World journal of pediatrics : WJP", "first": "Wang Y", "last": "Zhu LQ"}, "evidence": "The most common adverse reactions of LPVr include diarrhea (adults 19.5%; children 12%), vomiting (adults 6.8%; children 21%), rash (adults 5%; children 12%), etc. [19].", "line": 119, "relation": "positiveCorrelation"}
path(HP:Arrhythmia)	positiveCorrelation	a(PUBCHEM:64927)	{"annotations": {"Dose": {"0.5 g": true}, "PublicationStatus": {"Published": true}, "PublicationType": {"Review": true}, "Section": {"Full Text": true}}, "citation": {"authors": ["Wang Y", "Zhu LQ"], "date": "2020-03-12", "db": "PubMed", "db_id": "32166483", "db_name": "World journal of pediatrics : WJP", "first": "Wang Y", "last": "Zhu LQ"}, "evidence": "Other adverse reactions of CD include arrhythmia, drug induced psychosis, leukopenia, etc.", "line": 189, "relation": "positiveCorrelation"}
path(MESH:"Suicidal Ideation")	negativeCorrelation	composite(a(CHEBI:"Interferon alfa-2a"), a(CHEBI:ribavirin))	{"annotations": {"PublicationStatus": {"Published": true}, "PublicationType": {"Review": true}, "Section": {"Full Text": true}, "Species": {"9606": true}, "population_type": {"Adolescents": true}}, "citation": {"authors": ["Wang Y", "Zhu LQ"], "date": "2020-03-12", "db": "PubMed", "db_id": "32166483", "db_name": "World journal of pediatrics : WJP", "first": "Wang Y", "last": "Zhu LQ"}, "evidence": "Growth and development inhibition is more common when combining IFN-\u03b1 with ribavirin. Suicidal ideation is more common in children (mainly adolescents) compared with adults (2.4%vs. 1%) [12].", "line": 98, "relation": "negativeCorrelation"}
path(MESH:Dizziness)	positiveCorrelation	a(CHEBI:umifenovir)	{"annotations": {"Dose": {"0.5 g": true}, "PublicationStatus": {"Published": true}, "PublicationType": {"Review": true}, "Section": {"Full Text": true}}, "citation": {"authors": ["Wang Y", "Zhu LQ"], "date": "2020-03-12", "db": "PubMed", "db_id": "32166483", "db_name": "World journal of pediatrics : WJP", "first": "Wang Y", "last": "Zhu LQ"}, "evidence": "Adverse reactions include nausea, diarrhea, dizziness, elevated serum aminotransferase, etc.", "line": 231, "relation": "positiveCorrelation"}
path(MESH:Fatigue)	positiveCorrelation	a(CHEBI:ribavirin)	{"annotations": {"PublicationStatus": {"Published": true}, "PublicationType": {"Review": true}, "Section": {"Full Text": true}, "Species": {"9606": true}, "population_type": {"Children": true}}, "citation": {"authors": ["Wang Y", "Zhu LQ"], "date": "2020-03-12", "db": "PubMed", "db_id": "32166483", "db_name": "World journal of pediatrics : WJP", "first": "Wang Y", "last": "Zhu LQ"}, "evidence": "The most common adverse reactions of ribavirin in children include fever (80%), headache (62%), neutropenia (33%), fatigue (30%), etc. [20].", "line": 157, "relation": "positiveCorrelation"}
path(MESH:Fever)	positiveCorrelation	a(CHEBI:ribavirin)	{"annotations": {"PublicationStatus": {"Published": true}, "PublicationType": {"Review": true}, "Section": {"Full Text": true}, "Species": {"9606": true}, "population_type": {"Children": true}}, "citation": {"authors": ["Wang Y", "Zhu LQ"], "date": "2020-03-12", "db": "PubMed", "db_id": "32166483", "db_name": "World journal of pediatrics : WJP", "first": "Wang Y", "last": "Zhu LQ"}, "evidence": "The most common adverse reactions of ribavirin in children include fever (80%), headache (62%), neutropenia (33%), fatigue (30%), etc. [20].", "line": 154, "relation": "positiveCorrelation"}
path(MESH:Headache)	positiveCorrelation	a(CHEBI:ribavirin)	{"annotations": {"PublicationStatus": {"Published": true}, "PublicationType": {"Review": true}, "Section": {"Full Text": true}, "Species": {"9606": true}, "population_type": {"Children": true}}, "citation": {"authors": ["Wang Y", "Zhu LQ"], "date": "2020-03-12", "db": "PubMed", "db_id": "32166483", "db_name": "World journal of pediatrics : WJP", "first": "Wang Y", "last": "Zhu LQ"}, "evidence": "The most common adverse reactions of ribavirin in children include fever (80%), headache (62%), neutropenia (33%), fatigue (30%), etc. [20].", "line": 155, "relation": "positiveCorrelation"}
path(MESH:Hemorrhage)	positiveCorrelation	composite(a(CHEBI:heparin), a(PUBCHEM:64927))	{"annotations": {"Dose": {"0.5 g": true}, "PublicationStatus": {"Published": true}, "PublicationType": {"Review": true}, "Section": {"Full Text": true}}, "citation": {"authors": ["Wang Y", "Zhu LQ"], "date": "2020-03-12", "db": "PubMed", "db_id": "32166483", "db_name": "World journal of pediatrics : WJP", "first": "Wang Y", "last": "Zhu LQ"}, "evidence": "Combination of CD with heparin could increase bleeding risk.", "line": 203, "relation": "positiveCorrelation"}
path(MESH:Jaundice)	positiveCorrelation	a(PUBCHEM:11979606)	{"annotations": {"PublicationStatus": {"Published": true}, "PublicationType": {"Review": true}, "Section": {"Full Text": true}}, "citation": {"authors": ["Wang Y", "Zhu LQ"], "date": "2020-03-12", "db": "PubMed", "db_id": "32166483", "db_name": "World journal of pediatrics : WJP", "first": "Wang Y", "last": "Zhu LQ"}, "evidence": "LPVr may increase free bilirubin and exacerbate jaundice.", "line": 126, "relation": "positiveCorrelation"}
path(MESH:Nausea)	positiveCorrelation	a(CHEBI:umifenovir)	{"annotations": {"Dose": {"0.5 g": true}, "PublicationStatus": {"Published": true}, "PublicationType": {"Review": true}, "Section": {"Full Text": true}}, "citation": {"authors": ["Wang Y", "Zhu LQ"], "date": "2020-03-12", "db": "PubMed", "db_id": "32166483", "db_name": "World journal of pediatrics : WJP", "first": "Wang Y", "last": "Zhu LQ"}, "evidence": "Adverse reactions include nausea, diarrhea, dizziness, elevated serum aminotransferase, etc.", "line": 229, "relation": "positiveCorrelation"}
path(MESH:Neutropenia)	positiveCorrelation	a(CHEBI:ribavirin)	{"annotations": {"PublicationStatus": {"Published": true}, "PublicationType": {"Review": true}, "Section": {"Full Text": true}, "Species": {"9606": true}, "population_type": {"Children": true}}, "citation": {"authors": ["Wang Y", "Zhu LQ"], "date": "2020-03-12", "db": "PubMed", "db_id": "32166483", "db_name": "World journal of pediatrics : WJP", "first": "Wang Y", "last": "Zhu LQ"}, "evidence": "The most common adverse reactions of ribavirin in children include fever (80%), headache (62%), neutropenia (33%), fatigue (30%), etc. [20].", "line": 156, "relation": "positiveCorrelation"}
path(MESH:Vomiting)	positiveCorrelation	a(PUBCHEM:11979606)	{"annotations": {"PublicationStatus": {"Published": true}, "PublicationType": {"Review": true}, "Section": {"Full Text": true}, "Species": {"9606": true}, "population_type": {"Adult": true, "Children": true}}, "citation": {"authors": ["Wang Y", "Zhu LQ"], "date": "2020-03-12", "db": "PubMed", "db_id": "32166483", "db_name": "World journal of pediatrics : WJP", "first": "Wang Y", "last": "Zhu LQ"}, "evidence": "The most common adverse reactions of LPVr include diarrhea (adults 19.5%; children 12%), vomiting (adults 6.8%; children 21%), rash (adults 5%; children 12%), etc. [19].", "line": 118, "relation": "positiveCorrelation"}
