a(CHEBI:chloroquine)	decreases	p(HGNC:IL6)	{"citation": {"authors": ["Cao QD", "Chen SD", "Guo YR", "Hong ZS", "Jin HJ", "Tan KS", "Tan YY", "Wang DY", "Yan Y"], "date": "2020-03-13", "db": "PubMed", "db_id": "32169119", "db_name": "Military Medical Research", "first": "Guo YR", "last": "Yan Y", "pages": "11", "volume": "7"}, "evidence": "Moreover, chloroquine has immunomodulatory effects, suppressing the production/release of TNF-\u03b1 and IL-6. It also works as a novel class of autophagy inhibitor [81], which may interfere with viral infection and replication.", "line": 168, "relation": "decreases"}
a(CHEBI:chloroquine)	decreases	p(HGNC:TNF)	{"citation": {"authors": ["Cao QD", "Chen SD", "Guo YR", "Hong ZS", "Jin HJ", "Tan KS", "Tan YY", "Wang DY", "Yan Y"], "date": "2020-03-13", "db": "PubMed", "db_id": "32169119", "db_name": "Military Medical Research", "first": "Guo YR", "last": "Yan Y", "pages": "11", "volume": "7"}, "evidence": "Moreover, chloroquine has immunomodulatory effects, suppressing the production/release of TNF-\u03b1 and IL-6. It also works as a novel class of autophagy inhibitor [81], which may interfere with viral infection and replication.", "line": 169, "relation": "decreases"}
a(CHEBI:chloroquine)	decreases	bp(GOBP:autophagy)	{"citation": {"authors": ["Cao QD", "Chen SD", "Guo YR", "Hong ZS", "Jin HJ", "Tan KS", "Tan YY", "Wang DY", "Yan Y"], "date": "2020-03-13", "db": "PubMed", "db_id": "32169119", "db_name": "Military Medical Research", "first": "Guo YR", "last": "Yan Y", "pages": "11", "volume": "7"}, "evidence": "Moreover, chloroquine has immunomodulatory effects, suppressing the production/release of TNF-\u03b1 and IL-6. It also works as a novel class of autophagy inhibitor [81], which may interfere with viral infection and replication.", "line": 170, "relation": "decreases"}
a(CHEBI:creatinine)	positiveCorrelation	path(DO:"COVID-19")	{"citation": {"authors": ["Cao QD", "Chen SD", "Guo YR", "Hong ZS", "Jin HJ", "Tan KS", "Tan YY", "Wang DY", "Yan Y"], "date": "2020-03-13", "db": "PubMed", "db_id": "32169119", "db_name": "Military Medical Research", "first": "Guo YR", "last": "Yan Y", "pages": "11", "volume": "7"}, "evidence": "But in the severe patients, the neutrophil count, D-dimer, blood urea, and creatinine levels were higher significantly, and the lymphocyte counts continued to decrease.", "line": 101, "relation": "positiveCorrelation"}
a(CHEBI:favipiravir)	decreases	path(MESH:"Virus Replication")	{"citation": {"authors": ["Cao QD", "Chen SD", "Guo YR", "Hong ZS", "Jin HJ", "Tan KS", "Tan YY", "Wang DY", "Yan Y"], "date": "2020-03-13", "db": "PubMed", "db_id": "32169119", "db_name": "Military Medical Research", "first": "Guo YR", "last": "Yan Y", "pages": "11", "volume": "7"}, "evidence": "The other antiviral drugs include nitazoxanide, favipiravir, nafamostat, and so on (See Table 1 for details).", "line": 184, "relation": "decreases"}
a(CHEBI:nafamostat)	decreases	p(HGNC:CTSB)	{"citation": {"authors": ["Cao QD", "Chen SD", "Guo YR", "Hong ZS", "Jin HJ", "Tan KS", "Tan YY", "Wang DY", "Yan Y"], "date": "2020-03-13", "db": "PubMed", "db_id": "32169119", "db_name": "Military Medical Research", "first": "Guo YR", "last": "Yan Y", "pages": "11", "volume": "7"}, "evidence": "The other antiviral drugs include nitazoxanide, favipiravir, nafamostat, and so on (See Table 1 for details).", "line": 176, "relation": "decreases"}
a(CHEBI:nafamostat)	negativeCorrelation	bp(GOBP:"membrane fusion involved in viral entry into host cell")	{"citation": {"authors": ["Cao QD", "Chen SD", "Guo YR", "Hong ZS", "Jin HJ", "Tan KS", "Tan YY", "Wang DY", "Yan Y"], "date": "2020-03-13", "db": "PubMed", "db_id": "32169119", "db_name": "Military Medical Research", "first": "Guo YR", "last": "Yan Y", "pages": "11", "volume": "7"}, "evidence": "The other antiviral drugs include nitazoxanide, favipiravir, nafamostat, and so on (See Table 1 for details).", "line": 178, "relation": "negativeCorrelation"}
a(CHEBI:nafamostat)	decreases	bp(GOBP:coagulation)	{"citation": {"authors": ["Cao QD", "Chen SD", "Guo YR", "Hong ZS", "Jin HJ", "Tan KS", "Tan YY", "Wang DY", "Yan Y"], "date": "2020-03-13", "db": "PubMed", "db_id": "32169119", "db_name": "Military Medical Research", "first": "Guo YR", "last": "Yan Y", "pages": "11", "volume": "7"}, "evidence": "The other antiviral drugs include nitazoxanide, favipiravir, nafamostat, and so on (See Table 1 for details).", "line": 179, "relation": "decreases"}
a(CHEBI:oseltamivir)	decreases	act(p(PFAM:Neur))	{"citation": {"authors": ["Cao QD", "Chen SD", "Guo YR", "Hong ZS", "Jin HJ", "Tan KS", "Tan YY", "Wang DY", "Yan Y"], "date": "2020-03-13", "db": "PubMed", "db_id": "32169119", "db_name": "Military Medical Research", "first": "Guo YR", "last": "Yan Y", "pages": "11", "volume": "7"}, "evidence": "The other antiviral drugs include nitazoxanide, favipiravir, nafamostat, and so on (See Table 1 for details).", "line": 180, "object": {"modifier": "Activity"}, "relation": "decreases"}
a(CHEBI:oseltamivir)	decreases	bp(GOBP:"viral release from host cell")	{"citation": {"authors": ["Cao QD", "Chen SD", "Guo YR", "Hong ZS", "Jin HJ", "Tan KS", "Tan YY", "Wang DY", "Yan Y"], "date": "2020-03-13", "db": "PubMed", "db_id": "32169119", "db_name": "Military Medical Research", "first": "Guo YR", "last": "Yan Y", "pages": "11", "volume": "7"}, "evidence": "The other antiviral drugs include nitazoxanide, favipiravir, nafamostat, and so on (See Table 1 for details).", "line": 181, "relation": "decreases"}
a(CHEBI:oseltamivir)	decreases	path(MESH:"Virus Replication")	{"citation": {"authors": ["Cao QD", "Chen SD", "Guo YR", "Hong ZS", "Jin HJ", "Tan KS", "Tan YY", "Wang DY", "Yan Y"], "date": "2020-03-13", "db": "PubMed", "db_id": "32169119", "db_name": "Military Medical Research", "first": "Guo YR", "last": "Yan Y", "pages": "11", "volume": "7"}, "evidence": "The other antiviral drugs include nitazoxanide, favipiravir, nafamostat, and so on (See Table 1 for details).", "line": 182, "relation": "decreases"}
a(CHEBI:oseltamivir)	decreases	path(MESH:"Virus Diseases")	{"citation": {"authors": ["Cao QD", "Chen SD", "Guo YR", "Hong ZS", "Jin HJ", "Tan KS", "Tan YY", "Wang DY", "Yan Y"], "date": "2020-03-13", "db": "PubMed", "db_id": "32169119", "db_name": "Military Medical Research", "first": "Guo YR", "last": "Yan Y", "pages": "11", "volume": "7"}, "evidence": "The other antiviral drugs include nitazoxanide, favipiravir, nafamostat, and so on (See Table 1 for details).", "line": 183, "relation": "decreases"}
a(MESH:"Blood Urea Nitrogen")	positiveCorrelation	path(DO:"COVID-19")	{"citation": {"authors": ["Cao QD", "Chen SD", "Guo YR", "Hong ZS", "Jin HJ", "Tan KS", "Tan YY", "Wang DY", "Yan Y"], "date": "2020-03-13", "db": "PubMed", "db_id": "32169119", "db_name": "Military Medical Research", "first": "Guo YR", "last": "Yan Y", "pages": "11", "volume": "7"}, "evidence": "But in the severe patients, the neutrophil count, D-dimer, blood urea, and creatinine levels were higher significantly, and the lymphocyte counts continued to decrease.", "line": 100, "relation": "positiveCorrelation"}
act(a(MESH:Cytokines))	positiveCorrelation	bp(GOBP:"inflammatory response")	{"citation": {"authors": ["Cao QD", "Chen SD", "Guo YR", "Hong ZS", "Jin HJ", "Tan KS", "Tan YY", "Wang DY", "Yan Y"], "date": "2020-03-13", "db": "PubMed", "db_id": "32169119", "db_name": "Military Medical Research", "first": "Guo YR", "last": "Yan Y", "pages": "11", "volume": "7"}, "evidence": "These complex signalling recruit adaptors, including TIR-domain-containing adaptor protein including IFN-\u03b2 (TRIF), mitochondrial antiviral-signalling protein (MAVS) [64] and stimulator of interferon genes protein (STING) [65] to trigger downstream cascades molecules, involving adaptor molecule MyD88 and lead to the activation of the transcription factor nuclear factor-\u03baB (NF-\u03baB) and interferon regulatory factor 3 (IRF3) and the production of type I Interferons (IFN-\u03b1 /\u03b2) and a series of pro-inflammatory cytokines [66].", "line": 165, "relation": "positiveCorrelation", "subject": {"modifier": "Activity"}}
a(MESH:Neutrophils)	positiveCorrelation	path(DO:"COVID-19")	{"citation": {"authors": ["Cao QD", "Chen SD", "Guo YR", "Hong ZS", "Jin HJ", "Tan KS", "Tan YY", "Wang DY", "Yan Y"], "date": "2020-03-13", "db": "PubMed", "db_id": "32169119", "db_name": "Military Medical Research", "first": "Guo YR", "last": "Yan Y", "pages": "11", "volume": "7"}, "evidence": "But in the severe patients, the neutrophil count, D-dimer, blood urea, and creatinine levels were higher significantly, and the lymphocyte counts continued to decrease.", "line": 99, "relation": "positiveCorrelation"}
bp(GOBP:"detection of virus")	positiveCorrelation	p(HGNC:TLR3)	{"annotations": {"MeSHAnatomy": {"Endosomes": true}}, "citation": {"authors": ["Cao QD", "Chen SD", "Guo YR", "Hong ZS", "Jin HJ", "Tan KS", "Tan YY", "Wang DY", "Yan Y"], "date": "2020-03-13", "db": "PubMed", "db_id": "32169119", "db_name": "Military Medical Research", "first": "Guo YR", "last": "Yan Y", "pages": "11", "volume": "7"}, "evidence": "Usually, Toll-like receptor (TLR) 3, TLR7, TLR8, and TLR9 sense viral RNA and DNA in the endosome [60, 61]. The viral RNA receptor retinoic-acid inducible gene I (RIG-I) [62], cytosolic receptor melanoma differentiation-associated gene 5 (MDA5) and nucleotidyl transferase cyclic GMP-AMP synthase (cGAS) [63] are responsible for the recognition of viral RNA and DNA in the cytoplasm.", "line": 123, "relation": "positiveCorrelation"}
bp(GOBP:"detection of virus")	positiveCorrelation	p(HGNC:TLR7)	{"annotations": {"MeSHAnatomy": {"Endosomes": true}}, "citation": {"authors": ["Cao QD", "Chen SD", "Guo YR", "Hong ZS", "Jin HJ", "Tan KS", "Tan YY", "Wang DY", "Yan Y"], "date": "2020-03-13", "db": "PubMed", "db_id": "32169119", "db_name": "Military Medical Research", "first": "Guo YR", "last": "Yan Y", "pages": "11", "volume": "7"}, "evidence": "Usually, Toll-like receptor (TLR) 3, TLR7, TLR8, and TLR9 sense viral RNA and DNA in the endosome [60, 61]. The viral RNA receptor retinoic-acid inducible gene I (RIG-I) [62], cytosolic receptor melanoma differentiation-associated gene 5 (MDA5) and nucleotidyl transferase cyclic GMP-AMP synthase (cGAS) [63] are responsible for the recognition of viral RNA and DNA in the cytoplasm.", "line": 124, "relation": "positiveCorrelation"}
bp(GOBP:"detection of virus")	positiveCorrelation	p(HGNC:TLR8)	{"annotations": {"MeSHAnatomy": {"Endosomes": true}}, "citation": {"authors": ["Cao QD", "Chen SD", "Guo YR", "Hong ZS", "Jin HJ", "Tan KS", "Tan YY", "Wang DY", "Yan Y"], "date": "2020-03-13", "db": "PubMed", "db_id": "32169119", "db_name": "Military Medical Research", "first": "Guo YR", "last": "Yan Y", "pages": "11", "volume": "7"}, "evidence": "Usually, Toll-like receptor (TLR) 3, TLR7, TLR8, and TLR9 sense viral RNA and DNA in the endosome [60, 61]. The viral RNA receptor retinoic-acid inducible gene I (RIG-I) [62], cytosolic receptor melanoma differentiation-associated gene 5 (MDA5) and nucleotidyl transferase cyclic GMP-AMP synthase (cGAS) [63] are responsible for the recognition of viral RNA and DNA in the cytoplasm.", "line": 125, "relation": "positiveCorrelation"}
bp(GOBP:"detection of virus")	positiveCorrelation	p(HGNC:TLR9)	{"annotations": {"MeSHAnatomy": {"Endosomes": true}}, "citation": {"authors": ["Cao QD", "Chen SD", "Guo YR", "Hong ZS", "Jin HJ", "Tan KS", "Tan YY", "Wang DY", "Yan Y"], "date": "2020-03-13", "db": "PubMed", "db_id": "32169119", "db_name": "Military Medical Research", "first": "Guo YR", "last": "Yan Y", "pages": "11", "volume": "7"}, "evidence": "Usually, Toll-like receptor (TLR) 3, TLR7, TLR8, and TLR9 sense viral RNA and DNA in the endosome [60, 61]. The viral RNA receptor retinoic-acid inducible gene I (RIG-I) [62], cytosolic receptor melanoma differentiation-associated gene 5 (MDA5) and nucleotidyl transferase cyclic GMP-AMP synthase (cGAS) [63] are responsible for the recognition of viral RNA and DNA in the cytoplasm.", "line": 126, "relation": "positiveCorrelation"}
bp(GOBP:"detection of virus")	positiveCorrelation	p(HGNC:DDX58)	{"annotations": {"MeSHAnatomy": {"Cytoplasm": true}}, "citation": {"authors": ["Cao QD", "Chen SD", "Guo YR", "Hong ZS", "Jin HJ", "Tan KS", "Tan YY", "Wang DY", "Yan Y"], "date": "2020-03-13", "db": "PubMed", "db_id": "32169119", "db_name": "Military Medical Research", "first": "Guo YR", "last": "Yan Y", "pages": "11", "volume": "7"}, "evidence": "Usually, Toll-like receptor (TLR) 3, TLR7, TLR8, and TLR9 sense viral RNA and DNA in the endosome [60, 61]. The viral RNA receptor retinoic-acid inducible gene I (RIG-I) [62], cytosolic receptor melanoma differentiation-associated gene 5 (MDA5) and nucleotidyl transferase cyclic GMP-AMP synthase (cGAS) [63] are responsible for the recognition of viral RNA and DNA in the cytoplasm.", "line": 129, "relation": "positiveCorrelation"}
bp(GOBP:"detection of virus")	positiveCorrelation	p(HGNC:IFIH1)	{"annotations": {"MeSHAnatomy": {"Cytoplasm": true}}, "citation": {"authors": ["Cao QD", "Chen SD", "Guo YR", "Hong ZS", "Jin HJ", "Tan KS", "Tan YY", "Wang DY", "Yan Y"], "date": "2020-03-13", "db": "PubMed", "db_id": "32169119", "db_name": "Military Medical Research", "first": "Guo YR", "last": "Yan Y", "pages": "11", "volume": "7"}, "evidence": "Usually, Toll-like receptor (TLR) 3, TLR7, TLR8, and TLR9 sense viral RNA and DNA in the endosome [60, 61]. The viral RNA receptor retinoic-acid inducible gene I (RIG-I) [62], cytosolic receptor melanoma differentiation-associated gene 5 (MDA5) and nucleotidyl transferase cyclic GMP-AMP synthase (cGAS) [63] are responsible for the recognition of viral RNA and DNA in the cytoplasm.", "line": 130, "relation": "positiveCorrelation"}
bp(GOBP:"detection of virus")	positiveCorrelation	p(HGNC:CGAS)	{"annotations": {"MeSHAnatomy": {"Cytoplasm": true}}, "citation": {"authors": ["Cao QD", "Chen SD", "Guo YR", "Hong ZS", "Jin HJ", "Tan KS", "Tan YY", "Wang DY", "Yan Y"], "date": "2020-03-13", "db": "PubMed", "db_id": "32169119", "db_name": "Military Medical Research", "first": "Guo YR", "last": "Yan Y", "pages": "11", "volume": "7"}, "evidence": "Usually, Toll-like receptor (TLR) 3, TLR7, TLR8, and TLR9 sense viral RNA and DNA in the endosome [60, 61]. The viral RNA receptor retinoic-acid inducible gene I (RIG-I) [62], cytosolic receptor melanoma differentiation-associated gene 5 (MDA5) and nucleotidyl transferase cyclic GMP-AMP synthase (cGAS) [63] are responsible for the recognition of viral RNA and DNA in the cytoplasm.", "line": 131, "relation": "positiveCorrelation"}
bp(GOBP:"inflammatory response")	positiveCorrelation	act(a(MESH:Cytokines))	{"citation": {"authors": ["Cao QD", "Chen SD", "Guo YR", "Hong ZS", "Jin HJ", "Tan KS", "Tan YY", "Wang DY", "Yan Y"], "date": "2020-03-13", "db": "PubMed", "db_id": "32169119", "db_name": "Military Medical Research", "first": "Guo YR", "last": "Yan Y", "pages": "11", "volume": "7"}, "evidence": "These complex signalling recruit adaptors, including TIR-domain-containing adaptor protein including IFN-\u03b2 (TRIF), mitochondrial antiviral-signalling protein (MAVS) [64] and stimulator of interferon genes protein (STING) [65] to trigger downstream cascades molecules, involving adaptor molecule MyD88 and lead to the activation of the transcription factor nuclear factor-\u03baB (NF-\u03baB) and interferon regulatory factor 3 (IRF3) and the production of type I Interferons (IFN-\u03b1 /\u03b2) and a series of pro-inflammatory cytokines [66].", "line": 165, "object": {"modifier": "Activity"}, "relation": "positiveCorrelation"}
bp(GOBP:"membrane fusion involved in viral entry into host cell")	positiveCorrelation	p(HGNC:CTSB)	{"citation": {"authors": ["Cao QD", "Chen SD", "Guo YR", "Hong ZS", "Jin HJ", "Tan KS", "Tan YY", "Wang DY", "Yan Y"], "date": "2020-03-13", "db": "PubMed", "db_id": "32169119", "db_name": "Military Medical Research", "first": "Guo YR", "last": "Yan Y", "pages": "11", "volume": "7"}, "evidence": "The other antiviral drugs include nitazoxanide, favipiravir, nafamostat, and so on (See Table 1 for details).", "line": 177, "relation": "positiveCorrelation"}
bp(GOBP:"membrane fusion involved in viral entry into host cell")	negativeCorrelation	a(CHEBI:nafamostat)	{"citation": {"authors": ["Cao QD", "Chen SD", "Guo YR", "Hong ZS", "Jin HJ", "Tan KS", "Tan YY", "Wang DY", "Yan Y"], "date": "2020-03-13", "db": "PubMed", "db_id": "32169119", "db_name": "Military Medical Research", "first": "Guo YR", "last": "Yan Y", "pages": "11", "volume": "7"}, "evidence": "The other antiviral drugs include nitazoxanide, favipiravir, nafamostat, and so on (See Table 1 for details).", "line": 178, "relation": "negativeCorrelation"}
bp(GOBP:autophagy)	association	path(MESH:"Virus Replication")	{"citation": {"authors": ["Cao QD", "Chen SD", "Guo YR", "Hong ZS", "Jin HJ", "Tan KS", "Tan YY", "Wang DY", "Yan Y"], "date": "2020-03-13", "db": "PubMed", "db_id": "32169119", "db_name": "Military Medical Research", "first": "Guo YR", "last": "Yan Y", "pages": "11", "volume": "7"}, "evidence": "Moreover, chloroquine has immunomodulatory effects, suppressing the production/release of TNF-\u03b1 and IL-6. It also works as a novel class of autophagy inhibitor [81], which may interfere with viral infection and replication.", "line": 171, "relation": "association"}
bp(GOBP:autophagy)	association	path(MESH:"Virus Diseases")	{"citation": {"authors": ["Cao QD", "Chen SD", "Guo YR", "Hong ZS", "Jin HJ", "Tan KS", "Tan YY", "Wang DY", "Yan Y"], "date": "2020-03-13", "db": "PubMed", "db_id": "32169119", "db_name": "Military Medical Research", "first": "Guo YR", "last": "Yan Y", "pages": "11", "volume": "7"}, "evidence": "Moreover, chloroquine has immunomodulatory effects, suppressing the production/release of TNF-\u03b1 and IL-6. It also works as a novel class of autophagy inhibitor [81], which may interfere with viral infection and replication.", "line": 172, "relation": "association"}
p(FIXME:s1)	isA	p(NCBIGENE:43740568)	{"relation": "isA"}
p(FIXME:s1)	regulates	path(MESH:"Host Specificity")	{"citation": {"authors": ["Cao QD", "Chen SD", "Guo YR", "Hong ZS", "Jin HJ", "Tan KS", "Tan YY", "Wang DY", "Yan Y"], "date": "2020-03-13", "db": "PubMed", "db_id": "32169119", "db_name": "Military Medical Research", "first": "Guo YR", "last": "Yan Y", "pages": "11", "volume": "7"}, "evidence": " S glycoprotein includes two sub-units, S1 and S2 [30]. S1 determines the virus-host range and cellular tropism with the key function domain\u2212RBD, while S2 mediates virus-cell membrane fusion by two tandem domains, heptad repeats 1 (HR1) [31] and HR2[32].", "line": 94, "relation": "regulates"}
p(FIXME:s1)	regulates	bp(GOBP:tropism)	{"citation": {"authors": ["Cao QD", "Chen SD", "Guo YR", "Hong ZS", "Jin HJ", "Tan KS", "Tan YY", "Wang DY", "Yan Y"], "date": "2020-03-13", "db": "PubMed", "db_id": "32169119", "db_name": "Military Medical Research", "first": "Guo YR", "last": "Yan Y", "pages": "11", "volume": "7"}, "evidence": " S glycoprotein includes two sub-units, S1 and S2 [30]. S1 determines the virus-host range and cellular tropism with the key function domain\u2212RBD, while S2 mediates virus-cell membrane fusion by two tandem domains, heptad repeats 1 (HR1) [31] and HR2[32].", "line": 95, "relation": "regulates"}
p(FIXME:s2)	isA	p(NCBIGENE:43740568)	{"relation": "isA"}
p(FIXME:s2)	regulates	bp(GOBP:"membrane fusion involved in viral entry into host cell")	{"citation": {"authors": ["Cao QD", "Chen SD", "Guo YR", "Hong ZS", "Jin HJ", "Tan KS", "Tan YY", "Wang DY", "Yan Y"], "date": "2020-03-13", "db": "PubMed", "db_id": "32169119", "db_name": "Military Medical Research", "first": "Guo YR", "last": "Yan Y", "pages": "11", "volume": "7"}, "evidence": " S glycoprotein includes two sub-units, S1 and S2 [30]. S1 determines the virus-host range and cellular tropism with the key function domain\u2212RBD, while S2 mediates virus-cell membrane fusion by two tandem domains, heptad repeats 1 (HR1) [31] and HR2[32].", "line": 96, "relation": "regulates"}
p(FIXME:sarsnsp2)	hasVariant	p(FIXME:sarsnsp2, var("?"))	{"relation": "hasVariant"}
p(FIXME:sarsnsp2, var("?"))	association	path(DO:"COVID-19")	{"citation": {"authors": ["Cao QD", "Chen SD", "Guo YR", "Hong ZS", "Jin HJ", "Tan KS", "Tan YY", "Wang DY", "Yan Y"], "date": "2020-03-13", "db": "PubMed", "db_id": "32169119", "db_name": "Military Medical Research", "first": "Guo YR", "last": "Yan Y", "pages": "11", "volume": "7"}, "evidence": "Another recent research suggested [23]that the mutation in NSP2 and NSP3 play a role in infectious capability and differentiation mechanism of SARS-CoV-2.", "line": 87, "relation": "association"}
p(FIXME:sarsnsp2, var("?"))	association	path(FIXME:"SARS-CoV-2 infection")	{"citation": {"authors": ["Cao QD", "Chen SD", "Guo YR", "Hong ZS", "Jin HJ", "Tan KS", "Tan YY", "Wang DY", "Yan Y"], "date": "2020-03-13", "db": "PubMed", "db_id": "32169119", "db_name": "Military Medical Research", "first": "Guo YR", "last": "Yan Y", "pages": "11", "volume": "7"}, "evidence": "Another recent research suggested [23]that the mutation in NSP2 and NSP3 play a role in infectious capability and differentiation mechanism of SARS-CoV-2.", "line": 88, "relation": "association"}
p(FIXME:sarsnsp3)	hasVariant	p(FIXME:sarsnsp3, var("?"))	{"relation": "hasVariant"}
p(FIXME:sarsnsp3, var("?"))	association	path(DO:"COVID-19")	{"citation": {"authors": ["Cao QD", "Chen SD", "Guo YR", "Hong ZS", "Jin HJ", "Tan KS", "Tan YY", "Wang DY", "Yan Y"], "date": "2020-03-13", "db": "PubMed", "db_id": "32169119", "db_name": "Military Medical Research", "first": "Guo YR", "last": "Yan Y", "pages": "11", "volume": "7"}, "evidence": "Another recent research suggested [23]that the mutation in NSP2 and NSP3 play a role in infectious capability and differentiation mechanism of SARS-CoV-2.", "line": 89, "relation": "association"}
p(FIXME:sarsnsp3, var("?"))	association	path(FIXME:"SARS-CoV-2 infection")	{"citation": {"authors": ["Cao QD", "Chen SD", "Guo YR", "Hong ZS", "Jin HJ", "Tan KS", "Tan YY", "Wang DY", "Yan Y"], "date": "2020-03-13", "db": "PubMed", "db_id": "32169119", "db_name": "Military Medical Research", "first": "Guo YR", "last": "Yan Y", "pages": "11", "volume": "7"}, "evidence": "Another recent research suggested [23]that the mutation in NSP2 and NSP3 play a role in infectious capability and differentiation mechanism of SARS-CoV-2.", "line": 90, "relation": "association"}
p(HGNC:CCL2)	positiveCorrelation	path(DO:"COVID-19")	{"annotations": {"MeSHAnatomy": {"Plasma": true}}, "citation": {"authors": ["Cao QD", "Chen SD", "Guo YR", "Hong ZS", "Jin HJ", "Tan KS", "Tan YY", "Wang DY", "Yan Y"], "date": "2020-03-13", "db": "PubMed", "db_id": "32169119", "db_name": "Military Medical Research", "first": "Guo YR", "last": "Yan Y", "pages": "11", "volume": "7"}, "evidence": "Additionally, inflammatory factors (interleukin (IL)-6, IL-10, tumor necrosis factor-\u03b1(TNF-\u03b1) increase, indicating the immune status of patients. The data showed that ICU patients had higher plasma levels of IL-2, IL-7, IL-10, granulocyte colony-stimulating factor (GCSF), 10 kD interferon-gamma-induced  protein  (IP-10),  monocyte  chemo-attractant protein-1 (MCP-1), macrophage inflammatory protein 1-\u03b1(MIP-1\u03b1), and TNF-\u03b1[48].", "line": 114, "relation": "positiveCorrelation"}
p(HGNC:CCL3)	positiveCorrelation	path(DO:"COVID-19")	{"annotations": {"MeSHAnatomy": {"Plasma": true}}, "citation": {"authors": ["Cao QD", "Chen SD", "Guo YR", "Hong ZS", "Jin HJ", "Tan KS", "Tan YY", "Wang DY", "Yan Y"], "date": "2020-03-13", "db": "PubMed", "db_id": "32169119", "db_name": "Military Medical Research", "first": "Guo YR", "last": "Yan Y", "pages": "11", "volume": "7"}, "evidence": "Additionally, inflammatory factors (interleukin (IL)-6, IL-10, tumor necrosis factor-\u03b1(TNF-\u03b1) increase, indicating the immune status of patients. The data showed that ICU patients had higher plasma levels of IL-2, IL-7, IL-10, granulocyte colony-stimulating factor (GCSF), 10 kD interferon-gamma-induced  protein  (IP-10),  monocyte  chemo-attractant protein-1 (MCP-1), macrophage inflammatory protein 1-\u03b1(MIP-1\u03b1), and TNF-\u03b1[48].", "line": 115, "relation": "positiveCorrelation"}
p(HGNC:CGAS)	positiveCorrelation	bp(GOBP:"detection of virus")	{"annotations": {"MeSHAnatomy": {"Cytoplasm": true}}, "citation": {"authors": ["Cao QD", "Chen SD", "Guo YR", "Hong ZS", "Jin HJ", "Tan KS", "Tan YY", "Wang DY", "Yan Y"], "date": "2020-03-13", "db": "PubMed", "db_id": "32169119", "db_name": "Military Medical Research", "first": "Guo YR", "last": "Yan Y", "pages": "11", "volume": "7"}, "evidence": "Usually, Toll-like receptor (TLR) 3, TLR7, TLR8, and TLR9 sense viral RNA and DNA in the endosome [60, 61]. The viral RNA receptor retinoic-acid inducible gene I (RIG-I) [62], cytosolic receptor melanoma differentiation-associated gene 5 (MDA5) and nucleotidyl transferase cyclic GMP-AMP synthase (cGAS) [63] are responsible for the recognition of viral RNA and DNA in the cytoplasm.", "line": 131, "relation": "positiveCorrelation"}
p(HGNC:CGAS)	increases	p(HGNC:TICAM1)	{"citation": {"authors": ["Cao QD", "Chen SD", "Guo YR", "Hong ZS", "Jin HJ", "Tan KS", "Tan YY", "Wang DY", "Yan Y"], "date": "2020-03-13", "db": "PubMed", "db_id": "32169119", "db_name": "Military Medical Research", "first": "Guo YR", "last": "Yan Y", "pages": "11", "volume": "7"}, "evidence": "These complex signalling recruit adaptors, including TIR-domain-containing adaptor protein including IFN-\u03b2 (TRIF), mitochondrial antiviral-signalling protein (MAVS) [64] and stimulator of interferon genes protein (STING) [65] to trigger downstream cascades molecules, involving adaptor molecule MyD88 and lead to the activation of the transcription factor nuclear factor-\u03baB (NF-\u03baB) and interferon regulatory factor 3 (IRF3) and the production of type I Interferons (IFN-\u03b1 /\u03b2) and a series of pro-inflammatory cytokines [66].", "line": 155, "relation": "increases"}
p(HGNC:CGAS)	increases	p(HGNC:MAVS)	{"citation": {"authors": ["Cao QD", "Chen SD", "Guo YR", "Hong ZS", "Jin HJ", "Tan KS", "Tan YY", "Wang DY", "Yan Y"], "date": "2020-03-13", "db": "PubMed", "db_id": "32169119", "db_name": "Military Medical Research", "first": "Guo YR", "last": "Yan Y", "pages": "11", "volume": "7"}, "evidence": "These complex signalling recruit adaptors, including TIR-domain-containing adaptor protein including IFN-\u03b2 (TRIF), mitochondrial antiviral-signalling protein (MAVS) [64] and stimulator of interferon genes protein (STING) [65] to trigger downstream cascades molecules, involving adaptor molecule MyD88 and lead to the activation of the transcription factor nuclear factor-\u03baB (NF-\u03baB) and interferon regulatory factor 3 (IRF3) and the production of type I Interferons (IFN-\u03b1 /\u03b2) and a series of pro-inflammatory cytokines [66].", "line": 156, "relation": "increases"}
p(HGNC:CGAS)	increases	p(NCBIGENE:340061)	{"citation": {"authors": ["Cao QD", "Chen SD", "Guo YR", "Hong ZS", "Jin HJ", "Tan KS", "Tan YY", "Wang DY", "Yan Y"], "date": "2020-03-13", "db": "PubMed", "db_id": "32169119", "db_name": "Military Medical Research", "first": "Guo YR", "last": "Yan Y", "pages": "11", "volume": "7"}, "evidence": "These complex signalling recruit adaptors, including TIR-domain-containing adaptor protein including IFN-\u03b2 (TRIF), mitochondrial antiviral-signalling protein (MAVS) [64] and stimulator of interferon genes protein (STING) [65] to trigger downstream cascades molecules, involving adaptor molecule MyD88 and lead to the activation of the transcription factor nuclear factor-\u03baB (NF-\u03baB) and interferon regulatory factor 3 (IRF3) and the production of type I Interferons (IFN-\u03b1 /\u03b2) and a series of pro-inflammatory cytokines [66].", "line": 157, "relation": "increases"}
p(HGNC:CSF3)	positiveCorrelation	path(DO:"COVID-19")	{"annotations": {"MeSHAnatomy": {"Plasma": true}}, "citation": {"authors": ["Cao QD", "Chen SD", "Guo YR", "Hong ZS", "Jin HJ", "Tan KS", "Tan YY", "Wang DY", "Yan Y"], "date": "2020-03-13", "db": "PubMed", "db_id": "32169119", "db_name": "Military Medical Research", "first": "Guo YR", "last": "Yan Y", "pages": "11", "volume": "7"}, "evidence": "Additionally, inflammatory factors (interleukin (IL)-6, IL-10, tumor necrosis factor-\u03b1(TNF-\u03b1) increase, indicating the immune status of patients. The data showed that ICU patients had higher plasma levels of IL-2, IL-7, IL-10, granulocyte colony-stimulating factor (GCSF), 10 kD interferon-gamma-induced  protein  (IP-10),  monocyte  chemo-attractant protein-1 (MCP-1), macrophage inflammatory protein 1-\u03b1(MIP-1\u03b1), and TNF-\u03b1[48].", "line": 112, "relation": "positiveCorrelation"}
p(HGNC:CTSB)	positiveCorrelation	bp(GOBP:"membrane fusion involved in viral entry into host cell")	{"citation": {"authors": ["Cao QD", "Chen SD", "Guo YR", "Hong ZS", "Jin HJ", "Tan KS", "Tan YY", "Wang DY", "Yan Y"], "date": "2020-03-13", "db": "PubMed", "db_id": "32169119", "db_name": "Military Medical Research", "first": "Guo YR", "last": "Yan Y", "pages": "11", "volume": "7"}, "evidence": "The other antiviral drugs include nitazoxanide, favipiravir, nafamostat, and so on (See Table 1 for details).", "line": 177, "relation": "positiveCorrelation"}
p(HGNC:CXCL10)	positiveCorrelation	path(DO:"COVID-19")	{"annotations": {"MeSHAnatomy": {"Plasma": true}}, "citation": {"authors": ["Cao QD", "Chen SD", "Guo YR", "Hong ZS", "Jin HJ", "Tan KS", "Tan YY", "Wang DY", "Yan Y"], "date": "2020-03-13", "db": "PubMed", "db_id": "32169119", "db_name": "Military Medical Research", "first": "Guo YR", "last": "Yan Y", "pages": "11", "volume": "7"}, "evidence": "Additionally, inflammatory factors (interleukin (IL)-6, IL-10, tumor necrosis factor-\u03b1(TNF-\u03b1) increase, indicating the immune status of patients. The data showed that ICU patients had higher plasma levels of IL-2, IL-7, IL-10, granulocyte colony-stimulating factor (GCSF), 10 kD interferon-gamma-induced  protein  (IP-10),  monocyte  chemo-attractant protein-1 (MCP-1), macrophage inflammatory protein 1-\u03b1(MIP-1\u03b1), and TNF-\u03b1[48].", "line": 113, "relation": "positiveCorrelation"}
p(HGNC:DDX58)	positiveCorrelation	bp(GOBP:"detection of virus")	{"annotations": {"MeSHAnatomy": {"Cytoplasm": true}}, "citation": {"authors": ["Cao QD", "Chen SD", "Guo YR", "Hong ZS", "Jin HJ", "Tan KS", "Tan YY", "Wang DY", "Yan Y"], "date": "2020-03-13", "db": "PubMed", "db_id": "32169119", "db_name": "Military Medical Research", "first": "Guo YR", "last": "Yan Y", "pages": "11", "volume": "7"}, "evidence": "Usually, Toll-like receptor (TLR) 3, TLR7, TLR8, and TLR9 sense viral RNA and DNA in the endosome [60, 61]. The viral RNA receptor retinoic-acid inducible gene I (RIG-I) [62], cytosolic receptor melanoma differentiation-associated gene 5 (MDA5) and nucleotidyl transferase cyclic GMP-AMP synthase (cGAS) [63] are responsible for the recognition of viral RNA and DNA in the cytoplasm.", "line": 129, "relation": "positiveCorrelation"}
p(HGNC:DDX58)	increases	p(HGNC:TICAM1)	{"citation": {"authors": ["Cao QD", "Chen SD", "Guo YR", "Hong ZS", "Jin HJ", "Tan KS", "Tan YY", "Wang DY", "Yan Y"], "date": "2020-03-13", "db": "PubMed", "db_id": "32169119", "db_name": "Military Medical Research", "first": "Guo YR", "last": "Yan Y", "pages": "11", "volume": "7"}, "evidence": "These complex signalling recruit adaptors, including TIR-domain-containing adaptor protein including IFN-\u03b2 (TRIF), mitochondrial antiviral-signalling protein (MAVS) [64] and stimulator of interferon genes protein (STING) [65] to trigger downstream cascades molecules, involving adaptor molecule MyD88 and lead to the activation of the transcription factor nuclear factor-\u03baB (NF-\u03baB) and interferon regulatory factor 3 (IRF3) and the production of type I Interferons (IFN-\u03b1 /\u03b2) and a series of pro-inflammatory cytokines [66].", "line": 149, "relation": "increases"}
p(HGNC:DDX58)	increases	p(HGNC:MAVS)	{"citation": {"authors": ["Cao QD", "Chen SD", "Guo YR", "Hong ZS", "Jin HJ", "Tan KS", "Tan YY", "Wang DY", "Yan Y"], "date": "2020-03-13", "db": "PubMed", "db_id": "32169119", "db_name": "Military Medical Research", "first": "Guo YR", "last": "Yan Y", "pages": "11", "volume": "7"}, "evidence": "These complex signalling recruit adaptors, including TIR-domain-containing adaptor protein including IFN-\u03b2 (TRIF), mitochondrial antiviral-signalling protein (MAVS) [64] and stimulator of interferon genes protein (STING) [65] to trigger downstream cascades molecules, involving adaptor molecule MyD88 and lead to the activation of the transcription factor nuclear factor-\u03baB (NF-\u03baB) and interferon regulatory factor 3 (IRF3) and the production of type I Interferons (IFN-\u03b1 /\u03b2) and a series of pro-inflammatory cytokines [66].", "line": 150, "relation": "increases"}
p(HGNC:DDX58)	increases	p(NCBIGENE:340061)	{"citation": {"authors": ["Cao QD", "Chen SD", "Guo YR", "Hong ZS", "Jin HJ", "Tan KS", "Tan YY", "Wang DY", "Yan Y"], "date": "2020-03-13", "db": "PubMed", "db_id": "32169119", "db_name": "Military Medical Research", "first": "Guo YR", "last": "Yan Y", "pages": "11", "volume": "7"}, "evidence": "These complex signalling recruit adaptors, including TIR-domain-containing adaptor protein including IFN-\u03b2 (TRIF), mitochondrial antiviral-signalling protein (MAVS) [64] and stimulator of interferon genes protein (STING) [65] to trigger downstream cascades molecules, involving adaptor molecule MyD88 and lead to the activation of the transcription factor nuclear factor-\u03baB (NF-\u03baB) and interferon regulatory factor 3 (IRF3) and the production of type I Interferons (IFN-\u03b1 /\u03b2) and a series of pro-inflammatory cytokines [66].", "line": 151, "relation": "increases"}
p(HGNC:IFIH1)	positiveCorrelation	bp(GOBP:"detection of virus")	{"annotations": {"MeSHAnatomy": {"Cytoplasm": true}}, "citation": {"authors": ["Cao QD", "Chen SD", "Guo YR", "Hong ZS", "Jin HJ", "Tan KS", "Tan YY", "Wang DY", "Yan Y"], "date": "2020-03-13", "db": "PubMed", "db_id": "32169119", "db_name": "Military Medical Research", "first": "Guo YR", "last": "Yan Y", "pages": "11", "volume": "7"}, "evidence": "Usually, Toll-like receptor (TLR) 3, TLR7, TLR8, and TLR9 sense viral RNA and DNA in the endosome [60, 61]. The viral RNA receptor retinoic-acid inducible gene I (RIG-I) [62], cytosolic receptor melanoma differentiation-associated gene 5 (MDA5) and nucleotidyl transferase cyclic GMP-AMP synthase (cGAS) [63] are responsible for the recognition of viral RNA and DNA in the cytoplasm.", "line": 130, "relation": "positiveCorrelation"}
p(HGNC:IFIH1)	increases	p(HGNC:TICAM1)	{"citation": {"authors": ["Cao QD", "Chen SD", "Guo YR", "Hong ZS", "Jin HJ", "Tan KS", "Tan YY", "Wang DY", "Yan Y"], "date": "2020-03-13", "db": "PubMed", "db_id": "32169119", "db_name": "Military Medical Research", "first": "Guo YR", "last": "Yan Y", "pages": "11", "volume": "7"}, "evidence": "These complex signalling recruit adaptors, including TIR-domain-containing adaptor protein including IFN-\u03b2 (TRIF), mitochondrial antiviral-signalling protein (MAVS) [64] and stimulator of interferon genes protein (STING) [65] to trigger downstream cascades molecules, involving adaptor molecule MyD88 and lead to the activation of the transcription factor nuclear factor-\u03baB (NF-\u03baB) and interferon regulatory factor 3 (IRF3) and the production of type I Interferons (IFN-\u03b1 /\u03b2) and a series of pro-inflammatory cytokines [66].", "line": 152, "relation": "increases"}
p(HGNC:IFIH1)	increases	p(HGNC:MAVS)	{"citation": {"authors": ["Cao QD", "Chen SD", "Guo YR", "Hong ZS", "Jin HJ", "Tan KS", "Tan YY", "Wang DY", "Yan Y"], "date": "2020-03-13", "db": "PubMed", "db_id": "32169119", "db_name": "Military Medical Research", "first": "Guo YR", "last": "Yan Y", "pages": "11", "volume": "7"}, "evidence": "These complex signalling recruit adaptors, including TIR-domain-containing adaptor protein including IFN-\u03b2 (TRIF), mitochondrial antiviral-signalling protein (MAVS) [64] and stimulator of interferon genes protein (STING) [65] to trigger downstream cascades molecules, involving adaptor molecule MyD88 and lead to the activation of the transcription factor nuclear factor-\u03baB (NF-\u03baB) and interferon regulatory factor 3 (IRF3) and the production of type I Interferons (IFN-\u03b1 /\u03b2) and a series of pro-inflammatory cytokines [66].", "line": 153, "relation": "increases"}
p(HGNC:IFIH1)	increases	p(NCBIGENE:340061)	{"citation": {"authors": ["Cao QD", "Chen SD", "Guo YR", "Hong ZS", "Jin HJ", "Tan KS", "Tan YY", "Wang DY", "Yan Y"], "date": "2020-03-13", "db": "PubMed", "db_id": "32169119", "db_name": "Military Medical Research", "first": "Guo YR", "last": "Yan Y", "pages": "11", "volume": "7"}, "evidence": "These complex signalling recruit adaptors, including TIR-domain-containing adaptor protein including IFN-\u03b2 (TRIF), mitochondrial antiviral-signalling protein (MAVS) [64] and stimulator of interferon genes protein (STING) [65] to trigger downstream cascades molecules, involving adaptor molecule MyD88 and lead to the activation of the transcription factor nuclear factor-\u03baB (NF-\u03baB) and interferon regulatory factor 3 (IRF3) and the production of type I Interferons (IFN-\u03b1 /\u03b2) and a series of pro-inflammatory cytokines [66].", "line": 154, "relation": "increases"}
p(HGNC:IL10)	positiveCorrelation	path(DO:"COVID-19")	{"citation": {"authors": ["Cao QD", "Chen SD", "Guo YR", "Hong ZS", "Jin HJ", "Tan KS", "Tan YY", "Wang DY", "Yan Y"], "date": "2020-03-13", "db": "PubMed", "db_id": "32169119", "db_name": "Military Medical Research", "first": "Guo YR", "last": "Yan Y", "pages": "11", "volume": "7"}, "evidence": "Additionally, inflammatory factors (interleukin (IL)-6, IL-10, tumor necrosis factor-\u03b1(TNF-\u03b1) increase, indicating the immune status of patients. The data showed that ICU patients had higher plasma levels of IL-2, IL-7, IL-10, granulocyte colony-stimulating factor (GCSF), 10 kD interferon-gamma-induced  protein  (IP-10),  monocyte  chemo-attractant protein-1 (MCP-1), macrophage inflammatory protein 1-\u03b1(MIP-1\u03b1), and TNF-\u03b1[48].", "line": 107, "relation": "positiveCorrelation"}
p(HGNC:IL2)	positiveCorrelation	path(DO:"COVID-19")	{"annotations": {"MeSHAnatomy": {"Plasma": true}}, "citation": {"authors": ["Cao QD", "Chen SD", "Guo YR", "Hong ZS", "Jin HJ", "Tan KS", "Tan YY", "Wang DY", "Yan Y"], "date": "2020-03-13", "db": "PubMed", "db_id": "32169119", "db_name": "Military Medical Research", "first": "Guo YR", "last": "Yan Y", "pages": "11", "volume": "7"}, "evidence": "Additionally, inflammatory factors (interleukin (IL)-6, IL-10, tumor necrosis factor-\u03b1(TNF-\u03b1) increase, indicating the immune status of patients. The data showed that ICU patients had higher plasma levels of IL-2, IL-7, IL-10, granulocyte colony-stimulating factor (GCSF), 10 kD interferon-gamma-induced  protein  (IP-10),  monocyte  chemo-attractant protein-1 (MCP-1), macrophage inflammatory protein 1-\u03b1(MIP-1\u03b1), and TNF-\u03b1[48].", "line": 110, "relation": "positiveCorrelation"}
p(HGNC:IL6)	positiveCorrelation	path(DO:"COVID-19")	{"citation": {"authors": ["Cao QD", "Chen SD", "Guo YR", "Hong ZS", "Jin HJ", "Tan KS", "Tan YY", "Wang DY", "Yan Y"], "date": "2020-03-13", "db": "PubMed", "db_id": "32169119", "db_name": "Military Medical Research", "first": "Guo YR", "last": "Yan Y", "pages": "11", "volume": "7"}, "evidence": "Additionally, inflammatory factors (interleukin (IL)-6, IL-10, tumor necrosis factor-\u03b1(TNF-\u03b1) increase, indicating the immune status of patients. The data showed that ICU patients had higher plasma levels of IL-2, IL-7, IL-10, granulocyte colony-stimulating factor (GCSF), 10 kD interferon-gamma-induced  protein  (IP-10),  monocyte  chemo-attractant protein-1 (MCP-1), macrophage inflammatory protein 1-\u03b1(MIP-1\u03b1), and TNF-\u03b1[48].", "line": 106, "relation": "positiveCorrelation"}
p(HGNC:IL7)	positiveCorrelation	path(DO:"COVID-19")	{"annotations": {"MeSHAnatomy": {"Plasma": true}}, "citation": {"authors": ["Cao QD", "Chen SD", "Guo YR", "Hong ZS", "Jin HJ", "Tan KS", "Tan YY", "Wang DY", "Yan Y"], "date": "2020-03-13", "db": "PubMed", "db_id": "32169119", "db_name": "Military Medical Research", "first": "Guo YR", "last": "Yan Y", "pages": "11", "volume": "7"}, "evidence": "Additionally, inflammatory factors (interleukin (IL)-6, IL-10, tumor necrosis factor-\u03b1(TNF-\u03b1) increase, indicating the immune status of patients. The data showed that ICU patients had higher plasma levels of IL-2, IL-7, IL-10, granulocyte colony-stimulating factor (GCSF), 10 kD interferon-gamma-induced  protein  (IP-10),  monocyte  chemo-attractant protein-1 (MCP-1), macrophage inflammatory protein 1-\u03b1(MIP-1\u03b1), and TNF-\u03b1[48].", "line": 111, "relation": "positiveCorrelation"}
p(HGNC:MAVS)	increases	p(HGNC:MYD88)	{"citation": {"authors": ["Cao QD", "Chen SD", "Guo YR", "Hong ZS", "Jin HJ", "Tan KS", "Tan YY", "Wang DY", "Yan Y"], "date": "2020-03-13", "db": "PubMed", "db_id": "32169119", "db_name": "Military Medical Research", "first": "Guo YR", "last": "Yan Y", "pages": "11", "volume": "7"}, "evidence": "These complex signalling recruit adaptors, including TIR-domain-containing adaptor protein including IFN-\u03b2 (TRIF), mitochondrial antiviral-signalling protein (MAVS) [64] and stimulator of interferon genes protein (STING) [65] to trigger downstream cascades molecules, involving adaptor molecule MyD88 and lead to the activation of the transcription factor nuclear factor-\u03baB (NF-\u03baB) and interferon regulatory factor 3 (IRF3) and the production of type I Interferons (IFN-\u03b1 /\u03b2) and a series of pro-inflammatory cytokines [66].", "line": 159, "relation": "increases"}
p(HGNC:MYD88)	increases	act(p(PFAM:NKAP), ma(tscript))	{"citation": {"authors": ["Cao QD", "Chen SD", "Guo YR", "Hong ZS", "Jin HJ", "Tan KS", "Tan YY", "Wang DY", "Yan Y"], "date": "2020-03-13", "db": "PubMed", "db_id": "32169119", "db_name": "Military Medical Research", "first": "Guo YR", "last": "Yan Y", "pages": "11", "volume": "7"}, "evidence": "These complex signalling recruit adaptors, including TIR-domain-containing adaptor protein including IFN-\u03b2 (TRIF), mitochondrial antiviral-signalling protein (MAVS) [64] and stimulator of interferon genes protein (STING) [65] to trigger downstream cascades molecules, involving adaptor molecule MyD88 and lead to the activation of the transcription factor nuclear factor-\u03baB (NF-\u03baB) and interferon regulatory factor 3 (IRF3) and the production of type I Interferons (IFN-\u03b1 /\u03b2) and a series of pro-inflammatory cytokines [66].", "line": 161, "object": {"effect": {"name": "tscript", "namespace": "bel"}, "modifier": "Activity"}, "relation": "increases"}
p(HGNC:MYD88)	increases	act(p(HGNC:IRF3))	{"citation": {"authors": ["Cao QD", "Chen SD", "Guo YR", "Hong ZS", "Jin HJ", "Tan KS", "Tan YY", "Wang DY", "Yan Y"], "date": "2020-03-13", "db": "PubMed", "db_id": "32169119", "db_name": "Military Medical Research", "first": "Guo YR", "last": "Yan Y", "pages": "11", "volume": "7"}, "evidence": "These complex signalling recruit adaptors, including TIR-domain-containing adaptor protein including IFN-\u03b2 (TRIF), mitochondrial antiviral-signalling protein (MAVS) [64] and stimulator of interferon genes protein (STING) [65] to trigger downstream cascades molecules, involving adaptor molecule MyD88 and lead to the activation of the transcription factor nuclear factor-\u03baB (NF-\u03baB) and interferon regulatory factor 3 (IRF3) and the production of type I Interferons (IFN-\u03b1 /\u03b2) and a series of pro-inflammatory cytokines [66].", "line": 162, "object": {"modifier": "Activity"}, "relation": "increases"}
p(HGNC:MYD88)	increases	act(p(MESH:"Interferon Type I"))	{"citation": {"authors": ["Cao QD", "Chen SD", "Guo YR", "Hong ZS", "Jin HJ", "Tan KS", "Tan YY", "Wang DY", "Yan Y"], "date": "2020-03-13", "db": "PubMed", "db_id": "32169119", "db_name": "Military Medical Research", "first": "Guo YR", "last": "Yan Y", "pages": "11", "volume": "7"}, "evidence": "These complex signalling recruit adaptors, including TIR-domain-containing adaptor protein including IFN-\u03b2 (TRIF), mitochondrial antiviral-signalling protein (MAVS) [64] and stimulator of interferon genes protein (STING) [65] to trigger downstream cascades molecules, involving adaptor molecule MyD88 and lead to the activation of the transcription factor nuclear factor-\u03baB (NF-\u03baB) and interferon regulatory factor 3 (IRF3) and the production of type I Interferons (IFN-\u03b1 /\u03b2) and a series of pro-inflammatory cytokines [66].", "line": 163, "object": {"modifier": "Activity"}, "relation": "increases"}
p(HGNC:MYD88)	increases	act(a(MESH:Cytokines))	{"citation": {"authors": ["Cao QD", "Chen SD", "Guo YR", "Hong ZS", "Jin HJ", "Tan KS", "Tan YY", "Wang DY", "Yan Y"], "date": "2020-03-13", "db": "PubMed", "db_id": "32169119", "db_name": "Military Medical Research", "first": "Guo YR", "last": "Yan Y", "pages": "11", "volume": "7"}, "evidence": "These complex signalling recruit adaptors, including TIR-domain-containing adaptor protein including IFN-\u03b2 (TRIF), mitochondrial antiviral-signalling protein (MAVS) [64] and stimulator of interferon genes protein (STING) [65] to trigger downstream cascades molecules, involving adaptor molecule MyD88 and lead to the activation of the transcription factor nuclear factor-\u03baB (NF-\u03baB) and interferon regulatory factor 3 (IRF3) and the production of type I Interferons (IFN-\u03b1 /\u03b2) and a series of pro-inflammatory cytokines [66].", "line": 164, "object": {"modifier": "Activity"}, "relation": "increases"}
p(HGNC:TICAM1)	increases	p(HGNC:MYD88)	{"citation": {"authors": ["Cao QD", "Chen SD", "Guo YR", "Hong ZS", "Jin HJ", "Tan KS", "Tan YY", "Wang DY", "Yan Y"], "date": "2020-03-13", "db": "PubMed", "db_id": "32169119", "db_name": "Military Medical Research", "first": "Guo YR", "last": "Yan Y", "pages": "11", "volume": "7"}, "evidence": "These complex signalling recruit adaptors, including TIR-domain-containing adaptor protein including IFN-\u03b2 (TRIF), mitochondrial antiviral-signalling protein (MAVS) [64] and stimulator of interferon genes protein (STING) [65] to trigger downstream cascades molecules, involving adaptor molecule MyD88 and lead to the activation of the transcription factor nuclear factor-\u03baB (NF-\u03baB) and interferon regulatory factor 3 (IRF3) and the production of type I Interferons (IFN-\u03b1 /\u03b2) and a series of pro-inflammatory cytokines [66].", "line": 158, "relation": "increases"}
p(HGNC:TLR3)	positiveCorrelation	bp(GOBP:"detection of virus")	{"annotations": {"MeSHAnatomy": {"Endosomes": true}}, "citation": {"authors": ["Cao QD", "Chen SD", "Guo YR", "Hong ZS", "Jin HJ", "Tan KS", "Tan YY", "Wang DY", "Yan Y"], "date": "2020-03-13", "db": "PubMed", "db_id": "32169119", "db_name": "Military Medical Research", "first": "Guo YR", "last": "Yan Y", "pages": "11", "volume": "7"}, "evidence": "Usually, Toll-like receptor (TLR) 3, TLR7, TLR8, and TLR9 sense viral RNA and DNA in the endosome [60, 61]. The viral RNA receptor retinoic-acid inducible gene I (RIG-I) [62], cytosolic receptor melanoma differentiation-associated gene 5 (MDA5) and nucleotidyl transferase cyclic GMP-AMP synthase (cGAS) [63] are responsible for the recognition of viral RNA and DNA in the cytoplasm.", "line": 123, "relation": "positiveCorrelation"}
p(HGNC:TLR3)	increases	p(HGNC:TICAM1)	{"citation": {"authors": ["Cao QD", "Chen SD", "Guo YR", "Hong ZS", "Jin HJ", "Tan KS", "Tan YY", "Wang DY", "Yan Y"], "date": "2020-03-13", "db": "PubMed", "db_id": "32169119", "db_name": "Military Medical Research", "first": "Guo YR", "last": "Yan Y", "pages": "11", "volume": "7"}, "evidence": "These complex signalling recruit adaptors, including TIR-domain-containing adaptor protein including IFN-\u03b2 (TRIF), mitochondrial antiviral-signalling protein (MAVS) [64] and stimulator of interferon genes protein (STING) [65] to trigger downstream cascades molecules, involving adaptor molecule MyD88 and lead to the activation of the transcription factor nuclear factor-\u03baB (NF-\u03baB) and interferon regulatory factor 3 (IRF3) and the production of type I Interferons (IFN-\u03b1 /\u03b2) and a series of pro-inflammatory cytokines [66].", "line": 137, "relation": "increases"}
p(HGNC:TLR3)	increases	p(HGNC:MAVS)	{"citation": {"authors": ["Cao QD", "Chen SD", "Guo YR", "Hong ZS", "Jin HJ", "Tan KS", "Tan YY", "Wang DY", "Yan Y"], "date": "2020-03-13", "db": "PubMed", "db_id": "32169119", "db_name": "Military Medical Research", "first": "Guo YR", "last": "Yan Y", "pages": "11", "volume": "7"}, "evidence": "These complex signalling recruit adaptors, including TIR-domain-containing adaptor protein including IFN-\u03b2 (TRIF), mitochondrial antiviral-signalling protein (MAVS) [64] and stimulator of interferon genes protein (STING) [65] to trigger downstream cascades molecules, involving adaptor molecule MyD88 and lead to the activation of the transcription factor nuclear factor-\u03baB (NF-\u03baB) and interferon regulatory factor 3 (IRF3) and the production of type I Interferons (IFN-\u03b1 /\u03b2) and a series of pro-inflammatory cytokines [66].", "line": 138, "relation": "increases"}
p(HGNC:TLR3)	increases	p(NCBIGENE:340061)	{"citation": {"authors": ["Cao QD", "Chen SD", "Guo YR", "Hong ZS", "Jin HJ", "Tan KS", "Tan YY", "Wang DY", "Yan Y"], "date": "2020-03-13", "db": "PubMed", "db_id": "32169119", "db_name": "Military Medical Research", "first": "Guo YR", "last": "Yan Y", "pages": "11", "volume": "7"}, "evidence": "These complex signalling recruit adaptors, including TIR-domain-containing adaptor protein including IFN-\u03b2 (TRIF), mitochondrial antiviral-signalling protein (MAVS) [64] and stimulator of interferon genes protein (STING) [65] to trigger downstream cascades molecules, involving adaptor molecule MyD88 and lead to the activation of the transcription factor nuclear factor-\u03baB (NF-\u03baB) and interferon regulatory factor 3 (IRF3) and the production of type I Interferons (IFN-\u03b1 /\u03b2) and a series of pro-inflammatory cytokines [66].", "line": 139, "relation": "increases"}
p(HGNC:TLR7)	positiveCorrelation	bp(GOBP:"detection of virus")	{"annotations": {"MeSHAnatomy": {"Endosomes": true}}, "citation": {"authors": ["Cao QD", "Chen SD", "Guo YR", "Hong ZS", "Jin HJ", "Tan KS", "Tan YY", "Wang DY", "Yan Y"], "date": "2020-03-13", "db": "PubMed", "db_id": "32169119", "db_name": "Military Medical Research", "first": "Guo YR", "last": "Yan Y", "pages": "11", "volume": "7"}, "evidence": "Usually, Toll-like receptor (TLR) 3, TLR7, TLR8, and TLR9 sense viral RNA and DNA in the endosome [60, 61]. The viral RNA receptor retinoic-acid inducible gene I (RIG-I) [62], cytosolic receptor melanoma differentiation-associated gene 5 (MDA5) and nucleotidyl transferase cyclic GMP-AMP synthase (cGAS) [63] are responsible for the recognition of viral RNA and DNA in the cytoplasm.", "line": 124, "relation": "positiveCorrelation"}
p(HGNC:TLR7)	increases	p(HGNC:TICAM1)	{"citation": {"authors": ["Cao QD", "Chen SD", "Guo YR", "Hong ZS", "Jin HJ", "Tan KS", "Tan YY", "Wang DY", "Yan Y"], "date": "2020-03-13", "db": "PubMed", "db_id": "32169119", "db_name": "Military Medical Research", "first": "Guo YR", "last": "Yan Y", "pages": "11", "volume": "7"}, "evidence": "These complex signalling recruit adaptors, including TIR-domain-containing adaptor protein including IFN-\u03b2 (TRIF), mitochondrial antiviral-signalling protein (MAVS) [64] and stimulator of interferon genes protein (STING) [65] to trigger downstream cascades molecules, involving adaptor molecule MyD88 and lead to the activation of the transcription factor nuclear factor-\u03baB (NF-\u03baB) and interferon regulatory factor 3 (IRF3) and the production of type I Interferons (IFN-\u03b1 /\u03b2) and a series of pro-inflammatory cytokines [66].", "line": 140, "relation": "increases"}
p(HGNC:TLR7)	increases	p(HGNC:MAVS)	{"citation": {"authors": ["Cao QD", "Chen SD", "Guo YR", "Hong ZS", "Jin HJ", "Tan KS", "Tan YY", "Wang DY", "Yan Y"], "date": "2020-03-13", "db": "PubMed", "db_id": "32169119", "db_name": "Military Medical Research", "first": "Guo YR", "last": "Yan Y", "pages": "11", "volume": "7"}, "evidence": "These complex signalling recruit adaptors, including TIR-domain-containing adaptor protein including IFN-\u03b2 (TRIF), mitochondrial antiviral-signalling protein (MAVS) [64] and stimulator of interferon genes protein (STING) [65] to trigger downstream cascades molecules, involving adaptor molecule MyD88 and lead to the activation of the transcription factor nuclear factor-\u03baB (NF-\u03baB) and interferon regulatory factor 3 (IRF3) and the production of type I Interferons (IFN-\u03b1 /\u03b2) and a series of pro-inflammatory cytokines [66].", "line": 141, "relation": "increases"}
p(HGNC:TLR7)	increases	p(NCBIGENE:340061)	{"citation": {"authors": ["Cao QD", "Chen SD", "Guo YR", "Hong ZS", "Jin HJ", "Tan KS", "Tan YY", "Wang DY", "Yan Y"], "date": "2020-03-13", "db": "PubMed", "db_id": "32169119", "db_name": "Military Medical Research", "first": "Guo YR", "last": "Yan Y", "pages": "11", "volume": "7"}, "evidence": "These complex signalling recruit adaptors, including TIR-domain-containing adaptor protein including IFN-\u03b2 (TRIF), mitochondrial antiviral-signalling protein (MAVS) [64] and stimulator of interferon genes protein (STING) [65] to trigger downstream cascades molecules, involving adaptor molecule MyD88 and lead to the activation of the transcription factor nuclear factor-\u03baB (NF-\u03baB) and interferon regulatory factor 3 (IRF3) and the production of type I Interferons (IFN-\u03b1 /\u03b2) and a series of pro-inflammatory cytokines [66].", "line": 142, "relation": "increases"}
p(HGNC:TLR8)	positiveCorrelation	bp(GOBP:"detection of virus")	{"annotations": {"MeSHAnatomy": {"Endosomes": true}}, "citation": {"authors": ["Cao QD", "Chen SD", "Guo YR", "Hong ZS", "Jin HJ", "Tan KS", "Tan YY", "Wang DY", "Yan Y"], "date": "2020-03-13", "db": "PubMed", "db_id": "32169119", "db_name": "Military Medical Research", "first": "Guo YR", "last": "Yan Y", "pages": "11", "volume": "7"}, "evidence": "Usually, Toll-like receptor (TLR) 3, TLR7, TLR8, and TLR9 sense viral RNA and DNA in the endosome [60, 61]. The viral RNA receptor retinoic-acid inducible gene I (RIG-I) [62], cytosolic receptor melanoma differentiation-associated gene 5 (MDA5) and nucleotidyl transferase cyclic GMP-AMP synthase (cGAS) [63] are responsible for the recognition of viral RNA and DNA in the cytoplasm.", "line": 125, "relation": "positiveCorrelation"}
p(HGNC:TLR8)	increases	p(HGNC:TICAM1)	{"citation": {"authors": ["Cao QD", "Chen SD", "Guo YR", "Hong ZS", "Jin HJ", "Tan KS", "Tan YY", "Wang DY", "Yan Y"], "date": "2020-03-13", "db": "PubMed", "db_id": "32169119", "db_name": "Military Medical Research", "first": "Guo YR", "last": "Yan Y", "pages": "11", "volume": "7"}, "evidence": "These complex signalling recruit adaptors, including TIR-domain-containing adaptor protein including IFN-\u03b2 (TRIF), mitochondrial antiviral-signalling protein (MAVS) [64] and stimulator of interferon genes protein (STING) [65] to trigger downstream cascades molecules, involving adaptor molecule MyD88 and lead to the activation of the transcription factor nuclear factor-\u03baB (NF-\u03baB) and interferon regulatory factor 3 (IRF3) and the production of type I Interferons (IFN-\u03b1 /\u03b2) and a series of pro-inflammatory cytokines [66].", "line": 143, "relation": "increases"}
p(HGNC:TLR8)	increases	p(HGNC:MAVS)	{"citation": {"authors": ["Cao QD", "Chen SD", "Guo YR", "Hong ZS", "Jin HJ", "Tan KS", "Tan YY", "Wang DY", "Yan Y"], "date": "2020-03-13", "db": "PubMed", "db_id": "32169119", "db_name": "Military Medical Research", "first": "Guo YR", "last": "Yan Y", "pages": "11", "volume": "7"}, "evidence": "These complex signalling recruit adaptors, including TIR-domain-containing adaptor protein including IFN-\u03b2 (TRIF), mitochondrial antiviral-signalling protein (MAVS) [64] and stimulator of interferon genes protein (STING) [65] to trigger downstream cascades molecules, involving adaptor molecule MyD88 and lead to the activation of the transcription factor nuclear factor-\u03baB (NF-\u03baB) and interferon regulatory factor 3 (IRF3) and the production of type I Interferons (IFN-\u03b1 /\u03b2) and a series of pro-inflammatory cytokines [66].", "line": 144, "relation": "increases"}
p(HGNC:TLR8)	increases	p(NCBIGENE:340061)	{"citation": {"authors": ["Cao QD", "Chen SD", "Guo YR", "Hong ZS", "Jin HJ", "Tan KS", "Tan YY", "Wang DY", "Yan Y"], "date": "2020-03-13", "db": "PubMed", "db_id": "32169119", "db_name": "Military Medical Research", "first": "Guo YR", "last": "Yan Y", "pages": "11", "volume": "7"}, "evidence": "These complex signalling recruit adaptors, including TIR-domain-containing adaptor protein including IFN-\u03b2 (TRIF), mitochondrial antiviral-signalling protein (MAVS) [64] and stimulator of interferon genes protein (STING) [65] to trigger downstream cascades molecules, involving adaptor molecule MyD88 and lead to the activation of the transcription factor nuclear factor-\u03baB (NF-\u03baB) and interferon regulatory factor 3 (IRF3) and the production of type I Interferons (IFN-\u03b1 /\u03b2) and a series of pro-inflammatory cytokines [66].", "line": 145, "relation": "increases"}
p(HGNC:TLR9)	positiveCorrelation	bp(GOBP:"detection of virus")	{"annotations": {"MeSHAnatomy": {"Endosomes": true}}, "citation": {"authors": ["Cao QD", "Chen SD", "Guo YR", "Hong ZS", "Jin HJ", "Tan KS", "Tan YY", "Wang DY", "Yan Y"], "date": "2020-03-13", "db": "PubMed", "db_id": "32169119", "db_name": "Military Medical Research", "first": "Guo YR", "last": "Yan Y", "pages": "11", "volume": "7"}, "evidence": "Usually, Toll-like receptor (TLR) 3, TLR7, TLR8, and TLR9 sense viral RNA and DNA in the endosome [60, 61]. The viral RNA receptor retinoic-acid inducible gene I (RIG-I) [62], cytosolic receptor melanoma differentiation-associated gene 5 (MDA5) and nucleotidyl transferase cyclic GMP-AMP synthase (cGAS) [63] are responsible for the recognition of viral RNA and DNA in the cytoplasm.", "line": 126, "relation": "positiveCorrelation"}
p(HGNC:TLR9)	increases	p(HGNC:TICAM1)	{"citation": {"authors": ["Cao QD", "Chen SD", "Guo YR", "Hong ZS", "Jin HJ", "Tan KS", "Tan YY", "Wang DY", "Yan Y"], "date": "2020-03-13", "db": "PubMed", "db_id": "32169119", "db_name": "Military Medical Research", "first": "Guo YR", "last": "Yan Y", "pages": "11", "volume": "7"}, "evidence": "These complex signalling recruit adaptors, including TIR-domain-containing adaptor protein including IFN-\u03b2 (TRIF), mitochondrial antiviral-signalling protein (MAVS) [64] and stimulator of interferon genes protein (STING) [65] to trigger downstream cascades molecules, involving adaptor molecule MyD88 and lead to the activation of the transcription factor nuclear factor-\u03baB (NF-\u03baB) and interferon regulatory factor 3 (IRF3) and the production of type I Interferons (IFN-\u03b1 /\u03b2) and a series of pro-inflammatory cytokines [66].", "line": 146, "relation": "increases"}
p(HGNC:TLR9)	increases	p(HGNC:MAVS)	{"citation": {"authors": ["Cao QD", "Chen SD", "Guo YR", "Hong ZS", "Jin HJ", "Tan KS", "Tan YY", "Wang DY", "Yan Y"], "date": "2020-03-13", "db": "PubMed", "db_id": "32169119", "db_name": "Military Medical Research", "first": "Guo YR", "last": "Yan Y", "pages": "11", "volume": "7"}, "evidence": "These complex signalling recruit adaptors, including TIR-domain-containing adaptor protein including IFN-\u03b2 (TRIF), mitochondrial antiviral-signalling protein (MAVS) [64] and stimulator of interferon genes protein (STING) [65] to trigger downstream cascades molecules, involving adaptor molecule MyD88 and lead to the activation of the transcription factor nuclear factor-\u03baB (NF-\u03baB) and interferon regulatory factor 3 (IRF3) and the production of type I Interferons (IFN-\u03b1 /\u03b2) and a series of pro-inflammatory cytokines [66].", "line": 147, "relation": "increases"}
p(HGNC:TLR9)	increases	p(NCBIGENE:340061)	{"citation": {"authors": ["Cao QD", "Chen SD", "Guo YR", "Hong ZS", "Jin HJ", "Tan KS", "Tan YY", "Wang DY", "Yan Y"], "date": "2020-03-13", "db": "PubMed", "db_id": "32169119", "db_name": "Military Medical Research", "first": "Guo YR", "last": "Yan Y", "pages": "11", "volume": "7"}, "evidence": "These complex signalling recruit adaptors, including TIR-domain-containing adaptor protein including IFN-\u03b2 (TRIF), mitochondrial antiviral-signalling protein (MAVS) [64] and stimulator of interferon genes protein (STING) [65] to trigger downstream cascades molecules, involving adaptor molecule MyD88 and lead to the activation of the transcription factor nuclear factor-\u03baB (NF-\u03baB) and interferon regulatory factor 3 (IRF3) and the production of type I Interferons (IFN-\u03b1 /\u03b2) and a series of pro-inflammatory cytokines [66].", "line": 148, "relation": "increases"}
p(HGNC:TNF)	positiveCorrelation	path(DO:"COVID-19")	{"citation": {"authors": ["Cao QD", "Chen SD", "Guo YR", "Hong ZS", "Jin HJ", "Tan KS", "Tan YY", "Wang DY", "Yan Y"], "date": "2020-03-13", "db": "PubMed", "db_id": "32169119", "db_name": "Military Medical Research", "first": "Guo YR", "last": "Yan Y", "pages": "11", "volume": "7"}, "evidence": "Additionally, inflammatory factors (interleukin (IL)-6, IL-10, tumor necrosis factor-\u03b1(TNF-\u03b1) increase, indicating the immune status of patients. The data showed that ICU patients had higher plasma levels of IL-2, IL-7, IL-10, granulocyte colony-stimulating factor (GCSF), 10 kD interferon-gamma-induced  protein  (IP-10),  monocyte  chemo-attractant protein-1 (MCP-1), macrophage inflammatory protein 1-\u03b1(MIP-1\u03b1), and TNF-\u03b1[48].", "line": 108, "relation": "positiveCorrelation"}
p(NCBIGENE:340061)	increases	p(HGNC:MYD88)	{"citation": {"authors": ["Cao QD", "Chen SD", "Guo YR", "Hong ZS", "Jin HJ", "Tan KS", "Tan YY", "Wang DY", "Yan Y"], "date": "2020-03-13", "db": "PubMed", "db_id": "32169119", "db_name": "Military Medical Research", "first": "Guo YR", "last": "Yan Y", "pages": "11", "volume": "7"}, "evidence": "These complex signalling recruit adaptors, including TIR-domain-containing adaptor protein including IFN-\u03b2 (TRIF), mitochondrial antiviral-signalling protein (MAVS) [64] and stimulator of interferon genes protein (STING) [65] to trigger downstream cascades molecules, involving adaptor molecule MyD88 and lead to the activation of the transcription factor nuclear factor-\u03baB (NF-\u03baB) and interferon regulatory factor 3 (IRF3) and the production of type I Interferons (IFN-\u03b1 /\u03b2) and a series of pro-inflammatory cytokines [66].", "line": 160, "relation": "increases"}
path(DO:"COVID-19")	association	p(FIXME:sarsnsp2, var("?"))	{"citation": {"authors": ["Cao QD", "Chen SD", "Guo YR", "Hong ZS", "Jin HJ", "Tan KS", "Tan YY", "Wang DY", "Yan Y"], "date": "2020-03-13", "db": "PubMed", "db_id": "32169119", "db_name": "Military Medical Research", "first": "Guo YR", "last": "Yan Y", "pages": "11", "volume": "7"}, "evidence": "Another recent research suggested [23]that the mutation in NSP2 and NSP3 play a role in infectious capability and differentiation mechanism of SARS-CoV-2.", "line": 87, "relation": "association"}
path(DO:"COVID-19")	association	p(FIXME:sarsnsp3, var("?"))	{"citation": {"authors": ["Cao QD", "Chen SD", "Guo YR", "Hong ZS", "Jin HJ", "Tan KS", "Tan YY", "Wang DY", "Yan Y"], "date": "2020-03-13", "db": "PubMed", "db_id": "32169119", "db_name": "Military Medical Research", "first": "Guo YR", "last": "Yan Y", "pages": "11", "volume": "7"}, "evidence": "Another recent research suggested [23]that the mutation in NSP2 and NSP3 play a role in infectious capability and differentiation mechanism of SARS-CoV-2.", "line": 89, "relation": "association"}
path(DO:"COVID-19")	positiveCorrelation	a(MESH:Neutrophils)	{"citation": {"authors": ["Cao QD", "Chen SD", "Guo YR", "Hong ZS", "Jin HJ", "Tan KS", "Tan YY", "Wang DY", "Yan Y"], "date": "2020-03-13", "db": "PubMed", "db_id": "32169119", "db_name": "Military Medical Research", "first": "Guo YR", "last": "Yan Y", "pages": "11", "volume": "7"}, "evidence": "But in the severe patients, the neutrophil count, D-dimer, blood urea, and creatinine levels were higher significantly, and the lymphocyte counts continued to decrease.", "line": 99, "relation": "positiveCorrelation"}
path(DO:"COVID-19")	positiveCorrelation	a(MESH:"Blood Urea Nitrogen")	{"citation": {"authors": ["Cao QD", "Chen SD", "Guo YR", "Hong ZS", "Jin HJ", "Tan KS", "Tan YY", "Wang DY", "Yan Y"], "date": "2020-03-13", "db": "PubMed", "db_id": "32169119", "db_name": "Military Medical Research", "first": "Guo YR", "last": "Yan Y", "pages": "11", "volume": "7"}, "evidence": "But in the severe patients, the neutrophil count, D-dimer, blood urea, and creatinine levels were higher significantly, and the lymphocyte counts continued to decrease.", "line": 100, "relation": "positiveCorrelation"}
path(DO:"COVID-19")	positiveCorrelation	a(CHEBI:creatinine)	{"citation": {"authors": ["Cao QD", "Chen SD", "Guo YR", "Hong ZS", "Jin HJ", "Tan KS", "Tan YY", "Wang DY", "Yan Y"], "date": "2020-03-13", "db": "PubMed", "db_id": "32169119", "db_name": "Military Medical Research", "first": "Guo YR", "last": "Yan Y", "pages": "11", "volume": "7"}, "evidence": "But in the severe patients, the neutrophil count, D-dimer, blood urea, and creatinine levels were higher significantly, and the lymphocyte counts continued to decrease.", "line": 101, "relation": "positiveCorrelation"}
path(DO:"COVID-19")	negativeCorrelation	path(MESH:"Lymphocyte Count")	{"citation": {"authors": ["Cao QD", "Chen SD", "Guo YR", "Hong ZS", "Jin HJ", "Tan KS", "Tan YY", "Wang DY", "Yan Y"], "date": "2020-03-13", "db": "PubMed", "db_id": "32169119", "db_name": "Military Medical Research", "first": "Guo YR", "last": "Yan Y", "pages": "11", "volume": "7"}, "evidence": "But in the severe patients, the neutrophil count, D-dimer, blood urea, and creatinine levels were higher significantly, and the lymphocyte counts continued to decrease.", "line": 102, "relation": "negativeCorrelation"}
path(DO:"COVID-19")	positiveCorrelation	p(HGNC:IL6)	{"citation": {"authors": ["Cao QD", "Chen SD", "Guo YR", "Hong ZS", "Jin HJ", "Tan KS", "Tan YY", "Wang DY", "Yan Y"], "date": "2020-03-13", "db": "PubMed", "db_id": "32169119", "db_name": "Military Medical Research", "first": "Guo YR", "last": "Yan Y", "pages": "11", "volume": "7"}, "evidence": "Additionally, inflammatory factors (interleukin (IL)-6, IL-10, tumor necrosis factor-\u03b1(TNF-\u03b1) increase, indicating the immune status of patients. The data showed that ICU patients had higher plasma levels of IL-2, IL-7, IL-10, granulocyte colony-stimulating factor (GCSF), 10 kD interferon-gamma-induced  protein  (IP-10),  monocyte  chemo-attractant protein-1 (MCP-1), macrophage inflammatory protein 1-\u03b1(MIP-1\u03b1), and TNF-\u03b1[48].", "line": 106, "relation": "positiveCorrelation"}
path(DO:"COVID-19")	positiveCorrelation	p(HGNC:IL10)	{"citation": {"authors": ["Cao QD", "Chen SD", "Guo YR", "Hong ZS", "Jin HJ", "Tan KS", "Tan YY", "Wang DY", "Yan Y"], "date": "2020-03-13", "db": "PubMed", "db_id": "32169119", "db_name": "Military Medical Research", "first": "Guo YR", "last": "Yan Y", "pages": "11", "volume": "7"}, "evidence": "Additionally, inflammatory factors (interleukin (IL)-6, IL-10, tumor necrosis factor-\u03b1(TNF-\u03b1) increase, indicating the immune status of patients. The data showed that ICU patients had higher plasma levels of IL-2, IL-7, IL-10, granulocyte colony-stimulating factor (GCSF), 10 kD interferon-gamma-induced  protein  (IP-10),  monocyte  chemo-attractant protein-1 (MCP-1), macrophage inflammatory protein 1-\u03b1(MIP-1\u03b1), and TNF-\u03b1[48].", "line": 107, "relation": "positiveCorrelation"}
path(DO:"COVID-19")	positiveCorrelation	p(HGNC:TNF)	{"citation": {"authors": ["Cao QD", "Chen SD", "Guo YR", "Hong ZS", "Jin HJ", "Tan KS", "Tan YY", "Wang DY", "Yan Y"], "date": "2020-03-13", "db": "PubMed", "db_id": "32169119", "db_name": "Military Medical Research", "first": "Guo YR", "last": "Yan Y", "pages": "11", "volume": "7"}, "evidence": "Additionally, inflammatory factors (interleukin (IL)-6, IL-10, tumor necrosis factor-\u03b1(TNF-\u03b1) increase, indicating the immune status of patients. The data showed that ICU patients had higher plasma levels of IL-2, IL-7, IL-10, granulocyte colony-stimulating factor (GCSF), 10 kD interferon-gamma-induced  protein  (IP-10),  monocyte  chemo-attractant protein-1 (MCP-1), macrophage inflammatory protein 1-\u03b1(MIP-1\u03b1), and TNF-\u03b1[48].", "line": 108, "relation": "positiveCorrelation"}
path(DO:"COVID-19")	positiveCorrelation	p(HGNC:IL2)	{"annotations": {"MeSHAnatomy": {"Plasma": true}}, "citation": {"authors": ["Cao QD", "Chen SD", "Guo YR", "Hong ZS", "Jin HJ", "Tan KS", "Tan YY", "Wang DY", "Yan Y"], "date": "2020-03-13", "db": "PubMed", "db_id": "32169119", "db_name": "Military Medical Research", "first": "Guo YR", "last": "Yan Y", "pages": "11", "volume": "7"}, "evidence": "Additionally, inflammatory factors (interleukin (IL)-6, IL-10, tumor necrosis factor-\u03b1(TNF-\u03b1) increase, indicating the immune status of patients. The data showed that ICU patients had higher plasma levels of IL-2, IL-7, IL-10, granulocyte colony-stimulating factor (GCSF), 10 kD interferon-gamma-induced  protein  (IP-10),  monocyte  chemo-attractant protein-1 (MCP-1), macrophage inflammatory protein 1-\u03b1(MIP-1\u03b1), and TNF-\u03b1[48].", "line": 110, "relation": "positiveCorrelation"}
path(DO:"COVID-19")	positiveCorrelation	p(HGNC:IL7)	{"annotations": {"MeSHAnatomy": {"Plasma": true}}, "citation": {"authors": ["Cao QD", "Chen SD", "Guo YR", "Hong ZS", "Jin HJ", "Tan KS", "Tan YY", "Wang DY", "Yan Y"], "date": "2020-03-13", "db": "PubMed", "db_id": "32169119", "db_name": "Military Medical Research", "first": "Guo YR", "last": "Yan Y", "pages": "11", "volume": "7"}, "evidence": "Additionally, inflammatory factors (interleukin (IL)-6, IL-10, tumor necrosis factor-\u03b1(TNF-\u03b1) increase, indicating the immune status of patients. The data showed that ICU patients had higher plasma levels of IL-2, IL-7, IL-10, granulocyte colony-stimulating factor (GCSF), 10 kD interferon-gamma-induced  protein  (IP-10),  monocyte  chemo-attractant protein-1 (MCP-1), macrophage inflammatory protein 1-\u03b1(MIP-1\u03b1), and TNF-\u03b1[48].", "line": 111, "relation": "positiveCorrelation"}
path(DO:"COVID-19")	positiveCorrelation	p(HGNC:CSF3)	{"annotations": {"MeSHAnatomy": {"Plasma": true}}, "citation": {"authors": ["Cao QD", "Chen SD", "Guo YR", "Hong ZS", "Jin HJ", "Tan KS", "Tan YY", "Wang DY", "Yan Y"], "date": "2020-03-13", "db": "PubMed", "db_id": "32169119", "db_name": "Military Medical Research", "first": "Guo YR", "last": "Yan Y", "pages": "11", "volume": "7"}, "evidence": "Additionally, inflammatory factors (interleukin (IL)-6, IL-10, tumor necrosis factor-\u03b1(TNF-\u03b1) increase, indicating the immune status of patients. The data showed that ICU patients had higher plasma levels of IL-2, IL-7, IL-10, granulocyte colony-stimulating factor (GCSF), 10 kD interferon-gamma-induced  protein  (IP-10),  monocyte  chemo-attractant protein-1 (MCP-1), macrophage inflammatory protein 1-\u03b1(MIP-1\u03b1), and TNF-\u03b1[48].", "line": 112, "relation": "positiveCorrelation"}
path(DO:"COVID-19")	positiveCorrelation	p(HGNC:CXCL10)	{"annotations": {"MeSHAnatomy": {"Plasma": true}}, "citation": {"authors": ["Cao QD", "Chen SD", "Guo YR", "Hong ZS", "Jin HJ", "Tan KS", "Tan YY", "Wang DY", "Yan Y"], "date": "2020-03-13", "db": "PubMed", "db_id": "32169119", "db_name": "Military Medical Research", "first": "Guo YR", "last": "Yan Y", "pages": "11", "volume": "7"}, "evidence": "Additionally, inflammatory factors (interleukin (IL)-6, IL-10, tumor necrosis factor-\u03b1(TNF-\u03b1) increase, indicating the immune status of patients. The data showed that ICU patients had higher plasma levels of IL-2, IL-7, IL-10, granulocyte colony-stimulating factor (GCSF), 10 kD interferon-gamma-induced  protein  (IP-10),  monocyte  chemo-attractant protein-1 (MCP-1), macrophage inflammatory protein 1-\u03b1(MIP-1\u03b1), and TNF-\u03b1[48].", "line": 113, "relation": "positiveCorrelation"}
path(DO:"COVID-19")	positiveCorrelation	p(HGNC:CCL2)	{"annotations": {"MeSHAnatomy": {"Plasma": true}}, "citation": {"authors": ["Cao QD", "Chen SD", "Guo YR", "Hong ZS", "Jin HJ", "Tan KS", "Tan YY", "Wang DY", "Yan Y"], "date": "2020-03-13", "db": "PubMed", "db_id": "32169119", "db_name": "Military Medical Research", "first": "Guo YR", "last": "Yan Y", "pages": "11", "volume": "7"}, "evidence": "Additionally, inflammatory factors (interleukin (IL)-6, IL-10, tumor necrosis factor-\u03b1(TNF-\u03b1) increase, indicating the immune status of patients. The data showed that ICU patients had higher plasma levels of IL-2, IL-7, IL-10, granulocyte colony-stimulating factor (GCSF), 10 kD interferon-gamma-induced  protein  (IP-10),  monocyte  chemo-attractant protein-1 (MCP-1), macrophage inflammatory protein 1-\u03b1(MIP-1\u03b1), and TNF-\u03b1[48].", "line": 114, "relation": "positiveCorrelation"}
path(DO:"COVID-19")	positiveCorrelation	p(HGNC:CCL3)	{"annotations": {"MeSHAnatomy": {"Plasma": true}}, "citation": {"authors": ["Cao QD", "Chen SD", "Guo YR", "Hong ZS", "Jin HJ", "Tan KS", "Tan YY", "Wang DY", "Yan Y"], "date": "2020-03-13", "db": "PubMed", "db_id": "32169119", "db_name": "Military Medical Research", "first": "Guo YR", "last": "Yan Y", "pages": "11", "volume": "7"}, "evidence": "Additionally, inflammatory factors (interleukin (IL)-6, IL-10, tumor necrosis factor-\u03b1(TNF-\u03b1) increase, indicating the immune status of patients. The data showed that ICU patients had higher plasma levels of IL-2, IL-7, IL-10, granulocyte colony-stimulating factor (GCSF), 10 kD interferon-gamma-induced  protein  (IP-10),  monocyte  chemo-attractant protein-1 (MCP-1), macrophage inflammatory protein 1-\u03b1(MIP-1\u03b1), and TNF-\u03b1[48].", "line": 115, "relation": "positiveCorrelation"}
path(FIXME:"SARS-CoV-2 infection")	association	p(FIXME:sarsnsp2, var("?"))	{"citation": {"authors": ["Cao QD", "Chen SD", "Guo YR", "Hong ZS", "Jin HJ", "Tan KS", "Tan YY", "Wang DY", "Yan Y"], "date": "2020-03-13", "db": "PubMed", "db_id": "32169119", "db_name": "Military Medical Research", "first": "Guo YR", "last": "Yan Y", "pages": "11", "volume": "7"}, "evidence": "Another recent research suggested [23]that the mutation in NSP2 and NSP3 play a role in infectious capability and differentiation mechanism of SARS-CoV-2.", "line": 88, "relation": "association"}
path(FIXME:"SARS-CoV-2 infection")	association	p(FIXME:sarsnsp3, var("?"))	{"citation": {"authors": ["Cao QD", "Chen SD", "Guo YR", "Hong ZS", "Jin HJ", "Tan KS", "Tan YY", "Wang DY", "Yan Y"], "date": "2020-03-13", "db": "PubMed", "db_id": "32169119", "db_name": "Military Medical Research", "first": "Guo YR", "last": "Yan Y", "pages": "11", "volume": "7"}, "evidence": "Another recent research suggested [23]that the mutation in NSP2 and NSP3 play a role in infectious capability and differentiation mechanism of SARS-CoV-2.", "line": 90, "relation": "association"}
path(MESH:"Lymphocyte Count")	negativeCorrelation	path(DO:"COVID-19")	{"citation": {"authors": ["Cao QD", "Chen SD", "Guo YR", "Hong ZS", "Jin HJ", "Tan KS", "Tan YY", "Wang DY", "Yan Y"], "date": "2020-03-13", "db": "PubMed", "db_id": "32169119", "db_name": "Military Medical Research", "first": "Guo YR", "last": "Yan Y", "pages": "11", "volume": "7"}, "evidence": "But in the severe patients, the neutrophil count, D-dimer, blood urea, and creatinine levels were higher significantly, and the lymphocyte counts continued to decrease.", "line": 102, "relation": "negativeCorrelation"}
path(MESH:"Virus Diseases")	association	bp(GOBP:autophagy)	{"citation": {"authors": ["Cao QD", "Chen SD", "Guo YR", "Hong ZS", "Jin HJ", "Tan KS", "Tan YY", "Wang DY", "Yan Y"], "date": "2020-03-13", "db": "PubMed", "db_id": "32169119", "db_name": "Military Medical Research", "first": "Guo YR", "last": "Yan Y", "pages": "11", "volume": "7"}, "evidence": "Moreover, chloroquine has immunomodulatory effects, suppressing the production/release of TNF-\u03b1 and IL-6. It also works as a novel class of autophagy inhibitor [81], which may interfere with viral infection and replication.", "line": 172, "relation": "association"}
path(MESH:"Virus Replication")	association	bp(GOBP:autophagy)	{"citation": {"authors": ["Cao QD", "Chen SD", "Guo YR", "Hong ZS", "Jin HJ", "Tan KS", "Tan YY", "Wang DY", "Yan Y"], "date": "2020-03-13", "db": "PubMed", "db_id": "32169119", "db_name": "Military Medical Research", "first": "Guo YR", "last": "Yan Y", "pages": "11", "volume": "7"}, "evidence": "Moreover, chloroquine has immunomodulatory effects, suppressing the production/release of TNF-\u03b1 and IL-6. It also works as a novel class of autophagy inhibitor [81], which may interfere with viral infection and replication.", "line": 171, "relation": "association"}
