a(CHEBI:"Troponin I")	positiveCorrelation	a(MESH:Mortality)	{"annotations": {"Custom_Disease": {"COVID-19": true}, "PublicationStatus": {"Published": true}, "PublicationType": {"Research": true}, "Section": {"Results": true}, "Species": {"9606": true}}, "citation": {"authors": ["Cao B", "Chen H", "Du R", "Fan G", "Gu X", "Guan L", "Li H", "Liu Y", "Liu Z", "Song B", "Tu S", "Wang Y", "Wei Y", "Wu X", "Xiang J", "Xu J", "Yu T", "Zhang Y", "Zhou F"], "date": "2020-03-28", "db": "PubMed", "db_id": "32171076", "db_name": "Lancet (London, England)", "first": "Zhou F", "last": "Cao B", "pages": "1054-1062", "volume": "395"}, "evidence": "Age, lymphopenia, leucocytosis, and elevated ALT, lactate dehydrogenase, high-sensitivity cardiac troponin I, creatine kinase, d-dimer, serum ferritin, IL-6, prothrombin time, creatinine, and procalcitonin were also associated with death (table 3).", "line": 100, "relation": "positiveCorrelation"}
a(MESH:"fibrin fragment D")	positiveCorrelation	a(MESH:Mortality)	{"annotations": {"Custom_Disease": {"COVID-19": true}, "PublicationStatus": {"Published": true}, "PublicationType": {"Research": true}, "Section": {"Results": true}, "Species": {"9606": true}}, "citation": {"authors": ["Cao B", "Chen H", "Du R", "Fan G", "Gu X", "Guan L", "Li H", "Liu Y", "Liu Z", "Song B", "Tu S", "Wang Y", "Wei Y", "Wu X", "Xiang J", "Xu J", "Yu T", "Zhang Y", "Zhou F"], "date": "2020-03-28", "db": "PubMed", "db_id": "32171076", "db_name": "Lancet (London, England)", "first": "Zhou F", "last": "Cao B", "pages": "1054-1062", "volume": "395"}, "evidence": "Age, lymphopenia, leucocytosis, and elevated ALT, lactate dehydrogenase, high-sensitivity cardiac troponin I, creatine kinase, d-dimer, serum ferritin, IL-6, prothrombin time, creatinine, and procalcitonin were also associated with death (table 3).", "line": 102, "relation": "positiveCorrelation"}
a(MESH:Mortality)	positiveCorrelation	path(DO:lymphopenia)	{"annotations": {"Custom_Disease": {"COVID-19": true}, "PublicationStatus": {"Published": true}, "PublicationType": {"Research": true}, "Section": {"Results": true}, "Species": {"9606": true}}, "citation": {"authors": ["Cao B", "Chen H", "Du R", "Fan G", "Gu X", "Guan L", "Li H", "Liu Y", "Liu Z", "Song B", "Tu S", "Wang Y", "Wei Y", "Wu X", "Xiang J", "Xu J", "Yu T", "Zhang Y", "Zhou F"], "date": "2020-03-28", "db": "PubMed", "db_id": "32171076", "db_name": "Lancet (London, England)", "first": "Zhou F", "last": "Cao B", "pages": "1054-1062", "volume": "395"}, "evidence": "Age, lymphopenia, leucocytosis, and elevated ALT, lactate dehydrogenase, high-sensitivity cardiac troponin I, creatine kinase, d-dimer, serum ferritin, IL-6, prothrombin time, creatinine, and procalcitonin were also associated with death (table 3).", "line": 95, "relation": "positiveCorrelation"}
a(MESH:Mortality)	positiveCorrelation	bp(GO:aging)	{"annotations": {"Custom_Disease": {"COVID-19": true}, "PublicationStatus": {"Published": true}, "PublicationType": {"Research": true}, "Section": {"Results": true}, "Species": {"9606": true}}, "citation": {"authors": ["Cao B", "Chen H", "Du R", "Fan G", "Gu X", "Guan L", "Li H", "Liu Y", "Liu Z", "Song B", "Tu S", "Wang Y", "Wei Y", "Wu X", "Xiang J", "Xu J", "Yu T", "Zhang Y", "Zhou F"], "date": "2020-03-28", "db": "PubMed", "db_id": "32171076", "db_name": "Lancet (London, England)", "first": "Zhou F", "last": "Cao B", "pages": "1054-1062", "volume": "395"}, "evidence": "Age, lymphopenia, leucocytosis, and elevated ALT, lactate dehydrogenase, high-sensitivity cardiac troponin I, creatine kinase, d-dimer, serum ferritin, IL-6, prothrombin time, creatinine, and procalcitonin were also associated with death (table 3).", "line": 96, "relation": "positiveCorrelation"}
a(MESH:Mortality)	positiveCorrelation	path(MESH:Leukocytosis)	{"annotations": {"Custom_Disease": {"COVID-19": true}, "PublicationStatus": {"Published": true}, "PublicationType": {"Research": true}, "Section": {"Results": true}, "Species": {"9606": true}}, "citation": {"authors": ["Cao B", "Chen H", "Du R", "Fan G", "Gu X", "Guan L", "Li H", "Liu Y", "Liu Z", "Song B", "Tu S", "Wang Y", "Wei Y", "Wu X", "Xiang J", "Xu J", "Yu T", "Zhang Y", "Zhou F"], "date": "2020-03-28", "db": "PubMed", "db_id": "32171076", "db_name": "Lancet (London, England)", "first": "Zhou F", "last": "Cao B", "pages": "1054-1062", "volume": "395"}, "evidence": "Age, lymphopenia, leucocytosis, and elevated ALT, lactate dehydrogenase, high-sensitivity cardiac troponin I, creatine kinase, d-dimer, serum ferritin, IL-6, prothrombin time, creatinine, and procalcitonin were also associated with death (table 3).", "line": 97, "relation": "positiveCorrelation"}
a(MESH:Mortality)	positiveCorrelation	p(HGNC:GPT)	{"annotations": {"Custom_Disease": {"COVID-19": true}, "PublicationStatus": {"Published": true}, "PublicationType": {"Research": true}, "Section": {"Results": true}, "Species": {"9606": true}}, "citation": {"authors": ["Cao B", "Chen H", "Du R", "Fan G", "Gu X", "Guan L", "Li H", "Liu Y", "Liu Z", "Song B", "Tu S", "Wang Y", "Wei Y", "Wu X", "Xiang J", "Xu J", "Yu T", "Zhang Y", "Zhou F"], "date": "2020-03-28", "db": "PubMed", "db_id": "32171076", "db_name": "Lancet (London, England)", "first": "Zhou F", "last": "Cao B", "pages": "1054-1062", "volume": "395"}, "evidence": "Age, lymphopenia, leucocytosis, and elevated ALT, lactate dehydrogenase, high-sensitivity cardiac troponin I, creatine kinase, d-dimer, serum ferritin, IL-6, prothrombin time, creatinine, and procalcitonin were also associated with death (table 3).", "line": 98, "relation": "positiveCorrelation"}
a(MESH:Mortality)	positiveCorrelation	p(HGNC:LDHA)	{"annotations": {"Custom_Disease": {"COVID-19": true}, "PublicationStatus": {"Published": true}, "PublicationType": {"Research": true}, "Section": {"Results": true}, "Species": {"9606": true}}, "citation": {"authors": ["Cao B", "Chen H", "Du R", "Fan G", "Gu X", "Guan L", "Li H", "Liu Y", "Liu Z", "Song B", "Tu S", "Wang Y", "Wei Y", "Wu X", "Xiang J", "Xu J", "Yu T", "Zhang Y", "Zhou F"], "date": "2020-03-28", "db": "PubMed", "db_id": "32171076", "db_name": "Lancet (London, England)", "first": "Zhou F", "last": "Cao B", "pages": "1054-1062", "volume": "395"}, "evidence": "Age, lymphopenia, leucocytosis, and elevated ALT, lactate dehydrogenase, high-sensitivity cardiac troponin I, creatine kinase, d-dimer, serum ferritin, IL-6, prothrombin time, creatinine, and procalcitonin were also associated with death (table 3).", "line": 99, "relation": "positiveCorrelation"}
a(MESH:Mortality)	positiveCorrelation	a(CHEBI:"Troponin I")	{"annotations": {"Custom_Disease": {"COVID-19": true}, "PublicationStatus": {"Published": true}, "PublicationType": {"Research": true}, "Section": {"Results": true}, "Species": {"9606": true}}, "citation": {"authors": ["Cao B", "Chen H", "Du R", "Fan G", "Gu X", "Guan L", "Li H", "Liu Y", "Liu Z", "Song B", "Tu S", "Wang Y", "Wei Y", "Wu X", "Xiang J", "Xu J", "Yu T", "Zhang Y", "Zhou F"], "date": "2020-03-28", "db": "PubMed", "db_id": "32171076", "db_name": "Lancet (London, England)", "first": "Zhou F", "last": "Cao B", "pages": "1054-1062", "volume": "395"}, "evidence": "Age, lymphopenia, leucocytosis, and elevated ALT, lactate dehydrogenase, high-sensitivity cardiac troponin I, creatine kinase, d-dimer, serum ferritin, IL-6, prothrombin time, creatinine, and procalcitonin were also associated with death (table 3).", "line": 100, "relation": "positiveCorrelation"}
a(MESH:Mortality)	positiveCorrelation	a(MESH:"fibrin fragment D")	{"annotations": {"Custom_Disease": {"COVID-19": true}, "PublicationStatus": {"Published": true}, "PublicationType": {"Research": true}, "Section": {"Results": true}, "Species": {"9606": true}}, "citation": {"authors": ["Cao B", "Chen H", "Du R", "Fan G", "Gu X", "Guan L", "Li H", "Liu Y", "Liu Z", "Song B", "Tu S", "Wang Y", "Wei Y", "Wu X", "Xiang J", "Xu J", "Yu T", "Zhang Y", "Zhou F"], "date": "2020-03-28", "db": "PubMed", "db_id": "32171076", "db_name": "Lancet (London, England)", "first": "Zhou F", "last": "Cao B", "pages": "1054-1062", "volume": "395"}, "evidence": "Age, lymphopenia, leucocytosis, and elevated ALT, lactate dehydrogenase, high-sensitivity cardiac troponin I, creatine kinase, d-dimer, serum ferritin, IL-6, prothrombin time, creatinine, and procalcitonin were also associated with death (table 3).", "line": 102, "relation": "positiveCorrelation"}
a(MESH:Mortality)	positiveCorrelation	p(PFAM:Ferritin)	{"annotations": {"Custom_Disease": {"COVID-19": true}, "MeSHAnatomy": {"Serum": true}, "PublicationStatus": {"Published": true}, "PublicationType": {"Research": true}, "Section": {"Results": true}, "Species": {"9606": true}}, "citation": {"authors": ["Cao B", "Chen H", "Du R", "Fan G", "Gu X", "Guan L", "Li H", "Liu Y", "Liu Z", "Song B", "Tu S", "Wang Y", "Wei Y", "Wu X", "Xiang J", "Xu J", "Yu T", "Zhang Y", "Zhou F"], "date": "2020-03-28", "db": "PubMed", "db_id": "32171076", "db_name": "Lancet (London, England)", "first": "Zhou F", "last": "Cao B", "pages": "1054-1062", "volume": "395"}, "evidence": "Age, lymphopenia, leucocytosis, and elevated ALT, lactate dehydrogenase, high-sensitivity cardiac troponin I, creatine kinase, d-dimer, serum ferritin, IL-6, prothrombin time, creatinine, and procalcitonin were also associated with death (table 3).", "line": 104, "relation": "positiveCorrelation"}
a(MESH:Mortality)	positiveCorrelation	p(HGNC:IL6)	{"annotations": {"Custom_Disease": {"COVID-19": true}, "PublicationStatus": {"Published": true}, "PublicationType": {"Research": true}, "Section": {"Results": true}, "Species": {"9606": true}}, "citation": {"authors": ["Cao B", "Chen H", "Du R", "Fan G", "Gu X", "Guan L", "Li H", "Liu Y", "Liu Z", "Song B", "Tu S", "Wang Y", "Wei Y", "Wu X", "Xiang J", "Xu J", "Yu T", "Zhang Y", "Zhou F"], "date": "2020-03-28", "db": "PubMed", "db_id": "32171076", "db_name": "Lancet (London, England)", "first": "Zhou F", "last": "Cao B", "pages": "1054-1062", "volume": "395"}, "evidence": "Age, lymphopenia, leucocytosis, and elevated ALT, lactate dehydrogenase, high-sensitivity cardiac troponin I, creatine kinase, d-dimer, serum ferritin, IL-6, prothrombin time, creatinine, and procalcitonin were also associated with death (table 3).", "line": 106, "relation": "positiveCorrelation"}
bp(GO:aging)	positiveCorrelation	a(MESH:Mortality)	{"annotations": {"Custom_Disease": {"COVID-19": true}, "PublicationStatus": {"Published": true}, "PublicationType": {"Research": true}, "Section": {"Results": true}, "Species": {"9606": true}}, "citation": {"authors": ["Cao B", "Chen H", "Du R", "Fan G", "Gu X", "Guan L", "Li H", "Liu Y", "Liu Z", "Song B", "Tu S", "Wang Y", "Wei Y", "Wu X", "Xiang J", "Xu J", "Yu T", "Zhang Y", "Zhou F"], "date": "2020-03-28", "db": "PubMed", "db_id": "32171076", "db_name": "Lancet (London, England)", "first": "Zhou F", "last": "Cao B", "pages": "1054-1062", "volume": "395"}, "evidence": "Age, lymphopenia, leucocytosis, and elevated ALT, lactate dehydrogenase, high-sensitivity cardiac troponin I, creatine kinase, d-dimer, serum ferritin, IL-6, prothrombin time, creatinine, and procalcitonin were also associated with death (table 3).", "line": 96, "relation": "positiveCorrelation"}
p(HGNC:GPT)	positiveCorrelation	a(MESH:Mortality)	{"annotations": {"Custom_Disease": {"COVID-19": true}, "PublicationStatus": {"Published": true}, "PublicationType": {"Research": true}, "Section": {"Results": true}, "Species": {"9606": true}}, "citation": {"authors": ["Cao B", "Chen H", "Du R", "Fan G", "Gu X", "Guan L", "Li H", "Liu Y", "Liu Z", "Song B", "Tu S", "Wang Y", "Wei Y", "Wu X", "Xiang J", "Xu J", "Yu T", "Zhang Y", "Zhou F"], "date": "2020-03-28", "db": "PubMed", "db_id": "32171076", "db_name": "Lancet (London, England)", "first": "Zhou F", "last": "Cao B", "pages": "1054-1062", "volume": "395"}, "evidence": "Age, lymphopenia, leucocytosis, and elevated ALT, lactate dehydrogenase, high-sensitivity cardiac troponin I, creatine kinase, d-dimer, serum ferritin, IL-6, prothrombin time, creatinine, and procalcitonin were also associated with death (table 3).", "line": 98, "relation": "positiveCorrelation"}
p(HGNC:IL6)	positiveCorrelation	a(MESH:Mortality)	{"annotations": {"Custom_Disease": {"COVID-19": true}, "PublicationStatus": {"Published": true}, "PublicationType": {"Research": true}, "Section": {"Results": true}, "Species": {"9606": true}}, "citation": {"authors": ["Cao B", "Chen H", "Du R", "Fan G", "Gu X", "Guan L", "Li H", "Liu Y", "Liu Z", "Song B", "Tu S", "Wang Y", "Wei Y", "Wu X", "Xiang J", "Xu J", "Yu T", "Zhang Y", "Zhou F"], "date": "2020-03-28", "db": "PubMed", "db_id": "32171076", "db_name": "Lancet (London, England)", "first": "Zhou F", "last": "Cao B", "pages": "1054-1062", "volume": "395"}, "evidence": "Age, lymphopenia, leucocytosis, and elevated ALT, lactate dehydrogenase, high-sensitivity cardiac troponin I, creatine kinase, d-dimer, serum ferritin, IL-6, prothrombin time, creatinine, and procalcitonin were also associated with death (table 3).", "line": 106, "relation": "positiveCorrelation"}
p(HGNC:LDHA)	positiveCorrelation	a(MESH:Mortality)	{"annotations": {"Custom_Disease": {"COVID-19": true}, "PublicationStatus": {"Published": true}, "PublicationType": {"Research": true}, "Section": {"Results": true}, "Species": {"9606": true}}, "citation": {"authors": ["Cao B", "Chen H", "Du R", "Fan G", "Gu X", "Guan L", "Li H", "Liu Y", "Liu Z", "Song B", "Tu S", "Wang Y", "Wei Y", "Wu X", "Xiang J", "Xu J", "Yu T", "Zhang Y", "Zhou F"], "date": "2020-03-28", "db": "PubMed", "db_id": "32171076", "db_name": "Lancet (London, England)", "first": "Zhou F", "last": "Cao B", "pages": "1054-1062", "volume": "395"}, "evidence": "Age, lymphopenia, leucocytosis, and elevated ALT, lactate dehydrogenase, high-sensitivity cardiac troponin I, creatine kinase, d-dimer, serum ferritin, IL-6, prothrombin time, creatinine, and procalcitonin were also associated with death (table 3).", "line": 99, "relation": "positiveCorrelation"}
p(PFAM:Ferritin)	positiveCorrelation	a(MESH:Mortality)	{"annotations": {"Custom_Disease": {"COVID-19": true}, "MeSHAnatomy": {"Serum": true}, "PublicationStatus": {"Published": true}, "PublicationType": {"Research": true}, "Section": {"Results": true}, "Species": {"9606": true}}, "citation": {"authors": ["Cao B", "Chen H", "Du R", "Fan G", "Gu X", "Guan L", "Li H", "Liu Y", "Liu Z", "Song B", "Tu S", "Wang Y", "Wei Y", "Wu X", "Xiang J", "Xu J", "Yu T", "Zhang Y", "Zhou F"], "date": "2020-03-28", "db": "PubMed", "db_id": "32171076", "db_name": "Lancet (London, England)", "first": "Zhou F", "last": "Cao B", "pages": "1054-1062", "volume": "395"}, "evidence": "Age, lymphopenia, leucocytosis, and elevated ALT, lactate dehydrogenase, high-sensitivity cardiac troponin I, creatine kinase, d-dimer, serum ferritin, IL-6, prothrombin time, creatinine, and procalcitonin were also associated with death (table 3).", "line": 104, "relation": "positiveCorrelation"}
path(DO:"COVID-19")	association	path(DO:hypertension)	{"annotations": {"Custom_Disease": {"COVID-19": true}, "PublicationStatus": {"Published": true}, "PublicationType": {"Research": true}, "Section": {"Results": true}, "Species": {"9606": true}}, "citation": {"authors": ["Cao B", "Chen H", "Du R", "Fan G", "Gu X", "Guan L", "Li H", "Liu Y", "Liu Z", "Song B", "Tu S", "Wang Y", "Wei Y", "Wu X", "Xiang J", "Xu J", "Yu T", "Zhang Y", "Zhou F"], "date": "2020-03-28", "db": "PubMed", "db_id": "32171076", "db_name": "Lancet (London, England)", "first": "Zhou F", "last": "Cao B", "pages": "1054-1062", "volume": "395"}, "evidence": "Comorbidities were present in nearly half of patients, with hypertension being the most common comorbidity, followed by diabetes and coronary heart disease (table 1).", "line": 52, "relation": "association"}
path(DO:"COVID-19")	association	path(DO:"diabetes mellitus")	{"annotations": {"Custom_Disease": {"COVID-19": true}, "PublicationStatus": {"Published": true}, "PublicationType": {"Research": true}, "Section": {"Results": true}, "Species": {"9606": true}}, "citation": {"authors": ["Cao B", "Chen H", "Du R", "Fan G", "Gu X", "Guan L", "Li H", "Liu Y", "Liu Z", "Song B", "Tu S", "Wang Y", "Wei Y", "Wu X", "Xiang J", "Xu J", "Yu T", "Zhang Y", "Zhou F"], "date": "2020-03-28", "db": "PubMed", "db_id": "32171076", "db_name": "Lancet (London, England)", "first": "Zhou F", "last": "Cao B", "pages": "1054-1062", "volume": "395"}, "evidence": "Comorbidities were present in nearly half of patients, with hypertension being the most common comorbidity, followed by diabetes and coronary heart disease (table 1).", "line": 53, "relation": "association"}
path(DO:"COVID-19")	association	path(DO:"coronary artery disease")	{"annotations": {"Custom_Disease": {"COVID-19": true}, "PublicationStatus": {"Published": true}, "PublicationType": {"Research": true}, "Section": {"Results": true}, "Species": {"9606": true}}, "citation": {"authors": ["Cao B", "Chen H", "Du R", "Fan G", "Gu X", "Guan L", "Li H", "Liu Y", "Liu Z", "Song B", "Tu S", "Wang Y", "Wei Y", "Wu X", "Xiang J", "Xu J", "Yu T", "Zhang Y", "Zhou F"], "date": "2020-03-28", "db": "PubMed", "db_id": "32171076", "db_name": "Lancet (London, England)", "first": "Zhou F", "last": "Cao B", "pages": "1054-1062", "volume": "395"}, "evidence": "Comorbidities were present in nearly half of patients, with hypertension being the most common comorbidity, followed by diabetes and coronary heart disease (table 1).", "line": 54, "relation": "association"}
path(DO:"COVID-19")	increases	path(MESH:Fever)	{"annotations": {"Custom_Disease": {"COVID-19": true}, "PublicationStatus": {"Published": true}, "PublicationType": {"Research": true}, "Section": {"Results": true}, "Species": {"9606": true}}, "citation": {"authors": ["Cao B", "Chen H", "Du R", "Fan G", "Gu X", "Guan L", "Li H", "Liu Y", "Liu Z", "Song B", "Tu S", "Wang Y", "Wei Y", "Wu X", "Xiang J", "Xu J", "Yu T", "Zhang Y", "Zhou F"], "date": "2020-03-28", "db": "PubMed", "db_id": "32171076", "db_name": "Lancet (London, England)", "first": "Zhou F", "last": "Cao B", "pages": "1054-1062", "volume": "395"}, "evidence": "The most common symptoms on admission were fever and cough, followed by sputum production and fatigue (table 1).", "line": 59, "relation": "increases"}
path(DO:"COVID-19")	increases	path(MESH:Cough)	{"annotations": {"Custom_Disease": {"COVID-19": true}, "PublicationStatus": {"Published": true}, "PublicationType": {"Research": true}, "Section": {"Results": true}, "Species": {"9606": true}}, "citation": {"authors": ["Cao B", "Chen H", "Du R", "Fan G", "Gu X", "Guan L", "Li H", "Liu Y", "Liu Z", "Song B", "Tu S", "Wang Y", "Wei Y", "Wu X", "Xiang J", "Xu J", "Yu T", "Zhang Y", "Zhou F"], "date": "2020-03-28", "db": "PubMed", "db_id": "32171076", "db_name": "Lancet (London, England)", "first": "Zhou F", "last": "Cao B", "pages": "1054-1062", "volume": "395"}, "evidence": "The most common symptoms on admission were fever and cough, followed by sputum production and fatigue (table 1).", "line": 60, "relation": "increases"}
path(DO:"COVID-19")	increases	path(MESH:Fatigue)	{"annotations": {"Custom_Disease": {"COVID-19": true}, "PublicationStatus": {"Published": true}, "PublicationType": {"Research": true}, "Section": {"Results": true}, "Species": {"9606": true}}, "citation": {"authors": ["Cao B", "Chen H", "Du R", "Fan G", "Gu X", "Guan L", "Li H", "Liu Y", "Liu Z", "Song B", "Tu S", "Wang Y", "Wei Y", "Wu X", "Xiang J", "Xu J", "Yu T", "Zhang Y", "Zhou F"], "date": "2020-03-28", "db": "PubMed", "db_id": "32171076", "db_name": "Lancet (London, England)", "first": "Zhou F", "last": "Cao B", "pages": "1054-1062", "volume": "395"}, "evidence": "The most common symptoms on admission were fever and cough, followed by sputum production and fatigue (table 1).", "line": 61, "relation": "increases"}
path(DO:"COVID-19")	increases	path(DO:lymphopenia)	{"annotations": {"Custom_Disease": {"COVID-19": true}, "PublicationStatus": {"Published": true}, "PublicationType": {"Research": true}, "Section": {"Results": true}, "Species": {"9606": true}}, "citation": {"authors": ["Cao B", "Chen H", "Du R", "Fan G", "Gu X", "Guan L", "Li H", "Liu Y", "Liu Z", "Song B", "Tu S", "Wang Y", "Wei Y", "Wu X", "Xiang J", "Xu J", "Yu T", "Zhang Y", "Zhou F"], "date": "2020-03-28", "db": "PubMed", "db_id": "32171076", "db_name": "Lancet (London, England)", "first": "Zhou F", "last": "Cao B", "pages": "1054-1062", "volume": "395"}, "evidence": "Lymphocytopenia occurred in 77 (40%) patients. 181 (95%) patients received antibiotics and 41 (21%) received antivirals (lopinavir/ritonavir; table 2).", "line": 67, "relation": "increases"}
path(DO:"COVID-19")	increases	path(MESH:Sepsis)	{"annotations": {"Custom_Disease": {"COVID-19": true}, "PublicationStatus": {"Published": true}, "PublicationType": {"Research": true}, "Section": {"Results": true}, "Species": {"9606": true}}, "citation": {"authors": ["Cao B", "Chen H", "Du R", "Fan G", "Gu X", "Guan L", "Li H", "Liu Y", "Liu Z", "Song B", "Tu S", "Wang Y", "Wei Y", "Wu X", "Xiang J", "Xu J", "Yu T", "Zhang Y", "Zhou F"], "date": "2020-03-28", "db": "PubMed", "db_id": "32171076", "db_name": "Lancet (London, England)", "first": "Zhou F", "last": "Cao B", "pages": "1054-1062", "volume": "395"}, "evidence": "Sepsis was the most frequently observed complication, followed by respiratory failure, ARDS, heart failure, and septic shock (table 2).", "line": 72, "relation": "increases"}
path(DO:"coronary artery disease")	association	path(DO:"COVID-19")	{"annotations": {"Custom_Disease": {"COVID-19": true}, "PublicationStatus": {"Published": true}, "PublicationType": {"Research": true}, "Section": {"Results": true}, "Species": {"9606": true}}, "citation": {"authors": ["Cao B", "Chen H", "Du R", "Fan G", "Gu X", "Guan L", "Li H", "Liu Y", "Liu Z", "Song B", "Tu S", "Wang Y", "Wei Y", "Wu X", "Xiang J", "Xu J", "Yu T", "Zhang Y", "Zhou F"], "date": "2020-03-28", "db": "PubMed", "db_id": "32171076", "db_name": "Lancet (London, England)", "first": "Zhou F", "last": "Cao B", "pages": "1054-1062", "volume": "395"}, "evidence": "Comorbidities were present in nearly half of patients, with hypertension being the most common comorbidity, followed by diabetes and coronary heart disease (table 1).", "line": 54, "relation": "association"}
path(DO:"coronary artery disease")	increases	a(MESH:Mortality)	{"annotations": {"Custom_Disease": {"COVID-19": true}, "PublicationStatus": {"Published": true}, "PublicationType": {"Research": true}, "Section": {"Results": true}, "Species": {"9606": true}}, "citation": {"authors": ["Cao B", "Chen H", "Du R", "Fan G", "Gu X", "Guan L", "Li H", "Liu Y", "Liu Z", "Song B", "Tu S", "Wang Y", "Wei Y", "Wu X", "Xiang J", "Xu J", "Yu T", "Zhang Y", "Zhou F"], "date": "2020-03-28", "db": "PubMed", "db_id": "32171076", "db_name": "Lancet (London, England)", "first": "Zhou F", "last": "Cao B", "pages": "1054-1062", "volume": "395"}, "evidence": "In univariable analysis, odds of in-hospital death was higher in patients with diabetes or coronary heart disease (table 3).", "line": 88, "relation": "increases"}
path(DO:"diabetes mellitus")	association	path(DO:"COVID-19")	{"annotations": {"Custom_Disease": {"COVID-19": true}, "PublicationStatus": {"Published": true}, "PublicationType": {"Research": true}, "Section": {"Results": true}, "Species": {"9606": true}}, "citation": {"authors": ["Cao B", "Chen H", "Du R", "Fan G", "Gu X", "Guan L", "Li H", "Liu Y", "Liu Z", "Song B", "Tu S", "Wang Y", "Wei Y", "Wu X", "Xiang J", "Xu J", "Yu T", "Zhang Y", "Zhou F"], "date": "2020-03-28", "db": "PubMed", "db_id": "32171076", "db_name": "Lancet (London, England)", "first": "Zhou F", "last": "Cao B", "pages": "1054-1062", "volume": "395"}, "evidence": "Comorbidities were present in nearly half of patients, with hypertension being the most common comorbidity, followed by diabetes and coronary heart disease (table 1).", "line": 53, "relation": "association"}
path(DO:"diabetes mellitus")	increases	a(MESH:Mortality)	{"annotations": {"Custom_Disease": {"COVID-19": true}, "PublicationStatus": {"Published": true}, "PublicationType": {"Research": true}, "Section": {"Results": true}, "Species": {"9606": true}}, "citation": {"authors": ["Cao B", "Chen H", "Du R", "Fan G", "Gu X", "Guan L", "Li H", "Liu Y", "Liu Z", "Song B", "Tu S", "Wang Y", "Wei Y", "Wu X", "Xiang J", "Xu J", "Yu T", "Zhang Y", "Zhou F"], "date": "2020-03-28", "db": "PubMed", "db_id": "32171076", "db_name": "Lancet (London, England)", "first": "Zhou F", "last": "Cao B", "pages": "1054-1062", "volume": "395"}, "evidence": "In univariable analysis, odds of in-hospital death was higher in patients with diabetes or coronary heart disease (table 3).", "line": 87, "relation": "increases"}
path(DO:hypertension)	association	path(DO:"COVID-19")	{"annotations": {"Custom_Disease": {"COVID-19": true}, "PublicationStatus": {"Published": true}, "PublicationType": {"Research": true}, "Section": {"Results": true}, "Species": {"9606": true}}, "citation": {"authors": ["Cao B", "Chen H", "Du R", "Fan G", "Gu X", "Guan L", "Li H", "Liu Y", "Liu Z", "Song B", "Tu S", "Wang Y", "Wei Y", "Wu X", "Xiang J", "Xu J", "Yu T", "Zhang Y", "Zhou F"], "date": "2020-03-28", "db": "PubMed", "db_id": "32171076", "db_name": "Lancet (London, England)", "first": "Zhou F", "last": "Cao B", "pages": "1054-1062", "volume": "395"}, "evidence": "Comorbidities were present in nearly half of patients, with hypertension being the most common comorbidity, followed by diabetes and coronary heart disease (table 1).", "line": 52, "relation": "association"}
path(DO:lymphopenia)	positiveCorrelation	a(MESH:Mortality)	{"annotations": {"Custom_Disease": {"COVID-19": true}, "PublicationStatus": {"Published": true}, "PublicationType": {"Research": true}, "Section": {"Results": true}, "Species": {"9606": true}}, "citation": {"authors": ["Cao B", "Chen H", "Du R", "Fan G", "Gu X", "Guan L", "Li H", "Liu Y", "Liu Z", "Song B", "Tu S", "Wang Y", "Wei Y", "Wu X", "Xiang J", "Xu J", "Yu T", "Zhang Y", "Zhou F"], "date": "2020-03-28", "db": "PubMed", "db_id": "32171076", "db_name": "Lancet (London, England)", "first": "Zhou F", "last": "Cao B", "pages": "1054-1062", "volume": "395"}, "evidence": "Age, lymphopenia, leucocytosis, and elevated ALT, lactate dehydrogenase, high-sensitivity cardiac troponin I, creatine kinase, d-dimer, serum ferritin, IL-6, prothrombin time, creatinine, and procalcitonin were also associated with death (table 3).", "line": 95, "relation": "positiveCorrelation"}
path(HP:"Abnormal levels of creatine kinase in blood")	increases	a(MESH:Mortality)	{"annotations": {"Custom_Disease": {"COVID-19": true}, "PublicationStatus": {"Published": true}, "PublicationType": {"Research": true}, "Section": {"Results": true}, "Species": {"9606": true}}, "citation": {"authors": ["Cao B", "Chen H", "Du R", "Fan G", "Gu X", "Guan L", "Li H", "Liu Y", "Liu Z", "Song B", "Tu S", "Wang Y", "Wei Y", "Wu X", "Xiang J", "Xu J", "Yu T", "Zhang Y", "Zhou F"], "date": "2020-03-28", "db": "PubMed", "db_id": "32171076", "db_name": "Lancet (London, England)", "first": "Zhou F", "last": "Cao B", "pages": "1054-1062", "volume": "395"}, "evidence": "Age, lymphopenia, leucocytosis, and elevated ALT, lactate dehydrogenase, high-sensitivity cardiac troponin I, creatine kinase, d-dimer, serum ferritin, IL-6, prothrombin time, creatinine, and procalcitonin were also associated with death (table 3).", "line": 101, "relation": "increases"}
path(HP:"Prolonged prothrombin time")	increases	a(MESH:Mortality)	{"annotations": {"Custom_Disease": {"COVID-19": true}, "PublicationStatus": {"Published": true}, "PublicationType": {"Research": true}, "Section": {"Results": true}, "Species": {"9606": true}}, "citation": {"authors": ["Cao B", "Chen H", "Du R", "Fan G", "Gu X", "Guan L", "Li H", "Liu Y", "Liu Z", "Song B", "Tu S", "Wang Y", "Wei Y", "Wu X", "Xiang J", "Xu J", "Yu T", "Zhang Y", "Zhou F"], "date": "2020-03-28", "db": "PubMed", "db_id": "32171076", "db_name": "Lancet (London, England)", "first": "Zhou F", "last": "Cao B", "pages": "1054-1062", "volume": "395"}, "evidence": "Age, lymphopenia, leucocytosis, and elevated ALT, lactate dehydrogenase, high-sensitivity cardiac troponin I, creatine kinase, d-dimer, serum ferritin, IL-6, prothrombin time, creatinine, and procalcitonin were also associated with death (table 3).", "line": 107, "relation": "increases"}
path(MESH:"Pneumonia, Ventilator-Associated")	increases	a(MESH:Mortality)	{"annotations": {"Custom_Disease": {"COVID-19": true}, "PublicationStatus": {"Published": true}, "PublicationType": {"Research": true}, "Section": {"Results": true}, "Species": {"9606": true}}, "citation": {"authors": ["Cao B", "Chen H", "Du R", "Fan G", "Gu X", "Guan L", "Li H", "Liu Y", "Liu Z", "Song B", "Tu S", "Wang Y", "Wei Y", "Wu X", "Xiang J", "Xu J", "Yu T", "Zhang Y", "Zhou F"], "date": "2020-03-28", "db": "PubMed", "db_id": "32171076", "db_name": "Lancet (London, England)", "first": "Zhou F", "last": "Cao B", "pages": "1054-1062", "volume": "395"}, "evidence": "Half of non-survivors experienced a secondary infection, and ventilator-associated pneumonia occurred in ten (31%) of 32 patients requiring invasive mechanical ventilation.", "line": 82, "relation": "increases"}
path(MESH:Coinfection)	increases	a(MESH:Mortality)	{"annotations": {"Custom_Disease": {"COVID-19": true}, "PublicationStatus": {"Published": true}, "PublicationType": {"Research": true}, "Section": {"Results": true}, "Species": {"9606": true}}, "citation": {"authors": ["Cao B", "Chen H", "Du R", "Fan G", "Gu X", "Guan L", "Li H", "Liu Y", "Liu Z", "Song B", "Tu S", "Wang Y", "Wei Y", "Wu X", "Xiang J", "Xu J", "Yu T", "Zhang Y", "Zhou F"], "date": "2020-03-28", "db": "PubMed", "db_id": "32171076", "db_name": "Lancet (London, England)", "first": "Zhou F", "last": "Cao B", "pages": "1054-1062", "volume": "395"}, "evidence": "Half of non-survivors experienced a secondary infection, and ventilator-associated pneumonia occurred in ten (31%) of 32 patients requiring invasive mechanical ventilation.", "line": 81, "relation": "increases"}
path(MESH:Leukocytosis)	positiveCorrelation	a(MESH:Mortality)	{"annotations": {"Custom_Disease": {"COVID-19": true}, "PublicationStatus": {"Published": true}, "PublicationType": {"Research": true}, "Section": {"Results": true}, "Species": {"9606": true}}, "citation": {"authors": ["Cao B", "Chen H", "Du R", "Fan G", "Gu X", "Guan L", "Li H", "Liu Y", "Liu Z", "Song B", "Tu S", "Wang Y", "Wei Y", "Wu X", "Xiang J", "Xu J", "Yu T", "Zhang Y", "Zhou F"], "date": "2020-03-28", "db": "PubMed", "db_id": "32171076", "db_name": "Lancet (London, England)", "first": "Zhou F", "last": "Cao B", "pages": "1054-1062", "volume": "395"}, "evidence": "Age, lymphopenia, leucocytosis, and elevated ALT, lactate dehydrogenase, high-sensitivity cardiac troponin I, creatine kinase, d-dimer, serum ferritin, IL-6, prothrombin time, creatinine, and procalcitonin were also associated with death (table 3).", "line": 97, "relation": "positiveCorrelation"}
path(MESH:Sepsis)	increases	path(DO:"adult respiratory distress syndrome")	{"annotations": {"Custom_Disease": {"COVID-19": true}, "PublicationStatus": {"Published": true}, "PublicationType": {"Research": true}, "Section": {"Results": true}, "Species": {"9606": true}}, "citation": {"authors": ["Cao B", "Chen H", "Du R", "Fan G", "Gu X", "Guan L", "Li H", "Liu Y", "Liu Z", "Song B", "Tu S", "Wang Y", "Wei Y", "Wu X", "Xiang J", "Xu J", "Yu T", "Zhang Y", "Zhou F"], "date": "2020-03-28", "db": "PubMed", "db_id": "32171076", "db_name": "Lancet (London, England)", "first": "Zhou F", "last": "Cao B", "pages": "1054-1062", "volume": "395"}, "evidence": "Sepsis was the most frequently observed complication, followed by respiratory failure, ARDS, heart failure, and septic shock (table 2).", "line": 73, "relation": "increases"}
path(MESH:Sepsis)	increases	path(MESH:"Heart Failure")	{"annotations": {"Custom_Disease": {"COVID-19": true}, "PublicationStatus": {"Published": true}, "PublicationType": {"Research": true}, "Section": {"Results": true}, "Species": {"9606": true}}, "citation": {"authors": ["Cao B", "Chen H", "Du R", "Fan G", "Gu X", "Guan L", "Li H", "Liu Y", "Liu Z", "Song B", "Tu S", "Wang Y", "Wei Y", "Wu X", "Xiang J", "Xu J", "Yu T", "Zhang Y", "Zhou F"], "date": "2020-03-28", "db": "PubMed", "db_id": "32171076", "db_name": "Lancet (London, England)", "first": "Zhou F", "last": "Cao B", "pages": "1054-1062", "volume": "395"}, "evidence": "Sepsis was the most frequently observed complication, followed by respiratory failure, ARDS, heart failure, and septic shock (table 2).", "line": 74, "relation": "increases"}
path(MESH:Sepsis)	increases	path(MESH:"Shock, Septic")	{"annotations": {"Custom_Disease": {"COVID-19": true}, "PublicationStatus": {"Published": true}, "PublicationType": {"Research": true}, "Section": {"Results": true}, "Species": {"9606": true}}, "citation": {"authors": ["Cao B", "Chen H", "Du R", "Fan G", "Gu X", "Guan L", "Li H", "Liu Y", "Liu Z", "Song B", "Tu S", "Wang Y", "Wei Y", "Wu X", "Xiang J", "Xu J", "Yu T", "Zhang Y", "Zhou F"], "date": "2020-03-28", "db": "PubMed", "db_id": "32171076", "db_name": "Lancet (London, England)", "first": "Zhou F", "last": "Cao B", "pages": "1054-1062", "volume": "395"}, "evidence": "Sepsis was the most frequently observed complication, followed by respiratory failure, ARDS, heart failure, and septic shock (table 2).", "line": 75, "relation": "increases"}
path(MESH:Sepsis)	increases	path(MESH:"Acute Kidney Injury")	{"annotations": {"Custom_Disease": {"COVID-19": true}, "PublicationStatus": {"Published": true}, "PublicationType": {"Research": true}, "Section": {"Results": true}, "Species": {"9606": true}}, "citation": {"authors": ["Cao B", "Chen H", "Du R", "Fan G", "Gu X", "Guan L", "Li H", "Liu Y", "Liu Z", "Song B", "Tu S", "Wang Y", "Wei Y", "Wu X", "Xiang J", "Xu J", "Yu T", "Zhang Y", "Zhou F"], "date": "2020-03-28", "db": "PubMed", "db_id": "32171076", "db_name": "Lancet (London, England)", "first": "Zhou F", "last": "Cao B", "pages": "1054-1062", "volume": "395"}, "evidence": "Sepsis developed at a median of 9\u00b70 days (7\u00b70\u201313\u00b70) after illness onset among all patients, followed by ARDS (12\u00b70 days [8\u00b70\u201315\u00b70]), acute cardiac injury (15\u00b70 days [10\u00b70\u201317\u00b70]), acute kidney injury (15\u00b70 days [13\u00b70\u201319\u00b75]), and secondary infection (17\u00b70 days [13\u00b70\u201319\u00b70]).", "line": 115, "relation": "increases"}
path(MESH:Sepsis)	increases	path(MESH:Coinfection)	{"annotations": {"Custom_Disease": {"COVID-19": true}, "PublicationStatus": {"Published": true}, "PublicationType": {"Research": true}, "Section": {"Results": true}, "Species": {"9606": true}}, "citation": {"authors": ["Cao B", "Chen H", "Du R", "Fan G", "Gu X", "Guan L", "Li H", "Liu Y", "Liu Z", "Song B", "Tu S", "Wang Y", "Wei Y", "Wu X", "Xiang J", "Xu J", "Yu T", "Zhang Y", "Zhou F"], "date": "2020-03-28", "db": "PubMed", "db_id": "32171076", "db_name": "Lancet (London, England)", "first": "Zhou F", "last": "Cao B", "pages": "1054-1062", "volume": "395"}, "evidence": "Sepsis developed at a median of 9\u00b70 days (7\u00b70\u201313\u00b70) after illness onset among all patients, followed by ARDS (12\u00b70 days [8\u00b70\u201315\u00b70]), acute cardiac injury (15\u00b70 days [10\u00b70\u201317\u00b70]), acute kidney injury (15\u00b70 days [13\u00b70\u201319\u00b75]), and secondary infection (17\u00b70 days [13\u00b70\u201319\u00b70]).", "line": 116, "relation": "increases"}
path(MESH:Sepsis)	increases	path(MESH:"Heart Injuries")	{"annotations": {"Custom_Disease": {"COVID-19": true}, "PublicationStatus": {"Published": true}, "PublicationType": {"Research": true}, "Section": {"Results": true}, "Species": {"9606": true}}, "citation": {"authors": ["Cao B", "Chen H", "Du R", "Fan G", "Gu X", "Guan L", "Li H", "Liu Y", "Liu Z", "Song B", "Tu S", "Wang Y", "Wei Y", "Wu X", "Xiang J", "Xu J", "Yu T", "Zhang Y", "Zhou F"], "date": "2020-03-28", "db": "PubMed", "db_id": "32171076", "db_name": "Lancet (London, England)", "first": "Zhou F", "last": "Cao B", "pages": "1054-1062", "volume": "395"}, "evidence": "Sepsis developed at a median of 9\u00b70 days (7\u00b70\u201313\u00b70) after illness onset among all patients, followed by ARDS (12\u00b70 days [8\u00b70\u201315\u00b70]), acute cardiac injury (15\u00b70 days [10\u00b70\u201317\u00b70]), acute kidney injury (15\u00b70 days [13\u00b70\u201319\u00b75]), and secondary infection (17\u00b70 days [13\u00b70\u201319\u00b70]).", "line": 118, "relation": "increases"}
