a(CHEBI:"antiviral agent")	partOf	composite(a(CHEBI:"antiviral agent"), a(CHEBI:corticosteroid), a(CHEBI:interferon))	{"relation": "partOf"}
a(CHEBI:chloroquine)	decreases	path(DO:"COVID-19")	{"annotations": {"Custom_Disease": {"COVID-19": true}, "PublicationStatus": {"Published": true}, "PublicationType": {"Editorial": true}, "Section": {"Full Text": true}}, "citation": {"authors": ["Cunningham AC", "Goh HP", "Koh D"], "date": "2020-03-16", "db": "PubMed", "db_id": "32178711", "db_name": "Critical care (London, England)", "first": "Cunningham AC", "last": "Koh D", "pages": "91", "volume": "24"}, "evidence": "Other reported therapeutic agents that are used for the treatment of seriously ill patients have been noted in Table 1.", "line": 103, "relation": "decreases"}
a(CHEBI:corticosteroid)	partOf	composite(a(CHEBI:"antiviral agent"), a(CHEBI:corticosteroid), a(CHEBI:interferon))	{"relation": "partOf"}
a(CHEBI:ganciclovir)	decreases	path(DO:"COVID-19")	{"annotations": {"Custom_Disease": {"COVID-19": true}, "PublicationStatus": {"Published": true}, "PublicationType": {"Editorial": true}, "Section": {"Full Text": true}}, "citation": {"authors": ["Cunningham AC", "Goh HP", "Koh D"], "date": "2020-03-16", "db": "PubMed", "db_id": "32178711", "db_name": "Critical care (London, England)", "first": "Cunningham AC", "last": "Koh D", "pages": "91", "volume": "24"}, "evidence": "Other reported therapeutic agents that are used for the treatment of seriously ill patients have been noted in Table 1.", "line": 98, "relation": "decreases"}
a(CHEBI:interferon)	partOf	composite(a(CHEBI:"antiviral agent"), a(CHEBI:corticosteroid), a(CHEBI:interferon))	{"relation": "partOf"}
a(CHEBI:lopinavir)	decreases	path(DO:"COVID-19")	{"annotations": {"Custom_Disease": {"COVID-19": true}, "PublicationStatus": {"Published": true}, "PublicationType": {"Editorial": true}, "Section": {"Full Text": true}}, "citation": {"authors": ["Cunningham AC", "Goh HP", "Koh D"], "date": "2020-03-16", "db": "PubMed", "db_id": "32178711", "db_name": "Critical care (London, England)", "first": "Cunningham AC", "last": "Koh D", "pages": "91", "volume": "24"}, "evidence": "Other reported therapeutic agents that are used for the treatment of seriously ill patients have been noted in Table 1.", "line": 101, "relation": "decreases"}
a(CHEBI:oseltamivir)	decreases	path(DO:"COVID-19")	{"annotations": {"Custom_Disease": {"COVID-19": true}, "PublicationStatus": {"Published": true}, "PublicationType": {"Editorial": true}, "Section": {"Full Text": true}}, "citation": {"authors": ["Cunningham AC", "Goh HP", "Koh D"], "date": "2020-03-16", "db": "PubMed", "db_id": "32178711", "db_name": "Critical care (London, England)", "first": "Cunningham AC", "last": "Koh D", "pages": "91", "volume": "24"}, "evidence": "Other reported therapeutic agents that are used for the treatment of seriously ill patients have been noted in Table 1.", "line": 97, "relation": "decreases"}
a(CHEBI:ritonavir)	decreases	path(DO:"COVID-19")	{"annotations": {"Custom_Disease": {"COVID-19": true}, "PublicationStatus": {"Published": true}, "PublicationType": {"Editorial": true}, "Section": {"Full Text": true}}, "citation": {"authors": ["Cunningham AC", "Goh HP", "Koh D"], "date": "2020-03-16", "db": "PubMed", "db_id": "32178711", "db_name": "Critical care (London, England)", "first": "Cunningham AC", "last": "Koh D", "pages": "91", "volume": "24"}, "evidence": "Other reported therapeutic agents that are used for the treatment of seriously ill patients have been noted in Table 1.", "line": 102, "relation": "decreases"}
a(MESH:"Medicine, Chinese Traditional")	decreases	path(DO:"COVID-19")	{"annotations": {"Custom_Disease": {"COVID-19": true}, "PublicationStatus": {"Published": true}, "PublicationType": {"Editorial": true}, "Section": {"Full Text": true}}, "citation": {"authors": ["Cunningham AC", "Goh HP", "Koh D"], "date": "2020-03-16", "db": "PubMed", "db_id": "32178711", "db_name": "Critical care (London, England)", "first": "Cunningham AC", "last": "Koh D", "pages": "91", "volume": "24"}, "evidence": "Other reported therapeutic agents that are used for the treatment of seriously ill patients have been noted in Table 1.", "line": 104, "relation": "decreases"}
a(PUBCHEM:121304016)	decreases	path(DO:"COVID-19")	{"annotations": {"Custom_Disease": {"COVID-19": true}, "PublicationStatus": {"Published": true}, "PublicationType": {"Editorial": true}, "Section": {"Full Text": true}}, "citation": {"authors": ["Cunningham AC", "Goh HP", "Koh D"], "date": "2020-03-16", "db": "PubMed", "db_id": "32178711", "db_name": "Critical care (London, England)", "first": "Cunningham AC", "last": "Koh D", "pages": "91", "volume": "24"}, "evidence": "Other reported therapeutic agents that are used for the treatment of seriously ill patients have been noted in Table 1.", "line": 99, "relation": "decreases"}
bp(MESH:"Fluid Therapy")	decreases	path(DO:"COVID-19")	{"annotations": {"Custom_Disease": {"COVID-19": true}, "PublicationStatus": {"Published": true}, "PublicationType": {"Editorial": true}, "Section": {"Full Text": true}}, "citation": {"authors": ["Cunningham AC", "Goh HP", "Koh D"], "date": "2020-03-16", "db": "PubMed", "db_id": "32178711", "db_name": "Critical care (London, England)", "first": "Cunningham AC", "last": "Koh D", "pages": "91", "volume": "24"}, "evidence": "The management of patients mainly focuses on the provision of supportive care, e.g., oxygenation, ventilation, and fluid management.", "line": 89, "relation": "decreases"}
bp(MESH:"Oxygen Inhalation Therapy")	decreases	path(DO:"COVID-19")	{"annotations": {"Custom_Disease": {"COVID-19": true}, "PublicationStatus": {"Published": true}, "PublicationType": {"Editorial": true}, "Section": {"Full Text": true}}, "citation": {"authors": ["Cunningham AC", "Goh HP", "Koh D"], "date": "2020-03-16", "db": "PubMed", "db_id": "32178711", "db_name": "Critical care (London, England)", "first": "Cunningham AC", "last": "Koh D", "pages": "91", "volume": "24"}, "evidence": "The management of patients mainly focuses on the provision of supportive care, e.g., oxygenation, ventilation, and fluid management.", "line": 87, "relation": "decreases"}
bp(MESH:Ventilation)	decreases	path(DO:"COVID-19")	{"annotations": {"Custom_Disease": {"COVID-19": true}, "PublicationStatus": {"Published": true}, "PublicationType": {"Editorial": true}, "Section": {"Full Text": true}}, "citation": {"authors": ["Cunningham AC", "Goh HP", "Koh D"], "date": "2020-03-16", "db": "PubMed", "db_id": "32178711", "db_name": "Critical care (London, England)", "first": "Cunningham AC", "last": "Koh D", "pages": "91", "volume": "24"}, "evidence": "The management of patients mainly focuses on the provision of supportive care, e.g., oxygenation, ventilation, and fluid management.", "line": 88, "relation": "decreases"}
composite(a(CHEBI:"antiviral agent"), a(CHEBI:corticosteroid), a(CHEBI:interferon))	decreases	path(DO:"COVID-19")	{"annotations": {"Custom_Disease": {"COVID-19": true}, "PublicationStatus": {"Published": true}, "PublicationType": {"Editorial": true}, "Section": {"Full Text": true}}, "citation": {"authors": ["Cunningham AC", "Goh HP", "Koh D"], "date": "2020-03-16", "db": "PubMed", "db_id": "32178711", "db_name": "Critical care (London, England)", "first": "Cunningham AC", "last": "Koh D", "pages": "91", "volume": "24"}, "evidence": "Combination treatment of low-dose systematic corticosteroids and anti-virals and atomization inhalation of interferon have been encouraged as part of critical COVID-19 management [2].", "line": 93, "relation": "decreases"}
path(DO:"COVID-19")	association	path(EFO:"acute respiratory distress syndrome")	{"annotations": {"Custom_Disease": {"COVID-19": true}, "PublicationStatus": {"Published": true}, "PublicationType": {"Editorial": true}, "Section": {"Full Text": true}}, "citation": {"authors": ["Cunningham AC", "Goh HP", "Koh D"], "date": "2020-03-16", "db": "PubMed", "db_id": "32178711", "db_name": "Critical care (London, England)", "first": "Cunningham AC", "last": "Koh D", "pages": "91", "volume": "24"}, "evidence": "The mortality appears to be around 2%; early published data indicate 25.9% with SARS-CoV-2 pneumonia required ICU admission and 20.1% developed acute respiratory distress syndrome", "line": 83, "relation": "association"}
path(EFO:"acute respiratory distress syndrome")	association	path(DO:"COVID-19")	{"annotations": {"Custom_Disease": {"COVID-19": true}, "PublicationStatus": {"Published": true}, "PublicationType": {"Editorial": true}, "Section": {"Full Text": true}}, "citation": {"authors": ["Cunningham AC", "Goh HP", "Koh D"], "date": "2020-03-16", "db": "PubMed", "db_id": "32178711", "db_name": "Critical care (London, England)", "first": "Cunningham AC", "last": "Koh D", "pages": "91", "volume": "24"}, "evidence": "The mortality appears to be around 2%; early published data indicate 25.9% with SARS-CoV-2 pneumonia required ICU admission and 20.1% developed acute respiratory distress syndrome", "line": 83, "relation": "association"}
path(MESH:Convalescence)	decreases	path(DO:"COVID-19")	{"annotations": {"Custom_Disease": {"COVID-19": true}, "PublicationStatus": {"Published": true}, "PublicationType": {"Editorial": true}, "Section": {"Full Text": true}}, "citation": {"authors": ["Cunningham AC", "Goh HP", "Koh D"], "date": "2020-03-16", "db": "PubMed", "db_id": "32178711", "db_name": "Critical care (London, England)", "first": "Cunningham AC", "last": "Koh D", "pages": "91", "volume": "24"}, "evidence": "China National Biotec Group Co has claimed that 10 seriously ill patients receiving this immunoglobulin therapy demonstrated improved oxygenation and reduced inflammation and viral load [7].", "line": 108, "relation": "decreases"}
path(MESH:Convalescence)	increases	bp(GOBP:"oxygen transport")	{"annotations": {"Custom_Disease": {"COVID-19": true}, "PublicationStatus": {"Published": true}, "PublicationType": {"Editorial": true}, "Section": {"Full Text": true}}, "citation": {"authors": ["Cunningham AC", "Goh HP", "Koh D"], "date": "2020-03-16", "db": "PubMed", "db_id": "32178711", "db_name": "Critical care (London, England)", "first": "Cunningham AC", "last": "Koh D", "pages": "91", "volume": "24"}, "evidence": "China National Biotec Group Co has claimed that 10 seriously ill patients receiving this immunoglobulin therapy demonstrated improved oxygenation and reduced inflammation and viral load [7].", "line": 109, "relation": "increases"}
path(MESH:Convalescence)	decreases	path(MESH:Inflammation)	{"annotations": {"Custom_Disease": {"COVID-19": true}, "PublicationStatus": {"Published": true}, "PublicationType": {"Editorial": true}, "Section": {"Full Text": true}}, "citation": {"authors": ["Cunningham AC", "Goh HP", "Koh D"], "date": "2020-03-16", "db": "PubMed", "db_id": "32178711", "db_name": "Critical care (London, England)", "first": "Cunningham AC", "last": "Koh D", "pages": "91", "volume": "24"}, "evidence": "China National Biotec Group Co has claimed that 10 seriously ill patients receiving this immunoglobulin therapy demonstrated improved oxygenation and reduced inflammation and viral load [7].", "line": 110, "relation": "decreases"}
