a(CHEBI:chloroquine)	partOf	composite(a(CHEBI:chloroquine), a(PUBCHEM:121304016))	{"relation": "partOf"}
a(CHEBI:chloroquine)	decreases	a(TAX:"Severe acute respiratory syndrome coronavirus 2")	{"annotations": {"PublicationStatus": {"Published": true}, "PublicationType": {"Review": true}, "Section": {"Full Text": true}, "Species": {"9606": true}, "population_type": {"Chinese": true}}, "citation": {"authors": ["Frieman MB", "Weston S"], "date": "2020-03-18", "db": "PubMed", "db_id": "32188753", "db_name": "mSphere", "first": "Weston S", "last": "Frieman MB", "volume": "5"}, "evidence": "Chloroquine has also been reported to be effective in patients in China (22).", "line": 77, "relation": "decreases"}
a(CHEBI:lopinavir)	decreases	a(TAX:"Severe acute respiratory syndrome coronavirus 2")	{"annotations": {"PublicationStatus": {"Published": true}, "PublicationType": {"Review": true}, "Section": {"Full Text": true}, "Species": {"9606": true}, "population_type": {"Chinese": true}}, "citation": {"authors": ["Frieman MB", "Weston S"], "date": "2020-03-18", "db": "PubMed", "db_id": "32188753", "db_name": "mSphere", "first": "Weston S", "last": "Frieman MB", "volume": "5"}, "evidence": "A combination of lopinavir and ritonavir is also under investigation in human cases of COVID-19 in China.", "line": 82, "relation": "decreases"}
a(CHEBI:ritonavir)	decreases	a(TAX:"Severe acute respiratory syndrome coronavirus 2")	{"annotations": {"PublicationStatus": {"Published": true}, "PublicationType": {"Review": true}, "Section": {"Full Text": true}, "Species": {"9606": true}, "population_type": {"Chinese": true}}, "citation": {"authors": ["Frieman MB", "Weston S"], "date": "2020-03-18", "db": "PubMed", "db_id": "32188753", "db_name": "mSphere", "first": "Weston S", "last": "Frieman MB", "volume": "5"}, "evidence": "A combination of lopinavir and ritonavir is also under investigation in human cases of COVID-19 in China.", "line": 83, "relation": "decreases"}
a(PUBCHEM:121304016)	partOf	composite(a(CHEBI:chloroquine), a(PUBCHEM:121304016))	{"relation": "partOf"}
a(TAX:"Severe acute respiratory syndrome coronavirus 2")	positiveCorrelation	path(DO:"COVID-19")	{"annotations": {"PublicationStatus": {"Published": true}, "PublicationType": {"Review": true}, "Section": {"Full Text": true}, "Species": {"9606": true}}, "citation": {"authors": ["Frieman MB", "Weston S"], "date": "2020-03-18", "db": "PubMed", "db_id": "32188753", "db_name": "mSphere", "first": "Weston S", "last": "Frieman MB", "volume": "5"}, "evidence": "The virus was initially named 2019-nCoV but is now termed SARS-CoV-2 and causes the disease COVID-19 (coronavirus disease 2019).", "line": 50, "relation": "positiveCorrelation"}
a(TAX:"Severe acute respiratory syndrome coronavirus 2")	positiveCorrelation	path(DO:"COVID-19")	{"annotations": {"PublicationStatus": {"Published": true}, "PublicationType": {"Review": true}, "Section": {"Full Text": true}, "Species": {"9606": true}}, "citation": {"authors": ["Frieman MB", "Weston S"], "date": "2020-03-18", "db": "PubMed", "db_id": "32188753", "db_name": "mSphere", "first": "Weston S", "last": "Frieman MB", "volume": "5"}, "evidence": "Early studies on SARS-CoV-2 have shown further similarities with its namesake virus in that the spike protein utilizes ACE2 as its cell surface receptor (3, 4).", "line": 55, "relation": "positiveCorrelation"}
a(TAX:"Severe acute respiratory syndrome coronavirus 2")	positiveCorrelation	path(DO:"COVID-19")	{"annotations": {"PublicationStatus": {"Published": true}, "PublicationType": {"Review": true}, "Section": {"Full Text": true}, "Species": {"9606": true}, "population_type": {"Chinese": true}}, "citation": {"authors": ["Frieman MB", "Weston S"], "date": "2020-03-18", "db": "PubMed", "db_id": "32188753", "db_name": "mSphere", "first": "Weston S", "last": "Frieman MB", "volume": "5"}, "evidence": "A combination of lopinavir and ritonavir is also under investigation in human cases of COVID-19 in China.", "line": 81, "relation": "positiveCorrelation"}
a(TAX:"Severe acute respiratory syndrome coronavirus 2")	positiveCorrelation	path(DO:"chronic obstructive pulmonary disease")	{"annotations": {"PublicationStatus": {"Published": true}, "PublicationType": {"Review": true}, "Section": {"Full Text": true}, "Species": {"9606": true}}, "citation": {"authors": ["Frieman MB", "Weston S"], "date": "2020-03-18", "db": "PubMed", "db_id": "32188753", "db_name": "mSphere", "first": "Weston S", "last": "Frieman MB", "volume": "5"}, "evidence": "The most common associated comorbidities are pulmonary disease, diabetes, and old age (10).", "line": 65, "relation": "positiveCorrelation"}
a(TAX:"Severe acute respiratory syndrome coronavirus 2")	positiveCorrelation	path(DO:"diabetes mellitus")	{"annotations": {"PublicationStatus": {"Published": true}, "PublicationType": {"Review": true}, "Section": {"Full Text": true}, "Species": {"9606": true}}, "citation": {"authors": ["Frieman MB", "Weston S"], "date": "2020-03-18", "db": "PubMed", "db_id": "32188753", "db_name": "mSphere", "first": "Weston S", "last": "Frieman MB", "volume": "5"}, "evidence": "The most common associated comorbidities are pulmonary disease, diabetes, and old age (10).", "line": 66, "relation": "positiveCorrelation"}
a(TAX:"Severe acute respiratory syndrome coronavirus 2")	positiveCorrelation	bp(MESH:Aged)	{"annotations": {"PublicationStatus": {"Published": true}, "PublicationType": {"Review": true}, "Section": {"Full Text": true}, "Species": {"9606": true}}, "citation": {"authors": ["Frieman MB", "Weston S"], "date": "2020-03-18", "db": "PubMed", "db_id": "32188753", "db_name": "mSphere", "first": "Weston S", "last": "Frieman MB", "volume": "5"}, "evidence": "The most common associated comorbidities are pulmonary disease, diabetes, and old age (10).", "line": 67, "relation": "positiveCorrelation"}
bp(MESH:Aged)	positiveCorrelation	a(TAX:"Severe acute respiratory syndrome coronavirus 2")	{"annotations": {"PublicationStatus": {"Published": true}, "PublicationType": {"Review": true}, "Section": {"Full Text": true}, "Species": {"9606": true}}, "citation": {"authors": ["Frieman MB", "Weston S"], "date": "2020-03-18", "db": "PubMed", "db_id": "32188753", "db_name": "mSphere", "first": "Weston S", "last": "Frieman MB", "volume": "5"}, "evidence": "The most common associated comorbidities are pulmonary disease, diabetes, and old age (10).", "line": 67, "relation": "positiveCorrelation"}
complex(p(COVID:S), p(HGNC:ACE2))	increases	a(TAX:"Severe acute respiratory syndrome coronavirus 2")	{"annotations": {"PublicationStatus": {"Published": true}, "PublicationType": {"Review": true}, "Section": {"Full Text": true}, "Species": {"9606": true}}, "citation": {"authors": ["Frieman MB", "Weston S"], "date": "2020-03-18", "db": "PubMed", "db_id": "32188753", "db_name": "mSphere", "first": "Weston S", "last": "Frieman MB", "volume": "5"}, "evidence": "Early studies on SARS-CoV-2 have shown further similarities with its namesake virus in that the spike protein utilizes ACE2 as its cell surface receptor (3, 4).", "line": 54, "relation": "increases"}
complex(p(COVID:S), p(HGNC:ACE2))	increases	a(TAX:"Severe acute respiratory syndrome coronavirus 2")	{"annotations": {"MeSHAnatomy": {"Epithelial Cells": true, "Lung": true}, "PublicationStatus": {"Published": true}, "PublicationType": {"Review": true}, "Section": {"Full Text": true}, "Species": {"9606": true}}, "citation": {"authors": ["Frieman MB", "Weston S"], "date": "2020-03-18", "db": "PubMed", "db_id": "32188753", "db_name": "mSphere", "first": "Weston S", "last": "Frieman MB", "volume": "5"}, "evidence": "ACE2 is found on ciliated epithelial cells of the human lungs, and this receptor utilization influences the tropism of these viruses.", "line": 60, "relation": "increases"}
p(COVID:S)	partOf	complex(p(COVID:S), p(HGNC:ACE2))	{"relation": "partOf"}
p(HGNC:ACE2)	partOf	complex(p(COVID:S), p(HGNC:ACE2))	{"relation": "partOf"}
composite(a(CHEBI:chloroquine), a(PUBCHEM:121304016))	decreases	a(TAX:"Severe acute respiratory syndrome coronavirus 2")	{"annotations": {"PublicationStatus": {"Published": true}, "PublicationType": {"Review": true}, "Section": {"Full Text": true}, "Species": {"9606": true}, "Study": {"in vitro": true}}, "citation": {"authors": ["Frieman MB", "Weston S"], "date": "2020-03-18", "db": "PubMed", "db_id": "32188753", "db_name": "mSphere", "first": "Weston S", "last": "Frieman MB", "volume": "5"}, "evidence": "A novel therapeutic being tested is remdesivir (19, 20), which in combination with chloroquine has been found to inhibit SARS-CoV-2 growth in vitro (21).", "line": 71, "relation": "decreases"}
path(DO:"COVID-19")	positiveCorrelation	a(TAX:"Severe acute respiratory syndrome coronavirus 2")	{"annotations": {"PublicationStatus": {"Published": true}, "PublicationType": {"Review": true}, "Section": {"Full Text": true}, "Species": {"9606": true}}, "citation": {"authors": ["Frieman MB", "Weston S"], "date": "2020-03-18", "db": "PubMed", "db_id": "32188753", "db_name": "mSphere", "first": "Weston S", "last": "Frieman MB", "volume": "5"}, "evidence": "The virus was initially named 2019-nCoV but is now termed SARS-CoV-2 and causes the disease COVID-19 (coronavirus disease 2019).", "line": 50, "relation": "positiveCorrelation"}
path(DO:"COVID-19")	positiveCorrelation	a(TAX:"Severe acute respiratory syndrome coronavirus 2")	{"annotations": {"PublicationStatus": {"Published": true}, "PublicationType": {"Review": true}, "Section": {"Full Text": true}, "Species": {"9606": true}}, "citation": {"authors": ["Frieman MB", "Weston S"], "date": "2020-03-18", "db": "PubMed", "db_id": "32188753", "db_name": "mSphere", "first": "Weston S", "last": "Frieman MB", "volume": "5"}, "evidence": "Early studies on SARS-CoV-2 have shown further similarities with its namesake virus in that the spike protein utilizes ACE2 as its cell surface receptor (3, 4).", "line": 55, "relation": "positiveCorrelation"}
path(DO:"COVID-19")	positiveCorrelation	a(TAX:"Severe acute respiratory syndrome coronavirus 2")	{"annotations": {"PublicationStatus": {"Published": true}, "PublicationType": {"Review": true}, "Section": {"Full Text": true}, "Species": {"9606": true}, "population_type": {"Chinese": true}}, "citation": {"authors": ["Frieman MB", "Weston S"], "date": "2020-03-18", "db": "PubMed", "db_id": "32188753", "db_name": "mSphere", "first": "Weston S", "last": "Frieman MB", "volume": "5"}, "evidence": "A combination of lopinavir and ritonavir is also under investigation in human cases of COVID-19 in China.", "line": 81, "relation": "positiveCorrelation"}
path(DO:"chronic obstructive pulmonary disease")	positiveCorrelation	a(TAX:"Severe acute respiratory syndrome coronavirus 2")	{"annotations": {"PublicationStatus": {"Published": true}, "PublicationType": {"Review": true}, "Section": {"Full Text": true}, "Species": {"9606": true}}, "citation": {"authors": ["Frieman MB", "Weston S"], "date": "2020-03-18", "db": "PubMed", "db_id": "32188753", "db_name": "mSphere", "first": "Weston S", "last": "Frieman MB", "volume": "5"}, "evidence": "The most common associated comorbidities are pulmonary disease, diabetes, and old age (10).", "line": 65, "relation": "positiveCorrelation"}
path(DO:"diabetes mellitus")	positiveCorrelation	a(TAX:"Severe acute respiratory syndrome coronavirus 2")	{"annotations": {"PublicationStatus": {"Published": true}, "PublicationType": {"Review": true}, "Section": {"Full Text": true}, "Species": {"9606": true}}, "citation": {"authors": ["Frieman MB", "Weston S"], "date": "2020-03-18", "db": "PubMed", "db_id": "32188753", "db_name": "mSphere", "first": "Weston S", "last": "Frieman MB", "volume": "5"}, "evidence": "The most common associated comorbidities are pulmonary disease, diabetes, and old age (10).", "line": 66, "relation": "positiveCorrelation"}
