a(CHEBI:lopinavir)	partOf	composite(a(CHEBI:lopinavir), a(CHEBI:ritonavir))	{"relation": "partOf"}
a(CHEBI:lopinavir)	isA	a(CHEBI:"HIV protease inhibitor")	{"annotations": {"PublicationStatus": {"Preprint": true}, "PublicationType": {"Editorial": true}, "Section": {"Full Text": true}}, "citation": {"authors": ["Baden LR", "Rubin EJ"], "date": "2020-03-18", "db": "PubMed", "db_id": "32187463", "db_name": "The New England journal of medicine", "first": "Baden LR", "last": "Rubin EJ"}, "evidence": "One antiviral-drug candidate is a combination of the HIV protease inhibitors lopinavir and ritonavir.", "line": 45, "relation": "isA"}
a(CHEBI:lopinavir)	decreases	p(PFAM:"Peptidase_C30")	{"annotations": {"PublicationStatus": {"Preprint": true}, "PublicationType": {"Editorial": true}, "Section": {"Full Text": true}}, "citation": {"authors": ["Baden LR", "Rubin EJ"], "date": "2020-03-18", "db": "PubMed", "db_id": "32187463", "db_name": "The New England journal of medicine", "first": "Baden LR", "last": "Rubin EJ"}, "evidence": "Lopinavir, which acts against the viral 3CL protease, has modest antiviral activity against SARS-CoV-2.1", "line": 51, "relation": "decreases"}
a(CHEBI:lopinavir)	decreases	a(TAX:"Severe acute respiratory syndrome coronavirus 2")	{"annotations": {"PublicationStatus": {"Preprint": true}, "PublicationType": {"Editorial": true}, "Section": {"Full Text": true}}, "citation": {"authors": ["Baden LR", "Rubin EJ"], "date": "2020-03-18", "db": "PubMed", "db_id": "32187463", "db_name": "The New England journal of medicine", "first": "Baden LR", "last": "Rubin EJ"}, "evidence": "Lopinavir, which acts against the viral 3CL protease, has modest antiviral activity against SARS-CoV-2.1", "line": 52, "relation": "decreases"}
a(CHEBI:ritonavir)	partOf	composite(a(CHEBI:lopinavir), a(CHEBI:ritonavir))	{"relation": "partOf"}
a(CHEBI:ritonavir)	isA	a(CHEBI:"HIV protease inhibitor")	{"annotations": {"PublicationStatus": {"Preprint": true}, "PublicationType": {"Editorial": true}, "Section": {"Full Text": true}}, "citation": {"authors": ["Baden LR", "Rubin EJ"], "date": "2020-03-18", "db": "PubMed", "db_id": "32187463", "db_name": "The New England journal of medicine", "first": "Baden LR", "last": "Rubin EJ"}, "evidence": "One antiviral-drug candidate is a combination of the HIV protease inhibitors lopinavir and ritonavir.", "line": 46, "relation": "isA"}
composite(a(CHEBI:lopinavir), a(CHEBI:ritonavir))	isA	a(CHEBI:"antiviral drug")	{"annotations": {"PublicationStatus": {"Preprint": true}, "PublicationType": {"Editorial": true}, "Section": {"Full Text": true}}, "citation": {"authors": ["Baden LR", "Rubin EJ"], "date": "2020-03-18", "db": "PubMed", "db_id": "32187463", "db_name": "The New England journal of medicine", "first": "Baden LR", "last": "Rubin EJ"}, "evidence": "One antiviral-drug candidate is a combination of the HIV protease inhibitors lopinavir and ritonavir.", "line": 44, "relation": "isA"}
composite(a(CHEBI:lopinavir), a(CHEBI:ritonavir))	decreases	a(MESH:Mortality)	{"annotations": {"Custom_Disease": {"COVID-19": true}, "PublicationStatus": {"Preprint": true}, "PublicationType": {"Editorial": true}, "Section": {"Full Text": true}}, "citation": {"authors": ["Baden LR", "Rubin EJ"], "date": "2020-03-18", "db": "PubMed", "db_id": "32187463", "db_name": "The New England journal of medicine", "first": "Baden LR", "last": "Rubin EJ"}, "evidence": "The number of deaths was somewhat lower in the group that received lopinavir\u2013ritonavir.", "line": 58, "relation": "decreases"}
