a(CHEBI:lopinavir)	partOf	composite(a(CHEBI:lopinavir), a(CHEBI:ritonavir))	{"relation": "partOf"}
a(CHEBI:ritonavir)	partOf	composite(a(CHEBI:lopinavir), a(CHEBI:ritonavir))	{"relation": "partOf"}
composite(a(CHEBI:lopinavir), a(CHEBI:ritonavir))	decreases	path(DO:"COVID-19")	{"annotations": {"PublicationStatus": {"Published": true}, "PublicationType": {"Research": true}, "Section": {"Results": true}, "Timeline": {"15 days": true}}, "citation": {"authors": ["Bai T", "Cai Y", "Cao B", "Chen H", "Chen N", "Cheng F", "Dong C", "Dong X", "Fan G", "Ge Q", "Gong F", "Gu X", "Guo L", "Hayden FG", "He J", "Horby PW", "Hu X", "Huang C", "Huang H", "Jaki T", "Jia C", "Li C", "Li H", "Li K", "Li X", "Liu W", "Liu X", "Liu Y", "Liu Z", "Lu S", "Luo S", "Pan L", "Peng L", "Qiu F", "Qu Z", "Ruan L", "Ruan S", "Shang L", "Song B", "Tu S", "Wang C", "Wang J", "Wang K", "Wang S", "Wang Y", "Wei M", "Wei Y", "Wen D", "Wu J", "Wu X", "Xia J", "Xiang J", "Xie X", "Xu J", "Yu T", "Yuan Y", "Zhan H", "Zhang D", "Zhang L", "Zhang Y", "Zhou F", "Zhou X", "Zou J"], "date": "2020-03-18", "db": "PubMed", "db_id": "32187464", "db_name": "The New England journal of medicine", "first": "Cao B", "last": "Wang C"}, "evidence": "In the modified intention to-treat population, the median time to clinical improvement was 15 days in the lopinavir\u2013ritonavir group, as compared with 16 days in the standard-care group (hazard ratio, 1.39; 95% CI, 1.00 to 1.91) (Table S1 and Fig. S1 in the Supplementary Appendix).", "line": 43, "relation": "decreases"}
composite(a(CHEBI:lopinavir), a(CHEBI:ritonavir))	decreases	path(DO:"COVID-19")	{"annotations": {"PublicationStatus": {"Published": true}, "PublicationType": {"Research": true}, "Section": {"Results": true}, "Timeline": {"28 days": true}}, "citation": {"authors": ["Bai T", "Cai Y", "Cao B", "Chen H", "Chen N", "Cheng F", "Dong C", "Dong X", "Fan G", "Ge Q", "Gong F", "Gu X", "Guo L", "Hayden FG", "He J", "Horby PW", "Hu X", "Huang C", "Huang H", "Jaki T", "Jia C", "Li C", "Li H", "Li K", "Li X", "Liu W", "Liu X", "Liu Y", "Liu Z", "Lu S", "Luo S", "Pan L", "Peng L", "Qiu F", "Qu Z", "Ruan L", "Ruan S", "Shang L", "Song B", "Tu S", "Wang C", "Wang J", "Wang K", "Wang S", "Wang Y", "Wei M", "Wei Y", "Wen D", "Wu J", "Wu X", "Xia J", "Xiang J", "Xie X", "Xu J", "Yu T", "Yuan Y", "Zhan H", "Zhang D", "Zhang L", "Zhang Y", "Zhou F", "Zhou X", "Zou J"], "date": "2020-03-18", "db": "PubMed", "db_id": "32187464", "db_name": "The New England journal of medicine", "first": "Cao B", "last": "Wang C"}, "evidence": "The 28-day mortality was numerically lower in the lopinavir\u2013ritonavir group than in the standardcare group for either the intention-to-treat population (19.2% vs. 25.0%; difference, \u22125.8 percentage points; 95% CI, \u221217.3 to 5.7).", "line": 49, "relation": "decreases"}
composite(a(CHEBI:lopinavir), a(CHEBI:ritonavir))	decreases	path(MESH:Mortality)	{"annotations": {"PublicationStatus": {"Published": true}, "PublicationType": {"Research": true}, "Section": {"Results": true}, "Timeline": {"28 days": true}}, "citation": {"authors": ["Bai T", "Cai Y", "Cao B", "Chen H", "Chen N", "Cheng F", "Dong C", "Dong X", "Fan G", "Ge Q", "Gong F", "Gu X", "Guo L", "Hayden FG", "He J", "Horby PW", "Hu X", "Huang C", "Huang H", "Jaki T", "Jia C", "Li C", "Li H", "Li K", "Li X", "Liu W", "Liu X", "Liu Y", "Liu Z", "Lu S", "Luo S", "Pan L", "Peng L", "Qiu F", "Qu Z", "Ruan L", "Ruan S", "Shang L", "Song B", "Tu S", "Wang C", "Wang J", "Wang K", "Wang S", "Wang Y", "Wei M", "Wei Y", "Wen D", "Wu J", "Wu X", "Xia J", "Xiang J", "Xie X", "Xu J", "Yu T", "Yuan Y", "Zhan H", "Zhang D", "Zhang L", "Zhang Y", "Zhou F", "Zhou X", "Zou J"], "date": "2020-03-18", "db": "PubMed", "db_id": "32187464", "db_name": "The New England journal of medicine", "first": "Cao B", "last": "Wang C"}, "evidence": "The 28-day mortality was numerically lower in the lopinavir\u2013ritonavir group than in the standardcare group for either the intention-to-treat population (19.2% vs. 25.0%; difference, \u22125.8 percentage points; 95% CI, \u221217.3 to 5.7).", "line": 50, "relation": "decreases"}
composite(a(CHEBI:lopinavir), a(CHEBI:ritonavir))	positiveCorrelation	path(MESH:Nausea)	{"annotations": {"PublicationStatus": {"Published": true}, "PublicationType": {"Research": true}, "Section": {"Results": true}}, "citation": {"authors": ["Bai T", "Cai Y", "Cao B", "Chen H", "Chen N", "Cheng F", "Dong C", "Dong X", "Fan G", "Ge Q", "Gong F", "Gu X", "Guo L", "Hayden FG", "He J", "Horby PW", "Hu X", "Huang C", "Huang H", "Jaki T", "Jia C", "Li C", "Li H", "Li K", "Li X", "Liu W", "Liu X", "Liu Y", "Liu Z", "Lu S", "Luo S", "Pan L", "Peng L", "Qiu F", "Qu Z", "Ruan L", "Ruan S", "Shang L", "Song B", "Tu S", "Wang C", "Wang J", "Wang K", "Wang S", "Wang Y", "Wei M", "Wei Y", "Wen D", "Wu J", "Wu X", "Xia J", "Xiang J", "Xie X", "Xu J", "Yu T", "Yuan Y", "Zhan H", "Zhang D", "Zhang L", "Zhang Y", "Zhou F", "Zhou X", "Zou J"], "date": "2020-03-18", "db": "PubMed", "db_id": "32187464", "db_name": "The New England journal of medicine", "first": "Cao B", "last": "Wang C"}, "evidence": "Gastrointestinal adverse events including nausea, vomiting, and diarrhea were more common in lopinavir\u2013ritonavir group than in the standard-care group (Table 4).", "line": 54, "relation": "positiveCorrelation"}
composite(a(CHEBI:lopinavir), a(CHEBI:ritonavir))	positiveCorrelation	path(MESH:Vomiting)	{"annotations": {"PublicationStatus": {"Published": true}, "PublicationType": {"Research": true}, "Section": {"Results": true}}, "citation": {"authors": ["Bai T", "Cai Y", "Cao B", "Chen H", "Chen N", "Cheng F", "Dong C", "Dong X", "Fan G", "Ge Q", "Gong F", "Gu X", "Guo L", "Hayden FG", "He J", "Horby PW", "Hu X", "Huang C", "Huang H", "Jaki T", "Jia C", "Li C", "Li H", "Li K", "Li X", "Liu W", "Liu X", "Liu Y", "Liu Z", "Lu S", "Luo S", "Pan L", "Peng L", "Qiu F", "Qu Z", "Ruan L", "Ruan S", "Shang L", "Song B", "Tu S", "Wang C", "Wang J", "Wang K", "Wang S", "Wang Y", "Wei M", "Wei Y", "Wen D", "Wu J", "Wu X", "Xia J", "Xiang J", "Xie X", "Xu J", "Yu T", "Yuan Y", "Zhan H", "Zhang D", "Zhang L", "Zhang Y", "Zhou F", "Zhou X", "Zou J"], "date": "2020-03-18", "db": "PubMed", "db_id": "32187464", "db_name": "The New England journal of medicine", "first": "Cao B", "last": "Wang C"}, "evidence": "Gastrointestinal adverse events including nausea, vomiting, and diarrhea were more common in lopinavir\u2013ritonavir group than in the standard-care group (Table 4).", "line": 55, "relation": "positiveCorrelation"}
composite(a(CHEBI:lopinavir), a(CHEBI:ritonavir))	positiveCorrelation	path(MESH:Diarrhea)	{"annotations": {"PublicationStatus": {"Published": true}, "PublicationType": {"Research": true}, "Section": {"Results": true}}, "citation": {"authors": ["Bai T", "Cai Y", "Cao B", "Chen H", "Chen N", "Cheng F", "Dong C", "Dong X", "Fan G", "Ge Q", "Gong F", "Gu X", "Guo L", "Hayden FG", "He J", "Horby PW", "Hu X", "Huang C", "Huang H", "Jaki T", "Jia C", "Li C", "Li H", "Li K", "Li X", "Liu W", "Liu X", "Liu Y", "Liu Z", "Lu S", "Luo S", "Pan L", "Peng L", "Qiu F", "Qu Z", "Ruan L", "Ruan S", "Shang L", "Song B", "Tu S", "Wang C", "Wang J", "Wang K", "Wang S", "Wang Y", "Wei M", "Wei Y", "Wen D", "Wu J", "Wu X", "Xia J", "Xiang J", "Xie X", "Xu J", "Yu T", "Yuan Y", "Zhan H", "Zhang D", "Zhang L", "Zhang Y", "Zhou F", "Zhou X", "Zou J"], "date": "2020-03-18", "db": "PubMed", "db_id": "32187464", "db_name": "The New England journal of medicine", "first": "Cao B", "last": "Wang C"}, "evidence": "Gastrointestinal adverse events including nausea, vomiting, and diarrhea were more common in lopinavir\u2013ritonavir group than in the standard-care group (Table 4).", "line": 56, "relation": "positiveCorrelation"}
path(MESH:Diarrhea)	positiveCorrelation	composite(a(CHEBI:lopinavir), a(CHEBI:ritonavir))	{"annotations": {"PublicationStatus": {"Published": true}, "PublicationType": {"Research": true}, "Section": {"Results": true}}, "citation": {"authors": ["Bai T", "Cai Y", "Cao B", "Chen H", "Chen N", "Cheng F", "Dong C", "Dong X", "Fan G", "Ge Q", "Gong F", "Gu X", "Guo L", "Hayden FG", "He J", "Horby PW", "Hu X", "Huang C", "Huang H", "Jaki T", "Jia C", "Li C", "Li H", "Li K", "Li X", "Liu W", "Liu X", "Liu Y", "Liu Z", "Lu S", "Luo S", "Pan L", "Peng L", "Qiu F", "Qu Z", "Ruan L", "Ruan S", "Shang L", "Song B", "Tu S", "Wang C", "Wang J", "Wang K", "Wang S", "Wang Y", "Wei M", "Wei Y", "Wen D", "Wu J", "Wu X", "Xia J", "Xiang J", "Xie X", "Xu J", "Yu T", "Yuan Y", "Zhan H", "Zhang D", "Zhang L", "Zhang Y", "Zhou F", "Zhou X", "Zou J"], "date": "2020-03-18", "db": "PubMed", "db_id": "32187464", "db_name": "The New England journal of medicine", "first": "Cao B", "last": "Wang C"}, "evidence": "Gastrointestinal adverse events including nausea, vomiting, and diarrhea were more common in lopinavir\u2013ritonavir group than in the standard-care group (Table 4).", "line": 56, "relation": "positiveCorrelation"}
path(MESH:Nausea)	positiveCorrelation	composite(a(CHEBI:lopinavir), a(CHEBI:ritonavir))	{"annotations": {"PublicationStatus": {"Published": true}, "PublicationType": {"Research": true}, "Section": {"Results": true}}, "citation": {"authors": ["Bai T", "Cai Y", "Cao B", "Chen H", "Chen N", "Cheng F", "Dong C", "Dong X", "Fan G", "Ge Q", "Gong F", "Gu X", "Guo L", "Hayden FG", "He J", "Horby PW", "Hu X", "Huang C", "Huang H", "Jaki T", "Jia C", "Li C", "Li H", "Li K", "Li X", "Liu W", "Liu X", "Liu Y", "Liu Z", "Lu S", "Luo S", "Pan L", "Peng L", "Qiu F", "Qu Z", "Ruan L", "Ruan S", "Shang L", "Song B", "Tu S", "Wang C", "Wang J", "Wang K", "Wang S", "Wang Y", "Wei M", "Wei Y", "Wen D", "Wu J", "Wu X", "Xia J", "Xiang J", "Xie X", "Xu J", "Yu T", "Yuan Y", "Zhan H", "Zhang D", "Zhang L", "Zhang Y", "Zhou F", "Zhou X", "Zou J"], "date": "2020-03-18", "db": "PubMed", "db_id": "32187464", "db_name": "The New England journal of medicine", "first": "Cao B", "last": "Wang C"}, "evidence": "Gastrointestinal adverse events including nausea, vomiting, and diarrhea were more common in lopinavir\u2013ritonavir group than in the standard-care group (Table 4).", "line": 54, "relation": "positiveCorrelation"}
path(MESH:Vomiting)	positiveCorrelation	composite(a(CHEBI:lopinavir), a(CHEBI:ritonavir))	{"annotations": {"PublicationStatus": {"Published": true}, "PublicationType": {"Research": true}, "Section": {"Results": true}}, "citation": {"authors": ["Bai T", "Cai Y", "Cao B", "Chen H", "Chen N", "Cheng F", "Dong C", "Dong X", "Fan G", "Ge Q", "Gong F", "Gu X", "Guo L", "Hayden FG", "He J", "Horby PW", "Hu X", "Huang C", "Huang H", "Jaki T", "Jia C", "Li C", "Li H", "Li K", "Li X", "Liu W", "Liu X", "Liu Y", "Liu Z", "Lu S", "Luo S", "Pan L", "Peng L", "Qiu F", "Qu Z", "Ruan L", "Ruan S", "Shang L", "Song B", "Tu S", "Wang C", "Wang J", "Wang K", "Wang S", "Wang Y", "Wei M", "Wei Y", "Wen D", "Wu J", "Wu X", "Xia J", "Xiang J", "Xie X", "Xu J", "Yu T", "Yuan Y", "Zhan H", "Zhang D", "Zhang L", "Zhang Y", "Zhou F", "Zhou X", "Zou J"], "date": "2020-03-18", "db": "PubMed", "db_id": "32187464", "db_name": "The New England journal of medicine", "first": "Cao B", "last": "Wang C"}, "evidence": "Gastrointestinal adverse events including nausea, vomiting, and diarrhea were more common in lopinavir\u2013ritonavir group than in the standard-care group (Table 4).", "line": 55, "relation": "positiveCorrelation"}
