a(CHEBI:"angiotensin receptor antagonist")	decreases	path(DO:hypertension)	{"annotations": {"PublicationStatus": {"Published": true}, "PublicationType": {"Letter to the Editor": true}, "Section": {"Full Text": true}, "Species": {"9606": true}}, "citation": {"authors": ["Diaz JH"], "date": "2020-03-18", "db": "PubMed", "db_id": "32186711", "db_name": "Journal of travel medicine", "first": "Diaz JH", "last": "Diaz JH"}, "evidence": "Angiotensin-converting enzyme inhibitors (ACEIs) and angiotensin receptor blockers (ARBs) are highly recommended medications for patients with cardiovascular diseases, such as refractory hypertension, coronary artery disease, heart failure, and post-myocardial infarction status. 1, 2", "line": 51, "relation": "decreases"}
a(CHEBI:"angiotensin receptor antagonist")	decreases	path(DO:"coronary artery disease")	{"annotations": {"PublicationStatus": {"Published": true}, "PublicationType": {"Letter to the Editor": true}, "Section": {"Full Text": true}, "Species": {"9606": true}}, "citation": {"authors": ["Diaz JH"], "date": "2020-03-18", "db": "PubMed", "db_id": "32186711", "db_name": "Journal of travel medicine", "first": "Diaz JH", "last": "Diaz JH"}, "evidence": "Angiotensin-converting enzyme inhibitors (ACEIs) and angiotensin receptor blockers (ARBs) are highly recommended medications for patients with cardiovascular diseases, such as refractory hypertension, coronary artery disease, heart failure, and post-myocardial infarction status. 1, 2", "line": 52, "relation": "decreases"}
a(CHEBI:"angiotensin receptor antagonist")	decreases	path(DO:"congestive heart failure")	{"annotations": {"PublicationStatus": {"Published": true}, "PublicationType": {"Letter to the Editor": true}, "Section": {"Full Text": true}, "Species": {"9606": true}}, "citation": {"authors": ["Diaz JH"], "date": "2020-03-18", "db": "PubMed", "db_id": "32186711", "db_name": "Journal of travel medicine", "first": "Diaz JH", "last": "Diaz JH"}, "evidence": "Angiotensin-converting enzyme inhibitors (ACEIs) and angiotensin receptor blockers (ARBs) are highly recommended medications for patients with cardiovascular diseases, such as refractory hypertension, coronary artery disease, heart failure, and post-myocardial infarction status. 1, 2", "line": 53, "relation": "decreases"}
a(CHEBI:"angiotensin receptor antagonist")	decreases	path(DO:"myocardial infarction")	{"annotations": {"PublicationStatus": {"Published": true}, "PublicationType": {"Letter to the Editor": true}, "Section": {"Full Text": true}, "Species": {"9606": true}}, "citation": {"authors": ["Diaz JH"], "date": "2020-03-18", "db": "PubMed", "db_id": "32186711", "db_name": "Journal of travel medicine", "first": "Diaz JH", "last": "Diaz JH"}, "evidence": "Angiotensin-converting enzyme inhibitors (ACEIs) and angiotensin receptor blockers (ARBs) are highly recommended medications for patients with cardiovascular diseases, such as refractory hypertension, coronary artery disease, heart failure, and post-myocardial infarction status. 1, 2", "line": 54, "relation": "decreases"}
a(CHEBI:"angiotensin receptor antagonist")	increases	p(MGI:Ace2)	{"annotations": {"MeSHAnatomy": {"Blood": true, "Heart": true, "Lung": true}, "PublicationStatus": {"Published": true}, "PublicationType": {"Letter to the Editor": true}, "Section": {"Full Text": true}, "Species": {"10090": true}, "mode_of_administration": {"intravenous injection": true}}, "citation": {"authors": ["Diaz JH"], "date": "2020-03-18", "db": "PubMed", "db_id": "32186711", "db_name": "Journal of travel medicine", "first": "Diaz JH", "last": "Diaz JH"}, "evidence": "Intravenous infusions of ACEIs and ARBs in experimental animals increase the numbers of angiotensin converting enzyme 2 (ACE2) receptors in the cardiopulmonary circulation. 4", "line": 62, "relation": "increases"}
a(CHEBI:"angiotensin receptor antagonist")	increases	p(HGNC:ACE2)	{"annotations": {"MeSHAnatomy": {"Blood": true, "Heart": true, "Lung": true}, "PublicationStatus": {"Published": true}, "PublicationType": {"Letter to the Editor": true}, "Section": {"Full Text": true}, "Species": {"9606": true}}, "citation": {"authors": ["Diaz JH"], "date": "2020-03-18", "db": "PubMed", "db_id": "32186711", "db_name": "Journal of travel medicine", "first": "Diaz JH", "last": "Diaz JH"}, "evidence": "Patients taking ACEIs or ARBs chronically for cardiovascular diseases are assumed to have increased numbers of ACE2 receptors throughout their cardiopulmonary circulations as observed in experimental animal models.", "line": 72, "relation": "increases"}
a(CHEBI:"angiotensin receptor antagonist")	increases	p(HGNC:ACE2)	{"annotations": {"MeSHAnatomy": {"Lung": true}, "PublicationStatus": {"Published": true}, "PublicationType": {"Letter to the Editor": true}, "Section": {"Full Text": true}, "Species": {"9606": true}}, "citation": {"authors": ["Diaz JH"], "date": "2020-03-18", "db": "PubMed", "db_id": "32186711", "db_name": "Journal of travel medicine", "first": "Diaz JH", "last": "Diaz JH"}, "evidence": "Since patients treated with ACEIs and ARBS will have increased numbers of ACE2 receptors in their lungs for coronavirus S proteins to bind to, they may be at increased risk of severe disease outcomes due to SARS-CoV-2 infections.", "line": 93, "relation": "increases"}
a(MESH:"Angiotensin-Converting Enzyme Inhibitors")	decreases	path(DO:hypertension)	{"annotations": {"PublicationStatus": {"Published": true}, "PublicationType": {"Letter to the Editor": true}, "Section": {"Full Text": true}, "Species": {"9606": true}}, "citation": {"authors": ["Diaz JH"], "date": "2020-03-18", "db": "PubMed", "db_id": "32186711", "db_name": "Journal of travel medicine", "first": "Diaz JH", "last": "Diaz JH"}, "evidence": "Angiotensin-converting enzyme inhibitors (ACEIs) and angiotensin receptor blockers (ARBs) are highly recommended medications for patients with cardiovascular diseases, such as refractory hypertension, coronary artery disease, heart failure, and post-myocardial infarction status. 1, 2", "line": 47, "relation": "decreases"}
a(MESH:"Angiotensin-Converting Enzyme Inhibitors")	decreases	path(DO:"coronary artery disease")	{"annotations": {"PublicationStatus": {"Published": true}, "PublicationType": {"Letter to the Editor": true}, "Section": {"Full Text": true}, "Species": {"9606": true}}, "citation": {"authors": ["Diaz JH"], "date": "2020-03-18", "db": "PubMed", "db_id": "32186711", "db_name": "Journal of travel medicine", "first": "Diaz JH", "last": "Diaz JH"}, "evidence": "Angiotensin-converting enzyme inhibitors (ACEIs) and angiotensin receptor blockers (ARBs) are highly recommended medications for patients with cardiovascular diseases, such as refractory hypertension, coronary artery disease, heart failure, and post-myocardial infarction status. 1, 2", "line": 48, "relation": "decreases"}
a(MESH:"Angiotensin-Converting Enzyme Inhibitors")	decreases	path(DO:"congestive heart failure")	{"annotations": {"PublicationStatus": {"Published": true}, "PublicationType": {"Letter to the Editor": true}, "Section": {"Full Text": true}, "Species": {"9606": true}}, "citation": {"authors": ["Diaz JH"], "date": "2020-03-18", "db": "PubMed", "db_id": "32186711", "db_name": "Journal of travel medicine", "first": "Diaz JH", "last": "Diaz JH"}, "evidence": "Angiotensin-converting enzyme inhibitors (ACEIs) and angiotensin receptor blockers (ARBs) are highly recommended medications for patients with cardiovascular diseases, such as refractory hypertension, coronary artery disease, heart failure, and post-myocardial infarction status. 1, 2", "line": 49, "relation": "decreases"}
a(MESH:"Angiotensin-Converting Enzyme Inhibitors")	decreases	path(DO:"myocardial infarction")	{"annotations": {"PublicationStatus": {"Published": true}, "PublicationType": {"Letter to the Editor": true}, "Section": {"Full Text": true}, "Species": {"9606": true}}, "citation": {"authors": ["Diaz JH"], "date": "2020-03-18", "db": "PubMed", "db_id": "32186711", "db_name": "Journal of travel medicine", "first": "Diaz JH", "last": "Diaz JH"}, "evidence": "Angiotensin-converting enzyme inhibitors (ACEIs) and angiotensin receptor blockers (ARBs) are highly recommended medications for patients with cardiovascular diseases, such as refractory hypertension, coronary artery disease, heart failure, and post-myocardial infarction status. 1, 2", "line": 50, "relation": "decreases"}
a(MESH:"Angiotensin-Converting Enzyme Inhibitors")	increases	p(MGI:Ace2)	{"annotations": {"MeSHAnatomy": {"Blood": true, "Heart": true, "Lung": true}, "PublicationStatus": {"Published": true}, "PublicationType": {"Letter to the Editor": true}, "Section": {"Full Text": true}, "Species": {"10090": true}, "mode_of_administration": {"intravenous injection": true}}, "citation": {"authors": ["Diaz JH"], "date": "2020-03-18", "db": "PubMed", "db_id": "32186711", "db_name": "Journal of travel medicine", "first": "Diaz JH", "last": "Diaz JH"}, "evidence": "Intravenous infusions of ACEIs and ARBs in experimental animals increase the numbers of angiotensin converting enzyme 2 (ACE2) receptors in the cardiopulmonary circulation. 4", "line": 61, "relation": "increases"}
a(MESH:"Angiotensin-Converting Enzyme Inhibitors")	increases	p(HGNC:ACE2)	{"annotations": {"MeSHAnatomy": {"Blood": true, "Heart": true, "Lung": true}, "PublicationStatus": {"Published": true}, "PublicationType": {"Letter to the Editor": true}, "Section": {"Full Text": true}, "Species": {"9606": true}}, "citation": {"authors": ["Diaz JH"], "date": "2020-03-18", "db": "PubMed", "db_id": "32186711", "db_name": "Journal of travel medicine", "first": "Diaz JH", "last": "Diaz JH"}, "evidence": "Patients taking ACEIs or ARBs chronically for cardiovascular diseases are assumed to have increased numbers of ACE2 receptors throughout their cardiopulmonary circulations as observed in experimental animal models.", "line": 71, "relation": "increases"}
a(MESH:"Angiotensin-Converting Enzyme Inhibitors")	increases	p(HGNC:ACE2)	{"annotations": {"MeSHAnatomy": {"Lung": true}, "PublicationStatus": {"Published": true}, "PublicationType": {"Letter to the Editor": true}, "Section": {"Full Text": true}, "Species": {"9606": true}}, "citation": {"authors": ["Diaz JH"], "date": "2020-03-18", "db": "PubMed", "db_id": "32186711", "db_name": "Journal of travel medicine", "first": "Diaz JH", "last": "Diaz JH"}, "evidence": "Since patients treated with ACEIs and ARBS will have increased numbers of ACE2 receptors in their lungs for coronavirus S proteins to bind to, they may be at increased risk of severe disease outcomes due to SARS-CoV-2 infections.", "line": 92, "relation": "increases"}
a(MESH:"Antibodies, Viral")	decreases	path(DO:"COVID-19")	{"annotations": {"PublicationStatus": {"Published": true}, "PublicationType": {"Letter to the Editor": true}, "Section": {"Full Text": true}, "Species": {"9606": true}}, "citation": {"authors": ["Diaz JH"], "date": "2020-03-18", "db": "PubMed", "db_id": "32186711", "db_name": "Journal of travel medicine", "first": "Diaz JH", "last": "Diaz JH"}, "evidence": "Two mechanisms may protect children from COVID-19 infections: (1) cross-protective antibodies from multiple upper respiratory tract infections caused by the common cold-causing alpha coronaviruses, and (2) fewer ACE2 receptors in their lower respiratory tracts to attract the binding S proteins of the beta coronaviruses.", "line": 108, "relation": "decreases"}
a(TAX:"Severe acute respiratory syndrome coronavirus 2")	association	p(COVID:S)	{"annotations": {"MeSHAnatomy": {"Lung": true}, "PublicationStatus": {"Published": true}, "PublicationType": {"Letter to the Editor": true}, "Section": {"Full Text": true}, "Species": {"9606": true}}, "citation": {"authors": ["Diaz JH"], "date": "2020-03-18", "db": "PubMed", "db_id": "32186711", "db_name": "Journal of travel medicine", "first": "Diaz JH", "last": "Diaz JH"}, "evidence": "The phylogenetically related beta coronavirus, SARS-Cov-2, causes the novel coronavirus disease (nCoV-2019) or COVID-19. 5 S proteins anchor both beta coronaviruses to ACE2 receptors in the lower respiratory tract of infected patients in order to gain entry into the lungs.", "line": 79, "relation": "association"}
a(TAX:Alphacoronavirus)	increases	path(DO:"upper respiratory tract disease")	{"annotations": {"PublicationStatus": {"Published": true}, "PublicationType": {"Letter to the Editor": true}, "Section": {"Full Text": true}, "Species": {"9606": true}}, "citation": {"authors": ["Diaz JH"], "date": "2020-03-18", "db": "PubMed", "db_id": "32186711", "db_name": "Journal of travel medicine", "first": "Diaz JH", "last": "Diaz JH"}, "evidence": "Two mechanisms may protect children from COVID-19 infections: (1) cross-protective antibodies from multiple upper respiratory tract infections caused by the common cold-causing alpha coronaviruses, and (2) fewer ACE2 receptors in their lower respiratory tracts to attract the binding S proteins of the beta coronaviruses.", "line": 106, "relation": "increases"}
complex(p(COVID:S), p(HGNC:ACE2))	increases	path(DO:"COVID-19")	{"annotations": {"MeSHAnatomy": {"Lung": true}, "PublicationStatus": {"Published": true}, "PublicationType": {"Letter to the Editor": true}, "Section": {"Full Text": true}, "Species": {"9606": true}}, "citation": {"authors": ["Diaz JH"], "date": "2020-03-18", "db": "PubMed", "db_id": "32186711", "db_name": "Journal of travel medicine", "first": "Diaz JH", "last": "Diaz JH"}, "evidence": "The phylogenetically related beta coronavirus, SARS-Cov-2, causes the novel coronavirus disease (nCoV-2019) or COVID-19. 5 S proteins anchor both beta coronaviruses to ACE2 receptors in the lower respiratory tract of infected patients in order to gain entry into the lungs.", "line": 78, "relation": "increases"}
complex(p(COVID:S), p(HGNC:ACE2))	increases	path(DO:"COVID-19")	{"annotations": {"MeSHAnatomy": {"Lung": true}, "PublicationStatus": {"Published": true}, "PublicationType": {"Letter to the Editor": true}, "Section": {"Full Text": true}, "Species": {"9606": true}}, "citation": {"authors": ["Diaz JH"], "date": "2020-03-18", "db": "PubMed", "db_id": "32186711", "db_name": "Journal of travel medicine", "first": "Diaz JH", "last": "Diaz JH"}, "evidence": "Since patients treated with ACEIs and ARBS will have increased numbers of ACE2 receptors in their lungs for coronavirus S proteins to bind to, they may be at increased risk of severe disease outcomes due to SARS-CoV-2 infections.", "line": 95, "relation": "increases"}
complex(p(COVID:S), p(HGNC:ACE2))	positiveCorrelation	p(HGNC:ACE2)	{"annotations": {"MeSHAnatomy": {"Lung": true}, "PublicationStatus": {"Published": true}, "PublicationType": {"Letter to the Editor": true}, "Section": {"Full Text": true}, "Species": {"9606": true}}, "citation": {"authors": ["Diaz JH"], "date": "2020-03-18", "db": "PubMed", "db_id": "32186711", "db_name": "Journal of travel medicine", "first": "Diaz JH", "last": "Diaz JH"}, "evidence": "Since patients treated with ACEIs and ARBS will have increased numbers of ACE2 receptors in their lungs for coronavirus S proteins to bind to, they may be at increased risk of severe disease outcomes due to SARS-CoV-2 infections.", "line": 94, "relation": "positiveCorrelation"}
complex(p(COVID:S), p(HGNC:ACE2))	positiveCorrelation	p(HGNC:ACE2)	{"annotations": {"PublicationStatus": {"Published": true}, "PublicationType": {"Letter to the Editor": true}, "Section": {"Full Text": true}, "Species": {"9606": true}}, "citation": {"authors": ["Diaz JH"], "date": "2020-03-18", "db": "PubMed", "db_id": "32186711", "db_name": "Journal of travel medicine", "first": "Diaz JH", "last": "Diaz JH"}, "evidence": "Two mechanisms may protect children from COVID-19 infections: (1) cross-protective antibodies from multiple upper respiratory tract infections caused by the common cold-causing alpha coronaviruses, and (2) fewer ACE2 receptors in their lower respiratory tracts to attract the binding S proteins of the beta coronaviruses.", "line": 109, "relation": "positiveCorrelation"}
p(COVID:S)	partOf	complex(p(COVID:S), p(HGNC:ACE2))	{"relation": "partOf"}
p(COVID:S)	association	a(TAX:"Severe acute respiratory syndrome coronavirus 2")	{"annotations": {"MeSHAnatomy": {"Lung": true}, "PublicationStatus": {"Published": true}, "PublicationType": {"Letter to the Editor": true}, "Section": {"Full Text": true}, "Species": {"9606": true}}, "citation": {"authors": ["Diaz JH"], "date": "2020-03-18", "db": "PubMed", "db_id": "32186711", "db_name": "Journal of travel medicine", "first": "Diaz JH", "last": "Diaz JH"}, "evidence": "The phylogenetically related beta coronavirus, SARS-Cov-2, causes the novel coronavirus disease (nCoV-2019) or COVID-19. 5 S proteins anchor both beta coronaviruses to ACE2 receptors in the lower respiratory tract of infected patients in order to gain entry into the lungs.", "line": 79, "relation": "association"}
p(HGNC:ACE2)	partOf	complex(p(COVID:S), p(HGNC:ACE2))	{"relation": "partOf"}
p(HGNC:ACE2)	positiveCorrelation	complex(p(COVID:S), p(HGNC:ACE2))	{"annotations": {"MeSHAnatomy": {"Lung": true}, "PublicationStatus": {"Published": true}, "PublicationType": {"Letter to the Editor": true}, "Section": {"Full Text": true}, "Species": {"9606": true}}, "citation": {"authors": ["Diaz JH"], "date": "2020-03-18", "db": "PubMed", "db_id": "32186711", "db_name": "Journal of travel medicine", "first": "Diaz JH", "last": "Diaz JH"}, "evidence": "Since patients treated with ACEIs and ARBS will have increased numbers of ACE2 receptors in their lungs for coronavirus S proteins to bind to, they may be at increased risk of severe disease outcomes due to SARS-CoV-2 infections.", "line": 94, "relation": "positiveCorrelation"}
p(HGNC:ACE2)	positiveCorrelation	complex(p(COVID:S), p(HGNC:ACE2))	{"annotations": {"PublicationStatus": {"Published": true}, "PublicationType": {"Letter to the Editor": true}, "Section": {"Full Text": true}, "Species": {"9606": true}}, "citation": {"authors": ["Diaz JH"], "date": "2020-03-18", "db": "PubMed", "db_id": "32186711", "db_name": "Journal of travel medicine", "first": "Diaz JH", "last": "Diaz JH"}, "evidence": "Two mechanisms may protect children from COVID-19 infections: (1) cross-protective antibodies from multiple upper respiratory tract infections caused by the common cold-causing alpha coronaviruses, and (2) fewer ACE2 receptors in their lower respiratory tracts to attract the binding S proteins of the beta coronaviruses.", "line": 109, "relation": "positiveCorrelation"}
path(DO:"COVID-19")	increases	path(DO:"viral pneumonia")	{"annotations": {"MeSHAnatomy": {"Lung": true}, "PublicationStatus": {"Published": true}, "PublicationType": {"Letter to the Editor": true}, "Section": {"Full Text": true}, "Species": {"9606": true}}, "citation": {"authors": ["Diaz JH"], "date": "2020-03-18", "db": "PubMed", "db_id": "32186711", "db_name": "Journal of travel medicine", "first": "Diaz JH", "last": "Diaz JH"}, "evidence": "Viral pneumonia and potentially fatal respiratory failure may result in susceptible persons after 10-14 days. 5", "line": 85, "relation": "increases"}
path(DO:"COVID-19")	increases	path(DO:"respiratory failure")	{"annotations": {"MeSHAnatomy": {"Lung": true}, "PublicationStatus": {"Published": true}, "PublicationType": {"Letter to the Editor": true}, "Section": {"Full Text": true}, "Species": {"9606": true}}, "citation": {"authors": ["Diaz JH"], "date": "2020-03-18", "db": "PubMed", "db_id": "32186711", "db_name": "Journal of travel medicine", "first": "Diaz JH", "last": "Diaz JH"}, "evidence": "Viral pneumonia and potentially fatal respiratory failure may result in susceptible persons after 10-14 days. 5", "line": 86, "relation": "increases"}
path(DO:"COVID-19")	positiveCorrelation	path(DO:hypertension)	{"annotations": {"PublicationStatus": {"Published": true}, "PublicationType": {"Letter to the Editor": true}, "Section": {"Full Text": true}, "Species": {"9606": true}}, "citation": {"authors": ["Diaz JH"], "date": "2020-03-18", "db": "PubMed", "db_id": "32186711", "db_name": "Journal of travel medicine", "first": "Diaz JH", "last": "Diaz JH"}, "evidence": "In this study, Guan et al reported more severe disease outcomes in patients with hypertension, coronary artery disease, diabetes, and chronic renal disease (Table 1). 6", "line": 99, "relation": "positiveCorrelation"}
path(DO:"COVID-19")	positiveCorrelation	path(DO:"coronary artery disease")	{"annotations": {"PublicationStatus": {"Published": true}, "PublicationType": {"Letter to the Editor": true}, "Section": {"Full Text": true}, "Species": {"9606": true}}, "citation": {"authors": ["Diaz JH"], "date": "2020-03-18", "db": "PubMed", "db_id": "32186711", "db_name": "Journal of travel medicine", "first": "Diaz JH", "last": "Diaz JH"}, "evidence": "In this study, Guan et al reported more severe disease outcomes in patients with hypertension, coronary artery disease, diabetes, and chronic renal disease (Table 1). 6", "line": 100, "relation": "positiveCorrelation"}
path(DO:"COVID-19")	positiveCorrelation	path(DO:"diabetes mellitus")	{"annotations": {"PublicationStatus": {"Published": true}, "PublicationType": {"Letter to the Editor": true}, "Section": {"Full Text": true}, "Species": {"9606": true}}, "citation": {"authors": ["Diaz JH"], "date": "2020-03-18", "db": "PubMed", "db_id": "32186711", "db_name": "Journal of travel medicine", "first": "Diaz JH", "last": "Diaz JH"}, "evidence": "In this study, Guan et al reported more severe disease outcomes in patients with hypertension, coronary artery disease, diabetes, and chronic renal disease (Table 1). 6", "line": 101, "relation": "positiveCorrelation"}
path(DO:"COVID-19")	positiveCorrelation	path(DO:"chronic kidney disease")	{"annotations": {"PublicationStatus": {"Published": true}, "PublicationType": {"Letter to the Editor": true}, "Section": {"Full Text": true}, "Species": {"9606": true}}, "citation": {"authors": ["Diaz JH"], "date": "2020-03-18", "db": "PubMed", "db_id": "32186711", "db_name": "Journal of travel medicine", "first": "Diaz JH", "last": "Diaz JH"}, "evidence": "In this study, Guan et al reported more severe disease outcomes in patients with hypertension, coronary artery disease, diabetes, and chronic renal disease (Table 1). 6", "line": 102, "relation": "positiveCorrelation"}
path(DO:"chronic kidney disease")	positiveCorrelation	path(DO:"COVID-19")	{"annotations": {"PublicationStatus": {"Published": true}, "PublicationType": {"Letter to the Editor": true}, "Section": {"Full Text": true}, "Species": {"9606": true}}, "citation": {"authors": ["Diaz JH"], "date": "2020-03-18", "db": "PubMed", "db_id": "32186711", "db_name": "Journal of travel medicine", "first": "Diaz JH", "last": "Diaz JH"}, "evidence": "In this study, Guan et al reported more severe disease outcomes in patients with hypertension, coronary artery disease, diabetes, and chronic renal disease (Table 1). 6", "line": 102, "relation": "positiveCorrelation"}
path(DO:"coronary artery disease")	positiveCorrelation	path(DO:"COVID-19")	{"annotations": {"PublicationStatus": {"Published": true}, "PublicationType": {"Letter to the Editor": true}, "Section": {"Full Text": true}, "Species": {"9606": true}}, "citation": {"authors": ["Diaz JH"], "date": "2020-03-18", "db": "PubMed", "db_id": "32186711", "db_name": "Journal of travel medicine", "first": "Diaz JH", "last": "Diaz JH"}, "evidence": "In this study, Guan et al reported more severe disease outcomes in patients with hypertension, coronary artery disease, diabetes, and chronic renal disease (Table 1). 6", "line": 100, "relation": "positiveCorrelation"}
path(DO:"diabetes mellitus")	positiveCorrelation	path(DO:"COVID-19")	{"annotations": {"PublicationStatus": {"Published": true}, "PublicationType": {"Letter to the Editor": true}, "Section": {"Full Text": true}, "Species": {"9606": true}}, "citation": {"authors": ["Diaz JH"], "date": "2020-03-18", "db": "PubMed", "db_id": "32186711", "db_name": "Journal of travel medicine", "first": "Diaz JH", "last": "Diaz JH"}, "evidence": "In this study, Guan et al reported more severe disease outcomes in patients with hypertension, coronary artery disease, diabetes, and chronic renal disease (Table 1). 6", "line": 101, "relation": "positiveCorrelation"}
path(DO:"upper respiratory tract disease")	increases	a(MESH:"Antibodies, Viral")	{"annotations": {"PublicationStatus": {"Published": true}, "PublicationType": {"Letter to the Editor": true}, "Section": {"Full Text": true}, "Species": {"9606": true}}, "citation": {"authors": ["Diaz JH"], "date": "2020-03-18", "db": "PubMed", "db_id": "32186711", "db_name": "Journal of travel medicine", "first": "Diaz JH", "last": "Diaz JH"}, "evidence": "Two mechanisms may protect children from COVID-19 infections: (1) cross-protective antibodies from multiple upper respiratory tract infections caused by the common cold-causing alpha coronaviruses, and (2) fewer ACE2 receptors in their lower respiratory tracts to attract the binding S proteins of the beta coronaviruses.", "line": 107, "relation": "increases"}
path(DO:hypertension)	positiveCorrelation	path(DO:"COVID-19")	{"annotations": {"PublicationStatus": {"Published": true}, "PublicationType": {"Letter to the Editor": true}, "Section": {"Full Text": true}, "Species": {"9606": true}}, "citation": {"authors": ["Diaz JH"], "date": "2020-03-18", "db": "PubMed", "db_id": "32186711", "db_name": "Journal of travel medicine", "first": "Diaz JH", "last": "Diaz JH"}, "evidence": "In this study, Guan et al reported more severe disease outcomes in patients with hypertension, coronary artery disease, diabetes, and chronic renal disease (Table 1). 6", "line": 99, "relation": "positiveCorrelation"}
