a(CHEBI:eplerenone)	decreases	p(HGNC:NR3C2)	{"annotations": {"PublicationStatus": {"Published": true}, "PublicationType": {"Research": true}, "Section": {"Results": true}, "Species": {"9606": true}}, "citation": {"authors": ["Cheng F", "Hou Y", "Huang Y", "Martin W", "Shen J", "Zhou Y"], "date": "2020-01-01", "db": "PubMed", "db_id": "32194980", "db_name": "Cell discovery", "first": "Zhou Y", "last": "Cheng F", "pages": "14", "volume": "6"}, "evidence": "Eplerenone (Z\u2009=\u2009\u20131.59), an aldosterone receptor antagonist, is reported to have a similar anti-inflammatory effect as melatonin. ", "line": 142, "relation": "decreases"}
a(CHEBI:eplerenone)	decreases	path(MESH:Inflammation)	{"annotations": {"PublicationStatus": {"Published": true}, "PublicationType": {"Research": true}, "Section": {"Results": true}, "Species": {"9606": true}}, "citation": {"authors": ["Cheng F", "Hou Y", "Huang Y", "Martin W", "Shen J", "Zhou Y"], "date": "2020-01-01", "db": "PubMed", "db_id": "32194980", "db_name": "Cell discovery", "first": "Zhou Y", "last": "Cheng F", "pages": "14", "volume": "6"}, "evidence": "Eplerenone (Z\u2009=\u2009\u20131.59), an aldosterone receptor antagonist, is reported to have a similar anti-inflammatory effect as melatonin. ", "line": 143, "relation": "decreases"}
a(CHEBI:equilin)	increases	p(HGNC:ESR1)	{"annotations": {"PublicationStatus": {"Published": true}, "PublicationType": {"Research": true}, "Section": {"Results": true}, "Species": {"9606": true}}, "citation": {"authors": ["Cheng F", "Hou Y", "Huang Y", "Martin W", "Shen J", "Zhou Y"], "date": "2020-01-01", "db": "PubMed", "db_id": "32194980", "db_name": "Cell discovery", "first": "Zhou Y", "last": "Cheng F", "pages": "14", "volume": "6"}, "evidence": "Mesalazine (an approved drug for inflammatory bowel disease), sirolimus (an approved immunosuppressive drug), and equilin (an approved agonist of the estrogen receptor for menopausal symptoms) achieved the highest GSEA scores of 3, followed by paroxetine and melatonin with GSEA scores of 2.", "line": 104, "relation": "increases"}
a(CHEBI:irbesartan)	decreases	bp(GO:"viral entry into host cell")	{"annotations": {"PublicationStatus": {"Published": true}, "PublicationType": {"Research": true}, "Section": {"Results": true}, "Species": {"9606": true}}, "citation": {"authors": ["Cheng F", "Hou Y", "Huang Y", "Martin W", "Shen J", "Zhou Y"], "date": "2020-01-01", "db": "PubMed", "db_id": "32194980", "db_name": "Cell discovery", "first": "Zhou Y", "last": "Cheng F", "pages": "14", "volume": "6"}, "evidence": "Irbesartan can inhibit NTCP, thus inhibiting viral entry45,46. SLC10A1 interacts with C11orf74, a potential transcriptional repressor that interacts with nsp-10 of SARS-CoV47. There are several other ARBs (such as eletriptan, frovatriptan, and zolmitriptan) in which their targets are potentially associated with HCoV-associated host proteins in the human interactome.", "line": 118, "relation": "decreases"}
a(CHEBI:melatonin)	partOf	composite(a(CHEBI:melatonin), a(CHEBI:mercaptopurine))	{"relation": "partOf"}
a(CHEBI:melatonin)	regulates	p(HGNC:JUN)	{"annotations": {"PublicationStatus": {"Published": true}, "PublicationType": {"Research": true}, "Section": {"Results": true}, "Species": {"9606": true}}, "citation": {"authors": ["Cheng F", "Hou Y", "Huang Y", "Martin W", "Shen J", "Zhou Y"], "date": "2020-01-01", "db": "PubMed", "db_id": "32194980", "db_name": "Cell discovery", "first": "Zhou Y", "last": "Cheng F", "pages": "14", "volume": "6"}, "evidence": "As shown in Fig. 5e, melatonin indirectly targets several HCoV cellular targets, including ACE2, BCL2L1, JUN, and IKBKB.", "line": 135, "relation": "regulates"}
a(CHEBI:melatonin)	regulates	p(HGNC:ACE2)	{"annotations": {"PublicationStatus": {"Published": true}, "PublicationType": {"Research": true}, "Section": {"Results": true}, "Species": {"9606": true}}, "citation": {"authors": ["Cheng F", "Hou Y", "Huang Y", "Martin W", "Shen J", "Zhou Y"], "date": "2020-01-01", "db": "PubMed", "db_id": "32194980", "db_name": "Cell discovery", "first": "Zhou Y", "last": "Cheng F", "pages": "14", "volume": "6"}, "evidence": "As shown in Fig. 5e, melatonin indirectly targets several HCoV cellular targets, including ACE2, BCL2L1, JUN, and IKBKB.", "line": 136, "relation": "regulates"}
a(CHEBI:melatonin)	regulates	p(HGNC:BCL2L1)	{"annotations": {"PublicationStatus": {"Published": true}, "PublicationType": {"Research": true}, "Section": {"Results": true}, "Species": {"9606": true}}, "citation": {"authors": ["Cheng F", "Hou Y", "Huang Y", "Martin W", "Shen J", "Zhou Y"], "date": "2020-01-01", "db": "PubMed", "db_id": "32194980", "db_name": "Cell discovery", "first": "Zhou Y", "last": "Cheng F", "pages": "14", "volume": "6"}, "evidence": "As shown in Fig. 5e, melatonin indirectly targets several HCoV cellular targets, including ACE2, BCL2L1, JUN, and IKBKB.", "line": 137, "relation": "regulates"}
a(CHEBI:melatonin)	regulates	p(HGNC:IKBKB)	{"annotations": {"PublicationStatus": {"Published": true}, "PublicationType": {"Research": true}, "Section": {"Results": true}, "Species": {"9606": true}}, "citation": {"authors": ["Cheng F", "Hou Y", "Huang Y", "Martin W", "Shen J", "Zhou Y"], "date": "2020-01-01", "db": "PubMed", "db_id": "32194980", "db_name": "Cell discovery", "first": "Zhou Y", "last": "Cheng F", "pages": "14", "volume": "6"}, "evidence": "As shown in Fig. 5e, melatonin indirectly targets several HCoV cellular targets, including ACE2, BCL2L1, JUN, and IKBKB.", "line": 138, "relation": "regulates"}
a(CHEBI:melatonin)	decreases	path(MESH:Inflammation)	{"annotations": {"PublicationStatus": {"Published": true}, "PublicationType": {"Research": true}, "Section": {"Results": true}, "Species": {"9606": true}}, "citation": {"authors": ["Cheng F", "Hou Y", "Huang Y", "Martin W", "Shen J", "Zhou Y"], "date": "2020-01-01", "db": "PubMed", "db_id": "32194980", "db_name": "Cell discovery", "first": "Zhou Y", "last": "Cheng F", "pages": "14", "volume": "6"}, "evidence": "Eplerenone (Z\u2009=\u2009\u20131.59), an aldosterone receptor antagonist, is reported to have a similar anti-inflammatory effect as melatonin. ", "line": 144, "relation": "decreases"}
a(CHEBI:mercaptopurine)	partOf	composite(a(CHEBI:melatonin), a(CHEBI:mercaptopurine))	{"relation": "partOf"}
a(CHEBI:mercaptopurine)	decreases	a(TAX:"Severe acute respiratory syndrome-related coronavirus")	{"annotations": {"PublicationStatus": {"Published": true}, "PublicationType": {"Research": true}, "Section": {"Results": true}, "Species": {"9606": true}}, "citation": {"authors": ["Cheng F", "Hou Y", "Huang Y", "Martin W", "Shen J", "Zhou Y"], "date": "2020-01-01", "db": "PubMed", "db_id": "32194980", "db_name": "Cell discovery", "first": "Zhou Y", "last": "Cheng F", "pages": "14", "volume": "6"}, "evidence": "Mercaptopurine has been reported as a selective inhibitor of both SARS-CoV and MERS-CoV by targeting papain-like protease which plays key roles in viral maturation and antagonism to interferon stimulation53,5", "line": 124, "relation": "decreases"}
a(CHEBI:mercaptopurine)	decreases	a(TAX:"Middle East respiratory syndrome-related coronavirus")	{"annotations": {"PublicationStatus": {"Published": true}, "PublicationType": {"Research": true}, "Section": {"Results": true}, "Species": {"9606": true}}, "citation": {"authors": ["Cheng F", "Hou Y", "Huang Y", "Martin W", "Shen J", "Zhou Y"], "date": "2020-01-01", "db": "PubMed", "db_id": "32194980", "db_name": "Cell discovery", "first": "Zhou Y", "last": "Cheng F", "pages": "14", "volume": "6"}, "evidence": "Mercaptopurine has been reported as a selective inhibitor of both SARS-CoV and MERS-CoV by targeting papain-like protease which plays key roles in viral maturation and antagonism to interferon stimulation53,5", "line": 125, "relation": "decreases"}
a(CHEBI:mercaptopurine)	regulates	a(CHEBI:interferon)	{"annotations": {"PublicationStatus": {"Published": true}, "PublicationType": {"Research": true}, "Section": {"Results": true}, "Species": {"9606": true}}, "citation": {"authors": ["Cheng F", "Hou Y", "Huang Y", "Martin W", "Shen J", "Zhou Y"], "date": "2020-01-01", "db": "PubMed", "db_id": "32194980", "db_name": "Cell discovery", "first": "Zhou Y", "last": "Cheng F", "pages": "14", "volume": "6"}, "evidence": "Mercaptopurine has been reported as a selective inhibitor of both SARS-CoV and MERS-CoV by targeting papain-like protease which plays key roles in viral maturation and antagonism to interferon stimulation53,5", "line": 126, "relation": "regulates"}
a(CHEBI:mercaptopurine)	regulates	p(HGNC:JUN)	{"annotations": {"PublicationStatus": {"Published": true}, "PublicationType": {"Research": true}, "Section": {"Results": true}, "Species": {"9606": true}}, "citation": {"authors": ["Cheng F", "Hou Y", "Huang Y", "Martin W", "Shen J", "Zhou Y"], "date": "2020-01-01", "db": "PubMed", "db_id": "32194980", "db_name": "Cell discovery", "first": "Zhou Y", "last": "Cheng F", "pages": "14", "volume": "6"}, "evidence": "Mechanistically, mercaptopurine potentially target several host proteins in HCoVs, such as JUN, PABPC1, NPM1, and NCL40,55 (Fig. 5d).", "line": 130, "relation": "regulates"}
a(CHEBI:mercaptopurine)	regulates	p(HGNC:PABPC1)	{"annotations": {"PublicationStatus": {"Published": true}, "PublicationType": {"Research": true}, "Section": {"Results": true}, "Species": {"9606": true}}, "citation": {"authors": ["Cheng F", "Hou Y", "Huang Y", "Martin W", "Shen J", "Zhou Y"], "date": "2020-01-01", "db": "PubMed", "db_id": "32194980", "db_name": "Cell discovery", "first": "Zhou Y", "last": "Cheng F", "pages": "14", "volume": "6"}, "evidence": "Mechanistically, mercaptopurine potentially target several host proteins in HCoVs, such as JUN, PABPC1, NPM1, and NCL40,55 (Fig. 5d).", "line": 131, "relation": "regulates"}
a(CHEBI:mercaptopurine)	regulates	p(HGNC:NPM1)	{"annotations": {"PublicationStatus": {"Published": true}, "PublicationType": {"Research": true}, "Section": {"Results": true}, "Species": {"9606": true}}, "citation": {"authors": ["Cheng F", "Hou Y", "Huang Y", "Martin W", "Shen J", "Zhou Y"], "date": "2020-01-01", "db": "PubMed", "db_id": "32194980", "db_name": "Cell discovery", "first": "Zhou Y", "last": "Cheng F", "pages": "14", "volume": "6"}, "evidence": "Mechanistically, mercaptopurine potentially target several host proteins in HCoVs, such as JUN, PABPC1, NPM1, and NCL40,55 (Fig. 5d).", "line": 132, "relation": "regulates"}
a(CHEBI:mercaptopurine)	regulates	p(HGNC:NCL)	{"annotations": {"PublicationStatus": {"Published": true}, "PublicationType": {"Research": true}, "Section": {"Results": true}, "Species": {"9606": true}}, "citation": {"authors": ["Cheng F", "Hou Y", "Huang Y", "Martin W", "Shen J", "Zhou Y"], "date": "2020-01-01", "db": "PubMed", "db_id": "32194980", "db_name": "Cell discovery", "first": "Zhou Y", "last": "Cheng F", "pages": "14", "volume": "6"}, "evidence": "Mechanistically, mercaptopurine potentially target several host proteins in HCoVs, such as JUN, PABPC1, NPM1, and NCL40,55 (Fig. 5d).", "line": 133, "relation": "regulates"}
a(CHEBI:sirolimus)	isA	a(MESH:"Immunosuppressive Agents")	{"annotations": {"PublicationStatus": {"Published": true}, "PublicationType": {"Research": true}, "Section": {"Results": true}, "Species": {"9606": true}}, "citation": {"authors": ["Cheng F", "Hou Y", "Huang Y", "Martin W", "Shen J", "Zhou Y"], "date": "2020-01-01", "db": "PubMed", "db_id": "32194980", "db_name": "Cell discovery", "first": "Zhou Y", "last": "Cheng F", "pages": "14", "volume": "6"}, "evidence": "Mesalazine (an approved drug for inflammatory bowel disease), sirolimus (an approved immunosuppressive drug), and equilin (an approved agonist of the estrogen receptor for menopausal symptoms) achieved the highest GSEA scores of 3, followed by paroxetine and melatonin with GSEA scores of 2.", "line": 103, "relation": "isA"}
a(CHEBI:sirolimus)	decreases	bp(GO:"TOR signaling")	{"annotations": {"PublicationStatus": {"Published": true}, "PublicationType": {"Research": true}, "Section": {"Results": true}, "Species": {"9606": true}}, "citation": {"authors": ["Cheng F", "Hou Y", "Huang Y", "Martin W", "Shen J", "Zhou Y"], "date": "2020-01-01", "db": "PubMed", "db_id": "32194980", "db_name": "Cell discovery", "first": "Zhou Y", "last": "Cheng F", "pages": "14", "volume": "6"}, "evidence": "Specifically, sirolimus and dactinomycin may inhibit both mTOR signaling and RNA synthesis pathway (including DNA topoisomerase 2-alpha (TOP2A) and DNA topoisomerase 2-beta (TOP2B)) in HCoV-infected cells (Fig. 6b).", "line": 152, "relation": "decreases"}
a(CHEBI:sirolimus)	decreases	bp(GO:"viral transcription")	{"annotations": {"PublicationStatus": {"Published": true}, "PublicationType": {"Research": true}, "Section": {"Results": true}, "Species": {"9606": true}}, "citation": {"authors": ["Cheng F", "Hou Y", "Huang Y", "Martin W", "Shen J", "Zhou Y"], "date": "2020-01-01", "db": "PubMed", "db_id": "32194980", "db_name": "Cell discovery", "first": "Zhou Y", "last": "Cheng F", "pages": "14", "volume": "6"}, "evidence": "Specifically, sirolimus and dactinomycin may inhibit both mTOR signaling and RNA synthesis pathway (including DNA topoisomerase 2-alpha (TOP2A) and DNA topoisomerase 2-beta (TOP2B)) in HCoV-infected cells (Fig. 6b).", "line": 155, "relation": "decreases"}
a(CHEBI:sirolimus)	decreases	p(HGNC:TOP2A)	{"annotations": {"PublicationStatus": {"Published": true}, "PublicationType": {"Research": true}, "Section": {"Results": true}, "Species": {"9606": true}}, "citation": {"authors": ["Cheng F", "Hou Y", "Huang Y", "Martin W", "Shen J", "Zhou Y"], "date": "2020-01-01", "db": "PubMed", "db_id": "32194980", "db_name": "Cell discovery", "first": "Zhou Y", "last": "Cheng F", "pages": "14", "volume": "6"}, "evidence": "Specifically, sirolimus and dactinomycin may inhibit both mTOR signaling and RNA synthesis pathway (including DNA topoisomerase 2-alpha (TOP2A) and DNA topoisomerase 2-beta (TOP2B)) in HCoV-infected cells (Fig. 6b).", "line": 156, "relation": "decreases"}
a(CHEBI:sirolimus)	decreases	p(HGNC:TOP2B)	{"annotations": {"PublicationStatus": {"Published": true}, "PublicationType": {"Research": true}, "Section": {"Results": true}, "Species": {"9606": true}}, "citation": {"authors": ["Cheng F", "Hou Y", "Huang Y", "Martin W", "Shen J", "Zhou Y"], "date": "2020-01-01", "db": "PubMed", "db_id": "32194980", "db_name": "Cell discovery", "first": "Zhou Y", "last": "Cheng F", "pages": "14", "volume": "6"}, "evidence": "Specifically, sirolimus and dactinomycin may inhibit both mTOR signaling and RNA synthesis pathway (including DNA topoisomerase 2-alpha (TOP2A) and DNA topoisomerase 2-beta (TOP2B)) in HCoV-infected cells (Fig. 6b).", "line": 158, "relation": "decreases"}
a(CHEBI:toremifene)	regulates	p(HGNC:RPL19)	{"annotations": {"PublicationStatus": {"Published": true}, "PublicationType": {"Research": true}, "Section": {"Results": true}, "Species": {"9606": true}}, "citation": {"authors": ["Cheng F", "Hou Y", "Huang Y", "Martin W", "Shen J", "Zhou Y"], "date": "2020-01-01", "db": "PubMed", "db_id": "32194980", "db_name": "Cell discovery", "first": "Zhou Y", "last": "Cheng F", "pages": "14", "volume": "6"}, "evidence": "As shown in Fig. 5b, toremifene potentially affects several key host proteins associated with HCoV, such as RPL19, HNRNPA1, NPM1, EIF3I, EIF3F, and EIF3E40,41", "line": 109, "relation": "regulates"}
a(CHEBI:toremifene)	regulates	p(HGNC:HNRNPA1)	{"annotations": {"PublicationStatus": {"Published": true}, "PublicationType": {"Research": true}, "Section": {"Results": true}, "Species": {"9606": true}}, "citation": {"authors": ["Cheng F", "Hou Y", "Huang Y", "Martin W", "Shen J", "Zhou Y"], "date": "2020-01-01", "db": "PubMed", "db_id": "32194980", "db_name": "Cell discovery", "first": "Zhou Y", "last": "Cheng F", "pages": "14", "volume": "6"}, "evidence": "As shown in Fig. 5b, toremifene potentially affects several key host proteins associated with HCoV, such as RPL19, HNRNPA1, NPM1, EIF3I, EIF3F, and EIF3E40,41", "line": 110, "relation": "regulates"}
a(CHEBI:toremifene)	regulates	p(HGNC:NPM1)	{"annotations": {"PublicationStatus": {"Published": true}, "PublicationType": {"Research": true}, "Section": {"Results": true}, "Species": {"9606": true}}, "citation": {"authors": ["Cheng F", "Hou Y", "Huang Y", "Martin W", "Shen J", "Zhou Y"], "date": "2020-01-01", "db": "PubMed", "db_id": "32194980", "db_name": "Cell discovery", "first": "Zhou Y", "last": "Cheng F", "pages": "14", "volume": "6"}, "evidence": "As shown in Fig. 5b, toremifene potentially affects several key host proteins associated with HCoV, such as RPL19, HNRNPA1, NPM1, EIF3I, EIF3F, and EIF3E40,41", "line": 111, "relation": "regulates"}
a(CHEBI:toremifene)	regulates	p(HGNC:EIF3I)	{"annotations": {"PublicationStatus": {"Published": true}, "PublicationType": {"Research": true}, "Section": {"Results": true}, "Species": {"9606": true}}, "citation": {"authors": ["Cheng F", "Hou Y", "Huang Y", "Martin W", "Shen J", "Zhou Y"], "date": "2020-01-01", "db": "PubMed", "db_id": "32194980", "db_name": "Cell discovery", "first": "Zhou Y", "last": "Cheng F", "pages": "14", "volume": "6"}, "evidence": "As shown in Fig. 5b, toremifene potentially affects several key host proteins associated with HCoV, such as RPL19, HNRNPA1, NPM1, EIF3I, EIF3F, and EIF3E40,41", "line": 112, "relation": "regulates"}
a(CHEBI:toremifene)	regulates	p(HGNC:EIF3F)	{"annotations": {"PublicationStatus": {"Published": true}, "PublicationType": {"Research": true}, "Section": {"Results": true}, "Species": {"9606": true}}, "citation": {"authors": ["Cheng F", "Hou Y", "Huang Y", "Martin W", "Shen J", "Zhou Y"], "date": "2020-01-01", "db": "PubMed", "db_id": "32194980", "db_name": "Cell discovery", "first": "Zhou Y", "last": "Cheng F", "pages": "14", "volume": "6"}, "evidence": "As shown in Fig. 5b, toremifene potentially affects several key host proteins associated with HCoV, such as RPL19, HNRNPA1, NPM1, EIF3I, EIF3F, and EIF3E40,41", "line": 113, "relation": "regulates"}
a(CHEBI:toremifene)	regulates	p(HGNC:EIF3E)	{"annotations": {"PublicationStatus": {"Published": true}, "PublicationType": {"Research": true}, "Section": {"Results": true}, "Species": {"9606": true}}, "citation": {"authors": ["Cheng F", "Hou Y", "Huang Y", "Martin W", "Shen J", "Zhou Y"], "date": "2020-01-01", "db": "PubMed", "db_id": "32194980", "db_name": "Cell discovery", "first": "Zhou Y", "last": "Cheng F", "pages": "14", "volume": "6"}, "evidence": "As shown in Fig. 5b, toremifene potentially affects several key host proteins associated with HCoV, such as RPL19, HNRNPA1, NPM1, EIF3I, EIF3F, and EIF3E40,41", "line": 114, "relation": "regulates"}
a(DRUGBANK:DB07715)	decreases	complex(p(COVID:S), p(HGNC:ACE2))	{"annotations": {"PublicationStatus": {"Published": true}, "PublicationType": {"Research": true}, "Section": {"Results": true}, "Species": {"9606": true}}, "citation": {"authors": ["Cheng F", "Hou Y", "Huang Y", "Martin W", "Shen J", "Zhou Y"], "date": "2020-01-01", "db": "PubMed", "db_id": "32194980", "db_name": "Cell discovery", "first": "Zhou Y", "last": "Cheng F", "pages": "14", "volume": "6"}, "evidence": "Specifically, emdoin inhibited SARS-CoV-associated 3a protein70, and blocked an interaction between the SARS-CoV spike protein and ACE2 (ref. 71).", "line": 162, "relation": "decreases"}
a(DRUGBANK:DB07715)	decreases	p(UNIPROT:P59632)	{"annotations": {"PublicationStatus": {"Published": true}, "PublicationType": {"Research": true}, "Section": {"Results": true}, "Species": {"9606": true}}, "citation": {"authors": ["Cheng F", "Hou Y", "Huang Y", "Martin W", "Shen J", "Zhou Y"], "date": "2020-01-01", "db": "PubMed", "db_id": "32194980", "db_name": "Cell discovery", "first": "Zhou Y", "last": "Cheng F", "pages": "14", "volume": "6"}, "evidence": "Specifically, emdoin inhibited SARS-CoV-associated 3a protein70, and blocked an interaction between the SARS-CoV spike protein and ACE2 (ref. 71).", "line": 163, "relation": "decreases"}
a(DRUGBANK:DB07715)	decreases	a(TAX:"Severe acute respiratory syndrome-related coronavirus")	{"annotations": {"PublicationStatus": {"Published": true}, "PublicationType": {"Research": true}, "Section": {"Results": true}, "Species": {"9606": true}}, "citation": {"authors": ["Cheng F", "Hou Y", "Huang Y", "Martin W", "Shen J", "Zhou Y"], "date": "2020-01-01", "db": "PubMed", "db_id": "32194980", "db_name": "Cell discovery", "first": "Zhou Y", "last": "Cheng F", "pages": "14", "volume": "6"}, "evidence": "Specifically, emdoin inhibited SARS-CoV-associated 3a protein70, and blocked an interaction between the SARS-CoV spike protein and ACE2 (ref. 71).", "line": 165, "relation": "decreases"}
a(MESH:Dactinomycin)	decreases	bp(GO:"TOR signaling")	{"annotations": {"PublicationStatus": {"Published": true}, "PublicationType": {"Research": true}, "Section": {"Results": true}, "Species": {"9606": true}}, "citation": {"authors": ["Cheng F", "Hou Y", "Huang Y", "Martin W", "Shen J", "Zhou Y"], "date": "2020-01-01", "db": "PubMed", "db_id": "32194980", "db_name": "Cell discovery", "first": "Zhou Y", "last": "Cheng F", "pages": "14", "volume": "6"}, "evidence": "Specifically, sirolimus and dactinomycin may inhibit both mTOR signaling and RNA synthesis pathway (including DNA topoisomerase 2-alpha (TOP2A) and DNA topoisomerase 2-beta (TOP2B)) in HCoV-infected cells (Fig. 6b).", "line": 153, "relation": "decreases"}
a(MESH:Dactinomycin)	decreases	bp(GO:"viral transcription")	{"annotations": {"PublicationStatus": {"Published": true}, "PublicationType": {"Research": true}, "Section": {"Results": true}, "Species": {"9606": true}}, "citation": {"authors": ["Cheng F", "Hou Y", "Huang Y", "Martin W", "Shen J", "Zhou Y"], "date": "2020-01-01", "db": "PubMed", "db_id": "32194980", "db_name": "Cell discovery", "first": "Zhou Y", "last": "Cheng F", "pages": "14", "volume": "6"}, "evidence": "Specifically, sirolimus and dactinomycin may inhibit both mTOR signaling and RNA synthesis pathway (including DNA topoisomerase 2-alpha (TOP2A) and DNA topoisomerase 2-beta (TOP2B)) in HCoV-infected cells (Fig. 6b).", "line": 154, "relation": "decreases"}
a(MESH:Dactinomycin)	decreases	p(HGNC:TOP2A)	{"annotations": {"PublicationStatus": {"Published": true}, "PublicationType": {"Research": true}, "Section": {"Results": true}, "Species": {"9606": true}}, "citation": {"authors": ["Cheng F", "Hou Y", "Huang Y", "Martin W", "Shen J", "Zhou Y"], "date": "2020-01-01", "db": "PubMed", "db_id": "32194980", "db_name": "Cell discovery", "first": "Zhou Y", "last": "Cheng F", "pages": "14", "volume": "6"}, "evidence": "Specifically, sirolimus and dactinomycin may inhibit both mTOR signaling and RNA synthesis pathway (including DNA topoisomerase 2-alpha (TOP2A) and DNA topoisomerase 2-beta (TOP2B)) in HCoV-infected cells (Fig. 6b).", "line": 157, "relation": "decreases"}
a(MESH:Dactinomycin)	decreases	p(HGNC:TOP2B)	{"annotations": {"PublicationStatus": {"Published": true}, "PublicationType": {"Research": true}, "Section": {"Results": true}, "Species": {"9606": true}}, "citation": {"authors": ["Cheng F", "Hou Y", "Huang Y", "Martin W", "Shen J", "Zhou Y"], "date": "2020-01-01", "db": "PubMed", "db_id": "32194980", "db_name": "Cell discovery", "first": "Zhou Y", "last": "Cheng F", "pages": "14", "volume": "6"}, "evidence": "Specifically, sirolimus and dactinomycin may inhibit both mTOR signaling and RNA synthesis pathway (including DNA topoisomerase 2-alpha (TOP2A) and DNA topoisomerase 2-beta (TOP2B)) in HCoV-infected cells (Fig. 6b).", "line": 159, "relation": "decreases"}
a(PUBCHEM:4075)	decreases	path(DO:"inflammatory bowel disease")	{"annotations": {"PublicationStatus": {"Published": true}, "PublicationType": {"Research": true}, "Section": {"Results": true}, "Species": {"9606": true}}, "citation": {"authors": ["Cheng F", "Hou Y", "Huang Y", "Martin W", "Shen J", "Zhou Y"], "date": "2020-01-01", "db": "PubMed", "db_id": "32194980", "db_name": "Cell discovery", "first": "Zhou Y", "last": "Cheng F", "pages": "14", "volume": "6"}, "evidence": "Mesalazine (an approved drug for inflammatory bowel disease), sirolimus (an approved immunosuppressive drug), and equilin (an approved agonist of the estrogen receptor for menopausal symptoms) achieved the highest GSEA scores of 3, followed by paroxetine and melatonin with GSEA scores of 2.", "line": 101, "relation": "decreases"}
a(TAX:"Middle East respiratory syndrome-related coronavirus")	regulates	bp(GO:"TOR signaling")	{"annotations": {"PublicationStatus": {"Published": true}, "PublicationType": {"Research": true}, "Section": {"Results": true}, "Species": {"9606": true}}, "citation": {"authors": ["Cheng F", "Hou Y", "Huang Y", "Martin W", "Shen J", "Zhou Y"], "date": "2020-01-01", "db": "PubMed", "db_id": "32194980", "db_name": "Cell discovery", "first": "Zhou Y", "last": "Cheng F", "pages": "14", "volume": "6"}, "evidence": "The mTOR signaling plays an essential role for MERS-CoV infection66.", "line": 148, "relation": "regulates"}
a(TAX:"Severe acute respiratory syndrome-related coronavirus")	association	p(UNIPROT:P0C6X7)	{"annotations": {"PublicationStatus": {"Published": true}, "PublicationType": {"Research": true}, "Section": {"Results": true}, "Species": {"9606": true}}, "citation": {"authors": ["Cheng F", "Hou Y", "Huang Y", "Martin W", "Shen J", "Zhou Y"], "date": "2020-01-01", "db": "PubMed", "db_id": "32194980", "db_name": "Cell discovery", "first": "Zhou Y", "last": "Cheng F", "pages": "14", "volume": "6"}, "evidence": "Irbesartan can inhibit NTCP, thus inhibiting viral entry45,46. SLC10A1 interacts with C11orf74, a potential transcriptional repressor that interacts with nsp-10 of SARS-CoV47. There are several other ARBs (such as eletriptan, frovatriptan, and zolmitriptan) in which their targets are potentially associated with HCoV-associated host proteins in the human interactome.", "line": 120, "relation": "association"}
a(TAX:"Severe acute respiratory syndrome-related coronavirus")	association	p(UNIPROT:P59632)	{"annotations": {"PublicationStatus": {"Published": true}, "PublicationType": {"Research": true}, "Section": {"Results": true}, "Species": {"9606": true}}, "citation": {"authors": ["Cheng F", "Hou Y", "Huang Y", "Martin W", "Shen J", "Zhou Y"], "date": "2020-01-01", "db": "PubMed", "db_id": "32194980", "db_name": "Cell discovery", "first": "Zhou Y", "last": "Cheng F", "pages": "14", "volume": "6"}, "evidence": "Specifically, emdoin inhibited SARS-CoV-associated 3a protein70, and blocked an interaction between the SARS-CoV spike protein and ACE2 (ref. 71).", "line": 164, "relation": "association"}
bp(GO:"NIK/NF-kappaB signaling")	association	path(DO:"COVID-19")	{"annotations": {"PublicationStatus": {"Published": true}, "PublicationType": {"Research": true}, "Section": {"Results": true}, "Species": {"9606": true}}, "citation": {"authors": ["Cheng F", "Hou Y", "Huang Y", "Martin W", "Shen J", "Zhou Y"], "date": "2020-01-01", "db": "PubMed", "db_id": "32194980", "db_name": "Cell discovery", "first": "Zhou Y", "last": "Cheng F", "pages": "14", "volume": "6"}, "evidence": "KEGG pathway enrichment analysis revealed multiple significant biological pathways (adjusted P value <\u20090.05), including measles, RNA transport, NF-kappa B signaling, Epstein-Barr virus infection, and influenza (Fig. 3b). Gene ontology (GO) biological process enrichment analysis further confirmed multiple viral infection-related processes (adjusted P value <\u20090.001), including viral life cycle, modulation by virus of host morphology or physiology, viral process, positive regulation of viral life cycle, transport of virus, and virion attachment to host cell (Fig. 3c).", "line": 90, "relation": "association"}
bp(GO:"RNA transport")	association	path(DO:"COVID-19")	{"annotations": {"PublicationStatus": {"Published": true}, "PublicationType": {"Research": true}, "Section": {"Results": true}, "Species": {"9606": true}}, "citation": {"authors": ["Cheng F", "Hou Y", "Huang Y", "Martin W", "Shen J", "Zhou Y"], "date": "2020-01-01", "db": "PubMed", "db_id": "32194980", "db_name": "Cell discovery", "first": "Zhou Y", "last": "Cheng F", "pages": "14", "volume": "6"}, "evidence": "KEGG pathway enrichment analysis revealed multiple significant biological pathways (adjusted P value <\u20090.05), including measles, RNA transport, NF-kappa B signaling, Epstein-Barr virus infection, and influenza (Fig. 3b). Gene ontology (GO) biological process enrichment analysis further confirmed multiple viral infection-related processes (adjusted P value <\u20090.001), including viral life cycle, modulation by virus of host morphology or physiology, viral process, positive regulation of viral life cycle, transport of virus, and virion attachment to host cell (Fig. 3c).", "line": 89, "relation": "association"}
bp(GO:"modulation by virus of host morphology or physiology")	association	path(DO:"COVID-19")	{"annotations": {"PublicationStatus": {"Published": true}, "PublicationType": {"Research": true}, "Section": {"Results": true}, "Species": {"9606": true}}, "citation": {"authors": ["Cheng F", "Hou Y", "Huang Y", "Martin W", "Shen J", "Zhou Y"], "date": "2020-01-01", "db": "PubMed", "db_id": "32194980", "db_name": "Cell discovery", "first": "Zhou Y", "last": "Cheng F", "pages": "14", "volume": "6"}, "evidence": "KEGG pathway enrichment analysis revealed multiple significant biological pathways (adjusted P value <\u20090.05), including measles, RNA transport, NF-kappa B signaling, Epstein-Barr virus infection, and influenza (Fig. 3b). Gene ontology (GO) biological process enrichment analysis further confirmed multiple viral infection-related processes (adjusted P value <\u20090.001), including viral life cycle, modulation by virus of host morphology or physiology, viral process, positive regulation of viral life cycle, transport of virus, and virion attachment to host cell (Fig. 3c).", "line": 95, "relation": "association"}
bp(GO:"transport of virus")	association	path(DO:"COVID-19")	{"annotations": {"PublicationStatus": {"Published": true}, "PublicationType": {"Research": true}, "Section": {"Results": true}, "Species": {"9606": true}}, "citation": {"authors": ["Cheng F", "Hou Y", "Huang Y", "Martin W", "Shen J", "Zhou Y"], "date": "2020-01-01", "db": "PubMed", "db_id": "32194980", "db_name": "Cell discovery", "first": "Zhou Y", "last": "Cheng F", "pages": "14", "volume": "6"}, "evidence": "KEGG pathway enrichment analysis revealed multiple significant biological pathways (adjusted P value <\u20090.05), including measles, RNA transport, NF-kappa B signaling, Epstein-Barr virus infection, and influenza (Fig. 3b). Gene ontology (GO) biological process enrichment analysis further confirmed multiple viral infection-related processes (adjusted P value <\u20090.001), including viral life cycle, modulation by virus of host morphology or physiology, viral process, positive regulation of viral life cycle, transport of virus, and virion attachment to host cell (Fig. 3c).", "line": 94, "relation": "association"}
bp(GO:"viral life cycle")	association	path(DO:"COVID-19")	{"annotations": {"PublicationStatus": {"Published": true}, "PublicationType": {"Research": true}, "Section": {"Results": true}, "Species": {"9606": true}}, "citation": {"authors": ["Cheng F", "Hou Y", "Huang Y", "Martin W", "Shen J", "Zhou Y"], "date": "2020-01-01", "db": "PubMed", "db_id": "32194980", "db_name": "Cell discovery", "first": "Zhou Y", "last": "Cheng F", "pages": "14", "volume": "6"}, "evidence": "KEGG pathway enrichment analysis revealed multiple significant biological pathways (adjusted P value <\u20090.05), including measles, RNA transport, NF-kappa B signaling, Epstein-Barr virus infection, and influenza (Fig. 3b). Gene ontology (GO) biological process enrichment analysis further confirmed multiple viral infection-related processes (adjusted P value <\u20090.001), including viral life cycle, modulation by virus of host morphology or physiology, viral process, positive regulation of viral life cycle, transport of virus, and virion attachment to host cell (Fig. 3c).", "line": 93, "relation": "association"}
bp(GO:"viral process")	association	path(DO:"COVID-19")	{"annotations": {"PublicationStatus": {"Published": true}, "PublicationType": {"Research": true}, "Section": {"Results": true}, "Species": {"9606": true}}, "citation": {"authors": ["Cheng F", "Hou Y", "Huang Y", "Martin W", "Shen J", "Zhou Y"], "date": "2020-01-01", "db": "PubMed", "db_id": "32194980", "db_name": "Cell discovery", "first": "Zhou Y", "last": "Cheng F", "pages": "14", "volume": "6"}, "evidence": "KEGG pathway enrichment analysis revealed multiple significant biological pathways (adjusted P value <\u20090.05), including measles, RNA transport, NF-kappa B signaling, Epstein-Barr virus infection, and influenza (Fig. 3b). Gene ontology (GO) biological process enrichment analysis further confirmed multiple viral infection-related processes (adjusted P value <\u20090.001), including viral life cycle, modulation by virus of host morphology or physiology, viral process, positive regulation of viral life cycle, transport of virus, and virion attachment to host cell (Fig. 3c).", "line": 96, "relation": "association"}
bp(GO:"virion attachment to host cell")	association	path(DO:"COVID-19")	{"annotations": {"PublicationStatus": {"Published": true}, "PublicationType": {"Research": true}, "Section": {"Results": true}, "Species": {"9606": true}}, "citation": {"authors": ["Cheng F", "Hou Y", "Huang Y", "Martin W", "Shen J", "Zhou Y"], "date": "2020-01-01", "db": "PubMed", "db_id": "32194980", "db_name": "Cell discovery", "first": "Zhou Y", "last": "Cheng F", "pages": "14", "volume": "6"}, "evidence": "KEGG pathway enrichment analysis revealed multiple significant biological pathways (adjusted P value <\u20090.05), including measles, RNA transport, NF-kappa B signaling, Epstein-Barr virus infection, and influenza (Fig. 3b). Gene ontology (GO) biological process enrichment analysis further confirmed multiple viral infection-related processes (adjusted P value <\u20090.001), including viral life cycle, modulation by virus of host morphology or physiology, viral process, positive regulation of viral life cycle, transport of virus, and virion attachment to host cell (Fig. 3c).", "line": 97, "relation": "association"}
bp(GO:menopause)	association	p(HGNC:ESR1)	{"annotations": {"PublicationStatus": {"Published": true}, "PublicationType": {"Research": true}, "Section": {"Results": true}, "Species": {"9606": true}}, "citation": {"authors": ["Cheng F", "Hou Y", "Huang Y", "Martin W", "Shen J", "Zhou Y"], "date": "2020-01-01", "db": "PubMed", "db_id": "32194980", "db_name": "Cell discovery", "first": "Zhou Y", "last": "Cheng F", "pages": "14", "volume": "6"}, "evidence": "Mesalazine (an approved drug for inflammatory bowel disease), sirolimus (an approved immunosuppressive drug), and equilin (an approved agonist of the estrogen receptor for menopausal symptoms) achieved the highest GSEA scores of 3, followed by paroxetine and melatonin with GSEA scores of 2.", "line": 105, "relation": "association"}
p(COVID:S)	partOf	complex(p(COVID:S), p(HGNC:ACE2))	{"relation": "partOf"}
p(HGNC:ACE2)	partOf	complex(p(COVID:S), p(HGNC:ACE2))	{"relation": "partOf"}
complex(p(HGNC:C11orf74), p(HGNC:SLC10A1))	regulates	p(UNIPROT:P0C6X7)	{"annotations": {"PublicationStatus": {"Published": true}, "PublicationType": {"Research": true}, "Section": {"Results": true}, "Species": {"9606": true}}, "citation": {"authors": ["Cheng F", "Hou Y", "Huang Y", "Martin W", "Shen J", "Zhou Y"], "date": "2020-01-01", "db": "PubMed", "db_id": "32194980", "db_name": "Cell discovery", "first": "Zhou Y", "last": "Cheng F", "pages": "14", "volume": "6"}, "evidence": "Irbesartan can inhibit NTCP, thus inhibiting viral entry45,46. SLC10A1 interacts with C11orf74, a potential transcriptional repressor that interacts with nsp-10 of SARS-CoV47. There are several other ARBs (such as eletriptan, frovatriptan, and zolmitriptan) in which their targets are potentially associated with HCoV-associated host proteins in the human interactome.", "line": 119, "relation": "regulates"}
p(HGNC:C11orf74)	partOf	complex(p(HGNC:C11orf74), p(HGNC:SLC10A1))	{"relation": "partOf"}
p(HGNC:SLC10A1)	partOf	complex(p(HGNC:C11orf74), p(HGNC:SLC10A1))	{"relation": "partOf"}
composite(a(CHEBI:melatonin), a(CHEBI:mercaptopurine))	decreases	a(TAX:"Severe acute respiratory syndrome coronavirus 2")	{"annotations": {"PublicationStatus": {"Published": true}, "PublicationType": {"Research": true}, "Section": {"Results": true}, "Species": {"9606": true}}, "citation": {"authors": ["Cheng F", "Hou Y", "Huang Y", "Martin W", "Shen J", "Zhou Y"], "date": "2020-01-01", "db": "PubMed", "db_id": "32194980", "db_name": "Cell discovery", "first": "Zhou Y", "last": "Cheng F", "pages": "14", "volume": "6"}, "evidence": "In summary, combination of mercaptopurine and melatonin may offer a potential combination therapy for 2019-nCoV/SARS-CoV-2 by synergistically targeting papain-like protease, ACE2, c-Jun signaling, and anti-inflammatory pathways (Fig. 6d).", "line": 169, "relation": "decreases"}
composite(a(CHEBI:melatonin), a(CHEBI:mercaptopurine))	decreases	p(HGNC:ACE2)	{"annotations": {"PublicationStatus": {"Published": true}, "PublicationType": {"Research": true}, "Section": {"Results": true}, "Species": {"9606": true}}, "citation": {"authors": ["Cheng F", "Hou Y", "Huang Y", "Martin W", "Shen J", "Zhou Y"], "date": "2020-01-01", "db": "PubMed", "db_id": "32194980", "db_name": "Cell discovery", "first": "Zhou Y", "last": "Cheng F", "pages": "14", "volume": "6"}, "evidence": "In summary, combination of mercaptopurine and melatonin may offer a potential combination therapy for 2019-nCoV/SARS-CoV-2 by synergistically targeting papain-like protease, ACE2, c-Jun signaling, and anti-inflammatory pathways (Fig. 6d).", "line": 170, "relation": "decreases"}
composite(a(CHEBI:melatonin), a(CHEBI:mercaptopurine))	regulates	p(HGNC:JUN)	{"annotations": {"PublicationStatus": {"Published": true}, "PublicationType": {"Research": true}, "Section": {"Results": true}, "Species": {"9606": true}}, "citation": {"authors": ["Cheng F", "Hou Y", "Huang Y", "Martin W", "Shen J", "Zhou Y"], "date": "2020-01-01", "db": "PubMed", "db_id": "32194980", "db_name": "Cell discovery", "first": "Zhou Y", "last": "Cheng F", "pages": "14", "volume": "6"}, "evidence": "In summary, combination of mercaptopurine and melatonin may offer a potential combination therapy for 2019-nCoV/SARS-CoV-2 by synergistically targeting papain-like protease, ACE2, c-Jun signaling, and anti-inflammatory pathways (Fig. 6d).", "line": 171, "relation": "regulates"}
composite(a(CHEBI:melatonin), a(CHEBI:mercaptopurine))	decreases	path(MESH:Inflammation)	{"annotations": {"PublicationStatus": {"Published": true}, "PublicationType": {"Research": true}, "Section": {"Results": true}, "Species": {"9606": true}}, "citation": {"authors": ["Cheng F", "Hou Y", "Huang Y", "Martin W", "Shen J", "Zhou Y"], "date": "2020-01-01", "db": "PubMed", "db_id": "32194980", "db_name": "Cell discovery", "first": "Zhou Y", "last": "Cheng F", "pages": "14", "volume": "6"}, "evidence": "In summary, combination of mercaptopurine and melatonin may offer a potential combination therapy for 2019-nCoV/SARS-CoV-2 by synergistically targeting papain-like protease, ACE2, c-Jun signaling, and anti-inflammatory pathways (Fig. 6d).", "line": 172, "relation": "decreases"}
p(HGNC:ESR1)	association	bp(GO:menopause)	{"annotations": {"PublicationStatus": {"Published": true}, "PublicationType": {"Research": true}, "Section": {"Results": true}, "Species": {"9606": true}}, "citation": {"authors": ["Cheng F", "Hou Y", "Huang Y", "Martin W", "Shen J", "Zhou Y"], "date": "2020-01-01", "db": "PubMed", "db_id": "32194980", "db_name": "Cell discovery", "first": "Zhou Y", "last": "Cheng F", "pages": "14", "volume": "6"}, "evidence": "Mesalazine (an approved drug for inflammatory bowel disease), sirolimus (an approved immunosuppressive drug), and equilin (an approved agonist of the estrogen receptor for menopausal symptoms) achieved the highest GSEA scores of 3, followed by paroxetine and melatonin with GSEA scores of 2.", "line": 105, "relation": "association"}
p(UNIPROT:P0C6X7)	association	a(TAX:"Severe acute respiratory syndrome-related coronavirus")	{"annotations": {"PublicationStatus": {"Published": true}, "PublicationType": {"Research": true}, "Section": {"Results": true}, "Species": {"9606": true}}, "citation": {"authors": ["Cheng F", "Hou Y", "Huang Y", "Martin W", "Shen J", "Zhou Y"], "date": "2020-01-01", "db": "PubMed", "db_id": "32194980", "db_name": "Cell discovery", "first": "Zhou Y", "last": "Cheng F", "pages": "14", "volume": "6"}, "evidence": "Irbesartan can inhibit NTCP, thus inhibiting viral entry45,46. SLC10A1 interacts with C11orf74, a potential transcriptional repressor that interacts with nsp-10 of SARS-CoV47. There are several other ARBs (such as eletriptan, frovatriptan, and zolmitriptan) in which their targets are potentially associated with HCoV-associated host proteins in the human interactome.", "line": 120, "relation": "association"}
p(UNIPROT:P59632)	association	a(TAX:"Severe acute respiratory syndrome-related coronavirus")	{"annotations": {"PublicationStatus": {"Published": true}, "PublicationType": {"Research": true}, "Section": {"Results": true}, "Species": {"9606": true}}, "citation": {"authors": ["Cheng F", "Hou Y", "Huang Y", "Martin W", "Shen J", "Zhou Y"], "date": "2020-01-01", "db": "PubMed", "db_id": "32194980", "db_name": "Cell discovery", "first": "Zhou Y", "last": "Cheng F", "pages": "14", "volume": "6"}, "evidence": "Specifically, emdoin inhibited SARS-CoV-associated 3a protein70, and blocked an interaction between the SARS-CoV spike protein and ACE2 (ref. 71).", "line": 164, "relation": "association"}
path(DO:"COVID-19")	regulates	p(HGNC:JUN)	{"annotations": {"PublicationStatus": {"Published": true}, "PublicationType": {"Research": true}, "Section": {"Results": true}, "Species": {"9606": true}}, "citation": {"authors": ["Cheng F", "Hou Y", "Huang Y", "Martin W", "Shen J", "Zhou Y"], "date": "2020-01-01", "db": "PubMed", "db_id": "32194980", "db_name": "Cell discovery", "first": "Zhou Y", "last": "Cheng F", "pages": "14", "volume": "6"}, "evidence": " We identified several hub proteins including JUN, XPO1, NPM1, and HNRNPA1, with the highest number of connections within the 119 proteins.", "line": 81, "relation": "regulates"}
path(DO:"COVID-19")	regulates	p(HGNC:XPO1)	{"annotations": {"PublicationStatus": {"Published": true}, "PublicationType": {"Research": true}, "Section": {"Results": true}, "Species": {"9606": true}}, "citation": {"authors": ["Cheng F", "Hou Y", "Huang Y", "Martin W", "Shen J", "Zhou Y"], "date": "2020-01-01", "db": "PubMed", "db_id": "32194980", "db_name": "Cell discovery", "first": "Zhou Y", "last": "Cheng F", "pages": "14", "volume": "6"}, "evidence": " We identified several hub proteins including JUN, XPO1, NPM1, and HNRNPA1, with the highest number of connections within the 119 proteins.", "line": 82, "relation": "regulates"}
path(DO:"COVID-19")	regulates	p(HGNC:NPM1)	{"annotations": {"PublicationStatus": {"Published": true}, "PublicationType": {"Research": true}, "Section": {"Results": true}, "Species": {"9606": true}}, "citation": {"authors": ["Cheng F", "Hou Y", "Huang Y", "Martin W", "Shen J", "Zhou Y"], "date": "2020-01-01", "db": "PubMed", "db_id": "32194980", "db_name": "Cell discovery", "first": "Zhou Y", "last": "Cheng F", "pages": "14", "volume": "6"}, "evidence": " We identified several hub proteins including JUN, XPO1, NPM1, and HNRNPA1, with the highest number of connections within the 119 proteins.", "line": 83, "relation": "regulates"}
path(DO:"COVID-19")	regulates	p(HGNC:HNRNPA1)	{"annotations": {"PublicationStatus": {"Published": true}, "PublicationType": {"Research": true}, "Section": {"Results": true}, "Species": {"9606": true}}, "citation": {"authors": ["Cheng F", "Hou Y", "Huang Y", "Martin W", "Shen J", "Zhou Y"], "date": "2020-01-01", "db": "PubMed", "db_id": "32194980", "db_name": "Cell discovery", "first": "Zhou Y", "last": "Cheng F", "pages": "14", "volume": "6"}, "evidence": " We identified several hub proteins including JUN, XPO1, NPM1, and HNRNPA1, with the highest number of connections within the 119 proteins.", "line": 84, "relation": "regulates"}
path(DO:"COVID-19")	association	path(DO:measles)	{"annotations": {"PublicationStatus": {"Published": true}, "PublicationType": {"Research": true}, "Section": {"Results": true}, "Species": {"9606": true}}, "citation": {"authors": ["Cheng F", "Hou Y", "Huang Y", "Martin W", "Shen J", "Zhou Y"], "date": "2020-01-01", "db": "PubMed", "db_id": "32194980", "db_name": "Cell discovery", "first": "Zhou Y", "last": "Cheng F", "pages": "14", "volume": "6"}, "evidence": "KEGG pathway enrichment analysis revealed multiple significant biological pathways (adjusted P value <\u20090.05), including measles, RNA transport, NF-kappa B signaling, Epstein-Barr virus infection, and influenza (Fig. 3b). Gene ontology (GO) biological process enrichment analysis further confirmed multiple viral infection-related processes (adjusted P value <\u20090.001), including viral life cycle, modulation by virus of host morphology or physiology, viral process, positive regulation of viral life cycle, transport of virus, and virion attachment to host cell (Fig. 3c).", "line": 88, "relation": "association"}
path(DO:"COVID-19")	association	bp(GO:"RNA transport")	{"annotations": {"PublicationStatus": {"Published": true}, "PublicationType": {"Research": true}, "Section": {"Results": true}, "Species": {"9606": true}}, "citation": {"authors": ["Cheng F", "Hou Y", "Huang Y", "Martin W", "Shen J", "Zhou Y"], "date": "2020-01-01", "db": "PubMed", "db_id": "32194980", "db_name": "Cell discovery", "first": "Zhou Y", "last": "Cheng F", "pages": "14", "volume": "6"}, "evidence": "KEGG pathway enrichment analysis revealed multiple significant biological pathways (adjusted P value <\u20090.05), including measles, RNA transport, NF-kappa B signaling, Epstein-Barr virus infection, and influenza (Fig. 3b). Gene ontology (GO) biological process enrichment analysis further confirmed multiple viral infection-related processes (adjusted P value <\u20090.001), including viral life cycle, modulation by virus of host morphology or physiology, viral process, positive regulation of viral life cycle, transport of virus, and virion attachment to host cell (Fig. 3c).", "line": 89, "relation": "association"}
path(DO:"COVID-19")	association	bp(GO:"NIK/NF-kappaB signaling")	{"annotations": {"PublicationStatus": {"Published": true}, "PublicationType": {"Research": true}, "Section": {"Results": true}, "Species": {"9606": true}}, "citation": {"authors": ["Cheng F", "Hou Y", "Huang Y", "Martin W", "Shen J", "Zhou Y"], "date": "2020-01-01", "db": "PubMed", "db_id": "32194980", "db_name": "Cell discovery", "first": "Zhou Y", "last": "Cheng F", "pages": "14", "volume": "6"}, "evidence": "KEGG pathway enrichment analysis revealed multiple significant biological pathways (adjusted P value <\u20090.05), including measles, RNA transport, NF-kappa B signaling, Epstein-Barr virus infection, and influenza (Fig. 3b). Gene ontology (GO) biological process enrichment analysis further confirmed multiple viral infection-related processes (adjusted P value <\u20090.001), including viral life cycle, modulation by virus of host morphology or physiology, viral process, positive regulation of viral life cycle, transport of virus, and virion attachment to host cell (Fig. 3c).", "line": 90, "relation": "association"}
path(DO:"COVID-19")	association	path(MESH:"Epstein-Barr Virus Infections")	{"annotations": {"PublicationStatus": {"Published": true}, "PublicationType": {"Research": true}, "Section": {"Results": true}, "Species": {"9606": true}}, "citation": {"authors": ["Cheng F", "Hou Y", "Huang Y", "Martin W", "Shen J", "Zhou Y"], "date": "2020-01-01", "db": "PubMed", "db_id": "32194980", "db_name": "Cell discovery", "first": "Zhou Y", "last": "Cheng F", "pages": "14", "volume": "6"}, "evidence": "KEGG pathway enrichment analysis revealed multiple significant biological pathways (adjusted P value <\u20090.05), including measles, RNA transport, NF-kappa B signaling, Epstein-Barr virus infection, and influenza (Fig. 3b). Gene ontology (GO) biological process enrichment analysis further confirmed multiple viral infection-related processes (adjusted P value <\u20090.001), including viral life cycle, modulation by virus of host morphology or physiology, viral process, positive regulation of viral life cycle, transport of virus, and virion attachment to host cell (Fig. 3c).", "line": 91, "relation": "association"}
path(DO:"COVID-19")	association	path(DO:influenza)	{"annotations": {"PublicationStatus": {"Published": true}, "PublicationType": {"Research": true}, "Section": {"Results": true}, "Species": {"9606": true}}, "citation": {"authors": ["Cheng F", "Hou Y", "Huang Y", "Martin W", "Shen J", "Zhou Y"], "date": "2020-01-01", "db": "PubMed", "db_id": "32194980", "db_name": "Cell discovery", "first": "Zhou Y", "last": "Cheng F", "pages": "14", "volume": "6"}, "evidence": "KEGG pathway enrichment analysis revealed multiple significant biological pathways (adjusted P value <\u20090.05), including measles, RNA transport, NF-kappa B signaling, Epstein-Barr virus infection, and influenza (Fig. 3b). Gene ontology (GO) biological process enrichment analysis further confirmed multiple viral infection-related processes (adjusted P value <\u20090.001), including viral life cycle, modulation by virus of host morphology or physiology, viral process, positive regulation of viral life cycle, transport of virus, and virion attachment to host cell (Fig. 3c).", "line": 92, "relation": "association"}
path(DO:"COVID-19")	association	bp(GO:"viral life cycle")	{"annotations": {"PublicationStatus": {"Published": true}, "PublicationType": {"Research": true}, "Section": {"Results": true}, "Species": {"9606": true}}, "citation": {"authors": ["Cheng F", "Hou Y", "Huang Y", "Martin W", "Shen J", "Zhou Y"], "date": "2020-01-01", "db": "PubMed", "db_id": "32194980", "db_name": "Cell discovery", "first": "Zhou Y", "last": "Cheng F", "pages": "14", "volume": "6"}, "evidence": "KEGG pathway enrichment analysis revealed multiple significant biological pathways (adjusted P value <\u20090.05), including measles, RNA transport, NF-kappa B signaling, Epstein-Barr virus infection, and influenza (Fig. 3b). Gene ontology (GO) biological process enrichment analysis further confirmed multiple viral infection-related processes (adjusted P value <\u20090.001), including viral life cycle, modulation by virus of host morphology or physiology, viral process, positive regulation of viral life cycle, transport of virus, and virion attachment to host cell (Fig. 3c).", "line": 93, "relation": "association"}
path(DO:"COVID-19")	association	bp(GO:"transport of virus")	{"annotations": {"PublicationStatus": {"Published": true}, "PublicationType": {"Research": true}, "Section": {"Results": true}, "Species": {"9606": true}}, "citation": {"authors": ["Cheng F", "Hou Y", "Huang Y", "Martin W", "Shen J", "Zhou Y"], "date": "2020-01-01", "db": "PubMed", "db_id": "32194980", "db_name": "Cell discovery", "first": "Zhou Y", "last": "Cheng F", "pages": "14", "volume": "6"}, "evidence": "KEGG pathway enrichment analysis revealed multiple significant biological pathways (adjusted P value <\u20090.05), including measles, RNA transport, NF-kappa B signaling, Epstein-Barr virus infection, and influenza (Fig. 3b). Gene ontology (GO) biological process enrichment analysis further confirmed multiple viral infection-related processes (adjusted P value <\u20090.001), including viral life cycle, modulation by virus of host morphology or physiology, viral process, positive regulation of viral life cycle, transport of virus, and virion attachment to host cell (Fig. 3c).", "line": 94, "relation": "association"}
path(DO:"COVID-19")	association	bp(GO:"modulation by virus of host morphology or physiology")	{"annotations": {"PublicationStatus": {"Published": true}, "PublicationType": {"Research": true}, "Section": {"Results": true}, "Species": {"9606": true}}, "citation": {"authors": ["Cheng F", "Hou Y", "Huang Y", "Martin W", "Shen J", "Zhou Y"], "date": "2020-01-01", "db": "PubMed", "db_id": "32194980", "db_name": "Cell discovery", "first": "Zhou Y", "last": "Cheng F", "pages": "14", "volume": "6"}, "evidence": "KEGG pathway enrichment analysis revealed multiple significant biological pathways (adjusted P value <\u20090.05), including measles, RNA transport, NF-kappa B signaling, Epstein-Barr virus infection, and influenza (Fig. 3b). Gene ontology (GO) biological process enrichment analysis further confirmed multiple viral infection-related processes (adjusted P value <\u20090.001), including viral life cycle, modulation by virus of host morphology or physiology, viral process, positive regulation of viral life cycle, transport of virus, and virion attachment to host cell (Fig. 3c).", "line": 95, "relation": "association"}
path(DO:"COVID-19")	association	bp(GO:"viral process")	{"annotations": {"PublicationStatus": {"Published": true}, "PublicationType": {"Research": true}, "Section": {"Results": true}, "Species": {"9606": true}}, "citation": {"authors": ["Cheng F", "Hou Y", "Huang Y", "Martin W", "Shen J", "Zhou Y"], "date": "2020-01-01", "db": "PubMed", "db_id": "32194980", "db_name": "Cell discovery", "first": "Zhou Y", "last": "Cheng F", "pages": "14", "volume": "6"}, "evidence": "KEGG pathway enrichment analysis revealed multiple significant biological pathways (adjusted P value <\u20090.05), including measles, RNA transport, NF-kappa B signaling, Epstein-Barr virus infection, and influenza (Fig. 3b). Gene ontology (GO) biological process enrichment analysis further confirmed multiple viral infection-related processes (adjusted P value <\u20090.001), including viral life cycle, modulation by virus of host morphology or physiology, viral process, positive regulation of viral life cycle, transport of virus, and virion attachment to host cell (Fig. 3c).", "line": 96, "relation": "association"}
path(DO:"COVID-19")	association	bp(GO:"virion attachment to host cell")	{"annotations": {"PublicationStatus": {"Published": true}, "PublicationType": {"Research": true}, "Section": {"Results": true}, "Species": {"9606": true}}, "citation": {"authors": ["Cheng F", "Hou Y", "Huang Y", "Martin W", "Shen J", "Zhou Y"], "date": "2020-01-01", "db": "PubMed", "db_id": "32194980", "db_name": "Cell discovery", "first": "Zhou Y", "last": "Cheng F", "pages": "14", "volume": "6"}, "evidence": "KEGG pathway enrichment analysis revealed multiple significant biological pathways (adjusted P value <\u20090.05), including measles, RNA transport, NF-kappa B signaling, Epstein-Barr virus infection, and influenza (Fig. 3b). Gene ontology (GO) biological process enrichment analysis further confirmed multiple viral infection-related processes (adjusted P value <\u20090.001), including viral life cycle, modulation by virus of host morphology or physiology, viral process, positive regulation of viral life cycle, transport of virus, and virion attachment to host cell (Fig. 3c).", "line": 97, "relation": "association"}
path(DO:influenza)	association	path(DO:"COVID-19")	{"annotations": {"PublicationStatus": {"Published": true}, "PublicationType": {"Research": true}, "Section": {"Results": true}, "Species": {"9606": true}}, "citation": {"authors": ["Cheng F", "Hou Y", "Huang Y", "Martin W", "Shen J", "Zhou Y"], "date": "2020-01-01", "db": "PubMed", "db_id": "32194980", "db_name": "Cell discovery", "first": "Zhou Y", "last": "Cheng F", "pages": "14", "volume": "6"}, "evidence": "KEGG pathway enrichment analysis revealed multiple significant biological pathways (adjusted P value <\u20090.05), including measles, RNA transport, NF-kappa B signaling, Epstein-Barr virus infection, and influenza (Fig. 3b). Gene ontology (GO) biological process enrichment analysis further confirmed multiple viral infection-related processes (adjusted P value <\u20090.001), including viral life cycle, modulation by virus of host morphology or physiology, viral process, positive regulation of viral life cycle, transport of virus, and virion attachment to host cell (Fig. 3c).", "line": 92, "relation": "association"}
path(DO:measles)	association	path(DO:"COVID-19")	{"annotations": {"PublicationStatus": {"Published": true}, "PublicationType": {"Research": true}, "Section": {"Results": true}, "Species": {"9606": true}}, "citation": {"authors": ["Cheng F", "Hou Y", "Huang Y", "Martin W", "Shen J", "Zhou Y"], "date": "2020-01-01", "db": "PubMed", "db_id": "32194980", "db_name": "Cell discovery", "first": "Zhou Y", "last": "Cheng F", "pages": "14", "volume": "6"}, "evidence": "KEGG pathway enrichment analysis revealed multiple significant biological pathways (adjusted P value <\u20090.05), including measles, RNA transport, NF-kappa B signaling, Epstein-Barr virus infection, and influenza (Fig. 3b). Gene ontology (GO) biological process enrichment analysis further confirmed multiple viral infection-related processes (adjusted P value <\u20090.001), including viral life cycle, modulation by virus of host morphology or physiology, viral process, positive regulation of viral life cycle, transport of virus, and virion attachment to host cell (Fig. 3c).", "line": 88, "relation": "association"}
path(MESH:"Epstein-Barr Virus Infections")	association	path(DO:"COVID-19")	{"annotations": {"PublicationStatus": {"Published": true}, "PublicationType": {"Research": true}, "Section": {"Results": true}, "Species": {"9606": true}}, "citation": {"authors": ["Cheng F", "Hou Y", "Huang Y", "Martin W", "Shen J", "Zhou Y"], "date": "2020-01-01", "db": "PubMed", "db_id": "32194980", "db_name": "Cell discovery", "first": "Zhou Y", "last": "Cheng F", "pages": "14", "volume": "6"}, "evidence": "KEGG pathway enrichment analysis revealed multiple significant biological pathways (adjusted P value <\u20090.05), including measles, RNA transport, NF-kappa B signaling, Epstein-Barr virus infection, and influenza (Fig. 3b). Gene ontology (GO) biological process enrichment analysis further confirmed multiple viral infection-related processes (adjusted P value <\u20090.001), including viral life cycle, modulation by virus of host morphology or physiology, viral process, positive regulation of viral life cycle, transport of virus, and virion attachment to host cell (Fig. 3c).", "line": 91, "relation": "association"}
