a(TAX:"Severe acute respiratory syndrome coronavirus 2")	partOf	complex(a(TAX:"Severe acute respiratory syndrome coronavirus 2"), p(HGNC:ACE2))	{"relation": "partOf"}
a(TAX:"Severe acute respiratory syndrome-related coronavirus")	partOf	complex(a(TAX:"Severe acute respiratory syndrome-related coronavirus"), p(HGNC:ACE2))	{"relation": "partOf"}
bp(MESH:Virulence)	positiveCorrelation	complex(p(COVID:S), p(HGNC:ACE2))	{"annotations": {"Custom_Disease": {"COVID-19": true}, "PublicationStatus": {"Published": true}, "PublicationType": {"Research": true}, "Section": {"Results": true}, "Species": {"9606": true}}, "citation": {"authors": ["Jin X", "Lu Y", "Luan J", "Zhang L"], "date": "2020-03-19", "db": "PubMed", "db_id": "32201080", "db_name": "Biochemical and biophysical research communications", "first": "Luan J", "last": "Zhang L"}, "evidence": "According to the literature [15], the key amino acids (AAs) in the Sprotein of SARS-CoV interacting with human ACE2 are Y442, L472,N479, D480, T487, Y491 [7,15].", "line": 92, "relation": "positiveCorrelation"}
bp(MESH:Virulence)	positiveCorrelation	complex(p(COVID:S), p(UNIPROT:J9P7Y2))	{"annotations": {"Custom_Disease": {"COVID-19": true}, "PublicationStatus": {"Published": true}, "PublicationType": {"Research": true}, "Section": {"Results": true}}, "citation": {"authors": ["Jin X", "Lu Y", "Luan J", "Zhang L"], "date": "2020-03-19", "db": "PubMed", "db_id": "32201080", "db_name": "Biochemical and biophysical research communications", "first": "Luan J", "last": "Zhang L"}, "evidence": "Some Pets including dog(Canis lupus familiaris) and cat (Felis catus) potentially recognize S protein, indicating the importance to monitor the pets for SARS-CoV-2 infection.", "line": 99, "relation": "positiveCorrelation"}
bp(MESH:Virulence)	positiveCorrelation	complex(p(COVID:S), p(UNIPROT:Q56H28))	{"annotations": {"Custom_Disease": {"COVID-19": true}, "PublicationStatus": {"Published": true}, "PublicationType": {"Research": true}, "Section": {"Results": true}}, "citation": {"authors": ["Jin X", "Lu Y", "Luan J", "Zhang L"], "date": "2020-03-19", "db": "PubMed", "db_id": "32201080", "db_name": "Biochemical and biophysical research communications", "first": "Luan J", "last": "Zhang L"}, "evidence": "Some Pets including dog(Canis lupus familiaris) and cat (Felis catus) potentially recognize S protein, indicating the importance to monitor the pets for SARS-CoV-2 infection.", "line": 101, "relation": "positiveCorrelation"}
bp(MESH:Virulence)	positiveCorrelation	complex(p(COVID:S), p(NCBIGENE:108390919))	{"annotations": {"Custom_Disease": {"COVID-19": true}, "PublicationStatus": {"Published": true}, "PublicationType": {"Research": true}, "Section": {"Results": true}}, "citation": {"authors": ["Jin X", "Lu Y", "Luan J", "Zhang L"], "date": "2020-03-19", "db": "PubMed", "db_id": "32201080", "db_name": "Biochemical and biophysical research communications", "first": "Luan J", "last": "Zhang L"}, "evidence": "We noticed that ACE2 from dog, cat, pangolin and Chinese hamster potentially associated with S protein (Table 1).", "line": 107, "relation": "positiveCorrelation"}
bp(MESH:Virulence)	positiveCorrelation	complex(p(COVID:S), p(NCBIGENE:100772552))	{"annotations": {"Custom_Disease": {"COVID-19": true}, "PublicationStatus": {"Published": true}, "PublicationType": {"Research": true}, "Section": {"Results": true}}, "citation": {"authors": ["Jin X", "Lu Y", "Luan J", "Zhang L"], "date": "2020-03-19", "db": "PubMed", "db_id": "32201080", "db_name": "Biochemical and biophysical research communications", "first": "Luan J", "last": "Zhang L"}, "evidence": "We noticed that ACE2 from dog, cat, pangolin and Chinese hamster potentially associated with S protein (Table 1).", "line": 109, "relation": "positiveCorrelation"}
complex(a(TAX:"Severe acute respiratory syndrome coronavirus 2"), p(HGNC:ACE2))	increases	path(DO:"COVID-19")	{"annotations": {"Custom_Disease": {"COVID-19": true}, "PublicationStatus": {"Published": true}, "PublicationType": {"Research": true}, "Section": {"Results": true}, "Species": {"9606": true}}, "citation": {"authors": ["Jin X", "Lu Y", "Luan J", "Zhang L"], "date": "2020-03-19", "db": "PubMed", "db_id": "32201080", "db_name": "Biochemical and biophysical research communications", "first": "Luan J", "last": "Zhang L"}, "evidence": "Human ACE2 is the receptor for both SARS-CoV and SARS-CoV-2.", "line": 85, "relation": "increases"}
p(HGNC:ACE2)	partOf	complex(a(TAX:"Severe acute respiratory syndrome coronavirus 2"), p(HGNC:ACE2))	{"relation": "partOf"}
p(HGNC:ACE2)	partOf	complex(a(TAX:"Severe acute respiratory syndrome-related coronavirus"), p(HGNC:ACE2))	{"relation": "partOf"}
p(HGNC:ACE2)	partOf	complex(p(COVID:S), p(HGNC:ACE2))	{"relation": "partOf"}
complex(a(TAX:"Severe acute respiratory syndrome-related coronavirus"), p(HGNC:ACE2))	increases	path(DO:"severe acute respiratory syndrome")	{"annotations": {"PublicationStatus": {"Published": true}, "PublicationType": {"Research": true}, "Section": {"Results": true}, "Species": {"9606": true}}, "citation": {"authors": ["Jin X", "Lu Y", "Luan J", "Zhang L"], "date": "2020-03-19", "db": "PubMed", "db_id": "32201080", "db_name": "Biochemical and biophysical research communications", "first": "Luan J", "last": "Zhang L"}, "evidence": "Human ACE2 is the receptor for both SARS-CoV and SARS-CoV-2.", "line": 83, "relation": "increases"}
complex(p(COVID:S), p(HGNC:ACE2))	positiveCorrelation	bp(MESH:Virulence)	{"annotations": {"Custom_Disease": {"COVID-19": true}, "PublicationStatus": {"Published": true}, "PublicationType": {"Research": true}, "Section": {"Results": true}, "Species": {"9606": true}}, "citation": {"authors": ["Jin X", "Lu Y", "Luan J", "Zhang L"], "date": "2020-03-19", "db": "PubMed", "db_id": "32201080", "db_name": "Biochemical and biophysical research communications", "first": "Luan J", "last": "Zhang L"}, "evidence": "According to the literature [15], the key amino acids (AAs) in the Sprotein of SARS-CoV interacting with human ACE2 are Y442, L472,N479, D480, T487, Y491 [7,15].", "line": 92, "relation": "positiveCorrelation"}
p(COVID:S)	partOf	complex(p(COVID:S), p(HGNC:ACE2))	{"relation": "partOf"}
p(COVID:S)	partOf	complex(p(COVID:S), p(NCBIGENE:100772552))	{"relation": "partOf"}
p(COVID:S)	partOf	complex(p(COVID:S), p(NCBIGENE:108390919))	{"relation": "partOf"}
p(COVID:S)	partOf	complex(p(COVID:S), p(UNIPROT:J9P7Y2))	{"relation": "partOf"}
p(COVID:S)	partOf	complex(p(COVID:S), p(UNIPROT:Q56H28))	{"relation": "partOf"}
complex(p(COVID:S), p(NCBIGENE:100772552))	positiveCorrelation	bp(MESH:Virulence)	{"annotations": {"Custom_Disease": {"COVID-19": true}, "PublicationStatus": {"Published": true}, "PublicationType": {"Research": true}, "Section": {"Results": true}}, "citation": {"authors": ["Jin X", "Lu Y", "Luan J", "Zhang L"], "date": "2020-03-19", "db": "PubMed", "db_id": "32201080", "db_name": "Biochemical and biophysical research communications", "first": "Luan J", "last": "Zhang L"}, "evidence": "We noticed that ACE2 from dog, cat, pangolin and Chinese hamster potentially associated with S protein (Table 1).", "line": 109, "relation": "positiveCorrelation"}
p(NCBIGENE:100772552)	partOf	complex(p(COVID:S), p(NCBIGENE:100772552))	{"relation": "partOf"}
complex(p(COVID:S), p(NCBIGENE:108390919))	positiveCorrelation	bp(MESH:Virulence)	{"annotations": {"Custom_Disease": {"COVID-19": true}, "PublicationStatus": {"Published": true}, "PublicationType": {"Research": true}, "Section": {"Results": true}}, "citation": {"authors": ["Jin X", "Lu Y", "Luan J", "Zhang L"], "date": "2020-03-19", "db": "PubMed", "db_id": "32201080", "db_name": "Biochemical and biophysical research communications", "first": "Luan J", "last": "Zhang L"}, "evidence": "We noticed that ACE2 from dog, cat, pangolin and Chinese hamster potentially associated with S protein (Table 1).", "line": 107, "relation": "positiveCorrelation"}
p(NCBIGENE:108390919)	partOf	complex(p(COVID:S), p(NCBIGENE:108390919))	{"relation": "partOf"}
complex(p(COVID:S), p(UNIPROT:J9P7Y2))	positiveCorrelation	bp(MESH:Virulence)	{"annotations": {"Custom_Disease": {"COVID-19": true}, "PublicationStatus": {"Published": true}, "PublicationType": {"Research": true}, "Section": {"Results": true}}, "citation": {"authors": ["Jin X", "Lu Y", "Luan J", "Zhang L"], "date": "2020-03-19", "db": "PubMed", "db_id": "32201080", "db_name": "Biochemical and biophysical research communications", "first": "Luan J", "last": "Zhang L"}, "evidence": "Some Pets including dog(Canis lupus familiaris) and cat (Felis catus) potentially recognize S protein, indicating the importance to monitor the pets for SARS-CoV-2 infection.", "line": 99, "relation": "positiveCorrelation"}
p(UNIPROT:J9P7Y2)	partOf	complex(p(COVID:S), p(UNIPROT:J9P7Y2))	{"relation": "partOf"}
complex(p(COVID:S), p(UNIPROT:Q56H28))	positiveCorrelation	bp(MESH:Virulence)	{"annotations": {"Custom_Disease": {"COVID-19": true}, "PublicationStatus": {"Published": true}, "PublicationType": {"Research": true}, "Section": {"Results": true}}, "citation": {"authors": ["Jin X", "Lu Y", "Luan J", "Zhang L"], "date": "2020-03-19", "db": "PubMed", "db_id": "32201080", "db_name": "Biochemical and biophysical research communications", "first": "Luan J", "last": "Zhang L"}, "evidence": "Some Pets including dog(Canis lupus familiaris) and cat (Felis catus) potentially recognize S protein, indicating the importance to monitor the pets for SARS-CoV-2 infection.", "line": 101, "relation": "positiveCorrelation"}
p(UNIPROT:Q56H28)	partOf	complex(p(COVID:S), p(UNIPROT:Q56H28))	{"relation": "partOf"}
