a(CHEBI:caffeine)	negativeCorrelation	path(DO:pneumonia)	{"annotations": {"Cohort": {"Newborn": true}, "Cohort_Age": {"14 days": true}, "Custom_Disease": {"COVID-19": true}, "Gestation_Period": {"31 weeks and 2 days": true}, "PublicationStatus": {"Preprint": true}, "PublicationType": {"Research": true}, "Sample": {"Anal swab": true, "Nasopharyngeal swab": true}, "Section": {"Results": true}, "Species": {"9606": true}, "Technique": {"chest X-ray": true}}, "citation": {"authors": ["Shao J", "Xia S", "Xiao F", "Yan K", "Yuan W", "Zeng L", "Zhou W"], "date": "2020-03-26", "db": "PubMed", "db_id": "32215598", "db_name": "JAMA pediatrics", "first": "Zeng L", "last": "Zhou W"}, "evidence": "Neonatal respiratory distress syndrome and pneumonia confirmed by chest radiographic image on admission resolved on day 14 of life after treatment with noninvasive ventilation, caffeine, and antibiotics.", "line": 110, "relation": "negativeCorrelation"}
a(CHEBI:caffeine)	negativeCorrelation	path(HP:"Neonatal respiratory distress")	{"annotations": {"Cohort": {"Newborn": true}, "Cohort_Age": {"14 days": true}, "Custom_Disease": {"COVID-19": true}, "Gestation_Period": {"31 weeks and 2 days": true}, "PublicationStatus": {"Preprint": true}, "PublicationType": {"Research": true}, "Sample": {"Anal swab": true, "Nasopharyngeal swab": true}, "Section": {"Results": true}, "Species": {"9606": true}, "Technique": {"chest X-ray": true}}, "citation": {"authors": ["Shao J", "Xia S", "Xiao F", "Yan K", "Yuan W", "Zeng L", "Zhou W"], "date": "2020-03-26", "db": "PubMed", "db_id": "32215598", "db_name": "JAMA pediatrics", "first": "Zeng L", "last": "Zhou W"}, "evidence": "Neonatal respiratory distress syndrome and pneumonia confirmed by chest radiographic image on admission resolved on day 14 of life after treatment with noninvasive ventilation, caffeine, and antibiotics.", "line": 113, "relation": "negativeCorrelation"}
a(MESH:"Noninvasive Ventilation")	regulates	path(DO:pneumonia)	{"annotations": {"Cohort": {"Newborn": true}, "Cohort_Age": {"14 days": true}, "Custom_Disease": {"COVID-19": true}, "Gestation_Period": {"31 weeks and 2 days": true}, "PublicationStatus": {"Preprint": true}, "PublicationType": {"Research": true}, "Sample": {"Anal swab": true, "Nasopharyngeal swab": true}, "Section": {"Results": true}, "Species": {"9606": true}, "Technique": {"chest X-ray": true}}, "citation": {"authors": ["Shao J", "Xia S", "Xiao F", "Yan K", "Yuan W", "Zeng L", "Zhou W"], "date": "2020-03-26", "db": "PubMed", "db_id": "32215598", "db_name": "JAMA pediatrics", "first": "Zeng L", "last": "Zhou W"}, "evidence": "Neonatal respiratory distress syndrome and pneumonia confirmed by chest radiographic image on admission resolved on day 14 of life after treatment with noninvasive ventilation, caffeine, and antibiotics.", "line": 109, "relation": "regulates"}
a(MESH:"Noninvasive Ventilation")	regulates	path(HP:"Neonatal respiratory distress")	{"annotations": {"Cohort": {"Newborn": true}, "Cohort_Age": {"14 days": true}, "Custom_Disease": {"COVID-19": true}, "Gestation_Period": {"31 weeks and 2 days": true}, "PublicationStatus": {"Preprint": true}, "PublicationType": {"Research": true}, "Sample": {"Anal swab": true, "Nasopharyngeal swab": true}, "Section": {"Results": true}, "Species": {"9606": true}, "Technique": {"chest X-ray": true}}, "citation": {"authors": ["Shao J", "Xia S", "Xiao F", "Yan K", "Yuan W", "Zeng L", "Zhou W"], "date": "2020-03-26", "db": "PubMed", "db_id": "32215598", "db_name": "JAMA pediatrics", "first": "Zeng L", "last": "Zhou W"}, "evidence": "Neonatal respiratory distress syndrome and pneumonia confirmed by chest radiographic image on admission resolved on day 14 of life after treatment with noninvasive ventilation, caffeine, and antibiotics.", "line": 112, "relation": "regulates"}
a(TAX:"Severe acute respiratory syndrome coronavirus 2")	association	path(DO:"COVID-19")	{"annotations": {"Cohort": {"Newborn": true}, "Cohort_Age": {"2 days": true, "4 days": true}, "Custom_Disease": {"COVID-19": true}, "Gestation_Period": {"40 weeks": true}, "PublicationStatus": {"Preprint": true}, "PublicationType": {"Research": true}, "Sample": {"Anal swab": true, "Nasopharyngeal swab": true}, "Section": {"Results": true}, "Species": {"9606": true}}, "citation": {"authors": ["Shao J", "Xia S", "Xiao F", "Yan K", "Yuan W", "Zeng L", "Zhou W"], "date": "2020-03-26", "db": "PubMed", "db_id": "32215598", "db_name": "JAMA pediatrics", "first": "Zeng L", "last": "Zhou W"}, "evidence": "Nasopharyngeal and anal swabs were positive for SARS-CoV-2 on days 2 and 4 of life and negative on day 6", "line": 73, "relation": "association"}
a(TAX:"Severe acute respiratory syndrome coronavirus 2")	association	path(DO:"COVID-19")	{"annotations": {"Cohort": {"Newborn": true}, "Cohort_Age": {"2 days": true, "4 days": true}, "Custom_Disease": {"COVID-19": true}, "Gestation_Period": {"40 weeks and 4 days": true}, "PublicationStatus": {"Preprint": true}, "PublicationType": {"Research": true}, "Sample": {"Anal swab": true, "Nasopharyngeal swab": true}, "Section": {"Results": true}, "Species": {"9606": true}}, "citation": {"authors": ["Shao J", "Xia S", "Xiao F", "Yan K", "Yuan W", "Zeng L", "Zhou W"], "date": "2020-03-26", "db": "PubMed", "db_id": "32215598", "db_name": "JAMA pediatrics", "first": "Zeng L", "last": "Zhou W"}, "evidence": "Nasopharyngeal and anal swabs were positive for SARS-CoV-2 on days 2 and 4 of life and negative on day 6.", "line": 99, "relation": "association"}
a(TAX:"Severe acute respiratory syndrome coronavirus 2")	association	path(DO:"COVID-19")	{"annotations": {"Cohort": {"Newborn": true}, "Cohort_Age": {"2 days": true, "4 days": true}, "Custom_Disease": {"COVID-19": true}, "Gestation_Period": {"31 weeks and 2 days": true}, "PublicationStatus": {"Preprint": true}, "PublicationType": {"Research": true}, "Sample": {"Anal swab": true, "Nasopharyngeal swab": true}, "Section": {"Results": true}, "Species": {"9606": true}}, "citation": {"authors": ["Shao J", "Xia S", "Xiao F", "Yan K", "Yuan W", "Zeng L", "Zhou W"], "date": "2020-03-26", "db": "PubMed", "db_id": "32215598", "db_name": "JAMA pediatrics", "first": "Zeng L", "last": "Zhou W"}, "evidence": "Nasopharyngeal and anal swabs were positive for SARS-CoV-2 on days 2 and 4 of life and negative on day 7.", "line": 129, "relation": "association"}
bp(GO:"response to antibiotic")	negativeCorrelation	path(DO:pneumonia)	{"annotations": {"Cohort": {"Newborn": true}, "Cohort_Age": {"14 days": true}, "Custom_Disease": {"COVID-19": true}, "Gestation_Period": {"31 weeks and 2 days": true}, "PublicationStatus": {"Preprint": true}, "PublicationType": {"Research": true}, "Sample": {"Anal swab": true, "Nasopharyngeal swab": true}, "Section": {"Results": true}, "Species": {"9606": true}, "Technique": {"chest X-ray": true}}, "citation": {"authors": ["Shao J", "Xia S", "Xiao F", "Yan K", "Yuan W", "Zeng L", "Zhou W"], "date": "2020-03-26", "db": "PubMed", "db_id": "32215598", "db_name": "JAMA pediatrics", "first": "Zeng L", "last": "Zhou W"}, "evidence": "Neonatal respiratory distress syndrome and pneumonia confirmed by chest radiographic image on admission resolved on day 14 of life after treatment with noninvasive ventilation, caffeine, and antibiotics.", "line": 111, "relation": "negativeCorrelation"}
bp(GO:"response to antibiotic")	negativeCorrelation	path(HP:"Neonatal respiratory distress")	{"annotations": {"Cohort": {"Newborn": true}, "Cohort_Age": {"14 days": true}, "Custom_Disease": {"COVID-19": true}, "Gestation_Period": {"31 weeks and 2 days": true}, "PublicationStatus": {"Preprint": true}, "PublicationType": {"Research": true}, "Sample": {"Anal swab": true, "Nasopharyngeal swab": true}, "Section": {"Results": true}, "Species": {"9606": true}, "Technique": {"chest X-ray": true}}, "citation": {"authors": ["Shao J", "Xia S", "Xiao F", "Yan K", "Yuan W", "Zeng L", "Zhou W"], "date": "2020-03-26", "db": "PubMed", "db_id": "32215598", "db_name": "JAMA pediatrics", "first": "Zeng L", "last": "Zhou W"}, "evidence": "Neonatal respiratory distress syndrome and pneumonia confirmed by chest radiographic image on admission resolved on day 14 of life after treatment with noninvasive ventilation, caffeine, and antibiotics.", "line": 114, "relation": "negativeCorrelation"}
bp(GO:"response to antibiotic")	negativeCorrelation	path(DO:"bacterial sepsis")	{"annotations": {"Cohort": {"Newborn": true}, "Custom_Disease": {"COVID-19": true}, "Gestation_Period": {"31 weeks and 2 days": true}, "PublicationStatus": {"Preprint": true}, "PublicationType": {"Research": true}, "Sample": {"Anal swab": true, "Nasopharyngeal swab": true}, "Section": {"Results": true}, "Species": {"9606": true}}, "citation": {"authors": ["Shao J", "Xia S", "Xiao F", "Yan K", "Yuan W", "Zeng L", "Zhou W"], "date": "2020-03-26", "db": "PubMed", "db_id": "32215598", "db_name": "JAMA pediatrics", "first": "Zeng L", "last": "Zhou W"}, "evidence": "He also had suspected sepsis, with an Enterobacter agglomerates\u2013 positive blood culture, leukocytosis, thrombocytopenia (11 cells \u00d7 103/\u03bcL; to convert to cells \u00d7 109/L, multiply by 1.0), and coagulopathy (prothrombin time, 21 seconds; activated partial thromboplastin time, 81.9 seconds), which improved with antibiotic treatment.", "line": 122, "relation": "negativeCorrelation"}
bp(GO:"response to antibiotic")	negativeCorrelation	path(DO:thrombocytopenia)	{"annotations": {"Cohort": {"Newborn": true}, "Custom_Disease": {"COVID-19": true}, "Gestation_Period": {"31 weeks and 2 days": true}, "PublicationStatus": {"Preprint": true}, "PublicationType": {"Research": true}, "Sample": {"Anal swab": true, "Nasopharyngeal swab": true}, "Section": {"Results": true}, "Species": {"9606": true}}, "citation": {"authors": ["Shao J", "Xia S", "Xiao F", "Yan K", "Yuan W", "Zeng L", "Zhou W"], "date": "2020-03-26", "db": "PubMed", "db_id": "32215598", "db_name": "JAMA pediatrics", "first": "Zeng L", "last": "Zhou W"}, "evidence": "He also had suspected sepsis, with an Enterobacter agglomerates\u2013 positive blood culture, leukocytosis, thrombocytopenia (11 cells \u00d7 103/\u03bcL; to convert to cells \u00d7 109/L, multiply by 1.0), and coagulopathy (prothrombin time, 21 seconds; activated partial thromboplastin time, 81.9 seconds), which improved with antibiotic treatment.", "line": 123, "relation": "negativeCorrelation"}
bp(GO:"response to antibiotic")	negativeCorrelation	path(MESH:"Blood Coagulation Disorders")	{"annotations": {"Cohort": {"Newborn": true}, "Custom_Disease": {"COVID-19": true}, "Gestation_Period": {"31 weeks and 2 days": true}, "PublicationStatus": {"Preprint": true}, "PublicationType": {"Research": true}, "Sample": {"Anal swab": true, "Nasopharyngeal swab": true}, "Section": {"Results": true}, "Species": {"9606": true}}, "citation": {"authors": ["Shao J", "Xia S", "Xiao F", "Yan K", "Yuan W", "Zeng L", "Zhou W"], "date": "2020-03-26", "db": "PubMed", "db_id": "32215598", "db_name": "JAMA pediatrics", "first": "Zeng L", "last": "Zhou W"}, "evidence": "He also had suspected sepsis, with an Enterobacter agglomerates\u2013 positive blood culture, leukocytosis, thrombocytopenia (11 cells \u00d7 103/\u03bcL; to convert to cells \u00d7 109/L, multiply by 1.0), and coagulopathy (prothrombin time, 21 seconds; activated partial thromboplastin time, 81.9 seconds), which improved with antibiotic treatment.", "line": 124, "relation": "negativeCorrelation"}
bp(MESH:"Lymphocyte Count")	negativeCorrelation	path(DO:"COVID-19")	{"annotations": {"Cohort": {"Newborn": true}, "Custom_Disease": {"COVID-19": true}, "Gestation_Period": {"40 weeks and 4 days": true}, "MeSHAnatomy": {"Blood": true}, "PublicationStatus": {"Preprint": true}, "PublicationType": {"Research": true}, "Sample": {"Anal swab": true, "Nasopharyngeal swab": true}, "Section": {"Results": true}, "Species": {"9606": true}}, "citation": {"authors": ["Shao J", "Xia S", "Xiao F", "Yan K", "Yuan W", "Zeng L", "Zhou W"], "date": "2020-03-26", "db": "PubMed", "db_id": "32215598", "db_name": "JAMA pediatrics", "first": "Zeng L", "last": "Zhou W"}, "evidence": "Laboratory tests showed leukocytosis, lymphocytopenia, and an elevated creatine kinase\u2013MB fraction.", "line": 86, "relation": "negativeCorrelation"}
p(HGNC:CALCA)	association	path(DO:"COVID-19")	{"annotations": {"Cohort": {"Newborn": true}, "Cohort_Age": {"2 days": true}, "Custom_Disease": {"COVID-19": true}, "Gestation_Period": {"40 weeks": true}, "PublicationStatus": {"Preprint": true}, "PublicationType": {"Research": true}, "Section": {"Results": true}, "Species": {"9606": true}}, "citation": {"authors": ["Shao J", "Xia S", "Xiao F", "Yan K", "Yuan W", "Zeng L", "Zhou W"], "date": "2020-03-26", "db": "PubMed", "db_id": "32215598", "db_name": "JAMA pediatrics", "first": "Zeng L", "last": "Zhou W"}, "evidence": "A chest radiographic image showed pneumonia, but other laboratory tests (except procalcitonin) were normal", "line": 67, "relation": "association"}
p(HGNC:CKB)	positiveCorrelation	path(DO:"COVID-19")	{"annotations": {"Cohort": {"Newborn": true}, "Custom_Disease": {"COVID-19": true}, "Gestation_Period": {"40 weeks and 4 days": true}, "MeSHAnatomy": {"Blood": true}, "PublicationStatus": {"Preprint": true}, "PublicationType": {"Research": true}, "Sample": {"Anal swab": true, "Nasopharyngeal swab": true}, "Section": {"Results": true}, "Species": {"9606": true}}, "citation": {"authors": ["Shao J", "Xia S", "Xiao F", "Yan K", "Yuan W", "Zeng L", "Zhou W"], "date": "2020-03-26", "db": "PubMed", "db_id": "32215598", "db_name": "JAMA pediatrics", "first": "Zeng L", "last": "Zhou W"}, "evidence": "Laboratory tests showed leukocytosis, lymphocytopenia, and an elevated creatine kinase\u2013MB fraction.", "line": 88, "relation": "positiveCorrelation"}
p(HGNC:CKM)	positiveCorrelation	path(DO:"COVID-19")	{"annotations": {"Cohort": {"Newborn": true}, "Custom_Disease": {"COVID-19": true}, "Gestation_Period": {"40 weeks and 4 days": true}, "MeSHAnatomy": {"Blood": true}, "PublicationStatus": {"Preprint": true}, "PublicationType": {"Research": true}, "Sample": {"Anal swab": true, "Nasopharyngeal swab": true}, "Section": {"Results": true}, "Species": {"9606": true}}, "citation": {"authors": ["Shao J", "Xia S", "Xiao F", "Yan K", "Yuan W", "Zeng L", "Zhou W"], "date": "2020-03-26", "db": "PubMed", "db_id": "32215598", "db_name": "JAMA pediatrics", "first": "Zeng L", "last": "Zhou W"}, "evidence": "Laboratory tests showed leukocytosis, lymphocytopenia, and an elevated creatine kinase\u2013MB fraction.", "line": 87, "relation": "positiveCorrelation"}
path(DO:"COVID-19")	association	path(HP:Dyspnea)	{"annotations": {"Cohort": {"Newborn": true}, "Custom_Disease": {"COVID-19": true}, "PublicationStatus": {"Preprint": true}, "PublicationType": {"Research": true}, "Section": {"Results": true}, "Species": {"9606": true}}, "citation": {"authors": ["Shao J", "Xia S", "Xiao F", "Yan K", "Yuan W", "Zeng L", "Zhou W"], "date": "2020-03-26", "db": "PubMed", "db_id": "32215598", "db_name": "JAMA pediatrics", "first": "Zeng L", "last": "Zhou W"}, "evidence": "The most common symptom was shortness of breath (4 of 33 neonates)", "line": 55, "relation": "association"}
path(DO:"COVID-19")	association	path(HP:Lethargy)	{"annotations": {"Cohort": {"Newborn": true}, "Cohort_Age": {"2 days": true}, "Custom_Disease": {"COVID-19": true}, "Gestation_Period": {"40 weeks": true}, "PublicationStatus": {"Preprint": true}, "PublicationType": {"Research": true}, "Section": {"Results": true}, "Species": {"9606": true}}, "citation": {"authors": ["Shao J", "Xia S", "Xiao F", "Yan K", "Yuan W", "Zeng L", "Zhou W"], "date": "2020-03-26", "db": "PubMed", "db_id": "32215598", "db_name": "JAMA pediatrics", "first": "Zeng L", "last": "Zhou W"}, "evidence": "On day 2 of life, the infant experienced lethargy and fever, with unremarkable physical examination results, and was moved to the neonatal intensive care unit.", "line": 60, "relation": "association"}
path(DO:"COVID-19")	association	path(HP:Lethargy)	{"annotations": {"Cohort": {"Newborn": true}, "Custom_Disease": {"COVID-19": true}, "Gestation_Period": {"40 weeks and 4 days": true}, "PublicationStatus": {"Preprint": true}, "PublicationType": {"Research": true}, "Sample": {"Anal swab": true, "Nasopharyngeal swab": true}, "Section": {"Results": true}, "Species": {"9606": true}}, "citation": {"authors": ["Shao J", "Xia S", "Xiao F", "Yan K", "Yuan W", "Zeng L", "Zhou W"], "date": "2020-03-26", "db": "PubMed", "db_id": "32215598", "db_name": "JAMA pediatrics", "first": "Zeng L", "last": "Zhou W"}, "evidence": "He presented with lethargy, vomiting, and fever.", "line": 79, "relation": "association"}
path(DO:"COVID-19")	association	path(HP:Fever)	{"annotations": {"Cohort": {"Newborn": true}, "Cohort_Age": {"2 days": true}, "Custom_Disease": {"COVID-19": true}, "Gestation_Period": {"40 weeks": true}, "PublicationStatus": {"Preprint": true}, "PublicationType": {"Research": true}, "Section": {"Results": true}, "Species": {"9606": true}}, "citation": {"authors": ["Shao J", "Xia S", "Xiao F", "Yan K", "Yuan W", "Zeng L", "Zhou W"], "date": "2020-03-26", "db": "PubMed", "db_id": "32215598", "db_name": "JAMA pediatrics", "first": "Zeng L", "last": "Zhou W"}, "evidence": "On day 2 of life, the infant experienced lethargy and fever, with unremarkable physical examination results, and was moved to the neonatal intensive care unit.", "line": 61, "relation": "association"}
path(DO:"COVID-19")	association	path(HP:Fever)	{"annotations": {"Cohort": {"Newborn": true}, "Custom_Disease": {"COVID-19": true}, "Gestation_Period": {"40 weeks and 4 days": true}, "PublicationStatus": {"Preprint": true}, "PublicationType": {"Research": true}, "Sample": {"Anal swab": true, "Nasopharyngeal swab": true}, "Section": {"Results": true}, "Species": {"9606": true}}, "citation": {"authors": ["Shao J", "Xia S", "Xiao F", "Yan K", "Yuan W", "Zeng L", "Zhou W"], "date": "2020-03-26", "db": "PubMed", "db_id": "32215598", "db_name": "JAMA pediatrics", "first": "Zeng L", "last": "Zhou W"}, "evidence": "He presented with lethargy, vomiting, and fever.", "line": 81, "relation": "association"}
path(DO:"COVID-19")	association	path(DO:pneumonia)	{"annotations": {"Cohort": {"Newborn": true}, "Cohort_Age": {"2 days": true}, "Custom_Disease": {"COVID-19": true}, "Gestation_Period": {"40 weeks": true}, "PublicationStatus": {"Preprint": true}, "PublicationType": {"Research": true}, "Section": {"Results": true}, "Species": {"9606": true}, "Technique": {"chest X-ray": true}}, "citation": {"authors": ["Shao J", "Xia S", "Xiao F", "Yan K", "Yuan W", "Zeng L", "Zhou W"], "date": "2020-03-26", "db": "PubMed", "db_id": "32215598", "db_name": "JAMA pediatrics", "first": "Zeng L", "last": "Zhou W"}, "evidence": "A chest radiographic image showed pneumonia, but other laboratory tests (except procalcitonin) were normal", "line": 65, "relation": "association"}
path(DO:"COVID-19")	association	path(DO:pneumonia)	{"annotations": {"Cohort": {"Newborn": true}, "Custom_Disease": {"COVID-19": true}, "Gestation_Period": {"40 weeks and 4 days": true}, "PublicationStatus": {"Preprint": true}, "PublicationType": {"Research": true}, "Sample": {"Anal swab": true, "Nasopharyngeal swab": true}, "Section": {"Results": true}, "Species": {"9606": true}, "Technique": {"chest X-ray": true}}, "citation": {"authors": ["Shao J", "Xia S", "Xiao F", "Yan K", "Yuan W", "Zeng L", "Zhou W"], "date": "2020-03-26", "db": "PubMed", "db_id": "32215598", "db_name": "JAMA pediatrics", "first": "Zeng L", "last": "Zhou W"}, "evidence": "A chest radiographic image showed pneumonia.", "line": 93, "relation": "association"}
path(DO:"COVID-19")	association	path(DO:pneumonia)	{"annotations": {"Cohort": {"Newborn": true}, "Custom_Disease": {"COVID-19": true}, "Gestation_Period": {"31 weeks and 2 days": true}, "PublicationStatus": {"Preprint": true}, "PublicationType": {"Research": true}, "Sample": {"Anal swab": true, "Nasopharyngeal swab": true}, "Section": {"Results": true}, "Species": {"9606": true}, "Technique": {"chest X-ray": true}}, "citation": {"authors": ["Shao J", "Xia S", "Xiao F", "Yan K", "Yuan W", "Zeng L", "Zhou W"], "date": "2020-03-26", "db": "PubMed", "db_id": "32215598", "db_name": "JAMA pediatrics", "first": "Zeng L", "last": "Zhou W"}, "evidence": "Neonatal respiratory distress syndrome and pneumonia confirmed by chest radiographic image on admission resolved on day 14 of life after treatment with noninvasive ventilation, caffeine, and antibiotics.", "line": 106, "relation": "association"}
path(DO:"COVID-19")	association	p(HGNC:CALCA)	{"annotations": {"Cohort": {"Newborn": true}, "Cohort_Age": {"2 days": true}, "Custom_Disease": {"COVID-19": true}, "Gestation_Period": {"40 weeks": true}, "PublicationStatus": {"Preprint": true}, "PublicationType": {"Research": true}, "Section": {"Results": true}, "Species": {"9606": true}}, "citation": {"authors": ["Shao J", "Xia S", "Xiao F", "Yan K", "Yuan W", "Zeng L", "Zhou W"], "date": "2020-03-26", "db": "PubMed", "db_id": "32215598", "db_name": "JAMA pediatrics", "first": "Zeng L", "last": "Zhou W"}, "evidence": "A chest radiographic image showed pneumonia, but other laboratory tests (except procalcitonin) were normal", "line": 67, "relation": "association"}
path(DO:"COVID-19")	association	a(TAX:"Severe acute respiratory syndrome coronavirus 2")	{"annotations": {"Cohort": {"Newborn": true}, "Cohort_Age": {"2 days": true, "4 days": true}, "Custom_Disease": {"COVID-19": true}, "Gestation_Period": {"40 weeks": true}, "PublicationStatus": {"Preprint": true}, "PublicationType": {"Research": true}, "Sample": {"Anal swab": true, "Nasopharyngeal swab": true}, "Section": {"Results": true}, "Species": {"9606": true}}, "citation": {"authors": ["Shao J", "Xia S", "Xiao F", "Yan K", "Yuan W", "Zeng L", "Zhou W"], "date": "2020-03-26", "db": "PubMed", "db_id": "32215598", "db_name": "JAMA pediatrics", "first": "Zeng L", "last": "Zhou W"}, "evidence": "Nasopharyngeal and anal swabs were positive for SARS-CoV-2 on days 2 and 4 of life and negative on day 6", "line": 73, "relation": "association"}
path(DO:"COVID-19")	association	a(TAX:"Severe acute respiratory syndrome coronavirus 2")	{"annotations": {"Cohort": {"Newborn": true}, "Cohort_Age": {"2 days": true, "4 days": true}, "Custom_Disease": {"COVID-19": true}, "Gestation_Period": {"40 weeks and 4 days": true}, "PublicationStatus": {"Preprint": true}, "PublicationType": {"Research": true}, "Sample": {"Anal swab": true, "Nasopharyngeal swab": true}, "Section": {"Results": true}, "Species": {"9606": true}}, "citation": {"authors": ["Shao J", "Xia S", "Xiao F", "Yan K", "Yuan W", "Zeng L", "Zhou W"], "date": "2020-03-26", "db": "PubMed", "db_id": "32215598", "db_name": "JAMA pediatrics", "first": "Zeng L", "last": "Zhou W"}, "evidence": "Nasopharyngeal and anal swabs were positive for SARS-CoV-2 on days 2 and 4 of life and negative on day 6.", "line": 99, "relation": "association"}
path(DO:"COVID-19")	association	a(TAX:"Severe acute respiratory syndrome coronavirus 2")	{"annotations": {"Cohort": {"Newborn": true}, "Cohort_Age": {"2 days": true, "4 days": true}, "Custom_Disease": {"COVID-19": true}, "Gestation_Period": {"31 weeks and 2 days": true}, "PublicationStatus": {"Preprint": true}, "PublicationType": {"Research": true}, "Sample": {"Anal swab": true, "Nasopharyngeal swab": true}, "Section": {"Results": true}, "Species": {"9606": true}}, "citation": {"authors": ["Shao J", "Xia S", "Xiao F", "Yan K", "Yuan W", "Zeng L", "Zhou W"], "date": "2020-03-26", "db": "PubMed", "db_id": "32215598", "db_name": "JAMA pediatrics", "first": "Zeng L", "last": "Zhou W"}, "evidence": "Nasopharyngeal and anal swabs were positive for SARS-CoV-2 on days 2 and 4 of life and negative on day 7.", "line": 129, "relation": "association"}
path(DO:"COVID-19")	association	path(HP:Vomiting)	{"annotations": {"Cohort": {"Newborn": true}, "Custom_Disease": {"COVID-19": true}, "Gestation_Period": {"40 weeks and 4 days": true}, "PublicationStatus": {"Preprint": true}, "PublicationType": {"Research": true}, "Sample": {"Anal swab": true, "Nasopharyngeal swab": true}, "Section": {"Results": true}, "Species": {"9606": true}}, "citation": {"authors": ["Shao J", "Xia S", "Xiao F", "Yan K", "Yuan W", "Zeng L", "Zhou W"], "date": "2020-03-26", "db": "PubMed", "db_id": "32215598", "db_name": "JAMA pediatrics", "first": "Zeng L", "last": "Zhou W"}, "evidence": "He presented with lethargy, vomiting, and fever.", "line": 80, "relation": "association"}
path(DO:"COVID-19")	association	path(HP:Leukocytosis)	{"annotations": {"Cohort": {"Newborn": true}, "Custom_Disease": {"COVID-19": true}, "Gestation_Period": {"40 weeks and 4 days": true}, "MeSHAnatomy": {"Blood": true}, "PublicationStatus": {"Preprint": true}, "PublicationType": {"Research": true}, "Sample": {"Anal swab": true, "Nasopharyngeal swab": true}, "Section": {"Results": true}, "Species": {"9606": true}}, "citation": {"authors": ["Shao J", "Xia S", "Xiao F", "Yan K", "Yuan W", "Zeng L", "Zhou W"], "date": "2020-03-26", "db": "PubMed", "db_id": "32215598", "db_name": "JAMA pediatrics", "first": "Zeng L", "last": "Zhou W"}, "evidence": "Laboratory tests showed leukocytosis, lymphocytopenia, and an elevated creatine kinase\u2013MB fraction.", "line": 85, "relation": "association"}
path(DO:"COVID-19")	negativeCorrelation	bp(MESH:"Lymphocyte Count")	{"annotations": {"Cohort": {"Newborn": true}, "Custom_Disease": {"COVID-19": true}, "Gestation_Period": {"40 weeks and 4 days": true}, "MeSHAnatomy": {"Blood": true}, "PublicationStatus": {"Preprint": true}, "PublicationType": {"Research": true}, "Sample": {"Anal swab": true, "Nasopharyngeal swab": true}, "Section": {"Results": true}, "Species": {"9606": true}}, "citation": {"authors": ["Shao J", "Xia S", "Xiao F", "Yan K", "Yuan W", "Zeng L", "Zhou W"], "date": "2020-03-26", "db": "PubMed", "db_id": "32215598", "db_name": "JAMA pediatrics", "first": "Zeng L", "last": "Zhou W"}, "evidence": "Laboratory tests showed leukocytosis, lymphocytopenia, and an elevated creatine kinase\u2013MB fraction.", "line": 86, "relation": "negativeCorrelation"}
path(DO:"COVID-19")	positiveCorrelation	p(HGNC:CKM)	{"annotations": {"Cohort": {"Newborn": true}, "Custom_Disease": {"COVID-19": true}, "Gestation_Period": {"40 weeks and 4 days": true}, "MeSHAnatomy": {"Blood": true}, "PublicationStatus": {"Preprint": true}, "PublicationType": {"Research": true}, "Sample": {"Anal swab": true, "Nasopharyngeal swab": true}, "Section": {"Results": true}, "Species": {"9606": true}}, "citation": {"authors": ["Shao J", "Xia S", "Xiao F", "Yan K", "Yuan W", "Zeng L", "Zhou W"], "date": "2020-03-26", "db": "PubMed", "db_id": "32215598", "db_name": "JAMA pediatrics", "first": "Zeng L", "last": "Zhou W"}, "evidence": "Laboratory tests showed leukocytosis, lymphocytopenia, and an elevated creatine kinase\u2013MB fraction.", "line": 87, "relation": "positiveCorrelation"}
path(DO:"COVID-19")	positiveCorrelation	p(HGNC:CKB)	{"annotations": {"Cohort": {"Newborn": true}, "Custom_Disease": {"COVID-19": true}, "Gestation_Period": {"40 weeks and 4 days": true}, "MeSHAnatomy": {"Blood": true}, "PublicationStatus": {"Preprint": true}, "PublicationType": {"Research": true}, "Sample": {"Anal swab": true, "Nasopharyngeal swab": true}, "Section": {"Results": true}, "Species": {"9606": true}}, "citation": {"authors": ["Shao J", "Xia S", "Xiao F", "Yan K", "Yuan W", "Zeng L", "Zhou W"], "date": "2020-03-26", "db": "PubMed", "db_id": "32215598", "db_name": "JAMA pediatrics", "first": "Zeng L", "last": "Zhou W"}, "evidence": "Laboratory tests showed leukocytosis, lymphocytopenia, and an elevated creatine kinase\u2013MB fraction.", "line": 88, "relation": "positiveCorrelation"}
path(DO:"COVID-19")	association	path(HP:"Neonatal respiratory distress")	{"annotations": {"Cohort": {"Newborn": true}, "Custom_Disease": {"COVID-19": true}, "Gestation_Period": {"31 weeks and 2 days": true}, "PublicationStatus": {"Preprint": true}, "PublicationType": {"Research": true}, "Sample": {"Anal swab": true, "Nasopharyngeal swab": true}, "Section": {"Results": true}, "Species": {"9606": true}, "Technique": {"chest X-ray": true}}, "citation": {"authors": ["Shao J", "Xia S", "Xiao F", "Yan K", "Yuan W", "Zeng L", "Zhou W"], "date": "2020-03-26", "db": "PubMed", "db_id": "32215598", "db_name": "JAMA pediatrics", "first": "Zeng L", "last": "Zhou W"}, "evidence": "Neonatal respiratory distress syndrome and pneumonia confirmed by chest radiographic image on admission resolved on day 14 of life after treatment with noninvasive ventilation, caffeine, and antibiotics.", "line": 107, "relation": "association"}
path(DO:"COVID-19")	association	path(DO:"bacterial sepsis")	{"annotations": {"Cohort": {"Newborn": true}, "Custom_Disease": {"COVID-19": true}, "Gestation_Period": {"31 weeks and 2 days": true}, "PublicationStatus": {"Preprint": true}, "PublicationType": {"Research": true}, "Sample": {"Anal swab": true, "Nasopharyngeal swab": true}, "Section": {"Results": true}, "Species": {"9606": true}}, "citation": {"authors": ["Shao J", "Xia S", "Xiao F", "Yan K", "Yuan W", "Zeng L", "Zhou W"], "date": "2020-03-26", "db": "PubMed", "db_id": "32215598", "db_name": "JAMA pediatrics", "first": "Zeng L", "last": "Zhou W"}, "evidence": "He also had suspected sepsis, with an Enterobacter agglomerates\u2013 positive blood culture, leukocytosis, thrombocytopenia (11 cells \u00d7 103/\u03bcL; to convert to cells \u00d7 109/L, multiply by 1.0), and coagulopathy (prothrombin time, 21 seconds; activated partial thromboplastin time, 81.9 seconds), which improved with antibiotic treatment.", "line": 119, "relation": "association"}
path(DO:"COVID-19")	association	path(DO:thrombocytopenia)	{"annotations": {"Cohort": {"Newborn": true}, "Custom_Disease": {"COVID-19": true}, "Gestation_Period": {"31 weeks and 2 days": true}, "PublicationStatus": {"Preprint": true}, "PublicationType": {"Research": true}, "Sample": {"Anal swab": true, "Nasopharyngeal swab": true}, "Section": {"Results": true}, "Species": {"9606": true}}, "citation": {"authors": ["Shao J", "Xia S", "Xiao F", "Yan K", "Yuan W", "Zeng L", "Zhou W"], "date": "2020-03-26", "db": "PubMed", "db_id": "32215598", "db_name": "JAMA pediatrics", "first": "Zeng L", "last": "Zhou W"}, "evidence": "He also had suspected sepsis, with an Enterobacter agglomerates\u2013 positive blood culture, leukocytosis, thrombocytopenia (11 cells \u00d7 103/\u03bcL; to convert to cells \u00d7 109/L, multiply by 1.0), and coagulopathy (prothrombin time, 21 seconds; activated partial thromboplastin time, 81.9 seconds), which improved with antibiotic treatment.", "line": 120, "relation": "association"}
path(DO:"COVID-19")	association	path(MESH:"Blood Coagulation Disorders")	{"annotations": {"Cohort": {"Newborn": true}, "Custom_Disease": {"COVID-19": true}, "Gestation_Period": {"31 weeks and 2 days": true}, "PublicationStatus": {"Preprint": true}, "PublicationType": {"Research": true}, "Sample": {"Anal swab": true, "Nasopharyngeal swab": true}, "Section": {"Results": true}, "Species": {"9606": true}}, "citation": {"authors": ["Shao J", "Xia S", "Xiao F", "Yan K", "Yuan W", "Zeng L", "Zhou W"], "date": "2020-03-26", "db": "PubMed", "db_id": "32215598", "db_name": "JAMA pediatrics", "first": "Zeng L", "last": "Zhou W"}, "evidence": "He also had suspected sepsis, with an Enterobacter agglomerates\u2013 positive blood culture, leukocytosis, thrombocytopenia (11 cells \u00d7 103/\u03bcL; to convert to cells \u00d7 109/L, multiply by 1.0), and coagulopathy (prothrombin time, 21 seconds; activated partial thromboplastin time, 81.9 seconds), which improved with antibiotic treatment.", "line": 121, "relation": "association"}
path(DO:"bacterial sepsis")	association	path(DO:"COVID-19")	{"annotations": {"Cohort": {"Newborn": true}, "Custom_Disease": {"COVID-19": true}, "Gestation_Period": {"31 weeks and 2 days": true}, "PublicationStatus": {"Preprint": true}, "PublicationType": {"Research": true}, "Sample": {"Anal swab": true, "Nasopharyngeal swab": true}, "Section": {"Results": true}, "Species": {"9606": true}}, "citation": {"authors": ["Shao J", "Xia S", "Xiao F", "Yan K", "Yuan W", "Zeng L", "Zhou W"], "date": "2020-03-26", "db": "PubMed", "db_id": "32215598", "db_name": "JAMA pediatrics", "first": "Zeng L", "last": "Zhou W"}, "evidence": "He also had suspected sepsis, with an Enterobacter agglomerates\u2013 positive blood culture, leukocytosis, thrombocytopenia (11 cells \u00d7 103/\u03bcL; to convert to cells \u00d7 109/L, multiply by 1.0), and coagulopathy (prothrombin time, 21 seconds; activated partial thromboplastin time, 81.9 seconds), which improved with antibiotic treatment.", "line": 119, "relation": "association"}
path(DO:"bacterial sepsis")	negativeCorrelation	bp(GO:"response to antibiotic")	{"annotations": {"Cohort": {"Newborn": true}, "Custom_Disease": {"COVID-19": true}, "Gestation_Period": {"31 weeks and 2 days": true}, "PublicationStatus": {"Preprint": true}, "PublicationType": {"Research": true}, "Sample": {"Anal swab": true, "Nasopharyngeal swab": true}, "Section": {"Results": true}, "Species": {"9606": true}}, "citation": {"authors": ["Shao J", "Xia S", "Xiao F", "Yan K", "Yuan W", "Zeng L", "Zhou W"], "date": "2020-03-26", "db": "PubMed", "db_id": "32215598", "db_name": "JAMA pediatrics", "first": "Zeng L", "last": "Zhou W"}, "evidence": "He also had suspected sepsis, with an Enterobacter agglomerates\u2013 positive blood culture, leukocytosis, thrombocytopenia (11 cells \u00d7 103/\u03bcL; to convert to cells \u00d7 109/L, multiply by 1.0), and coagulopathy (prothrombin time, 21 seconds; activated partial thromboplastin time, 81.9 seconds), which improved with antibiotic treatment.", "line": 122, "relation": "negativeCorrelation"}
path(DO:pneumonia)	association	path(DO:"COVID-19")	{"annotations": {"Cohort": {"Newborn": true}, "Cohort_Age": {"2 days": true}, "Custom_Disease": {"COVID-19": true}, "Gestation_Period": {"40 weeks": true}, "PublicationStatus": {"Preprint": true}, "PublicationType": {"Research": true}, "Section": {"Results": true}, "Species": {"9606": true}, "Technique": {"chest X-ray": true}}, "citation": {"authors": ["Shao J", "Xia S", "Xiao F", "Yan K", "Yuan W", "Zeng L", "Zhou W"], "date": "2020-03-26", "db": "PubMed", "db_id": "32215598", "db_name": "JAMA pediatrics", "first": "Zeng L", "last": "Zhou W"}, "evidence": "A chest radiographic image showed pneumonia, but other laboratory tests (except procalcitonin) were normal", "line": 65, "relation": "association"}
path(DO:pneumonia)	association	path(DO:"COVID-19")	{"annotations": {"Cohort": {"Newborn": true}, "Custom_Disease": {"COVID-19": true}, "Gestation_Period": {"40 weeks and 4 days": true}, "PublicationStatus": {"Preprint": true}, "PublicationType": {"Research": true}, "Sample": {"Anal swab": true, "Nasopharyngeal swab": true}, "Section": {"Results": true}, "Species": {"9606": true}, "Technique": {"chest X-ray": true}}, "citation": {"authors": ["Shao J", "Xia S", "Xiao F", "Yan K", "Yuan W", "Zeng L", "Zhou W"], "date": "2020-03-26", "db": "PubMed", "db_id": "32215598", "db_name": "JAMA pediatrics", "first": "Zeng L", "last": "Zhou W"}, "evidence": "A chest radiographic image showed pneumonia.", "line": 93, "relation": "association"}
path(DO:pneumonia)	association	path(DO:"COVID-19")	{"annotations": {"Cohort": {"Newborn": true}, "Custom_Disease": {"COVID-19": true}, "Gestation_Period": {"31 weeks and 2 days": true}, "PublicationStatus": {"Preprint": true}, "PublicationType": {"Research": true}, "Sample": {"Anal swab": true, "Nasopharyngeal swab": true}, "Section": {"Results": true}, "Species": {"9606": true}, "Technique": {"chest X-ray": true}}, "citation": {"authors": ["Shao J", "Xia S", "Xiao F", "Yan K", "Yuan W", "Zeng L", "Zhou W"], "date": "2020-03-26", "db": "PubMed", "db_id": "32215598", "db_name": "JAMA pediatrics", "first": "Zeng L", "last": "Zhou W"}, "evidence": "Neonatal respiratory distress syndrome and pneumonia confirmed by chest radiographic image on admission resolved on day 14 of life after treatment with noninvasive ventilation, caffeine, and antibiotics.", "line": 106, "relation": "association"}
path(DO:pneumonia)	negativeCorrelation	a(CHEBI:caffeine)	{"annotations": {"Cohort": {"Newborn": true}, "Cohort_Age": {"14 days": true}, "Custom_Disease": {"COVID-19": true}, "Gestation_Period": {"31 weeks and 2 days": true}, "PublicationStatus": {"Preprint": true}, "PublicationType": {"Research": true}, "Sample": {"Anal swab": true, "Nasopharyngeal swab": true}, "Section": {"Results": true}, "Species": {"9606": true}, "Technique": {"chest X-ray": true}}, "citation": {"authors": ["Shao J", "Xia S", "Xiao F", "Yan K", "Yuan W", "Zeng L", "Zhou W"], "date": "2020-03-26", "db": "PubMed", "db_id": "32215598", "db_name": "JAMA pediatrics", "first": "Zeng L", "last": "Zhou W"}, "evidence": "Neonatal respiratory distress syndrome and pneumonia confirmed by chest radiographic image on admission resolved on day 14 of life after treatment with noninvasive ventilation, caffeine, and antibiotics.", "line": 110, "relation": "negativeCorrelation"}
path(DO:pneumonia)	negativeCorrelation	bp(GO:"response to antibiotic")	{"annotations": {"Cohort": {"Newborn": true}, "Cohort_Age": {"14 days": true}, "Custom_Disease": {"COVID-19": true}, "Gestation_Period": {"31 weeks and 2 days": true}, "PublicationStatus": {"Preprint": true}, "PublicationType": {"Research": true}, "Sample": {"Anal swab": true, "Nasopharyngeal swab": true}, "Section": {"Results": true}, "Species": {"9606": true}, "Technique": {"chest X-ray": true}}, "citation": {"authors": ["Shao J", "Xia S", "Xiao F", "Yan K", "Yuan W", "Zeng L", "Zhou W"], "date": "2020-03-26", "db": "PubMed", "db_id": "32215598", "db_name": "JAMA pediatrics", "first": "Zeng L", "last": "Zhou W"}, "evidence": "Neonatal respiratory distress syndrome and pneumonia confirmed by chest radiographic image on admission resolved on day 14 of life after treatment with noninvasive ventilation, caffeine, and antibiotics.", "line": 111, "relation": "negativeCorrelation"}
path(DO:thrombocytopenia)	association	path(DO:"COVID-19")	{"annotations": {"Cohort": {"Newborn": true}, "Custom_Disease": {"COVID-19": true}, "Gestation_Period": {"31 weeks and 2 days": true}, "PublicationStatus": {"Preprint": true}, "PublicationType": {"Research": true}, "Sample": {"Anal swab": true, "Nasopharyngeal swab": true}, "Section": {"Results": true}, "Species": {"9606": true}}, "citation": {"authors": ["Shao J", "Xia S", "Xiao F", "Yan K", "Yuan W", "Zeng L", "Zhou W"], "date": "2020-03-26", "db": "PubMed", "db_id": "32215598", "db_name": "JAMA pediatrics", "first": "Zeng L", "last": "Zhou W"}, "evidence": "He also had suspected sepsis, with an Enterobacter agglomerates\u2013 positive blood culture, leukocytosis, thrombocytopenia (11 cells \u00d7 103/\u03bcL; to convert to cells \u00d7 109/L, multiply by 1.0), and coagulopathy (prothrombin time, 21 seconds; activated partial thromboplastin time, 81.9 seconds), which improved with antibiotic treatment.", "line": 120, "relation": "association"}
path(DO:thrombocytopenia)	negativeCorrelation	bp(GO:"response to antibiotic")	{"annotations": {"Cohort": {"Newborn": true}, "Custom_Disease": {"COVID-19": true}, "Gestation_Period": {"31 weeks and 2 days": true}, "PublicationStatus": {"Preprint": true}, "PublicationType": {"Research": true}, "Sample": {"Anal swab": true, "Nasopharyngeal swab": true}, "Section": {"Results": true}, "Species": {"9606": true}}, "citation": {"authors": ["Shao J", "Xia S", "Xiao F", "Yan K", "Yuan W", "Zeng L", "Zhou W"], "date": "2020-03-26", "db": "PubMed", "db_id": "32215598", "db_name": "JAMA pediatrics", "first": "Zeng L", "last": "Zhou W"}, "evidence": "He also had suspected sepsis, with an Enterobacter agglomerates\u2013 positive blood culture, leukocytosis, thrombocytopenia (11 cells \u00d7 103/\u03bcL; to convert to cells \u00d7 109/L, multiply by 1.0), and coagulopathy (prothrombin time, 21 seconds; activated partial thromboplastin time, 81.9 seconds), which improved with antibiotic treatment.", "line": 123, "relation": "negativeCorrelation"}
path(HP:"Neonatal respiratory distress")	association	path(DO:"COVID-19")	{"annotations": {"Cohort": {"Newborn": true}, "Custom_Disease": {"COVID-19": true}, "Gestation_Period": {"31 weeks and 2 days": true}, "PublicationStatus": {"Preprint": true}, "PublicationType": {"Research": true}, "Sample": {"Anal swab": true, "Nasopharyngeal swab": true}, "Section": {"Results": true}, "Species": {"9606": true}, "Technique": {"chest X-ray": true}}, "citation": {"authors": ["Shao J", "Xia S", "Xiao F", "Yan K", "Yuan W", "Zeng L", "Zhou W"], "date": "2020-03-26", "db": "PubMed", "db_id": "32215598", "db_name": "JAMA pediatrics", "first": "Zeng L", "last": "Zhou W"}, "evidence": "Neonatal respiratory distress syndrome and pneumonia confirmed by chest radiographic image on admission resolved on day 14 of life after treatment with noninvasive ventilation, caffeine, and antibiotics.", "line": 107, "relation": "association"}
path(HP:"Neonatal respiratory distress")	negativeCorrelation	a(CHEBI:caffeine)	{"annotations": {"Cohort": {"Newborn": true}, "Cohort_Age": {"14 days": true}, "Custom_Disease": {"COVID-19": true}, "Gestation_Period": {"31 weeks and 2 days": true}, "PublicationStatus": {"Preprint": true}, "PublicationType": {"Research": true}, "Sample": {"Anal swab": true, "Nasopharyngeal swab": true}, "Section": {"Results": true}, "Species": {"9606": true}, "Technique": {"chest X-ray": true}}, "citation": {"authors": ["Shao J", "Xia S", "Xiao F", "Yan K", "Yuan W", "Zeng L", "Zhou W"], "date": "2020-03-26", "db": "PubMed", "db_id": "32215598", "db_name": "JAMA pediatrics", "first": "Zeng L", "last": "Zhou W"}, "evidence": "Neonatal respiratory distress syndrome and pneumonia confirmed by chest radiographic image on admission resolved on day 14 of life after treatment with noninvasive ventilation, caffeine, and antibiotics.", "line": 113, "relation": "negativeCorrelation"}
path(HP:"Neonatal respiratory distress")	negativeCorrelation	bp(GO:"response to antibiotic")	{"annotations": {"Cohort": {"Newborn": true}, "Cohort_Age": {"14 days": true}, "Custom_Disease": {"COVID-19": true}, "Gestation_Period": {"31 weeks and 2 days": true}, "PublicationStatus": {"Preprint": true}, "PublicationType": {"Research": true}, "Sample": {"Anal swab": true, "Nasopharyngeal swab": true}, "Section": {"Results": true}, "Species": {"9606": true}, "Technique": {"chest X-ray": true}}, "citation": {"authors": ["Shao J", "Xia S", "Xiao F", "Yan K", "Yuan W", "Zeng L", "Zhou W"], "date": "2020-03-26", "db": "PubMed", "db_id": "32215598", "db_name": "JAMA pediatrics", "first": "Zeng L", "last": "Zhou W"}, "evidence": "Neonatal respiratory distress syndrome and pneumonia confirmed by chest radiographic image on admission resolved on day 14 of life after treatment with noninvasive ventilation, caffeine, and antibiotics.", "line": 114, "relation": "negativeCorrelation"}
path(HP:Dyspnea)	association	path(DO:"COVID-19")	{"annotations": {"Cohort": {"Newborn": true}, "Custom_Disease": {"COVID-19": true}, "PublicationStatus": {"Preprint": true}, "PublicationType": {"Research": true}, "Section": {"Results": true}, "Species": {"9606": true}}, "citation": {"authors": ["Shao J", "Xia S", "Xiao F", "Yan K", "Yuan W", "Zeng L", "Zhou W"], "date": "2020-03-26", "db": "PubMed", "db_id": "32215598", "db_name": "JAMA pediatrics", "first": "Zeng L", "last": "Zhou W"}, "evidence": "The most common symptom was shortness of breath (4 of 33 neonates)", "line": 55, "relation": "association"}
path(HP:Fever)	association	path(DO:"COVID-19")	{"annotations": {"Cohort": {"Newborn": true}, "Cohort_Age": {"2 days": true}, "Custom_Disease": {"COVID-19": true}, "Gestation_Period": {"40 weeks": true}, "PublicationStatus": {"Preprint": true}, "PublicationType": {"Research": true}, "Section": {"Results": true}, "Species": {"9606": true}}, "citation": {"authors": ["Shao J", "Xia S", "Xiao F", "Yan K", "Yuan W", "Zeng L", "Zhou W"], "date": "2020-03-26", "db": "PubMed", "db_id": "32215598", "db_name": "JAMA pediatrics", "first": "Zeng L", "last": "Zhou W"}, "evidence": "On day 2 of life, the infant experienced lethargy and fever, with unremarkable physical examination results, and was moved to the neonatal intensive care unit.", "line": 61, "relation": "association"}
path(HP:Fever)	association	path(DO:"COVID-19")	{"annotations": {"Cohort": {"Newborn": true}, "Custom_Disease": {"COVID-19": true}, "Gestation_Period": {"40 weeks and 4 days": true}, "PublicationStatus": {"Preprint": true}, "PublicationType": {"Research": true}, "Sample": {"Anal swab": true, "Nasopharyngeal swab": true}, "Section": {"Results": true}, "Species": {"9606": true}}, "citation": {"authors": ["Shao J", "Xia S", "Xiao F", "Yan K", "Yuan W", "Zeng L", "Zhou W"], "date": "2020-03-26", "db": "PubMed", "db_id": "32215598", "db_name": "JAMA pediatrics", "first": "Zeng L", "last": "Zhou W"}, "evidence": "He presented with lethargy, vomiting, and fever.", "line": 81, "relation": "association"}
path(HP:Lethargy)	association	path(DO:"COVID-19")	{"annotations": {"Cohort": {"Newborn": true}, "Cohort_Age": {"2 days": true}, "Custom_Disease": {"COVID-19": true}, "Gestation_Period": {"40 weeks": true}, "PublicationStatus": {"Preprint": true}, "PublicationType": {"Research": true}, "Section": {"Results": true}, "Species": {"9606": true}}, "citation": {"authors": ["Shao J", "Xia S", "Xiao F", "Yan K", "Yuan W", "Zeng L", "Zhou W"], "date": "2020-03-26", "db": "PubMed", "db_id": "32215598", "db_name": "JAMA pediatrics", "first": "Zeng L", "last": "Zhou W"}, "evidence": "On day 2 of life, the infant experienced lethargy and fever, with unremarkable physical examination results, and was moved to the neonatal intensive care unit.", "line": 60, "relation": "association"}
path(HP:Lethargy)	association	path(DO:"COVID-19")	{"annotations": {"Cohort": {"Newborn": true}, "Custom_Disease": {"COVID-19": true}, "Gestation_Period": {"40 weeks and 4 days": true}, "PublicationStatus": {"Preprint": true}, "PublicationType": {"Research": true}, "Sample": {"Anal swab": true, "Nasopharyngeal swab": true}, "Section": {"Results": true}, "Species": {"9606": true}}, "citation": {"authors": ["Shao J", "Xia S", "Xiao F", "Yan K", "Yuan W", "Zeng L", "Zhou W"], "date": "2020-03-26", "db": "PubMed", "db_id": "32215598", "db_name": "JAMA pediatrics", "first": "Zeng L", "last": "Zhou W"}, "evidence": "He presented with lethargy, vomiting, and fever.", "line": 79, "relation": "association"}
path(HP:Leukocytosis)	association	path(DO:"COVID-19")	{"annotations": {"Cohort": {"Newborn": true}, "Custom_Disease": {"COVID-19": true}, "Gestation_Period": {"40 weeks and 4 days": true}, "MeSHAnatomy": {"Blood": true}, "PublicationStatus": {"Preprint": true}, "PublicationType": {"Research": true}, "Sample": {"Anal swab": true, "Nasopharyngeal swab": true}, "Section": {"Results": true}, "Species": {"9606": true}}, "citation": {"authors": ["Shao J", "Xia S", "Xiao F", "Yan K", "Yuan W", "Zeng L", "Zhou W"], "date": "2020-03-26", "db": "PubMed", "db_id": "32215598", "db_name": "JAMA pediatrics", "first": "Zeng L", "last": "Zhou W"}, "evidence": "Laboratory tests showed leukocytosis, lymphocytopenia, and an elevated creatine kinase\u2013MB fraction.", "line": 85, "relation": "association"}
path(HP:Vomiting)	association	path(DO:"COVID-19")	{"annotations": {"Cohort": {"Newborn": true}, "Custom_Disease": {"COVID-19": true}, "Gestation_Period": {"40 weeks and 4 days": true}, "PublicationStatus": {"Preprint": true}, "PublicationType": {"Research": true}, "Sample": {"Anal swab": true, "Nasopharyngeal swab": true}, "Section": {"Results": true}, "Species": {"9606": true}}, "citation": {"authors": ["Shao J", "Xia S", "Xiao F", "Yan K", "Yuan W", "Zeng L", "Zhou W"], "date": "2020-03-26", "db": "PubMed", "db_id": "32215598", "db_name": "JAMA pediatrics", "first": "Zeng L", "last": "Zhou W"}, "evidence": "He presented with lethargy, vomiting, and fever.", "line": 80, "relation": "association"}
path(MESH:"Blood Coagulation Disorders")	association	path(DO:"COVID-19")	{"annotations": {"Cohort": {"Newborn": true}, "Custom_Disease": {"COVID-19": true}, "Gestation_Period": {"31 weeks and 2 days": true}, "PublicationStatus": {"Preprint": true}, "PublicationType": {"Research": true}, "Sample": {"Anal swab": true, "Nasopharyngeal swab": true}, "Section": {"Results": true}, "Species": {"9606": true}}, "citation": {"authors": ["Shao J", "Xia S", "Xiao F", "Yan K", "Yuan W", "Zeng L", "Zhou W"], "date": "2020-03-26", "db": "PubMed", "db_id": "32215598", "db_name": "JAMA pediatrics", "first": "Zeng L", "last": "Zhou W"}, "evidence": "He also had suspected sepsis, with an Enterobacter agglomerates\u2013 positive blood culture, leukocytosis, thrombocytopenia (11 cells \u00d7 103/\u03bcL; to convert to cells \u00d7 109/L, multiply by 1.0), and coagulopathy (prothrombin time, 21 seconds; activated partial thromboplastin time, 81.9 seconds), which improved with antibiotic treatment.", "line": 121, "relation": "association"}
path(MESH:"Blood Coagulation Disorders")	negativeCorrelation	bp(GO:"response to antibiotic")	{"annotations": {"Cohort": {"Newborn": true}, "Custom_Disease": {"COVID-19": true}, "Gestation_Period": {"31 weeks and 2 days": true}, "PublicationStatus": {"Preprint": true}, "PublicationType": {"Research": true}, "Sample": {"Anal swab": true, "Nasopharyngeal swab": true}, "Section": {"Results": true}, "Species": {"9606": true}}, "citation": {"authors": ["Shao J", "Xia S", "Xiao F", "Yan K", "Yuan W", "Zeng L", "Zhou W"], "date": "2020-03-26", "db": "PubMed", "db_id": "32215598", "db_name": "JAMA pediatrics", "first": "Zeng L", "last": "Zhou W"}, "evidence": "He also had suspected sepsis, with an Enterobacter agglomerates\u2013 positive blood culture, leukocytosis, thrombocytopenia (11 cells \u00d7 103/\u03bcL; to convert to cells \u00d7 109/L, multiply by 1.0), and coagulopathy (prothrombin time, 21 seconds; activated partial thromboplastin time, 81.9 seconds), which improved with antibiotic treatment.", "line": 124, "relation": "negativeCorrelation"}
