a(FIXMECHEM:"1-[2-(N,N-diethylamino)ethyl]-2-(4-ethoxybenzyl)-5-(1-hydrazineylideneethyl)-1H-benzo[d]imidazole")	decreases	a(TAX:"Human coronavirus 229E")	{"annotations": {"PublicationStatus": {"Published": true}, "PublicationType": {"Research": true}, "Section": {"Results": true}}, "citation": {"authors": ["Cichero E", "Francesconi V", "Naesens L", "Schenone S", "Tonelli M"], "date": "2020-03-25", "db": "PubMed", "db_id": "32218301", "db_name": "Molecules (Basel, Switzerland)", "first": "Francesconi V", "last": "Tonelli M", "volume": "25"}, "evidence": "Seven compounds displayed activity against one of more human respiratory viruses; i.e., RSV (22 and 25), influenza A virus (6, 8, 16, 17 and 22) or human coronavirus (6, 8, 16, 17 and 24) (Table 1).", "line": 74, "relation": "decreases"}
a(FIXMECHEM:"1-[2-(N,N-diethylamino)ethyl]-2-(4-ethoxybenzyl)-5-(1-hydrazineylideneethyl)-1H-benzo[d]imidazole")	decreases	bp(MESH:"Cell Survival")	{"annotations": {"CellLine": {"MDCK cell": true, "Vero cell": true}, "PublicationStatus": {"Published": true}, "PublicationType": {"Research": true}, "Section": {"Results": true}}, "citation": {"authors": ["Cichero E", "Francesconi V", "Naesens L", "Schenone S", "Tonelli M"], "date": "2020-03-25", "db": "PubMed", "db_id": "32218301", "db_name": "Molecules (Basel, Switzerland)", "first": "Francesconi V", "last": "Tonelli M", "volume": "25"}, "evidence": "Two compounds, 17 and 24, produced cytotoxicity in two of the four cell lines.", "line": 82, "relation": "decreases"}
a(FIXMECHEM:"2-(1-{1-[3-(N,N-Diethylamino)propyl]-2-(4-methoxybenzyl)-1H-benzo[d]imidazol-5-yl}-ethylidene)hydrazine-1-carboxamide")	decreases	a(TAX:"Influenza A virus (A/Hong Kong/7/1987(H3N2))")	{"annotations": {"PublicationStatus": {"Published": true}, "PublicationType": {"Research": true}, "Section": {"Results": true}}, "citation": {"authors": ["Cichero E", "Francesconi V", "Naesens L", "Schenone S", "Tonelli M"], "date": "2020-03-25", "db": "PubMed", "db_id": "32218301", "db_name": "Molecules (Basel, Switzerland)", "first": "Francesconi V", "last": "Tonelli M", "volume": "25"}, "evidence": "Seven compounds displayed activity against one of more human respiratory viruses; i.e., RSV (22 and 25), influenza A virus (6, 8, 16, 17 and 22) or human coronavirus (6, 8, 16, 17 and 24) (Table 1).", "line": 59, "relation": "decreases"}
a(FIXMECHEM:"2-(1-{1-[3-(N,N-Diethylamino)propyl]-2-(4-methoxybenzyl)-1H-benzo[d]imidazol-5-yl}-ethylidene)hydrazine-1-carboxamide")	decreases	a(TAX:"Influenza A virus (H1N1)")	{"annotations": {"PublicationStatus": {"Published": true}, "PublicationType": {"Research": true}, "Section": {"Results": true}}, "citation": {"authors": ["Cichero E", "Francesconi V", "Naesens L", "Schenone S", "Tonelli M"], "date": "2020-03-25", "db": "PubMed", "db_id": "32218301", "db_name": "Molecules (Basel, Switzerland)", "first": "Francesconi V", "last": "Tonelli M", "volume": "25"}, "evidence": "Seven compounds displayed activity against one of more human respiratory viruses; i.e., RSV (22 and 25), influenza A virus (6, 8, 16, 17 and 22) or human coronavirus (6, 8, 16, 17 and 24) (Table 1).", "line": 60, "relation": "decreases"}
a(FIXMECHEM:"2-(1-{1-[3-(N,N-Diethylamino)propyl]-2-(4-methoxybenzyl)-1H-benzo[d]imidazol-5-yl}-ethylidene)hydrazine-1-carboxamide")	decreases	a(TAX:"Human coronavirus 229E")	{"annotations": {"PublicationStatus": {"Published": true}, "PublicationType": {"Research": true}, "Section": {"Results": true}}, "citation": {"authors": ["Cichero E", "Francesconi V", "Naesens L", "Schenone S", "Tonelli M"], "date": "2020-03-25", "db": "PubMed", "db_id": "32218301", "db_name": "Molecules (Basel, Switzerland)", "first": "Francesconi V", "last": "Tonelli M", "volume": "25"}, "evidence": "Seven compounds displayed activity against one of more human respiratory viruses; i.e., RSV (22 and 25), influenza A virus (6, 8, 16, 17 and 22) or human coronavirus (6, 8, 16, 17 and 24) (Table 1).", "line": 72, "relation": "decreases"}
a(FIXMECHEM:"2-(1-{1-[3-(N,N-Diethylamino)propyl]-2-(4-methoxybenzyl)-1H-benzo[d]imidazol-5-yl}-ethylidene)hydrazine-1-carboxamide")	decreases	bp(MESH:"Cell Survival")	{"annotations": {"CellLine": {"Hep-2 cell": true, "Vero cell": true}, "PublicationStatus": {"Published": true}, "PublicationType": {"Research": true}, "Section": {"Results": true}}, "citation": {"authors": ["Cichero E", "Francesconi V", "Naesens L", "Schenone S", "Tonelli M"], "date": "2020-03-25", "db": "PubMed", "db_id": "32218301", "db_name": "Molecules (Basel, Switzerland)", "first": "Francesconi V", "last": "Tonelli M", "volume": "25"}, "evidence": "Two compounds, 17 and 24, produced cytotoxicity in two of the four cell lines.", "line": 79, "relation": "decreases"}
a(FIXMECHEM:"2-(1-{1-[3-(N,N-Diethylamino)propyl]-2-benzyl-1H-benzo[d]imidazol-5-yl}ethylidene)-hydrazine-1-carboxamide")	decreases	a(TAX:"Influenza A virus (A/Hong Kong/7/1987(H3N2))")	{"annotations": {"PublicationStatus": {"Published": true}, "PublicationType": {"Research": true}, "Section": {"Results": true}}, "citation": {"authors": ["Cichero E", "Francesconi V", "Naesens L", "Schenone S", "Tonelli M"], "date": "2020-03-25", "db": "PubMed", "db_id": "32218301", "db_name": "Molecules (Basel, Switzerland)", "first": "Francesconi V", "last": "Tonelli M", "volume": "25"}, "evidence": "Seven compounds displayed activity against one of more human respiratory viruses; i.e., RSV (22 and 25), influenza A virus (6, 8, 16, 17 and 22) or human coronavirus (6, 8, 16, 17 and 24) (Table 1).", "line": 56, "relation": "decreases"}
a(FIXMECHEM:"2-(1-{1-[3-(N,N-Diethylamino)propyl]-2-benzyl-1H-benzo[d]imidazol-5-yl}ethylidene)-hydrazine-1-carboxamide")	decreases	a(TAX:"Influenza A virus (H1N1)")	{"annotations": {"PublicationStatus": {"Published": true}, "PublicationType": {"Research": true}, "Section": {"Results": true}}, "citation": {"authors": ["Cichero E", "Francesconi V", "Naesens L", "Schenone S", "Tonelli M"], "date": "2020-03-25", "db": "PubMed", "db_id": "32218301", "db_name": "Molecules (Basel, Switzerland)", "first": "Francesconi V", "last": "Tonelli M", "volume": "25"}, "evidence": "Seven compounds displayed activity against one of more human respiratory viruses; i.e., RSV (22 and 25), influenza A virus (6, 8, 16, 17 and 22) or human coronavirus (6, 8, 16, 17 and 24) (Table 1).", "line": 57, "relation": "decreases"}
a(FIXMECHEM:"2-(1-{1-[3-(N,N-Diethylamino)propyl]-2-benzyl-1H-benzo[d]imidazol-5-yl}ethylidene)-hydrazine-1-carboxamide")	decreases	a(TAX:"Human coronavirus 229E")	{"annotations": {"PublicationStatus": {"Published": true}, "PublicationType": {"Research": true}, "Section": {"Results": true}}, "citation": {"authors": ["Cichero E", "Francesconi V", "Naesens L", "Schenone S", "Tonelli M"], "date": "2020-03-25", "db": "PubMed", "db_id": "32218301", "db_name": "Molecules (Basel, Switzerland)", "first": "Francesconi V", "last": "Tonelli M", "volume": "25"}, "evidence": "Seven compounds displayed activity against one of more human respiratory viruses; i.e., RSV (22 and 25), influenza A virus (6, 8, 16, 17 and 22) or human coronavirus (6, 8, 16, 17 and 24) (Table 1).", "line": 70, "relation": "decreases"}
a(FIXMECHEM:"2-(1-{2-Benzyl-1-[3-(N,N-diethylamino)propyl]-1H-benzo[d]imidazol-5-yl}ethylidene)-hydrazine-1-carbothioamide")	decreases	a(TAX:"Influenza A virus (A/Hong Kong/7/1987(H3N2))")	{"annotations": {"PublicationStatus": {"Published": true}, "PublicationType": {"Research": true}, "Section": {"Results": true}}, "citation": {"authors": ["Cichero E", "Francesconi V", "Naesens L", "Schenone S", "Tonelli M"], "date": "2020-03-25", "db": "PubMed", "db_id": "32218301", "db_name": "Molecules (Basel, Switzerland)", "first": "Francesconi V", "last": "Tonelli M", "volume": "25"}, "evidence": "Seven compounds displayed activity against one of more human respiratory viruses; i.e., RSV (22 and 25), influenza A virus (6, 8, 16, 17 and 22) or human coronavirus (6, 8, 16, 17 and 24) (Table 1).", "line": 53, "relation": "decreases"}
a(FIXMECHEM:"2-(1-{2-Benzyl-1-[3-(N,N-diethylamino)propyl]-1H-benzo[d]imidazol-5-yl}ethylidene)-hydrazine-1-carbothioamide")	decreases	a(TAX:"Influenza A virus (H1N1)")	{"annotations": {"PublicationStatus": {"Published": true}, "PublicationType": {"Research": true}, "Section": {"Results": true}}, "citation": {"authors": ["Cichero E", "Francesconi V", "Naesens L", "Schenone S", "Tonelli M"], "date": "2020-03-25", "db": "PubMed", "db_id": "32218301", "db_name": "Molecules (Basel, Switzerland)", "first": "Francesconi V", "last": "Tonelli M", "volume": "25"}, "evidence": "Seven compounds displayed activity against one of more human respiratory viruses; i.e., RSV (22 and 25), influenza A virus (6, 8, 16, 17 and 22) or human coronavirus (6, 8, 16, 17 and 24) (Table 1).", "line": 54, "relation": "decreases"}
a(FIXMECHEM:"2-(1-{2-Benzyl-1-[3-(N,N-diethylamino)propyl]-1H-benzo[d]imidazol-5-yl}ethylidene)-hydrazine-1-carbothioamide")	decreases	a(TAX:"Human coronavirus 229E")	{"annotations": {"PublicationStatus": {"Published": true}, "PublicationType": {"Research": true}, "Section": {"Results": true}}, "citation": {"authors": ["Cichero E", "Francesconi V", "Naesens L", "Schenone S", "Tonelli M"], "date": "2020-03-25", "db": "PubMed", "db_id": "32218301", "db_name": "Molecules (Basel, Switzerland)", "first": "Francesconi V", "last": "Tonelli M", "volume": "25"}, "evidence": "Seven compounds displayed activity against one of more human respiratory viruses; i.e., RSV (22 and 25), influenza A virus (6, 8, 16, 17 and 22) or human coronavirus (6, 8, 16, 17 and 24) (Table 1).", "line": 68, "relation": "decreases"}
a(FIXMECHEM:"2-(1-{2-[(2H-Benzo[d][1,2,3]triazol-1-yl)methyl]-1-[3-(N,N-dimethylamino)propyl]-1H-benzo[d]imidazol-5-yl}ethylidene)hydrazine-1-carbothioamide")	partOf	complex(a(FIXMECHEM:"2-(1-{2-[(2H-Benzo[d][1,2,3]triazol-1-yl)methyl]-1-[3-(N,N-dimethylamino)propyl]-1H-benzo[d]imidazol-5-yl}ethylidene)hydrazine-1-carbothioamide"), p(UNIPROT:P12568))	{"relation": "partOf"}
a(FIXMECHEM:"2-(1-{2-[(2H-Benzo[d][1,2,3]triazol-1-yl)methyl]-1-[3-(N,N-dimethylamino)propyl]-1H-benzo[d]imidazol-5-yl}ethylidene)hydrazine-1-carbothioamide")	decreases	a(TAX:"Human respiratory syncytial virus A strain Long")	{"annotations": {"PublicationStatus": {"Published": true}, "PublicationType": {"Research": true}, "Section": {"Results": true}}, "citation": {"authors": ["Cichero E", "Francesconi V", "Naesens L", "Schenone S", "Tonelli M"], "date": "2020-03-25", "db": "PubMed", "db_id": "32218301", "db_name": "Molecules (Basel, Switzerland)", "first": "Francesconi V", "last": "Tonelli M", "volume": "25"}, "evidence": "Seven compounds displayed activity against one of more human respiratory viruses; i.e., RSV (22 and 25), influenza A virus (6, 8, 16, 17 and 22) or human coronavirus (6, 8, 16, 17 and 24) (Table 1).", "line": 45, "relation": "decreases"}
a(FIXMECHEM:"2-(1-{2-[(2H-Benzo[d][1,2,3]triazol-1-yl)methyl]-1-[3-(N,N-dimethylamino)propyl]-1H-benzo[d]imidazol-5-yl}ethylidene)hydrazine-1-carbothioamide")	decreases	a(TAX:"Influenza A virus (A/Hong Kong/7/1987(H3N2))")	{"annotations": {"PublicationStatus": {"Published": true}, "PublicationType": {"Research": true}, "Section": {"Results": true}}, "citation": {"authors": ["Cichero E", "Francesconi V", "Naesens L", "Schenone S", "Tonelli M"], "date": "2020-03-25", "db": "PubMed", "db_id": "32218301", "db_name": "Molecules (Basel, Switzerland)", "first": "Francesconi V", "last": "Tonelli M", "volume": "25"}, "evidence": "Seven compounds displayed activity against one of more human respiratory viruses; i.e., RSV (22 and 25), influenza A virus (6, 8, 16, 17 and 22) or human coronavirus (6, 8, 16, 17 and 24) (Table 1).", "line": 62, "relation": "decreases"}
a(FIXMECHEM:"2-(1-{2-[(2H-Benzo[d][1,2,3]triazol-1-yl)methyl]-1-[3-(N,N-dimethylamino)propyl]-1H-benzo[d]imidazol-5-yl}ethylidene)hydrazine-1-carbothioamide")	decreases	a(TAX:"Influenza A virus (H1N1)")	{"annotations": {"PublicationStatus": {"Published": true}, "PublicationType": {"Research": true}, "Section": {"Results": true}}, "citation": {"authors": ["Cichero E", "Francesconi V", "Naesens L", "Schenone S", "Tonelli M"], "date": "2020-03-25", "db": "PubMed", "db_id": "32218301", "db_name": "Molecules (Basel, Switzerland)", "first": "Francesconi V", "last": "Tonelli M", "volume": "25"}, "evidence": "Seven compounds displayed activity against one of more human respiratory viruses; i.e., RSV (22 and 25), influenza A virus (6, 8, 16, 17 and 22) or human coronavirus (6, 8, 16, 17 and 24) (Table 1).", "line": 63, "relation": "decreases"}
a(FIXMECHEM:"2-[(Benzotriazol-2-yl)methyl]-1-[2-(N,N-diethylamino)ethyl]-5-(1-hydrazineylideneethyl)-1H-benzo[d]imidazole")	partOf	complex(a(FIXMECHEM:"2-[(Benzotriazol-2-yl)methyl]-1-[2-(N,N-diethylamino)ethyl]-5-(1-hydrazineylideneethyl)-1H-benzo[d]imidazole"), p(UNIPROT:P12568))	{"relation": "partOf"}
a(FIXMECHEM:"2-[(Benzotriazol-2-yl)methyl]-1-[2-(N,N-diethylamino)ethyl]-5-(1-hydrazineylideneethyl)-1H-benzo[d]imidazole")	decreases	a(TAX:"Human respiratory syncytial virus A strain Long")	{"annotations": {"PublicationStatus": {"Published": true}, "PublicationType": {"Research": true}, "Section": {"Results": true}}, "citation": {"authors": ["Cichero E", "Francesconi V", "Naesens L", "Schenone S", "Tonelli M"], "date": "2020-03-25", "db": "PubMed", "db_id": "32218301", "db_name": "Molecules (Basel, Switzerland)", "first": "Francesconi V", "last": "Tonelli M", "volume": "25"}, "evidence": "Seven compounds displayed activity against one of more human respiratory viruses; i.e., RSV (22 and 25), influenza A virus (6, 8, 16, 17 and 22) or human coronavirus (6, 8, 16, 17 and 24) (Table 1).", "line": 47, "relation": "decreases"}
a(FIXMECHEM:"2-{1-[2-(4-Chlorobenzyl)-1-[2-(N,N-diethylamino)ethyl]-1H-benzo[d]imidazol-5-yl]-ethylidene}hydrazine-1-carbothioamide")	decreases	a(TAX:"Influenza A virus (A/Hong Kong/7/1987(H3N2))")	{"annotations": {"PublicationStatus": {"Published": true}, "PublicationType": {"Research": true}, "Section": {"Results": true}}, "citation": {"authors": ["Cichero E", "Francesconi V", "Naesens L", "Schenone S", "Tonelli M"], "date": "2020-03-25", "db": "PubMed", "db_id": "32218301", "db_name": "Molecules (Basel, Switzerland)", "first": "Francesconi V", "last": "Tonelli M", "volume": "25"}, "evidence": "Seven compounds displayed activity against one of more human respiratory viruses; i.e., RSV (22 and 25), influenza A virus (6, 8, 16, 17 and 22) or human coronavirus (6, 8, 16, 17 and 24) (Table 1).", "line": 50, "relation": "decreases"}
a(FIXMECHEM:"2-{1-[2-(4-Chlorobenzyl)-1-[2-(N,N-diethylamino)ethyl]-1H-benzo[d]imidazol-5-yl]-ethylidene}hydrazine-1-carbothioamide")	decreases	a(TAX:"Influenza A virus (H1N1)")	{"annotations": {"PublicationStatus": {"Published": true}, "PublicationType": {"Research": true}, "Section": {"Results": true}}, "citation": {"authors": ["Cichero E", "Francesconi V", "Naesens L", "Schenone S", "Tonelli M"], "date": "2020-03-25", "db": "PubMed", "db_id": "32218301", "db_name": "Molecules (Basel, Switzerland)", "first": "Francesconi V", "last": "Tonelli M", "volume": "25"}, "evidence": "Seven compounds displayed activity against one of more human respiratory viruses; i.e., RSV (22 and 25), influenza A virus (6, 8, 16, 17 and 22) or human coronavirus (6, 8, 16, 17 and 24) (Table 1).", "line": 51, "relation": "decreases"}
a(FIXMECHEM:"2-{1-[2-(4-Chlorobenzyl)-1-[2-(N,N-diethylamino)ethyl]-1H-benzo[d]imidazol-5-yl]-ethylidene}hydrazine-1-carbothioamide")	decreases	a(TAX:"Human coronavirus 229E")	{"annotations": {"PublicationStatus": {"Published": true}, "PublicationType": {"Research": true}, "Section": {"Results": true}}, "citation": {"authors": ["Cichero E", "Francesconi V", "Naesens L", "Schenone S", "Tonelli M"], "date": "2020-03-25", "db": "PubMed", "db_id": "32218301", "db_name": "Molecules (Basel, Switzerland)", "first": "Francesconi V", "last": "Tonelli M", "volume": "25"}, "evidence": "Seven compounds displayed activity against one of more human respiratory viruses; i.e., RSV (22 and 25), influenza A virus (6, 8, 16, 17 and 22) or human coronavirus (6, 8, 16, 17 and 24) (Table 1).", "line": 66, "relation": "decreases"}
p(UNIPROT:P12568)	partOf	complex(a(FIXMECHEM:"2-(1-{2-[(2H-Benzo[d][1,2,3]triazol-1-yl)methyl]-1-[3-(N,N-dimethylamino)propyl]-1H-benzo[d]imidazol-5-yl}ethylidene)hydrazine-1-carbothioamide"), p(UNIPROT:P12568))	{"relation": "partOf"}
p(UNIPROT:P12568)	partOf	complex(a(FIXMECHEM:"2-[(Benzotriazol-2-yl)methyl]-1-[2-(N,N-diethylamino)ethyl]-5-(1-hydrazineylideneethyl)-1H-benzo[d]imidazole"), p(UNIPROT:P12568))	{"relation": "partOf"}
