a(MESH:"Age of Onset")	positiveCorrelation	a(TAX:"Severe acute respiratory syndrome coronavirus 2")	{"annotations": {"Custom_Disease": {"COVID-19": true}, "PublicationStatus": {"Published": true}, "PublicationType": {"Research": true}, "Section": {"Results": true}, "Species": {"9606": true}}, "citation": {"authors": ["Cai JP", "Chan JF", "Chan JM", "Chan KH", "Chan WM", "Chen H", "Chen LL", "Chen Z", "Cheng VC", "Chik TS", "Choi CY", "Hung IF", "Ip JD", "Lau DP", "Leung WS", "Lung DC", "Luo CT", "Ng AC", "Poon RW", "Tam AR", "To KK", "Tsang OT", "Wu TC", "Yip CC", "Yuen KY"], "date": "2020-03-23", "db": "PubMed", "db_id": "32213337", "db_name": "The Lancet. Infectious diseases", "first": "To KK", "last": "Yuen KY"}, "evidence": "A significant positive correlation between age and peak viral load was noted (Spearman\u2019s \u03c1=0\u00b748, 95% CI 0\u00b7074\u20130\u00b775; p=0\u00b7020; figure 3A).", "line": 129, "relation": "positiveCorrelation"}
a(MESH:"Immunoglobulin G")	decreases	p(COVID:N)	{"annotations": {"Assay": {"enzyme immunoassay": true}, "Custom_Disease": {"COVID-19": true}, "PublicationStatus": {"Published": true}, "PublicationType": {"Research": true}, "Section": {"Results": true}, "Species": {"9606": true}, "Timeline": {"10 days": true}}, "citation": {"authors": ["Cai JP", "Chan JF", "Chan JM", "Chan KH", "Chan WM", "Chen H", "Chen LL", "Chen Z", "Cheng VC", "Chik TS", "Choi CY", "Hung IF", "Ip JD", "Lau DP", "Leung WS", "Lung DC", "Luo CT", "Ng AC", "Poon RW", "Tam AR", "To KK", "Tsang OT", "Wu TC", "Yip CC", "Yuen KY"], "date": "2020-03-23", "db": "PubMed", "db_id": "32213337", "db_name": "The Lancet. Infectious diseases", "first": "To KK", "last": "Yuen KY"}, "evidence": "An increase was noted in IgG or IgM antibody levels against NP or RBD for most patients at 10 days or later after symptom onset, as shown by OD values in EIA (figure 4).", "line": 141, "relation": "decreases"}
a(MESH:"Immunoglobulin G")	decreases	p(COVID:S)	{"annotations": {"Assay": {"enzyme immunoassay": true}, "Custom_Disease": {"COVID-19": true}, "PublicationStatus": {"Published": true}, "PublicationType": {"Research": true}, "Section": {"Results": true}, "Species": {"9606": true}, "Timeline": {"10 days": true}}, "citation": {"authors": ["Cai JP", "Chan JF", "Chan JM", "Chan KH", "Chan WM", "Chen H", "Chen LL", "Chen Z", "Cheng VC", "Chik TS", "Choi CY", "Hung IF", "Ip JD", "Lau DP", "Leung WS", "Lung DC", "Luo CT", "Ng AC", "Poon RW", "Tam AR", "To KK", "Tsang OT", "Wu TC", "Yip CC", "Yuen KY"], "date": "2020-03-23", "db": "PubMed", "db_id": "32213337", "db_name": "The Lancet. Infectious diseases", "first": "To KK", "last": "Yuen KY"}, "evidence": "An increase was noted in IgG or IgM antibody levels against NP or RBD for most patients at 10 days or later after symptom onset, as shown by OD values in EIA (figure 4).", "line": 144, "relation": "decreases"}
a(MESH:"Immunoglobulin M")	decreases	p(COVID:N)	{"annotations": {"Assay": {"enzyme immunoassay": true}, "Custom_Disease": {"COVID-19": true}, "PublicationStatus": {"Published": true}, "PublicationType": {"Research": true}, "Section": {"Results": true}, "Species": {"9606": true}, "Timeline": {"10 days": true}}, "citation": {"authors": ["Cai JP", "Chan JF", "Chan JM", "Chan KH", "Chan WM", "Chen H", "Chen LL", "Chen Z", "Cheng VC", "Chik TS", "Choi CY", "Hung IF", "Ip JD", "Lau DP", "Leung WS", "Lung DC", "Luo CT", "Ng AC", "Poon RW", "Tam AR", "To KK", "Tsang OT", "Wu TC", "Yip CC", "Yuen KY"], "date": "2020-03-23", "db": "PubMed", "db_id": "32213337", "db_name": "The Lancet. Infectious diseases", "first": "To KK", "last": "Yuen KY"}, "evidence": "An increase was noted in IgG or IgM antibody levels against NP or RBD for most patients at 10 days or later after symptom onset, as shown by OD values in EIA (figure 4).", "line": 142, "relation": "decreases"}
a(MESH:"Immunoglobulin M")	decreases	p(COVID:S)	{"annotations": {"Assay": {"enzyme immunoassay": true}, "Custom_Disease": {"COVID-19": true}, "PublicationStatus": {"Published": true}, "PublicationType": {"Research": true}, "Section": {"Results": true}, "Species": {"9606": true}, "Timeline": {"10 days": true}}, "citation": {"authors": ["Cai JP", "Chan JF", "Chan JM", "Chan KH", "Chan WM", "Chen H", "Chen LL", "Chen Z", "Cheng VC", "Chik TS", "Choi CY", "Hung IF", "Ip JD", "Lau DP", "Leung WS", "Lung DC", "Luo CT", "Ng AC", "Poon RW", "Tam AR", "To KK", "Tsang OT", "Wu TC", "Yip CC", "Yuen KY"], "date": "2020-03-23", "db": "PubMed", "db_id": "32213337", "db_name": "The Lancet. Infectious diseases", "first": "To KK", "last": "Yuen KY"}, "evidence": "An increase was noted in IgG or IgM antibody levels against NP or RBD for most patients at 10 days or later after symptom onset, as shown by OD values in EIA (figure 4).", "line": 145, "relation": "decreases"}
a(TAX:"Severe acute respiratory syndrome coronavirus 2")	association	r(COVID:ORF1ab)	{"annotations": {"MeSHAnatomy": {"Blood": true}, "PublicationStatus": {"Published": true}, "PublicationType": {"Research": true}, "Sample": {"Rectal swab": true}, "Section": {"Results": true}, "Severity": {"Mild": true, "Severe": true}, "Species": {"9606": true}}, "citation": {"authors": ["Cai JP", "Chan JF", "Chan JM", "Chan KH", "Chan WM", "Chen H", "Chen LL", "Chen Z", "Cheng VC", "Chik TS", "Choi CY", "Hung IF", "Ip JD", "Lau DP", "Leung WS", "Lung DC", "Luo CT", "Ng AC", "Poon RW", "Tam AR", "To KK", "Tsang OT", "Wu TC", "Yip CC", "Yuen KY"], "date": "2020-03-23", "db": "PubMed", "db_id": "32213337", "db_name": "The Lancet. Infectious diseases", "first": "To KK", "last": "Yuen KY"}, "evidence": "SARS-CoV-2 RNA was detected in blood samples in five (22%) patients and rectal swabs in four (27%), but the detection rate between severe and mild cases did not differ (p=0\u00b762 and p=0\u00b757, respectively; table).", "line": 108, "relation": "association"}
a(TAX:"Severe acute respiratory syndrome coronavirus 2")	positiveCorrelation	a(MESH:"Age of Onset")	{"annotations": {"Custom_Disease": {"COVID-19": true}, "PublicationStatus": {"Published": true}, "PublicationType": {"Research": true}, "Section": {"Results": true}, "Species": {"9606": true}}, "citation": {"authors": ["Cai JP", "Chan JF", "Chan JM", "Chan KH", "Chan WM", "Chen H", "Chen LL", "Chen Z", "Cheng VC", "Chik TS", "Choi CY", "Hung IF", "Ip JD", "Lau DP", "Leung WS", "Lung DC", "Luo CT", "Ng AC", "Poon RW", "Tam AR", "To KK", "Tsang OT", "Wu TC", "Yip CC", "Yuen KY"], "date": "2020-03-23", "db": "PubMed", "db_id": "32213337", "db_name": "The Lancet. Infectious diseases", "first": "To KK", "last": "Yuen KY"}, "evidence": "A significant positive correlation between age and peak viral load was noted (Spearman\u2019s \u03c1=0\u00b748, 95% CI 0\u00b7074\u20130\u00b775; p=0\u00b7020; figure 3A).", "line": 129, "relation": "positiveCorrelation"}
a(TAX:"Severe acute respiratory syndrome coronavirus 2")	increases	a(MESH:"Immunoglobulin G")	{"annotations": {"Assay": {"enzyme immunoassay": true}, "Custom_Disease": {"COVID-19": true}, "PublicationStatus": {"Published": true}, "PublicationType": {"Research": true}, "Section": {"Results": true}, "Species": {"9606": true}, "Timeline": {"10 days": true}}, "citation": {"authors": ["Cai JP", "Chan JF", "Chan JM", "Chan KH", "Chan WM", "Chen H", "Chen LL", "Chen Z", "Cheng VC", "Chik TS", "Choi CY", "Hung IF", "Ip JD", "Lau DP", "Leung WS", "Lung DC", "Luo CT", "Ng AC", "Poon RW", "Tam AR", "To KK", "Tsang OT", "Wu TC", "Yip CC", "Yuen KY"], "date": "2020-03-23", "db": "PubMed", "db_id": "32213337", "db_name": "The Lancet. Infectious diseases", "first": "To KK", "last": "Yuen KY"}, "evidence": "An increase was noted in IgG or IgM antibody levels against NP or RBD for most patients at 10 days or later after symptom onset, as shown by OD values in EIA (figure 4).", "line": 139, "relation": "increases"}
a(TAX:"Severe acute respiratory syndrome coronavirus 2")	increases	a(MESH:"Immunoglobulin M")	{"annotations": {"Assay": {"enzyme immunoassay": true}, "Custom_Disease": {"COVID-19": true}, "PublicationStatus": {"Published": true}, "PublicationType": {"Research": true}, "Section": {"Results": true}, "Species": {"9606": true}, "Timeline": {"10 days": true}}, "citation": {"authors": ["Cai JP", "Chan JF", "Chan JM", "Chan KH", "Chan WM", "Chen H", "Chen LL", "Chen Z", "Cheng VC", "Chik TS", "Choi CY", "Hung IF", "Ip JD", "Lau DP", "Leung WS", "Lung DC", "Luo CT", "Ng AC", "Poon RW", "Tam AR", "To KK", "Tsang OT", "Wu TC", "Yip CC", "Yuen KY"], "date": "2020-03-23", "db": "PubMed", "db_id": "32213337", "db_name": "The Lancet. Infectious diseases", "first": "To KK", "last": "Yuen KY"}, "evidence": "An increase was noted in IgG or IgM antibody levels against NP or RBD for most patients at 10 days or later after symptom onset, as shown by OD values in EIA (figure 4).", "line": 140, "relation": "increases"}
a(TAX:"Severe acute respiratory syndrome coronavirus 2")	association	p(COVID:N)	{"annotations": {"Assay": {"enzyme immunoassay": true}, "Custom_Disease": {"COVID-19": true}, "PublicationStatus": {"Published": true}, "PublicationType": {"Research": true}, "Section": {"Results": true}, "Species": {"9606": true}, "Timeline": {"10 days": true}}, "citation": {"authors": ["Cai JP", "Chan JF", "Chan JM", "Chan KH", "Chan WM", "Chen H", "Chen LL", "Chen Z", "Cheng VC", "Chik TS", "Choi CY", "Hung IF", "Ip JD", "Lau DP", "Leung WS", "Lung DC", "Luo CT", "Ng AC", "Poon RW", "Tam AR", "To KK", "Tsang OT", "Wu TC", "Yip CC", "Yuen KY"], "date": "2020-03-23", "db": "PubMed", "db_id": "32213337", "db_name": "The Lancet. Infectious diseases", "first": "To KK", "last": "Yuen KY"}, "evidence": "An increase was noted in IgG or IgM antibody levels against NP or RBD for most patients at 10 days or later after symptom onset, as shown by OD values in EIA (figure 4).", "line": 143, "relation": "association"}
a(TAX:"Severe acute respiratory syndrome coronavirus 2")	association	p(COVID:S)	{"annotations": {"Assay": {"enzyme immunoassay": true}, "Custom_Disease": {"COVID-19": true}, "PublicationStatus": {"Published": true}, "PublicationType": {"Research": true}, "Section": {"Results": true}, "Species": {"9606": true}, "Timeline": {"10 days": true}}, "citation": {"authors": ["Cai JP", "Chan JF", "Chan JM", "Chan KH", "Chan WM", "Chen H", "Chen LL", "Chen Z", "Cheng VC", "Chik TS", "Choi CY", "Hung IF", "Ip JD", "Lau DP", "Leung WS", "Lung DC", "Luo CT", "Ng AC", "Poon RW", "Tam AR", "To KK", "Tsang OT", "Wu TC", "Yip CC", "Yuen KY"], "date": "2020-03-23", "db": "PubMed", "db_id": "32213337", "db_name": "The Lancet. Infectious diseases", "first": "To KK", "last": "Yuen KY"}, "evidence": "An increase was noted in IgG or IgM antibody levels against NP or RBD for most patients at 10 days or later after symptom onset, as shown by OD values in EIA (figure 4).", "line": 146, "relation": "association"}
p(COVID:N)	association	a(TAX:"Severe acute respiratory syndrome coronavirus 2")	{"annotations": {"Assay": {"enzyme immunoassay": true}, "Custom_Disease": {"COVID-19": true}, "PublicationStatus": {"Published": true}, "PublicationType": {"Research": true}, "Section": {"Results": true}, "Species": {"9606": true}, "Timeline": {"10 days": true}}, "citation": {"authors": ["Cai JP", "Chan JF", "Chan JM", "Chan KH", "Chan WM", "Chen H", "Chen LL", "Chen Z", "Cheng VC", "Chik TS", "Choi CY", "Hung IF", "Ip JD", "Lau DP", "Leung WS", "Lung DC", "Luo CT", "Ng AC", "Poon RW", "Tam AR", "To KK", "Tsang OT", "Wu TC", "Yip CC", "Yuen KY"], "date": "2020-03-23", "db": "PubMed", "db_id": "32213337", "db_name": "The Lancet. Infectious diseases", "first": "To KK", "last": "Yuen KY"}, "evidence": "An increase was noted in IgG or IgM antibody levels against NP or RBD for most patients at 10 days or later after symptom onset, as shown by OD values in EIA (figure 4).", "line": 143, "relation": "association"}
p(COVID:S)	association	a(TAX:"Severe acute respiratory syndrome coronavirus 2")	{"annotations": {"Assay": {"enzyme immunoassay": true}, "Custom_Disease": {"COVID-19": true}, "PublicationStatus": {"Published": true}, "PublicationType": {"Research": true}, "Section": {"Results": true}, "Species": {"9606": true}, "Timeline": {"10 days": true}}, "citation": {"authors": ["Cai JP", "Chan JF", "Chan JM", "Chan KH", "Chan WM", "Chen H", "Chen LL", "Chen Z", "Cheng VC", "Chik TS", "Choi CY", "Hung IF", "Ip JD", "Lau DP", "Leung WS", "Lung DC", "Luo CT", "Ng AC", "Poon RW", "Tam AR", "To KK", "Tsang OT", "Wu TC", "Yip CC", "Yuen KY"], "date": "2020-03-23", "db": "PubMed", "db_id": "32213337", "db_name": "The Lancet. Infectious diseases", "first": "To KK", "last": "Yuen KY"}, "evidence": "An increase was noted in IgG or IgM antibody levels against NP or RBD for most patients at 10 days or later after symptom onset, as shown by OD values in EIA (figure 4).", "line": 146, "relation": "association"}
path(DO:"COVID-19")	increases	path(MESH:Cough)	{"annotations": {"PublicationStatus": {"Published": true}, "PublicationType": {"Research": true}, "Section": {"Results": true}, "Species": {"9606": true}}, "citation": {"authors": ["Cai JP", "Chan JF", "Chan JM", "Chan KH", "Chan WM", "Chen H", "Chen LL", "Chen Z", "Cheng VC", "Chik TS", "Choi CY", "Hung IF", "Ip JD", "Lau DP", "Leung WS", "Lung DC", "Luo CT", "Ng AC", "Poon RW", "Tam AR", "To KK", "Tsang OT", "Wu TC", "Yip CC", "Yuen KY"], "date": "2020-03-23", "db": "PubMed", "db_id": "32213337", "db_name": "The Lancet. Infectious diseases", "first": "To KK", "last": "Yuen KY"}, "evidence": "On presentation, the most common symptom was fever in 22 patients (96%), followed by cough in five (22%), chills in four (17%), and dyspnoea in four (17%; table).", "line": 52, "relation": "increases"}
path(DO:"COVID-19")	increases	path(MESH:Chills)	{"annotations": {"PublicationStatus": {"Published": true}, "PublicationType": {"Research": true}, "Section": {"Results": true}, "Species": {"9606": true}}, "citation": {"authors": ["Cai JP", "Chan JF", "Chan JM", "Chan KH", "Chan WM", "Chen H", "Chen LL", "Chen Z", "Cheng VC", "Chik TS", "Choi CY", "Hung IF", "Ip JD", "Lau DP", "Leung WS", "Lung DC", "Luo CT", "Ng AC", "Poon RW", "Tam AR", "To KK", "Tsang OT", "Wu TC", "Yip CC", "Yuen KY"], "date": "2020-03-23", "db": "PubMed", "db_id": "32213337", "db_name": "The Lancet. Infectious diseases", "first": "To KK", "last": "Yuen KY"}, "evidence": "On presentation, the most common symptom was fever in 22 patients (96%), followed by cough in five (22%), chills in four (17%), and dyspnoea in four (17%; table).", "line": 53, "relation": "increases"}
path(DO:"COVID-19")	increases	path(MESH:Dyspnea)	{"annotations": {"PublicationStatus": {"Published": true}, "PublicationType": {"Research": true}, "Section": {"Results": true}, "Species": {"9606": true}}, "citation": {"authors": ["Cai JP", "Chan JF", "Chan JM", "Chan KH", "Chan WM", "Chen H", "Chen LL", "Chen Z", "Cheng VC", "Chik TS", "Choi CY", "Hung IF", "Ip JD", "Lau DP", "Leung WS", "Lung DC", "Luo CT", "Ng AC", "Poon RW", "Tam AR", "To KK", "Tsang OT", "Wu TC", "Yip CC", "Yuen KY"], "date": "2020-03-23", "db": "PubMed", "db_id": "32213337", "db_name": "The Lancet. Infectious diseases", "first": "To KK", "last": "Yuen KY"}, "evidence": "On presentation, the most common symptom was fever in 22 patients (96%), followed by cough in five (22%), chills in four (17%), and dyspnoea in four (17%; table).", "line": 54, "relation": "increases"}
path(DO:"COVID-19")	increases	path(MESH:Dyspnea)	{"annotations": {"PublicationStatus": {"Published": true}, "PublicationType": {"Research": true}, "Section": {"Results": true}, "Severity": {"Severe": true}, "Species": {"9606": true}}, "citation": {"authors": ["Cai JP", "Chan JF", "Chan JM", "Chan KH", "Chan WM", "Chen H", "Chen LL", "Chen Z", "Cheng VC", "Chik TS", "Choi CY", "Hung IF", "Ip JD", "Lau DP", "Leung WS", "Lung DC", "Luo CT", "Ng AC", "Poon RW", "Tam AR", "To KK", "Tsang OT", "Wu TC", "Yip CC", "Yuen KY"], "date": "2020-03-23", "db": "PubMed", "db_id": "32213337", "db_name": "The Lancet. Infectious diseases", "first": "To KK", "last": "Yuen KY"}, "evidence": "Dyspnoea was significantly more frequent among the ten patients with severe disease than among those with mild disease (four [40%] of ten vs none [0%] of 13; p=0\u00b7024).", "line": 61, "relation": "increases"}
path(DO:"COVID-19")	increases	p(GFAM:"Alkaline phosphatases")	{"annotations": {"MeSHAnatomy": {"Serum": true}, "PublicationStatus": {"Published": true}, "PublicationType": {"Research": true}, "Section": {"Results": true}, "Severity": {"Severe": true}, "Species": {"9606": true}}, "citation": {"authors": ["Cai JP", "Chan JF", "Chan JM", "Chan KH", "Chan WM", "Chen H", "Chen LL", "Chen Z", "Cheng VC", "Chik TS", "Choi CY", "Hung IF", "Ip JD", "Lau DP", "Leung WS", "Lung DC", "Luo CT", "Ng AC", "Poon RW", "Tam AR", "To KK", "Tsang OT", "Wu TC", "Yip CC", "Yuen KY"], "date": "2020-03-23", "db": "PubMed", "db_id": "32213337", "db_name": "The Lancet. Infectious diseases", "first": "To KK", "last": "Yuen KY"}, "evidence": "Serum alkaline phosphatase was significantly higher among patients with severe disease than among those with mild disease (74 U/L [range 56\u2013149] vs 60 U/L [38\u2013118]; p=0\u00b7026).", "line": 70, "relation": "increases"}
path(DO:"COVID-19")	decreases	a(MESH:Lymphocytes)	{"annotations": {"PublicationStatus": {"Published": true}, "PublicationType": {"Research": true}, "Section": {"Results": true}, "Severity": {"Severe": true}, "Species": {"9606": true}}, "citation": {"authors": ["Cai JP", "Chan JF", "Chan JM", "Chan KH", "Chan WM", "Chen H", "Chen LL", "Chen Z", "Cheng VC", "Chik TS", "Choi CY", "Hung IF", "Ip JD", "Lau DP", "Leung WS", "Lung DC", "Luo CT", "Ng AC", "Poon RW", "Tam AR", "To KK", "Tsang OT", "Wu TC", "Yip CC", "Yuen KY"], "date": "2020-03-23", "db": "PubMed", "db_id": "32213337", "db_name": "The Lancet. Infectious diseases", "first": "To KK", "last": "Yuen KY"}, "evidence": "The lymphocyte count was lower among patients with severe disease than among those with mild disease (0\u00b765 \u00d7 10\u2079 cells per L [range 0\u00b730\u20131\u00b790] vs 1\u00b703 [0\u00b757\u20132\u00b725]), but this difference was not significant (p=0\u00b7088).", "line": 80, "relation": "decreases"}
path(DO:"COVID-19")	increases	path(DO:lymphopenia)	{"annotations": {"PublicationStatus": {"Published": true}, "PublicationType": {"Research": true}, "Section": {"Results": true}, "Severity": {"Severe": true}, "Species": {"9606": true}}, "citation": {"authors": ["Cai JP", "Chan JF", "Chan JM", "Chan KH", "Chan WM", "Chen H", "Chen LL", "Chen Z", "Cheng VC", "Chik TS", "Choi CY", "Hung IF", "Ip JD", "Lau DP", "Leung WS", "Lung DC", "Luo CT", "Ng AC", "Poon RW", "Tam AR", "To KK", "Tsang OT", "Wu TC", "Yip CC", "Yuen KY"], "date": "2020-03-23", "db": "PubMed", "db_id": "32213337", "db_name": "The Lancet. Infectious diseases", "first": "To KK", "last": "Yuen KY"}, "evidence": "Lymphopenia and neutrophilia were present in a higher proportion of patients with severe disease than in those with mild disease, but the differences were not significant (p=0\u00b7090 and p=0\u00b7068, respectively).", "line": 88, "relation": "increases"}
path(DO:"COVID-19")	increases	path(HP:Neutrophilia)	{"annotations": {"PublicationStatus": {"Published": true}, "PublicationType": {"Research": true}, "Section": {"Results": true}, "Severity": {"Severe": true}, "Species": {"9606": true}}, "citation": {"authors": ["Cai JP", "Chan JF", "Chan JM", "Chan KH", "Chan WM", "Chen H", "Chen LL", "Chen Z", "Cheng VC", "Chik TS", "Choi CY", "Hung IF", "Ip JD", "Lau DP", "Leung WS", "Lung DC", "Luo CT", "Ng AC", "Poon RW", "Tam AR", "To KK", "Tsang OT", "Wu TC", "Yip CC", "Yuen KY"], "date": "2020-03-23", "db": "PubMed", "db_id": "32213337", "db_name": "The Lancet. Infectious diseases", "first": "To KK", "last": "Yuen KY"}, "evidence": "Lymphopenia and neutrophilia were present in a higher proportion of patients with severe disease than in those with mild disease, but the differences were not significant (p=0\u00b7090 and p=0\u00b7068, respectively).", "line": 89, "relation": "increases"}
path(DO:"COVID-19")	increases	path(HP:"Ground-glass opacification on pulmonary HRCT")	{"annotations": {"PublicationStatus": {"Published": true}, "PublicationType": {"Research": true}, "Section": {"Results": true}, "Species": {"9606": true}, "Technique": {"computed tomography": true}}, "citation": {"authors": ["Cai JP", "Chan JF", "Chan JM", "Chan KH", "Chan WM", "Chen H", "Chen LL", "Chen Z", "Cheng VC", "Chik TS", "Choi CY", "Hung IF", "Ip JD", "Lau DP", "Leung WS", "Lung DC", "Luo CT", "Ng AC", "Poon RW", "Tam AR", "To KK", "Tsang OT", "Wu TC", "Yip CC", "Yuen KY"], "date": "2020-03-23", "db": "PubMed", "db_id": "32213337", "db_name": "The Lancet. Infectious diseases", "first": "To KK", "last": "Yuen KY"}, "evidence": "Multifocal ground-glass lung opacities were seen in 17 (74%) patients on CT.", "line": 96, "relation": "increases"}
path(DO:"COVID-19")	increases	r(COVID:ORF1ab)	{"annotations": {"MeSHAnatomy": {"Blood": true}, "PublicationStatus": {"Published": true}, "PublicationType": {"Research": true}, "Sample": {"Rectal swab": true}, "Section": {"Results": true}, "Severity": {"Mild": true, "Severe": true}, "Species": {"9606": true}}, "citation": {"authors": ["Cai JP", "Chan JF", "Chan JM", "Chan KH", "Chan WM", "Chen H", "Chen LL", "Chen Z", "Cheng VC", "Chik TS", "Choi CY", "Hung IF", "Ip JD", "Lau DP", "Leung WS", "Lung DC", "Luo CT", "Ng AC", "Poon RW", "Tam AR", "To KK", "Tsang OT", "Wu TC", "Yip CC", "Yuen KY"], "date": "2020-03-23", "db": "PubMed", "db_id": "32213337", "db_name": "The Lancet. Infectious diseases", "first": "To KK", "last": "Yuen KY"}, "evidence": "SARS-CoV-2 RNA was detected in blood samples in five (22%) patients and rectal swabs in four (27%), but the detection rate between severe and mild cases did not differ (p=0\u00b762 and p=0\u00b757, respectively; table).", "line": 107, "relation": "increases"}
path(DO:"COVID-19")	increases	a(TAX:"Severe acute respiratory syndrome coronavirus 2")	{"annotations": {"MeSHAnatomy": {"Oropharynx": true}, "PublicationStatus": {"Published": true}, "PublicationType": {"Research": true}, "Sample": {"Saliva": true}, "Section": {"Results": true}, "Species": {"9606": true}, "Timeline": {"7 days": true}}, "citation": {"authors": ["Cai JP", "Chan JF", "Chan JM", "Chan KH", "Chan WM", "Chen H", "Chen LL", "Chen Z", "Cheng VC", "Chik TS", "Choi CY", "Hung IF", "Ip JD", "Lau DP", "Leung WS", "Lung DC", "Luo CT", "Ng AC", "Poon RW", "Tam AR", "To KK", "Tsang OT", "Wu TC", "Yip CC", "Yuen KY"], "date": "2020-03-23", "db": "PubMed", "db_id": "32213337", "db_name": "The Lancet. Infectious diseases", "first": "To KK", "last": "Yuen KY"}, "evidence": "The viral load in posterior oropharyngeal saliva samples was highest during the first week of symptom onset then gradually declined (slope \u20130\u00b715, 95% CI \u20130\u00b719 to \u20130\u00b711; R\u00b2=0\u00b771; figure 2).", "line": 120, "relation": "increases"}
r(COVID:ORF1ab)	association	a(TAX:"Severe acute respiratory syndrome coronavirus 2")	{"annotations": {"MeSHAnatomy": {"Blood": true}, "PublicationStatus": {"Published": true}, "PublicationType": {"Research": true}, "Sample": {"Rectal swab": true}, "Section": {"Results": true}, "Severity": {"Mild": true, "Severe": true}, "Species": {"9606": true}}, "citation": {"authors": ["Cai JP", "Chan JF", "Chan JM", "Chan KH", "Chan WM", "Chen H", "Chen LL", "Chen Z", "Cheng VC", "Chik TS", "Choi CY", "Hung IF", "Ip JD", "Lau DP", "Leung WS", "Lung DC", "Luo CT", "Ng AC", "Poon RW", "Tam AR", "To KK", "Tsang OT", "Wu TC", "Yip CC", "Yuen KY"], "date": "2020-03-23", "db": "PubMed", "db_id": "32213337", "db_name": "The Lancet. Infectious diseases", "first": "To KK", "last": "Yuen KY"}, "evidence": "SARS-CoV-2 RNA was detected in blood samples in five (22%) patients and rectal swabs in four (27%), but the detection rate between severe and mild cases did not differ (p=0\u00b762 and p=0\u00b757, respectively; table).", "line": 108, "relation": "association"}
