a(CHEBI:"(+)-Tetrandrine")	negativeCorrelation	act(p(MGI:Tpcn2))	{"annotations": {"PublicationStatus": {"Published": true}, "PublicationType": {"Research": true}, "Section": {"Results": true}}, "citation": {"authors": ["Chen J", "Chen T", "Chen X", "Guo L", "Guo R", "Hu J", "Hu K", "Jin Q", "Lei X", "Li P", "Liu Y", "Mi D", "Mu Z", "Ou X", "Qian Z", "Ren L", "Wang J", "Xiang Z"], "date": "2020-03-27", "db": "PubMed", "db_id": "32221306", "db_name": "Nature communications", "first": "Ou X", "last": "Qian Z", "pages": "1620", "volume": "11"}, "evidence": "While blocking TPC2 activity by tetrandrine, an inhibitor for TPC237, decreased entry of SARS-CoV-2 S pseudovirions (Fig. 3f), treatment of cells with 130, a TRPML1 inhibitor, had no effect (Supplementary Fig. 1), indicating that TPC2, not TRPML1, is important for SARS-CoV-2 entry.", "line": 96, "object": {"modifier": "Activity"}, "relation": "negativeCorrelation"}
a(CHEBI:"(+)-Tetrandrine")	negativeCorrelation	a(TAX:"Severe acute respiratory syndrome coronavirus 2")	{"annotations": {"PublicationStatus": {"Published": true}, "PublicationType": {"Research": true}, "Section": {"Results": true}, "Virus_type": {"pseudovirion": true}}, "citation": {"authors": ["Chen J", "Chen T", "Chen X", "Guo L", "Guo R", "Hu J", "Hu K", "Jin Q", "Lei X", "Li P", "Liu Y", "Mi D", "Mu Z", "Ou X", "Qian Z", "Ren L", "Wang J", "Xiang Z"], "date": "2020-03-27", "db": "PubMed", "db_id": "32221306", "db_name": "Nature communications", "first": "Ou X", "last": "Qian Z", "pages": "1620", "volume": "11"}, "evidence": "While blocking TPC2 activity by tetrandrine, an inhibitor for TPC237, decreased entry of SARS-CoV-2 S pseudovirions (Fig. 3f), treatment of cells with 130, a TRPML1 inhibitor, had no effect (Supplementary Fig. 1), indicating that TPC2, not TRPML1, is important for SARS-CoV-2 entry.", "line": 98, "relation": "negativeCorrelation"}
a(CHEBI:"ammonium chloride")	negativeCorrelation	a(MESH:"G protein, vesicular stomatitis virus")	{"annotations": {"Custom_CellLine": {"HEK293/hACE": true}, "PublicationStatus": {"Published": true}, "PublicationType": {"Research": true}, "Section": {"Results": true}, "Virus_type": {"pseudovirion": true}, "concentration": {"20 nM": true}}, "citation": {"authors": ["Chen J", "Chen T", "Chen X", "Guo L", "Guo R", "Hu J", "Hu K", "Jin Q", "Lei X", "Li P", "Liu Y", "Mi D", "Mu Z", "Ou X", "Qian Z", "Ren L", "Wang J", "Xiang Z"], "date": "2020-03-27", "db": "PubMed", "db_id": "32221306", "db_name": "Nature communications", "first": "Ou X", "last": "Qian Z", "pages": "1620", "volume": "11"}, "evidence": "Consistent with previous reports, 20mM NH4Cl and 100 nM bafilomycin A decreased entry of SARS-CoV S and VSV-G pseudovirions by over 99%, compared to no treatment control.", "line": 55, "relation": "negativeCorrelation"}
a(CHEBI:"ammonium chloride")	negativeCorrelation	p(COVID:S)	{"annotations": {"Custom_CellLine": {"HEK293/hACE": true}, "PublicationStatus": {"Published": true}, "PublicationType": {"Research": true}, "Section": {"Results": true}, "Virus_type": {"pseudovirion": true}, "concentration": {"20 nM": true}}, "citation": {"authors": ["Chen J", "Chen T", "Chen X", "Guo L", "Guo R", "Hu J", "Hu K", "Jin Q", "Lei X", "Li P", "Liu Y", "Mi D", "Mu Z", "Ou X", "Qian Z", "Ren L", "Wang J", "Xiang Z"], "date": "2020-03-27", "db": "PubMed", "db_id": "32221306", "db_name": "Nature communications", "first": "Ou X", "last": "Qian Z", "pages": "1620", "volume": "11"}, "evidence": "Consistent with previous reports, 20mM NH4Cl and 100 nM bafilomycin A decreased entry of SARS-CoV S and VSV-G pseudovirions by over 99%, compared to no treatment control.", "line": 56, "relation": "negativeCorrelation"}
a(CHEBI:"bafilomycin A1")	negativeCorrelation	a(MESH:"G protein, vesicular stomatitis virus")	{"annotations": {"Custom_CellLine": {"HEK293/hACE": true}, "PublicationStatus": {"Published": true}, "PublicationType": {"Research": true}, "Section": {"Results": true}, "Virus_type": {"pseudovirion": true}, "concentration": {"100 nM": true}}, "citation": {"authors": ["Chen J", "Chen T", "Chen X", "Guo L", "Guo R", "Hu J", "Hu K", "Jin Q", "Lei X", "Li P", "Liu Y", "Mi D", "Mu Z", "Ou X", "Qian Z", "Ren L", "Wang J", "Xiang Z"], "date": "2020-03-27", "db": "PubMed", "db_id": "32221306", "db_name": "Nature communications", "first": "Ou X", "last": "Qian Z", "pages": "1620", "volume": "11"}, "evidence": "Consistent with previous reports, 20mM NH4Cl and 100 nM bafilomycin A decreased entry of SARS-CoV S and VSV-G pseudovirions by over 99%, compared to no treatment control.", "line": 59, "relation": "negativeCorrelation"}
a(CHEBI:"bafilomycin A1")	negativeCorrelation	p(COVID:S)	{"annotations": {"Custom_CellLine": {"HEK293/hACE": true}, "PublicationStatus": {"Published": true}, "PublicationType": {"Research": true}, "Section": {"Results": true}, "Virus_type": {"pseudovirion": true}, "concentration": {"100 nM": true}}, "citation": {"authors": ["Chen J", "Chen T", "Chen X", "Guo L", "Guo R", "Hu J", "Hu K", "Jin Q", "Lei X", "Li P", "Liu Y", "Mi D", "Mu Z", "Ou X", "Qian Z", "Ren L", "Wang J", "Xiang Z"], "date": "2020-03-27", "db": "PubMed", "db_id": "32221306", "db_name": "Nature communications", "first": "Ou X", "last": "Qian Z", "pages": "1620", "volume": "11"}, "evidence": "Consistent with previous reports, 20mM NH4Cl and 100 nM bafilomycin A decreased entry of SARS-CoV S and VSV-G pseudovirions by over 99%, compared to no treatment control.", "line": 60, "relation": "negativeCorrelation"}
a(CHEBI:aloxistatin)	decreases	p(COVID:S)	{"annotations": {"Custom_CellLine": {"HEK293/hACE": true}, "PublicationStatus": {"Published": true}, "PublicationType": {"Research": true}, "Section": {"Results": true}}, "citation": {"authors": ["Chen J", "Chen T", "Chen X", "Guo L", "Guo R", "Hu J", "Hu K", "Jin Q", "Lei X", "Li P", "Liu Y", "Mi D", "Mu Z", "Ou X", "Qian Z", "Ren L", "Wang J", "Xiang Z"], "date": "2020-03-27", "db": "PubMed", "db_id": "32221306", "db_name": "Nature communications", "first": "Ou X", "last": "Qian Z", "pages": "1620", "volume": "11"}, "evidence": "E64D treatment of 293/hACE2 cells reduced entry of SARS-CoV-2 S pseudovirions by 92.5%, indicating that at least one of cathepsins or calpain might be required for SARS-CoV-2 entry (Fig. 4a).", "line": 106, "relation": "decreases"}
a(MESH:"G protein, vesicular stomatitis virus")	negativeCorrelation	a(CHEBI:"ammonium chloride")	{"annotations": {"Custom_CellLine": {"HEK293/hACE": true}, "PublicationStatus": {"Published": true}, "PublicationType": {"Research": true}, "Section": {"Results": true}, "Virus_type": {"pseudovirion": true}, "concentration": {"20 nM": true}}, "citation": {"authors": ["Chen J", "Chen T", "Chen X", "Guo L", "Guo R", "Hu J", "Hu K", "Jin Q", "Lei X", "Li P", "Liu Y", "Mi D", "Mu Z", "Ou X", "Qian Z", "Ren L", "Wang J", "Xiang Z"], "date": "2020-03-27", "db": "PubMed", "db_id": "32221306", "db_name": "Nature communications", "first": "Ou X", "last": "Qian Z", "pages": "1620", "volume": "11"}, "evidence": "Consistent with previous reports, 20mM NH4Cl and 100 nM bafilomycin A decreased entry of SARS-CoV S and VSV-G pseudovirions by over 99%, compared to no treatment control.", "line": 55, "relation": "negativeCorrelation"}
a(MESH:"G protein, vesicular stomatitis virus")	negativeCorrelation	a(CHEBI:"bafilomycin A1")	{"annotations": {"Custom_CellLine": {"HEK293/hACE": true}, "PublicationStatus": {"Published": true}, "PublicationType": {"Research": true}, "Section": {"Results": true}, "Virus_type": {"pseudovirion": true}, "concentration": {"100 nM": true}}, "citation": {"authors": ["Chen J", "Chen T", "Chen X", "Guo L", "Guo R", "Hu J", "Hu K", "Jin Q", "Lei X", "Li P", "Liu Y", "Mi D", "Mu Z", "Ou X", "Qian Z", "Ren L", "Wang J", "Xiang Z"], "date": "2020-03-27", "db": "PubMed", "db_id": "32221306", "db_name": "Nature communications", "first": "Ou X", "last": "Qian Z", "pages": "1620", "volume": "11"}, "evidence": "Consistent with previous reports, 20mM NH4Cl and 100 nM bafilomycin A decreased entry of SARS-CoV S and VSV-G pseudovirions by over 99%, compared to no treatment control.", "line": 59, "relation": "negativeCorrelation"}
a(MESH:"Murine hepatitis virus")	negativeCorrelation	a(PUBCHEM:10173277)	{"annotations": {"Custom_CellLine": {"17cl1": true}, "PublicationStatus": {"Published": true}, "PublicationType": {"Research": true}, "Section": {"Results": true}}, "citation": {"authors": ["Chen J", "Chen T", "Chen X", "Guo L", "Guo R", "Hu J", "Hu K", "Jin Q", "Lei X", "Li P", "Liu Y", "Mi D", "Mu Z", "Ou X", "Qian Z", "Ren L", "Wang J", "Xiang Z"], "date": "2020-03-27", "db": "PubMed", "db_id": "32221306", "db_name": "Nature communications", "first": "Ou X", "last": "Qian Z", "pages": "1620", "volume": "11"}, "evidence": "Moreover, infection of live MHV on 17Cl.1 cells was also strongly inhibited by apilimod treatment (Fig. 3c).", "line": 82, "relation": "negativeCorrelation"}
a(PUBCHEM:10173277)	negativeCorrelation	p(HGNC:PIKFYVE)	{"annotations": {"Custom_CellLine": {"HEK293/hACE": true}, "PublicationStatus": {"Published": true}, "PublicationType": {"Research": true}, "Section": {"Results": true}}, "citation": {"authors": ["Chen J", "Chen T", "Chen X", "Guo L", "Guo R", "Hu J", "Hu K", "Jin Q", "Lei X", "Li P", "Liu Y", "Mi D", "Mu Z", "Ou X", "Qian Z", "Ren L", "Wang J", "Xiang Z"], "date": "2020-03-27", "db": "PubMed", "db_id": "32221306", "db_name": "Nature communications", "first": "Ou X", "last": "Qian Z", "pages": "1620", "volume": "11"}, "evidence": "Inhibition of PIKfyve by apilimod significantly reduced entry of SARS- CoV S pseudovirions on 293/hACE2 cells in a dose dependent manner (Fig. 3b), whereas it had no effect on entry of VSV-G pseudovirions, which occurs in early endosomes.", "line": 71, "relation": "negativeCorrelation"}
a(PUBCHEM:10173277)	negativeCorrelation	p(COVID:S)	{"annotations": {"Custom_CellLine": {"HEK293/hACE": true}, "PublicationStatus": {"Published": true}, "PublicationType": {"Research": true}, "Section": {"Results": true}, "Virus_type": {"pseudovirion": true}}, "citation": {"authors": ["Chen J", "Chen T", "Chen X", "Guo L", "Guo R", "Hu J", "Hu K", "Jin Q", "Lei X", "Li P", "Liu Y", "Mi D", "Mu Z", "Ou X", "Qian Z", "Ren L", "Wang J", "Xiang Z"], "date": "2020-03-27", "db": "PubMed", "db_id": "32221306", "db_name": "Nature communications", "first": "Ou X", "last": "Qian Z", "pages": "1620", "volume": "11"}, "evidence": "Inhibition of PIKfyve by apilimod significantly reduced entry of SARS- CoV S pseudovirions on 293/hACE2 cells in a dose dependent manner (Fig. 3b), whereas it had no effect on entry of VSV-G pseudovirions, which occurs in early endosomes.", "line": 73, "relation": "negativeCorrelation"}
a(PUBCHEM:10173277)	causesNoChange	a(MESH:"G protein, vesicular stomatitis virus")	{"annotations": {"Custom_CellLine": {"HEK293/hACE": true}, "PublicationStatus": {"Published": true}, "PublicationType": {"Research": true}, "Section": {"Results": true}, "Virus_type": {"pseudovirion": true}}, "citation": {"authors": ["Chen J", "Chen T", "Chen X", "Guo L", "Guo R", "Hu J", "Hu K", "Jin Q", "Lei X", "Li P", "Liu Y", "Mi D", "Mu Z", "Ou X", "Qian Z", "Ren L", "Wang J", "Xiang Z"], "date": "2020-03-27", "db": "PubMed", "db_id": "32221306", "db_name": "Nature communications", "first": "Ou X", "last": "Qian Z", "pages": "1620", "volume": "11"}, "evidence": "Inhibition of PIKfyve by apilimod significantly reduced entry of SARS- CoV S pseudovirions on 293/hACE2 cells in a dose dependent manner (Fig. 3b), whereas it had no effect on entry of VSV-G pseudovirions, which occurs in early endosomes.", "line": 74, "relation": "causesNoChange"}
a(PUBCHEM:10173277)	negativeCorrelation	a(MESH:"Murine hepatitis virus")	{"annotations": {"Custom_CellLine": {"17cl1": true}, "PublicationStatus": {"Published": true}, "PublicationType": {"Research": true}, "Section": {"Results": true}}, "citation": {"authors": ["Chen J", "Chen T", "Chen X", "Guo L", "Guo R", "Hu J", "Hu K", "Jin Q", "Lei X", "Li P", "Liu Y", "Mi D", "Mu Z", "Ou X", "Qian Z", "Ren L", "Wang J", "Xiang Z"], "date": "2020-03-27", "db": "PubMed", "db_id": "32221306", "db_name": "Nature communications", "first": "Ou X", "last": "Qian Z", "pages": "1620", "volume": "11"}, "evidence": "Moreover, infection of live MHV on 17Cl.1 cells was also strongly inhibited by apilimod treatment (Fig. 3c).", "line": 82, "relation": "negativeCorrelation"}
a(PUBCHEM:10173277)	negativeCorrelation	a(TAX:"Severe acute respiratory syndrome coronavirus 2")	{"annotations": {"PublicationStatus": {"Published": true}, "PublicationType": {"Research": true}, "Section": {"Results": true}}, "citation": {"authors": ["Chen J", "Chen T", "Chen X", "Guo L", "Guo R", "Hu J", "Hu K", "Jin Q", "Lei X", "Li P", "Liu Y", "Mi D", "Mu Z", "Ou X", "Qian Z", "Ren L", "Wang J", "Xiang Z"], "date": "2020-03-27", "db": "PubMed", "db_id": "32221306", "db_name": "Nature communications", "first": "Ou X", "last": "Qian Z", "pages": "1620", "volume": "11"}, "evidence": "As expected, apilimod treatment inhibited entry of SARS-CoV-2 S pseudovirions in a dose dependent manner (Fig. 3d)", "line": 88, "relation": "negativeCorrelation"}
a(PUBCHEM:16725315)	decreases	a(TAX:"Severe acute respiratory syndrome coronavirus 2")	{"annotations": {"Custom_CellLine": {"HEK293/hACE": true}, "PublicationStatus": {"Published": true}, "PublicationType": {"Research": true}, "Section": {"Results": true}}, "citation": {"authors": ["Chen J", "Chen T", "Chen X", "Guo L", "Guo R", "Hu J", "Hu K", "Jin Q", "Lei X", "Li P", "Liu Y", "Mi D", "Mu Z", "Ou X", "Qian Z", "Ren L", "Wang J", "Xiang Z"], "date": "2020-03-27", "db": "PubMed", "db_id": "32221306", "db_name": "Nature communications", "first": "Ou X", "last": "Qian Z", "pages": "1620", "volume": "11"}, "evidence": "While cathepsin B inhibitor treatment did not show any marked effect on virus entry, cathepsin L inhibition treatment decreased entry of SARS-CoV-2 S pseudovirions into 293/hACE2 by over 76% (Fig. 4a), suggesting that cathepsin L should be essential for priming of SARS- CoV-2 S protein in lysosome for entry into 293/hACE2 cells.", "line": 116, "relation": "decreases"}
a(TAX:"Severe acute respiratory syndrome coronavirus 2")	negativeCorrelation	a(PUBCHEM:10173277)	{"annotations": {"PublicationStatus": {"Published": true}, "PublicationType": {"Research": true}, "Section": {"Results": true}}, "citation": {"authors": ["Chen J", "Chen T", "Chen X", "Guo L", "Guo R", "Hu J", "Hu K", "Jin Q", "Lei X", "Li P", "Liu Y", "Mi D", "Mu Z", "Ou X", "Qian Z", "Ren L", "Wang J", "Xiang Z"], "date": "2020-03-27", "db": "PubMed", "db_id": "32221306", "db_name": "Nature communications", "first": "Ou X", "last": "Qian Z", "pages": "1620", "volume": "11"}, "evidence": "As expected, apilimod treatment inhibited entry of SARS-CoV-2 S pseudovirions in a dose dependent manner (Fig. 3d)", "line": 88, "relation": "negativeCorrelation"}
a(TAX:"Severe acute respiratory syndrome coronavirus 2")	negativeCorrelation	a(CHEBI:"(+)-Tetrandrine")	{"annotations": {"PublicationStatus": {"Published": true}, "PublicationType": {"Research": true}, "Section": {"Results": true}, "Virus_type": {"pseudovirion": true}}, "citation": {"authors": ["Chen J", "Chen T", "Chen X", "Guo L", "Guo R", "Hu J", "Hu K", "Jin Q", "Lei X", "Li P", "Liu Y", "Mi D", "Mu Z", "Ou X", "Qian Z", "Ren L", "Wang J", "Xiang Z"], "date": "2020-03-27", "db": "PubMed", "db_id": "32221306", "db_name": "Nature communications", "first": "Ou X", "last": "Qian Z", "pages": "1620", "volume": "11"}, "evidence": "While blocking TPC2 activity by tetrandrine, an inhibitor for TPC237, decreased entry of SARS-CoV-2 S pseudovirions (Fig. 3f), treatment of cells with 130, a TRPML1 inhibitor, had no effect (Supplementary Fig. 1), indicating that TPC2, not TRPML1, is important for SARS-CoV-2 entry.", "line": 98, "relation": "negativeCorrelation"}
a(TAX:"Severe acute respiratory syndrome coronavirus 2")	association	p(HGNC:CTSL, loc(GO:lysosome))	{"annotations": {"Custom_CellLine": {"HEK293/hACE": true}, "PublicationStatus": {"Published": true}, "PublicationType": {"Research": true}, "Section": {"Results": true}}, "citation": {"authors": ["Chen J", "Chen T", "Chen X", "Guo L", "Guo R", "Hu J", "Hu K", "Jin Q", "Lei X", "Li P", "Liu Y", "Mi D", "Mu Z", "Ou X", "Qian Z", "Ren L", "Wang J", "Xiang Z"], "date": "2020-03-27", "db": "PubMed", "db_id": "32221306", "db_name": "Nature communications", "first": "Ou X", "last": "Qian Z", "pages": "1620", "volume": "11"}, "evidence": "While cathepsin B inhibitor treatment did not show any marked effect on virus entry, cathepsin L inhibition treatment decreased entry of SARS-CoV-2 S pseudovirions into 293/hACE2 by over 76% (Fig. 4a), suggesting that cathepsin L should be essential for priming of SARS- CoV-2 S protein in lysosome for entry into 293/hACE2 cells.", "line": 117, "object": {"location": {"name": "lysosome", "namespace": "GO"}}, "relation": "association"}
p(COVID:S)	negativeCorrelation	a(CHEBI:"ammonium chloride")	{"annotations": {"Custom_CellLine": {"HEK293/hACE": true}, "PublicationStatus": {"Published": true}, "PublicationType": {"Research": true}, "Section": {"Results": true}, "Virus_type": {"pseudovirion": true}, "concentration": {"20 nM": true}}, "citation": {"authors": ["Chen J", "Chen T", "Chen X", "Guo L", "Guo R", "Hu J", "Hu K", "Jin Q", "Lei X", "Li P", "Liu Y", "Mi D", "Mu Z", "Ou X", "Qian Z", "Ren L", "Wang J", "Xiang Z"], "date": "2020-03-27", "db": "PubMed", "db_id": "32221306", "db_name": "Nature communications", "first": "Ou X", "last": "Qian Z", "pages": "1620", "volume": "11"}, "evidence": "Consistent with previous reports, 20mM NH4Cl and 100 nM bafilomycin A decreased entry of SARS-CoV S and VSV-G pseudovirions by over 99%, compared to no treatment control.", "line": 56, "relation": "negativeCorrelation"}
p(COVID:S)	negativeCorrelation	a(CHEBI:"bafilomycin A1")	{"annotations": {"Custom_CellLine": {"HEK293/hACE": true}, "PublicationStatus": {"Published": true}, "PublicationType": {"Research": true}, "Section": {"Results": true}, "Virus_type": {"pseudovirion": true}, "concentration": {"100 nM": true}}, "citation": {"authors": ["Chen J", "Chen T", "Chen X", "Guo L", "Guo R", "Hu J", "Hu K", "Jin Q", "Lei X", "Li P", "Liu Y", "Mi D", "Mu Z", "Ou X", "Qian Z", "Ren L", "Wang J", "Xiang Z"], "date": "2020-03-27", "db": "PubMed", "db_id": "32221306", "db_name": "Nature communications", "first": "Ou X", "last": "Qian Z", "pages": "1620", "volume": "11"}, "evidence": "Consistent with previous reports, 20mM NH4Cl and 100 nM bafilomycin A decreased entry of SARS-CoV S and VSV-G pseudovirions by over 99%, compared to no treatment control.", "line": 60, "relation": "negativeCorrelation"}
p(COVID:S)	negativeCorrelation	a(PUBCHEM:10173277)	{"annotations": {"Custom_CellLine": {"HEK293/hACE": true}, "PublicationStatus": {"Published": true}, "PublicationType": {"Research": true}, "Section": {"Results": true}, "Virus_type": {"pseudovirion": true}}, "citation": {"authors": ["Chen J", "Chen T", "Chen X", "Guo L", "Guo R", "Hu J", "Hu K", "Jin Q", "Lei X", "Li P", "Liu Y", "Mi D", "Mu Z", "Ou X", "Qian Z", "Ren L", "Wang J", "Xiang Z"], "date": "2020-03-27", "db": "PubMed", "db_id": "32221306", "db_name": "Nature communications", "first": "Ou X", "last": "Qian Z", "pages": "1620", "volume": "11"}, "evidence": "Inhibition of PIKfyve by apilimod significantly reduced entry of SARS- CoV S pseudovirions on 293/hACE2 cells in a dose dependent manner (Fig. 3b), whereas it had no effect on entry of VSV-G pseudovirions, which occurs in early endosomes.", "line": 73, "relation": "negativeCorrelation"}
p(COVID:S)	increases	a(MESH:"Giant Cells")	{"annotations": {"Custom_CellLine": {"HEK293/hACE": true}, "PublicationStatus": {"Published": true}, "PublicationType": {"Research": true}, "Section": {"Results": true}, "Treatment": {"Trypsin": true}}, "citation": {"authors": ["Chen J", "Chen T", "Chen X", "Guo L", "Guo R", "Hu J", "Hu K", "Jin Q", "Lei X", "Li P", "Liu Y", "Mi D", "Mu Z", "Ou X", "Qian Z", "Ren L", "Wang J", "Xiang Z"], "date": "2020-03-27", "db": "PubMed", "db_id": "32221306", "db_name": "Nature communications", "first": "Ou X", "last": "Qian Z", "pages": "1620", "volume": "11"}, "evidence": "Consistent to our previous report23, addition of trypsin triggered syncytium formation on 293/hACE2 cells by SARS-CoV S protein after 4 h incubation (Fig. 4b, c).", "line": 126, "relation": "increases"}
p(COVID:S)	increases	a(MESH:"Giant Cells")	{"annotations": {"Custom_CellLine": {"HEK293/hACE": true}, "PublicationStatus": {"Published": true}, "PublicationType": {"Research": true}, "Section": {"Results": true}}, "citation": {"authors": ["Chen J", "Chen T", "Chen X", "Guo L", "Guo R", "Hu J", "Hu K", "Jin Q", "Lei X", "Li P", "Liu Y", "Mi D", "Mu Z", "Ou X", "Qian Z", "Ren L", "Wang J", "Xiang Z"], "date": "2020-03-27", "db": "PubMed", "db_id": "32221306", "db_name": "Nature communications", "first": "Ou X", "last": "Qian Z", "pages": "1620", "volume": "11"}, "evidence": "Of note, SARS-CoV-2, but not SARS-CoV, S proteins induced syncytia formation on 293/hACE2 cells even in the absence of trypsin (Fig. 4c), suggesting that SARS-CoV-2 S proteins could be triggered upon the receptor binding without exogenous protease priming or activation.", "line": 136, "relation": "increases"}
p(HGNC:CTSL, loc(GO:lysosome))	association	a(TAX:"Severe acute respiratory syndrome coronavirus 2")	{"annotations": {"Custom_CellLine": {"HEK293/hACE": true}, "PublicationStatus": {"Published": true}, "PublicationType": {"Research": true}, "Section": {"Results": true}}, "citation": {"authors": ["Chen J", "Chen T", "Chen X", "Guo L", "Guo R", "Hu J", "Hu K", "Jin Q", "Lei X", "Li P", "Liu Y", "Mi D", "Mu Z", "Ou X", "Qian Z", "Ren L", "Wang J", "Xiang Z"], "date": "2020-03-27", "db": "PubMed", "db_id": "32221306", "db_name": "Nature communications", "first": "Ou X", "last": "Qian Z", "pages": "1620", "volume": "11"}, "evidence": "While cathepsin B inhibitor treatment did not show any marked effect on virus entry, cathepsin L inhibition treatment decreased entry of SARS-CoV-2 S pseudovirions into 293/hACE2 by over 76% (Fig. 4a), suggesting that cathepsin L should be essential for priming of SARS- CoV-2 S protein in lysosome for entry into 293/hACE2 cells.", "line": 117, "relation": "association", "subject": {"location": {"name": "lysosome", "namespace": "GO"}}}
p(HGNC:PIKFYVE)	negativeCorrelation	a(PUBCHEM:10173277)	{"annotations": {"Custom_CellLine": {"HEK293/hACE": true}, "PublicationStatus": {"Published": true}, "PublicationType": {"Research": true}, "Section": {"Results": true}}, "citation": {"authors": ["Chen J", "Chen T", "Chen X", "Guo L", "Guo R", "Hu J", "Hu K", "Jin Q", "Lei X", "Li P", "Liu Y", "Mi D", "Mu Z", "Ou X", "Qian Z", "Ren L", "Wang J", "Xiang Z"], "date": "2020-03-27", "db": "PubMed", "db_id": "32221306", "db_name": "Nature communications", "first": "Ou X", "last": "Qian Z", "pages": "1620", "volume": "11"}, "evidence": "Inhibition of PIKfyve by apilimod significantly reduced entry of SARS- CoV S pseudovirions on 293/hACE2 cells in a dose dependent manner (Fig. 3b), whereas it had no effect on entry of VSV-G pseudovirions, which occurs in early endosomes.", "line": 71, "relation": "negativeCorrelation"}
act(p(MGI:Tpcn2))	negativeCorrelation	a(CHEBI:"(+)-Tetrandrine")	{"annotations": {"PublicationStatus": {"Published": true}, "PublicationType": {"Research": true}, "Section": {"Results": true}}, "citation": {"authors": ["Chen J", "Chen T", "Chen X", "Guo L", "Guo R", "Hu J", "Hu K", "Jin Q", "Lei X", "Li P", "Liu Y", "Mi D", "Mu Z", "Ou X", "Qian Z", "Ren L", "Wang J", "Xiang Z"], "date": "2020-03-27", "db": "PubMed", "db_id": "32221306", "db_name": "Nature communications", "first": "Ou X", "last": "Qian Z", "pages": "1620", "volume": "11"}, "evidence": "While blocking TPC2 activity by tetrandrine, an inhibitor for TPC237, decreased entry of SARS-CoV-2 S pseudovirions (Fig. 3f), treatment of cells with 130, a TRPML1 inhibitor, had no effect (Supplementary Fig. 1), indicating that TPC2, not TRPML1, is important for SARS-CoV-2 entry.", "line": 96, "relation": "negativeCorrelation", "subject": {"modifier": "Activity"}}
