a(MESH:"Endothelial Cells")	association	p(HGNC:ANGPT1)	{"annotations": {"Custom_Disease": {"COVID-19": true}, "MeSHAnatomy": {"Heart": true}, "PublicationStatus": {"Published": true}, "PublicationType": {"Research": true}, "Section": {"Results": true}, "Species": {"9606": true}}, "citation": {"authors": ["Chen L", "Chen M", "Feng Y", "Li X", "Xiong C"], "date": "2020-03-30", "db": "PubMed", "db_id": "32227090", "db_name": "Cardiovascular research", "first": "Chen L", "last": "Xiong C"}, "evidence": "ECs showed extensive linkages with pericytes, with dominant role of angiopoietin ligands (ANGPT1/2)\u2013Tie receptor (TIE2) interaction in normal heart, which could promote vascular EC survival and reduced vascular leakage.", "line": 69, "relation": "association"}
a(MESH:Pericytes)	association	p(HGNC:TEK)	{"annotations": {"Custom_Disease": {"COVID-19": true}, "MeSHAnatomy": {"Heart": true}, "PublicationStatus": {"Published": true}, "PublicationType": {"Research": true}, "Section": {"Results": true}, "Species": {"9606": true}}, "citation": {"authors": ["Chen L", "Chen M", "Feng Y", "Li X", "Xiong C"], "date": "2020-03-30", "db": "PubMed", "db_id": "32227090", "db_name": "Cardiovascular research", "first": "Chen L", "last": "Xiong C"}, "evidence": "ECs showed extensive linkages with pericytes, with dominant role of angiopoietin ligands (ANGPT1/2)\u2013Tie receptor (TIE2) interaction in normal heart, which could promote vascular EC survival and reduced vascular leakage.", "line": 70, "relation": "association"}
a(TAX:"Severe acute respiratory syndrome coronavirus 2")	positiveCorrelation	path(DO:"COVID-19")	{"annotations": {"Custom_Disease": {"COVID-19": true}, "MeSHAnatomy": {"Feces": true, "Urine": true}, "PublicationStatus": {"Published": true}, "PublicationType": {"Research": true}, "Section": {"Results": true}, "Species": {"9606": true}}, "citation": {"authors": ["Chen L", "Chen M", "Feng Y", "Li X", "Xiong C"], "date": "2020-03-30", "db": "PubMed", "db_id": "32227090", "db_name": "Cardiovascular research", "first": "Chen L", "last": "Xiong C"}, "evidence": "Digestive tract intestine displayed the highest expression of ACE2, followed by testis and kidney, suggesting the vulnerability to virus in these organs, which could explain the positive detection of SARS- CoV-2 in patients\u2019 faeces and urine. 6", "line": 54, "relation": "positiveCorrelation"}
complex(p(COVID:S), p(HGNC:ACE2))	increases	path(DO:"COVID-19")	{"annotations": {"Custom_Disease": {"COVID-19": true}, "MeSHAnatomy": {"Intestines": true}, "PublicationStatus": {"Published": true}, "PublicationType": {"Research": true}, "Section": {"Results": true}, "Species": {"9606": true}}, "citation": {"authors": ["Chen L", "Chen M", "Feng Y", "Li X", "Xiong C"], "date": "2020-03-30", "db": "PubMed", "db_id": "32227090", "db_name": "Cardiovascular research", "first": "Chen L", "last": "Xiong C"}, "evidence": "Digestive tract intestine displayed the highest expression of ACE2, followed by testis and kidney, suggesting the vulnerability to virus in these organs, which could explain the positive detection of SARS- CoV-2 in patients\u2019 faeces and urine. 6", "line": 51, "relation": "increases"}
p(COVID:S)	partOf	complex(p(COVID:S), p(HGNC:ACE2))	{"relation": "partOf"}
p(HGNC:ACE2)	partOf	complex(p(COVID:S), p(HGNC:ACE2))	{"relation": "partOf"}
p(HGNC:ACE2)	positiveCorrelation	path(DO:"congestive heart failure")	{"annotations": {"BioAssay": {"protein profiling assay": true}, "Custom_Disease": {"COVID-19": true}, "MeSHAnatomy": {"Myocytes, Cardiac": true}, "PublicationStatus": {"Published": true}, "PublicationType": {"Research": true}, "Section": {"Results": true}, "Species": {"9606": true}}, "citation": {"authors": ["Chen L", "Chen M", "Feng Y", "Li X", "Xiong C"], "date": "2020-03-30", "db": "PubMed", "db_id": "32227090", "db_name": "Cardiovascular research", "first": "Chen L", "last": "Xiong C"}, "evidence": "RNA sequencing revealed that myocardial ACE2 expression was significantly increased in patients with heart failure (Figure 1J, fold change = 3.00, P<0.0001), which was further validated at the protein level by proteomics profiling (Figure 1K, fold change=1.82, P<0.0001).", "line": 97, "relation": "positiveCorrelation"}
complex(p(HGNC:ANGPT1), p(HGNC:TEK))	increases	bp(MESH:"Cell Survival")	{"annotations": {"Custom_Disease": {"COVID-19": true}, "MeSHAnatomy": {"Endothelial Cells": true}, "PublicationStatus": {"Published": true}, "PublicationType": {"Research": true}, "Section": {"Results": true}, "Species": {"9606": true}}, "citation": {"authors": ["Chen L", "Chen M", "Feng Y", "Li X", "Xiong C"], "date": "2020-03-30", "db": "PubMed", "db_id": "32227090", "db_name": "Cardiovascular research", "first": "Chen L", "last": "Xiong C"}, "evidence": "ECs showed extensive linkages with pericytes, with dominant role of angiopoietin ligands (ANGPT1/2)\u2013Tie receptor (TIE2) interaction in normal heart, which could promote vascular EC survival and reduced vascular leakage.", "line": 63, "relation": "increases"}
complex(p(HGNC:ANGPT1), p(HGNC:TEK))	decreases	bp(MESH:"Capillary Permeability")	{"annotations": {"Custom_Disease": {"COVID-19": true}, "MeSHAnatomy": {"Endothelial Cells": true}, "PublicationStatus": {"Published": true}, "PublicationType": {"Research": true}, "Section": {"Results": true}, "Species": {"9606": true}}, "citation": {"authors": ["Chen L", "Chen M", "Feng Y", "Li X", "Xiong C"], "date": "2020-03-30", "db": "PubMed", "db_id": "32227090", "db_name": "Cardiovascular research", "first": "Chen L", "last": "Xiong C"}, "evidence": "ECs showed extensive linkages with pericytes, with dominant role of angiopoietin ligands (ANGPT1/2)\u2013Tie receptor (TIE2) interaction in normal heart, which could promote vascular EC survival and reduced vascular leakage.", "line": 65, "relation": "decreases"}
p(HGNC:ANGPT1)	partOf	complex(p(HGNC:ANGPT1), p(HGNC:TEK))	{"relation": "partOf"}
p(HGNC:ANGPT1)	association	a(MESH:"Endothelial Cells")	{"annotations": {"Custom_Disease": {"COVID-19": true}, "MeSHAnatomy": {"Heart": true}, "PublicationStatus": {"Published": true}, "PublicationType": {"Research": true}, "Section": {"Results": true}, "Species": {"9606": true}}, "citation": {"authors": ["Chen L", "Chen M", "Feng Y", "Li X", "Xiong C"], "date": "2020-03-30", "db": "PubMed", "db_id": "32227090", "db_name": "Cardiovascular research", "first": "Chen L", "last": "Xiong C"}, "evidence": "ECs showed extensive linkages with pericytes, with dominant role of angiopoietin ligands (ANGPT1/2)\u2013Tie receptor (TIE2) interaction in normal heart, which could promote vascular EC survival and reduced vascular leakage.", "line": 69, "relation": "association"}
p(HGNC:TEK)	partOf	complex(p(HGNC:ANGPT1), p(HGNC:TEK))	{"relation": "partOf"}
p(HGNC:TEK)	partOf	complex(p(HGNC:ANGPT2), p(HGNC:TEK))	{"relation": "partOf"}
p(HGNC:TEK)	association	a(MESH:Pericytes)	{"annotations": {"Custom_Disease": {"COVID-19": true}, "MeSHAnatomy": {"Heart": true}, "PublicationStatus": {"Published": true}, "PublicationType": {"Research": true}, "Section": {"Results": true}, "Species": {"9606": true}}, "citation": {"authors": ["Chen L", "Chen M", "Feng Y", "Li X", "Xiong C"], "date": "2020-03-30", "db": "PubMed", "db_id": "32227090", "db_name": "Cardiovascular research", "first": "Chen L", "last": "Xiong C"}, "evidence": "ECs showed extensive linkages with pericytes, with dominant role of angiopoietin ligands (ANGPT1/2)\u2013Tie receptor (TIE2) interaction in normal heart, which could promote vascular EC survival and reduced vascular leakage.", "line": 70, "relation": "association"}
complex(p(HGNC:ANGPT2), p(HGNC:TEK))	increases	bp(MESH:"Cell Survival")	{"annotations": {"Custom_Disease": {"COVID-19": true}, "MeSHAnatomy": {"Endothelial Cells": true}, "PublicationStatus": {"Published": true}, "PublicationType": {"Research": true}, "Section": {"Results": true}, "Species": {"9606": true}}, "citation": {"authors": ["Chen L", "Chen M", "Feng Y", "Li X", "Xiong C"], "date": "2020-03-30", "db": "PubMed", "db_id": "32227090", "db_name": "Cardiovascular research", "first": "Chen L", "last": "Xiong C"}, "evidence": "ECs showed extensive linkages with pericytes, with dominant role of angiopoietin ligands (ANGPT1/2)\u2013Tie receptor (TIE2) interaction in normal heart, which could promote vascular EC survival and reduced vascular leakage.", "line": 64, "relation": "increases"}
complex(p(HGNC:ANGPT2), p(HGNC:TEK))	decreases	bp(MESH:"Capillary Permeability")	{"annotations": {"Custom_Disease": {"COVID-19": true}, "MeSHAnatomy": {"Endothelial Cells": true}, "PublicationStatus": {"Published": true}, "PublicationType": {"Research": true}, "Section": {"Results": true}, "Species": {"9606": true}}, "citation": {"authors": ["Chen L", "Chen M", "Feng Y", "Li X", "Xiong C"], "date": "2020-03-30", "db": "PubMed", "db_id": "32227090", "db_name": "Cardiovascular research", "first": "Chen L", "last": "Xiong C"}, "evidence": "ECs showed extensive linkages with pericytes, with dominant role of angiopoietin ligands (ANGPT1/2)\u2013Tie receptor (TIE2) interaction in normal heart, which could promote vascular EC survival and reduced vascular leakage.", "line": 66, "relation": "decreases"}
p(HGNC:ANGPT2)	partOf	complex(p(HGNC:ANGPT2), p(HGNC:TEK))	{"relation": "partOf"}
p(HGNC:CKM)	positiveCorrelation	path(DO:"COVID-19")	{"annotations": {"Custom_Disease": {"COVID-19": true}, "PublicationStatus": {"Published": true}, "PublicationType": {"Research": true}, "Section": {"Results": true}, "Species": {"9606": true}}, "citation": {"authors": ["Chen L", "Chen M", "Feng Y", "Li X", "Xiong C"], "date": "2020-03-30", "db": "PubMed", "db_id": "32227090", "db_name": "Cardiovascular research", "first": "Chen L", "last": "Xiong C"}, "evidence": "This may explain the clinical manifestation of CK elevation among 13% of COVID-19 patients. 2", "line": 84, "relation": "positiveCorrelation"}
path(DO:"COVID-19")	positiveCorrelation	a(TAX:"Severe acute respiratory syndrome coronavirus 2")	{"annotations": {"Custom_Disease": {"COVID-19": true}, "MeSHAnatomy": {"Feces": true, "Urine": true}, "PublicationStatus": {"Published": true}, "PublicationType": {"Research": true}, "Section": {"Results": true}, "Species": {"9606": true}}, "citation": {"authors": ["Chen L", "Chen M", "Feng Y", "Li X", "Xiong C"], "date": "2020-03-30", "db": "PubMed", "db_id": "32227090", "db_name": "Cardiovascular research", "first": "Chen L", "last": "Xiong C"}, "evidence": "Digestive tract intestine displayed the highest expression of ACE2, followed by testis and kidney, suggesting the vulnerability to virus in these organs, which could explain the positive detection of SARS- CoV-2 in patients\u2019 faeces and urine. 6", "line": 54, "relation": "positiveCorrelation"}
path(DO:"COVID-19")	decreases	bp(MESH:Microcirculation)	{"annotations": {"Custom_Disease": {"COVID-19": true}, "MeSHAnatomy": {"Heart": true}, "PublicationStatus": {"Published": true}, "PublicationType": {"Research": true}, "Section": {"Results": true}, "Species": {"9606": true}}, "citation": {"authors": ["Chen L", "Chen M", "Feng Y", "Li X", "Xiong C"], "date": "2020-03-30", "db": "PubMed", "db_id": "32227090", "db_name": "Cardiovascular research", "first": "Chen L", "last": "Xiong C"}, "evidence": "Taken together, these results suggested that SARS-CoV-2 infection in the human heart might attack pericytes, and cause capillary ECs dysfunction, thus inducing micro-circulation disorder.", "line": 78, "relation": "decreases"}
path(DO:"COVID-19")	positiveCorrelation	p(HGNC:CKM)	{"annotations": {"Custom_Disease": {"COVID-19": true}, "PublicationStatus": {"Published": true}, "PublicationType": {"Research": true}, "Section": {"Results": true}, "Species": {"9606": true}}, "citation": {"authors": ["Chen L", "Chen M", "Feng Y", "Li X", "Xiong C"], "date": "2020-03-30", "db": "PubMed", "db_id": "32227090", "db_name": "Cardiovascular research", "first": "Chen L", "last": "Xiong C"}, "evidence": "This may explain the clinical manifestation of CK elevation among 13% of COVID-19 patients. 2", "line": 84, "relation": "positiveCorrelation"}
path(DO:"congestive heart failure")	positiveCorrelation	r(HGNC:ACE2)	{"annotations": {"BioAssay": {"nucleic acid sequencing method": true}, "Custom_Disease": {"COVID-19": true}, "MeSHAnatomy": {"Myocytes, Cardiac": true}, "PublicationStatus": {"Published": true}, "PublicationType": {"Research": true}, "Section": {"Results": true}, "Species": {"9606": true}}, "citation": {"authors": ["Chen L", "Chen M", "Feng Y", "Li X", "Xiong C"], "date": "2020-03-30", "db": "PubMed", "db_id": "32227090", "db_name": "Cardiovascular research", "first": "Chen L", "last": "Xiong C"}, "evidence": "RNA sequencing revealed that myocardial ACE2 expression was significantly increased in patients with heart failure (Figure 1J, fold change = 3.00, P<0.0001), which was further validated at the protein level by proteomics profiling (Figure 1K, fold change=1.82, P<0.0001).", "line": 94, "relation": "positiveCorrelation"}
path(DO:"congestive heart failure")	positiveCorrelation	p(HGNC:ACE2)	{"annotations": {"BioAssay": {"protein profiling assay": true}, "Custom_Disease": {"COVID-19": true}, "MeSHAnatomy": {"Myocytes, Cardiac": true}, "PublicationStatus": {"Published": true}, "PublicationType": {"Research": true}, "Section": {"Results": true}, "Species": {"9606": true}}, "citation": {"authors": ["Chen L", "Chen M", "Feng Y", "Li X", "Xiong C"], "date": "2020-03-30", "db": "PubMed", "db_id": "32227090", "db_name": "Cardiovascular research", "first": "Chen L", "last": "Xiong C"}, "evidence": "RNA sequencing revealed that myocardial ACE2 expression was significantly increased in patients with heart failure (Figure 1J, fold change = 3.00, P<0.0001), which was further validated at the protein level by proteomics profiling (Figure 1K, fold change=1.82, P<0.0001).", "line": 97, "relation": "positiveCorrelation"}
r(HGNC:ACE2)	positiveCorrelation	path(DO:"congestive heart failure")	{"annotations": {"BioAssay": {"nucleic acid sequencing method": true}, "Custom_Disease": {"COVID-19": true}, "MeSHAnatomy": {"Myocytes, Cardiac": true}, "PublicationStatus": {"Published": true}, "PublicationType": {"Research": true}, "Section": {"Results": true}, "Species": {"9606": true}}, "citation": {"authors": ["Chen L", "Chen M", "Feng Y", "Li X", "Xiong C"], "date": "2020-03-30", "db": "PubMed", "db_id": "32227090", "db_name": "Cardiovascular research", "first": "Chen L", "last": "Xiong C"}, "evidence": "RNA sequencing revealed that myocardial ACE2 expression was significantly increased in patients with heart failure (Figure 1J, fold change = 3.00, P<0.0001), which was further validated at the protein level by proteomics profiling (Figure 1K, fold change=1.82, P<0.0001).", "line": 94, "relation": "positiveCorrelation"}
