a(CHEBI:tocilizumab)	negativeCorrelation	path(MESH:"Autoimmune Diseases")	{"annotations": {"PublicationStatus": {"Preprint": true}, "PublicationType": {"Letter to Editor": true}, "Section": {"Full Text": true}, "Species": {"9606": true}}, "citation": {"authors": ["Caso F", "Costa L", "Del Puente A", "Giacomelli R", "Navarini L", "Ruscitti P", "Scarpa R"], "date": "2020-03-24", "db": "PubMed", "db_id": "32220633", "db_name": "Autoimmunity reviews", "first": "Caso F", "last": "Scarpa R", "pages": "102524"}, "evidence": "In particular, anti-cytokine therapy, by the use of the IL-6 humanized monoclonal antibody, tocilizumab, successfully used for autoimmune and autoinflammatory diseases, is under investigation for COVID-19 patients with severe pneumonia [11].", "line": 87, "relation": "negativeCorrelation"}
a(CHEBI:tocilizumab)	negativeCorrelation	path(MESH:"Hereditary Autoinflammatory Diseases")	{"annotations": {"PublicationStatus": {"Preprint": true}, "PublicationType": {"Letter to Editor": true}, "Section": {"Full Text": true}, "Species": {"9606": true}}, "citation": {"authors": ["Caso F", "Costa L", "Del Puente A", "Giacomelli R", "Navarini L", "Ruscitti P", "Scarpa R"], "date": "2020-03-24", "db": "PubMed", "db_id": "32220633", "db_name": "Autoimmunity reviews", "first": "Caso F", "last": "Scarpa R", "pages": "102524"}, "evidence": "In particular, anti-cytokine therapy, by the use of the IL-6 humanized monoclonal antibody, tocilizumab, successfully used for autoimmune and autoinflammatory diseases, is under investigation for COVID-19 patients with severe pneumonia [11].", "line": 88, "relation": "negativeCorrelation"}
a(CHEBI:tocilizumab)	negativeCorrelation	path(DO:"acute interstitial pneumonia")	{"annotations": {"Custom_Disease": {"COVID-19": true}, "PublicationStatus": {"Preprint": true}, "PublicationType": {"Letter to Editor": true}, "Section": {"Full Text": true}, "Species": {"9606": true}}, "citation": {"authors": ["Caso F", "Costa L", "Del Puente A", "Giacomelli R", "Navarini L", "Ruscitti P", "Scarpa R"], "date": "2020-03-24", "db": "PubMed", "db_id": "32220633", "db_name": "Autoimmunity reviews", "first": "Caso F", "last": "Scarpa R", "pages": "102524"}, "evidence": "In particular, anti-cytokine therapy, by the use of the IL-6 humanized monoclonal antibody, tocilizumab, successfully used for autoimmune and autoinflammatory diseases, is under investigation for COVID-19 patients with severe pneumonia [11].", "line": 90, "relation": "negativeCorrelation"}
a(MESH:Cytokines)	decreases	a(MESH:"CD4-Positive T-Lymphocytes")	{"annotations": {"Custom_Disease": {"COVID-19": true}, "PublicationStatus": {"Preprint": true}, "PublicationType": {"Letter to Editor": true}, "Section": {"Full Text": true}, "Species": {"9606": true}}, "citation": {"authors": ["Caso F", "Costa L", "Del Puente A", "Giacomelli R", "Navarini L", "Ruscitti P", "Scarpa R"], "date": "2020-03-24", "db": "PubMed", "db_id": "32220633", "db_name": "Autoimmunity reviews", "first": "Caso F", "last": "Scarpa R", "pages": "102524"}, "evidence": "Additionally, in severe cases, a reduction of CD4+ and CD8+ T cells and a decrease of regulatory T cells has been found, likely due to high expression of proinflammatory cytokines in COVID-19 patients [3].", "line": 64, "relation": "decreases"}
a(MESH:Cytokines)	decreases	a(MESH:"CD8-Positive T-Lymphocytes")	{"annotations": {"Custom_Disease": {"COVID-19": true}, "PublicationStatus": {"Preprint": true}, "PublicationType": {"Letter to Editor": true}, "Section": {"Full Text": true}, "Species": {"9606": true}}, "citation": {"authors": ["Caso F", "Costa L", "Del Puente A", "Giacomelli R", "Navarini L", "Ruscitti P", "Scarpa R"], "date": "2020-03-24", "db": "PubMed", "db_id": "32220633", "db_name": "Autoimmunity reviews", "first": "Caso F", "last": "Scarpa R", "pages": "102524"}, "evidence": "Additionally, in severe cases, a reduction of CD4+ and CD8+ T cells and a decrease of regulatory T cells has been found, likely due to high expression of proinflammatory cytokines in COVID-19 patients [3].", "line": 65, "relation": "decreases"}
a(MESH:Cytokines)	decreases	a(MESH:"T-Lymphocytes, Regulatory")	{"annotations": {"Custom_Disease": {"COVID-19": true}, "PublicationStatus": {"Preprint": true}, "PublicationType": {"Letter to Editor": true}, "Section": {"Full Text": true}, "Species": {"9606": true}}, "citation": {"authors": ["Caso F", "Costa L", "Del Puente A", "Giacomelli R", "Navarini L", "Ruscitti P", "Scarpa R"], "date": "2020-03-24", "db": "PubMed", "db_id": "32220633", "db_name": "Autoimmunity reviews", "first": "Caso F", "last": "Scarpa R", "pages": "102524"}, "evidence": "Additionally, in severe cases, a reduction of CD4+ and CD8+ T cells and a decrease of regulatory T cells has been found, likely due to high expression of proinflammatory cytokines in COVID-19 patients [3].", "line": 66, "relation": "decreases"}
a(MESH:Lung)	positiveCorrelation	path(GO:"inflammatory response")	{"annotations": {"MeSHDisease": {"Arthritis, Juvenile": true}, "PublicationStatus": {"Preprint": true}, "PublicationType": {"Letter to Editor": true}, "Section": {"Full Text": true}, "Species": {"9606": true}}, "citation": {"authors": ["Caso F", "Costa L", "Del Puente A", "Giacomelli R", "Navarini L", "Ruscitti P", "Scarpa R"], "date": "2020-03-24", "db": "PubMed", "db_id": "32220633", "db_name": "Autoimmunity reviews", "first": "Caso F", "last": "Scarpa R", "pages": "102524"}, "evidence": "Remarkably, in SJIA patients,the pulmonary involvement triggers a hyper-inflammatory reaction and occurrence of secondary haemophagocytic lymphohistiocytosis (sHLH), since the up-regulation of IFN-signature, IL-1\u03b2 and IL-6 may be observed [5,8].", "line": 75, "relation": "positiveCorrelation"}
a(MESH:Lung)	positiveCorrelation	path(DO:"hemophagocytic lymphohistiocytosis")	{"annotations": {"MeSHDisease": {"Arthritis, Juvenile": true}, "PublicationStatus": {"Preprint": true}, "PublicationType": {"Letter to Editor": true}, "Section": {"Full Text": true}, "Species": {"9606": true}}, "citation": {"authors": ["Caso F", "Costa L", "Del Puente A", "Giacomelli R", "Navarini L", "Ruscitti P", "Scarpa R"], "date": "2020-03-24", "db": "PubMed", "db_id": "32220633", "db_name": "Autoimmunity reviews", "first": "Caso F", "last": "Scarpa R", "pages": "102524"}, "evidence": "Remarkably, in SJIA patients,the pulmonary involvement triggers a hyper-inflammatory reaction and occurrence of secondary haemophagocytic lymphohistiocytosis (sHLH), since the up-regulation of IFN-signature, IL-1\u03b2 and IL-6 may be observed [5,8].", "line": 76, "relation": "positiveCorrelation"}
a(TAX:"Severe acute respiratory syndrome coronavirus 2")	positiveCorrelation	p(HGNC:IL6, var("?"))	{"annotations": {"Custom_Disease": {"COVID-19": true}, "PublicationStatus": {"Preprint": true}, "PublicationType": {"Letter to Editor": true}, "Section": {"Full Text": true}, "Species": {"9606": true}}, "citation": {"authors": ["Caso F", "Costa L", "Del Puente A", "Giacomelli R", "Navarini L", "Ruscitti P", "Scarpa R"], "date": "2020-03-24", "db": "PubMed", "db_id": "32220633", "db_name": "Autoimmunity reviews", "first": "Caso F", "last": "Scarpa R", "pages": "102524"}, "evidence": "A growing body of evidence showed that genetic host characteristics, such as IL-6 polymorphisms, may contribute to virus susceptibility, in specific populations and ethnicities [12], thus, in our opinion, the shared pathogenetic mechanisms and clinical-radiological aspects between hyper-inflammatory diseases and COVID-19 may suggest that SARS-CoV-2 could act as a triggering factor for the development of a rapid autoimmune and/or autoinflammatory dysregulation, leading to severe interstitial pneumonia, in genetic predisposed individuals.", "line": 104, "relation": "positiveCorrelation"}
a(TAX:"Severe acute respiratory syndrome coronavirus 2")	positiveCorrelation	path(MESH:"Autoimmune Diseases")	{"annotations": {"Custom_Disease": {"COVID-19": true}, "PublicationStatus": {"Preprint": true}, "PublicationType": {"Letter to Editor": true}, "Section": {"Full Text": true}, "Species": {"9606": true}}, "citation": {"authors": ["Caso F", "Costa L", "Del Puente A", "Giacomelli R", "Navarini L", "Ruscitti P", "Scarpa R"], "date": "2020-03-24", "db": "PubMed", "db_id": "32220633", "db_name": "Autoimmunity reviews", "first": "Caso F", "last": "Scarpa R", "pages": "102524"}, "evidence": "A growing body of evidence showed that genetic host characteristics, such as IL-6 polymorphisms, may contribute to virus susceptibility, in specific populations and ethnicities [12], thus, in our opinion, the shared pathogenetic mechanisms and clinical-radiological aspects between hyper-inflammatory diseases and COVID-19 may suggest that SARS-CoV-2 could act as a triggering factor for the development of a rapid autoimmune and/or autoinflammatory dysregulation, leading to severe interstitial pneumonia, in genetic predisposed individuals.", "line": 105, "relation": "positiveCorrelation"}
a(TAX:"Severe acute respiratory syndrome coronavirus 2")	positiveCorrelation	path(MESH:"Hereditary Autoinflammatory Diseases")	{"annotations": {"Custom_Disease": {"COVID-19": true}, "PublicationStatus": {"Preprint": true}, "PublicationType": {"Letter to Editor": true}, "Section": {"Full Text": true}, "Species": {"9606": true}}, "citation": {"authors": ["Caso F", "Costa L", "Del Puente A", "Giacomelli R", "Navarini L", "Ruscitti P", "Scarpa R"], "date": "2020-03-24", "db": "PubMed", "db_id": "32220633", "db_name": "Autoimmunity reviews", "first": "Caso F", "last": "Scarpa R", "pages": "102524"}, "evidence": "A growing body of evidence showed that genetic host characteristics, such as IL-6 polymorphisms, may contribute to virus susceptibility, in specific populations and ethnicities [12], thus, in our opinion, the shared pathogenetic mechanisms and clinical-radiological aspects between hyper-inflammatory diseases and COVID-19 may suggest that SARS-CoV-2 could act as a triggering factor for the development of a rapid autoimmune and/or autoinflammatory dysregulation, leading to severe interstitial pneumonia, in genetic predisposed individuals.", "line": 106, "relation": "positiveCorrelation"}
a(TAX:"Severe acute respiratory syndrome coronavirus 2")	positiveCorrelation	path(DO:"acute interstitial pneumonia")	{"annotations": {"Custom_Disease": {"COVID-19": true}, "PublicationStatus": {"Preprint": true}, "PublicationType": {"Letter to Editor": true}, "Section": {"Full Text": true}, "Species": {"9606": true}}, "citation": {"authors": ["Caso F", "Costa L", "Del Puente A", "Giacomelli R", "Navarini L", "Ruscitti P", "Scarpa R"], "date": "2020-03-24", "db": "PubMed", "db_id": "32220633", "db_name": "Autoimmunity reviews", "first": "Caso F", "last": "Scarpa R", "pages": "102524"}, "evidence": "A growing body of evidence showed that genetic host characteristics, such as IL-6 polymorphisms, may contribute to virus susceptibility, in specific populations and ethnicities [12], thus, in our opinion, the shared pathogenetic mechanisms and clinical-radiological aspects between hyper-inflammatory diseases and COVID-19 may suggest that SARS-CoV-2 could act as a triggering factor for the development of a rapid autoimmune and/or autoinflammatory dysregulation, leading to severe interstitial pneumonia, in genetic predisposed individuals.", "line": 107, "relation": "positiveCorrelation"}
p(HGNC:IFNG)	positiveCorrelation	path(GO:"inflammatory response")	{"annotations": {"MeSHDisease": {"Arthritis, Juvenile": true}, "PublicationStatus": {"Preprint": true}, "PublicationType": {"Letter to Editor": true}, "Section": {"Full Text": true}, "Species": {"9606": true}}, "citation": {"authors": ["Caso F", "Costa L", "Del Puente A", "Giacomelli R", "Navarini L", "Ruscitti P", "Scarpa R"], "date": "2020-03-24", "db": "PubMed", "db_id": "32220633", "db_name": "Autoimmunity reviews", "first": "Caso F", "last": "Scarpa R", "pages": "102524"}, "evidence": "Remarkably, in SJIA patients,the pulmonary involvement triggers a hyper-inflammatory reaction and occurrence of secondary haemophagocytic lymphohistiocytosis (sHLH), since the up-regulation of IFN-signature, IL-1\u03b2 and IL-6 may be observed [5,8].", "line": 77, "relation": "positiveCorrelation"}
p(HGNC:IL1B)	positiveCorrelation	path(GO:"inflammatory response")	{"annotations": {"MeSHDisease": {"Arthritis, Juvenile": true}, "PublicationStatus": {"Preprint": true}, "PublicationType": {"Letter to Editor": true}, "Section": {"Full Text": true}, "Species": {"9606": true}}, "citation": {"authors": ["Caso F", "Costa L", "Del Puente A", "Giacomelli R", "Navarini L", "Ruscitti P", "Scarpa R"], "date": "2020-03-24", "db": "PubMed", "db_id": "32220633", "db_name": "Autoimmunity reviews", "first": "Caso F", "last": "Scarpa R", "pages": "102524"}, "evidence": "Remarkably, in SJIA patients,the pulmonary involvement triggers a hyper-inflammatory reaction and occurrence of secondary haemophagocytic lymphohistiocytosis (sHLH), since the up-regulation of IFN-signature, IL-1\u03b2 and IL-6 may be observed [5,8].", "line": 78, "relation": "positiveCorrelation"}
p(HGNC:IL6)	hasVariant	p(HGNC:IL6, var("?"))	{"relation": "hasVariant"}
p(HGNC:IL6)	positiveCorrelation	path(GO:"inflammatory response")	{"annotations": {"MeSHDisease": {"Arthritis, Juvenile": true}, "PublicationStatus": {"Preprint": true}, "PublicationType": {"Letter to Editor": true}, "Section": {"Full Text": true}, "Species": {"9606": true}}, "citation": {"authors": ["Caso F", "Costa L", "Del Puente A", "Giacomelli R", "Navarini L", "Ruscitti P", "Scarpa R"], "date": "2020-03-24", "db": "PubMed", "db_id": "32220633", "db_name": "Autoimmunity reviews", "first": "Caso F", "last": "Scarpa R", "pages": "102524"}, "evidence": "Remarkably, in SJIA patients,the pulmonary involvement triggers a hyper-inflammatory reaction and occurrence of secondary haemophagocytic lymphohistiocytosis (sHLH), since the up-regulation of IFN-signature, IL-1\u03b2 and IL-6 may be observed [5,8].", "line": 79, "relation": "positiveCorrelation"}
p(HGNC:IL6, var("?"))	positiveCorrelation	a(TAX:"Severe acute respiratory syndrome coronavirus 2")	{"annotations": {"Custom_Disease": {"COVID-19": true}, "PublicationStatus": {"Preprint": true}, "PublicationType": {"Letter to Editor": true}, "Section": {"Full Text": true}, "Species": {"9606": true}}, "citation": {"authors": ["Caso F", "Costa L", "Del Puente A", "Giacomelli R", "Navarini L", "Ruscitti P", "Scarpa R"], "date": "2020-03-24", "db": "PubMed", "db_id": "32220633", "db_name": "Autoimmunity reviews", "first": "Caso F", "last": "Scarpa R", "pages": "102524"}, "evidence": "A growing body of evidence showed that genetic host characteristics, such as IL-6 polymorphisms, may contribute to virus susceptibility, in specific populations and ethnicities [12], thus, in our opinion, the shared pathogenetic mechanisms and clinical-radiological aspects between hyper-inflammatory diseases and COVID-19 may suggest that SARS-CoV-2 could act as a triggering factor for the development of a rapid autoimmune and/or autoinflammatory dysregulation, leading to severe interstitial pneumonia, in genetic predisposed individuals.", "line": 104, "relation": "positiveCorrelation"}
path(DO:"COVID-19")	increases	sec(p(HGNC:TNF))	{"annotations": {"MeSHAnatomy": {"Serum": true}, "PublicationStatus": {"Preprint": true}, "PublicationType": {"Letter to Editor": true}, "Section": {"Full Text": true}, "Species": {"9606": true}}, "citation": {"authors": ["Caso F", "Costa L", "Del Puente A", "Giacomelli R", "Navarini L", "Ruscitti P", "Scarpa R"], "date": "2020-03-24", "db": "PubMed", "db_id": "32220633", "db_name": "Autoimmunity reviews", "first": "Caso F", "last": "Scarpa R", "pages": "102524"}, "evidence": "In particular, in a recent study by Qin C, et al.in which among 452 patients with COVID-19, most of them had increase of several inflammatory cytokines such as tumor necrosis factor (TNF)-\u03b1, interleukin (IL)-1and IL-6 [3].", "line": 54, "object": {"effect": {"fromLoc": {"name": "intracellular", "namespace": "bel"}, "toLoc": {"name": "extracellular space", "namespace": "bel"}}, "modifier": "Translocation"}, "relation": "increases"}
path(DO:"COVID-19")	increases	sec(p(HGNC:IL1B))	{"annotations": {"MeSHAnatomy": {"Serum": true}, "PublicationStatus": {"Preprint": true}, "PublicationType": {"Letter to Editor": true}, "Section": {"Full Text": true}, "Species": {"9606": true}}, "citation": {"authors": ["Caso F", "Costa L", "Del Puente A", "Giacomelli R", "Navarini L", "Ruscitti P", "Scarpa R"], "date": "2020-03-24", "db": "PubMed", "db_id": "32220633", "db_name": "Autoimmunity reviews", "first": "Caso F", "last": "Scarpa R", "pages": "102524"}, "evidence": "In particular, in a recent study by Qin C, et al.in which among 452 patients with COVID-19, most of them had increase of several inflammatory cytokines such as tumor necrosis factor (TNF)-\u03b1, interleukin (IL)-1and IL-6 [3].", "line": 55, "object": {"effect": {"fromLoc": {"name": "intracellular", "namespace": "bel"}, "toLoc": {"name": "extracellular space", "namespace": "bel"}}, "modifier": "Translocation"}, "relation": "increases"}
path(DO:"COVID-19")	increases	sec(p(HGNC:IL6))	{"annotations": {"MeSHAnatomy": {"Serum": true}, "PublicationStatus": {"Preprint": true}, "PublicationType": {"Letter to Editor": true}, "Section": {"Full Text": true}, "Species": {"9606": true}}, "citation": {"authors": ["Caso F", "Costa L", "Del Puente A", "Giacomelli R", "Navarini L", "Ruscitti P", "Scarpa R"], "date": "2020-03-24", "db": "PubMed", "db_id": "32220633", "db_name": "Autoimmunity reviews", "first": "Caso F", "last": "Scarpa R", "pages": "102524"}, "evidence": "In particular, in a recent study by Qin C, et al.in which among 452 patients with COVID-19, most of them had increase of several inflammatory cytokines such as tumor necrosis factor (TNF)-\u03b1, interleukin (IL)-1and IL-6 [3].", "line": 56, "object": {"effect": {"fromLoc": {"name": "intracellular", "namespace": "bel"}, "toLoc": {"name": "extracellular space", "namespace": "bel"}}, "modifier": "Translocation"}, "relation": "increases"}
path(DO:"acute interstitial pneumonia")	negativeCorrelation	a(CHEBI:tocilizumab)	{"annotations": {"Custom_Disease": {"COVID-19": true}, "PublicationStatus": {"Preprint": true}, "PublicationType": {"Letter to Editor": true}, "Section": {"Full Text": true}, "Species": {"9606": true}}, "citation": {"authors": ["Caso F", "Costa L", "Del Puente A", "Giacomelli R", "Navarini L", "Ruscitti P", "Scarpa R"], "date": "2020-03-24", "db": "PubMed", "db_id": "32220633", "db_name": "Autoimmunity reviews", "first": "Caso F", "last": "Scarpa R", "pages": "102524"}, "evidence": "In particular, anti-cytokine therapy, by the use of the IL-6 humanized monoclonal antibody, tocilizumab, successfully used for autoimmune and autoinflammatory diseases, is under investigation for COVID-19 patients with severe pneumonia [11].", "line": 90, "relation": "negativeCorrelation"}
path(DO:"acute interstitial pneumonia")	positiveCorrelation	a(TAX:"Severe acute respiratory syndrome coronavirus 2")	{"annotations": {"Custom_Disease": {"COVID-19": true}, "PublicationStatus": {"Preprint": true}, "PublicationType": {"Letter to Editor": true}, "Section": {"Full Text": true}, "Species": {"9606": true}}, "citation": {"authors": ["Caso F", "Costa L", "Del Puente A", "Giacomelli R", "Navarini L", "Ruscitti P", "Scarpa R"], "date": "2020-03-24", "db": "PubMed", "db_id": "32220633", "db_name": "Autoimmunity reviews", "first": "Caso F", "last": "Scarpa R", "pages": "102524"}, "evidence": "A growing body of evidence showed that genetic host characteristics, such as IL-6 polymorphisms, may contribute to virus susceptibility, in specific populations and ethnicities [12], thus, in our opinion, the shared pathogenetic mechanisms and clinical-radiological aspects between hyper-inflammatory diseases and COVID-19 may suggest that SARS-CoV-2 could act as a triggering factor for the development of a rapid autoimmune and/or autoinflammatory dysregulation, leading to severe interstitial pneumonia, in genetic predisposed individuals.", "line": 107, "relation": "positiveCorrelation"}
path(DO:"hemophagocytic lymphohistiocytosis")	positiveCorrelation	a(MESH:Lung)	{"annotations": {"MeSHDisease": {"Arthritis, Juvenile": true}, "PublicationStatus": {"Preprint": true}, "PublicationType": {"Letter to Editor": true}, "Section": {"Full Text": true}, "Species": {"9606": true}}, "citation": {"authors": ["Caso F", "Costa L", "Del Puente A", "Giacomelli R", "Navarini L", "Ruscitti P", "Scarpa R"], "date": "2020-03-24", "db": "PubMed", "db_id": "32220633", "db_name": "Autoimmunity reviews", "first": "Caso F", "last": "Scarpa R", "pages": "102524"}, "evidence": "Remarkably, in SJIA patients,the pulmonary involvement triggers a hyper-inflammatory reaction and occurrence of secondary haemophagocytic lymphohistiocytosis (sHLH), since the up-regulation of IFN-signature, IL-1\u03b2 and IL-6 may be observed [5,8].", "line": 76, "relation": "positiveCorrelation"}
path(GO:"inflammatory response")	positiveCorrelation	a(MESH:Lung)	{"annotations": {"MeSHDisease": {"Arthritis, Juvenile": true}, "PublicationStatus": {"Preprint": true}, "PublicationType": {"Letter to Editor": true}, "Section": {"Full Text": true}, "Species": {"9606": true}}, "citation": {"authors": ["Caso F", "Costa L", "Del Puente A", "Giacomelli R", "Navarini L", "Ruscitti P", "Scarpa R"], "date": "2020-03-24", "db": "PubMed", "db_id": "32220633", "db_name": "Autoimmunity reviews", "first": "Caso F", "last": "Scarpa R", "pages": "102524"}, "evidence": "Remarkably, in SJIA patients,the pulmonary involvement triggers a hyper-inflammatory reaction and occurrence of secondary haemophagocytic lymphohistiocytosis (sHLH), since the up-regulation of IFN-signature, IL-1\u03b2 and IL-6 may be observed [5,8].", "line": 75, "relation": "positiveCorrelation"}
path(GO:"inflammatory response")	positiveCorrelation	p(HGNC:IFNG)	{"annotations": {"MeSHDisease": {"Arthritis, Juvenile": true}, "PublicationStatus": {"Preprint": true}, "PublicationType": {"Letter to Editor": true}, "Section": {"Full Text": true}, "Species": {"9606": true}}, "citation": {"authors": ["Caso F", "Costa L", "Del Puente A", "Giacomelli R", "Navarini L", "Ruscitti P", "Scarpa R"], "date": "2020-03-24", "db": "PubMed", "db_id": "32220633", "db_name": "Autoimmunity reviews", "first": "Caso F", "last": "Scarpa R", "pages": "102524"}, "evidence": "Remarkably, in SJIA patients,the pulmonary involvement triggers a hyper-inflammatory reaction and occurrence of secondary haemophagocytic lymphohistiocytosis (sHLH), since the up-regulation of IFN-signature, IL-1\u03b2 and IL-6 may be observed [5,8].", "line": 77, "relation": "positiveCorrelation"}
path(GO:"inflammatory response")	positiveCorrelation	p(HGNC:IL1B)	{"annotations": {"MeSHDisease": {"Arthritis, Juvenile": true}, "PublicationStatus": {"Preprint": true}, "PublicationType": {"Letter to Editor": true}, "Section": {"Full Text": true}, "Species": {"9606": true}}, "citation": {"authors": ["Caso F", "Costa L", "Del Puente A", "Giacomelli R", "Navarini L", "Ruscitti P", "Scarpa R"], "date": "2020-03-24", "db": "PubMed", "db_id": "32220633", "db_name": "Autoimmunity reviews", "first": "Caso F", "last": "Scarpa R", "pages": "102524"}, "evidence": "Remarkably, in SJIA patients,the pulmonary involvement triggers a hyper-inflammatory reaction and occurrence of secondary haemophagocytic lymphohistiocytosis (sHLH), since the up-regulation of IFN-signature, IL-1\u03b2 and IL-6 may be observed [5,8].", "line": 78, "relation": "positiveCorrelation"}
path(GO:"inflammatory response")	positiveCorrelation	p(HGNC:IL6)	{"annotations": {"MeSHDisease": {"Arthritis, Juvenile": true}, "PublicationStatus": {"Preprint": true}, "PublicationType": {"Letter to Editor": true}, "Section": {"Full Text": true}, "Species": {"9606": true}}, "citation": {"authors": ["Caso F", "Costa L", "Del Puente A", "Giacomelli R", "Navarini L", "Ruscitti P", "Scarpa R"], "date": "2020-03-24", "db": "PubMed", "db_id": "32220633", "db_name": "Autoimmunity reviews", "first": "Caso F", "last": "Scarpa R", "pages": "102524"}, "evidence": "Remarkably, in SJIA patients,the pulmonary involvement triggers a hyper-inflammatory reaction and occurrence of secondary haemophagocytic lymphohistiocytosis (sHLH), since the up-regulation of IFN-signature, IL-1\u03b2 and IL-6 may be observed [5,8].", "line": 79, "relation": "positiveCorrelation"}
path(MESH:"Autoimmune Diseases")	negativeCorrelation	a(CHEBI:tocilizumab)	{"annotations": {"PublicationStatus": {"Preprint": true}, "PublicationType": {"Letter to Editor": true}, "Section": {"Full Text": true}, "Species": {"9606": true}}, "citation": {"authors": ["Caso F", "Costa L", "Del Puente A", "Giacomelli R", "Navarini L", "Ruscitti P", "Scarpa R"], "date": "2020-03-24", "db": "PubMed", "db_id": "32220633", "db_name": "Autoimmunity reviews", "first": "Caso F", "last": "Scarpa R", "pages": "102524"}, "evidence": "In particular, anti-cytokine therapy, by the use of the IL-6 humanized monoclonal antibody, tocilizumab, successfully used for autoimmune and autoinflammatory diseases, is under investigation for COVID-19 patients with severe pneumonia [11].", "line": 87, "relation": "negativeCorrelation"}
path(MESH:"Autoimmune Diseases")	positiveCorrelation	a(TAX:"Severe acute respiratory syndrome coronavirus 2")	{"annotations": {"Custom_Disease": {"COVID-19": true}, "PublicationStatus": {"Preprint": true}, "PublicationType": {"Letter to Editor": true}, "Section": {"Full Text": true}, "Species": {"9606": true}}, "citation": {"authors": ["Caso F", "Costa L", "Del Puente A", "Giacomelli R", "Navarini L", "Ruscitti P", "Scarpa R"], "date": "2020-03-24", "db": "PubMed", "db_id": "32220633", "db_name": "Autoimmunity reviews", "first": "Caso F", "last": "Scarpa R", "pages": "102524"}, "evidence": "A growing body of evidence showed that genetic host characteristics, such as IL-6 polymorphisms, may contribute to virus susceptibility, in specific populations and ethnicities [12], thus, in our opinion, the shared pathogenetic mechanisms and clinical-radiological aspects between hyper-inflammatory diseases and COVID-19 may suggest that SARS-CoV-2 could act as a triggering factor for the development of a rapid autoimmune and/or autoinflammatory dysregulation, leading to severe interstitial pneumonia, in genetic predisposed individuals.", "line": 105, "relation": "positiveCorrelation"}
path(MESH:"Hereditary Autoinflammatory Diseases")	negativeCorrelation	a(CHEBI:tocilizumab)	{"annotations": {"PublicationStatus": {"Preprint": true}, "PublicationType": {"Letter to Editor": true}, "Section": {"Full Text": true}, "Species": {"9606": true}}, "citation": {"authors": ["Caso F", "Costa L", "Del Puente A", "Giacomelli R", "Navarini L", "Ruscitti P", "Scarpa R"], "date": "2020-03-24", "db": "PubMed", "db_id": "32220633", "db_name": "Autoimmunity reviews", "first": "Caso F", "last": "Scarpa R", "pages": "102524"}, "evidence": "In particular, anti-cytokine therapy, by the use of the IL-6 humanized monoclonal antibody, tocilizumab, successfully used for autoimmune and autoinflammatory diseases, is under investigation for COVID-19 patients with severe pneumonia [11].", "line": 88, "relation": "negativeCorrelation"}
path(MESH:"Hereditary Autoinflammatory Diseases")	positiveCorrelation	a(TAX:"Severe acute respiratory syndrome coronavirus 2")	{"annotations": {"Custom_Disease": {"COVID-19": true}, "PublicationStatus": {"Preprint": true}, "PublicationType": {"Letter to Editor": true}, "Section": {"Full Text": true}, "Species": {"9606": true}}, "citation": {"authors": ["Caso F", "Costa L", "Del Puente A", "Giacomelli R", "Navarini L", "Ruscitti P", "Scarpa R"], "date": "2020-03-24", "db": "PubMed", "db_id": "32220633", "db_name": "Autoimmunity reviews", "first": "Caso F", "last": "Scarpa R", "pages": "102524"}, "evidence": "A growing body of evidence showed that genetic host characteristics, such as IL-6 polymorphisms, may contribute to virus susceptibility, in specific populations and ethnicities [12], thus, in our opinion, the shared pathogenetic mechanisms and clinical-radiological aspects between hyper-inflammatory diseases and COVID-19 may suggest that SARS-CoV-2 could act as a triggering factor for the development of a rapid autoimmune and/or autoinflammatory dysregulation, leading to severe interstitial pneumonia, in genetic predisposed individuals.", "line": 106, "relation": "positiveCorrelation"}
