a(CHEBI:"6alpha-methylprednisolone")	partOf	composite(a(CHEBI:"6alpha-methylprednisolone"), a(CHEBI:interferon))	{"relation": "partOf"}
a(CHEBI:"6alpha-methylprednisolone")	partOf	composite(a(CHEBI:"6alpha-methylprednisolone"), a(CHEBI:lopinavir))	{"relation": "partOf"}
a(CHEBI:"6alpha-methylprednisolone")	partOf	composite(a(CHEBI:"6alpha-methylprednisolone"), a(CHEBI:moxifloxacin))	{"relation": "partOf"}
a(CHEBI:"6alpha-methylprednisolone")	decreases	path(DO:"COVID-19")	{"annotations": {"Custom_Disease": {"COVID-19": true}, "PublicationStatus": {"Published": true}, "PublicationType": {"Review": true}, "Section": {"Results": true}, "Species": {"9606": true}, "mode_of_administration": {"intravenous injection": true}}, "citation": {"authors": ["Rismanbaf A"], "date": "2020-01-01", "db": "PubMed", "db_id": "32232214", "db_name": "Archives of academic emergency medicine", "first": "Rismanbaf A", "last": "Rismanbaf A", "pages": "e29", "volume": "8"}, "evidence": "In the third case report, Chen et al. reported a 45-year-old woman with COVID-19 and stated that after treatment with Thalidomide (100 mg orally once a day) and Methylprednisolone (40 mg intravenously bid for 3 days then reduced to once a day for 5 days) the overall patient status was improved, oxygen index was increased, symptoms of nausea and vomiting were alleviated, and cytokine levels were decreased (9).", "line": 107, "relation": "decreases"}
a(CHEBI:"6alpha-methylprednisolone")	decreases	path(MESH:Nausea)	{"annotations": {"Custom_Disease": {"COVID-19": true}, "PublicationStatus": {"Published": true}, "PublicationType": {"Review": true}, "Section": {"Results": true}, "Species": {"9606": true}, "mode_of_administration": {"intravenous injection": true}}, "citation": {"authors": ["Rismanbaf A"], "date": "2020-01-01", "db": "PubMed", "db_id": "32232214", "db_name": "Archives of academic emergency medicine", "first": "Rismanbaf A", "last": "Rismanbaf A", "pages": "e29", "volume": "8"}, "evidence": "In the third case report, Chen et al. reported a 45-year-old woman with COVID-19 and stated that after treatment with Thalidomide (100 mg orally once a day) and Methylprednisolone (40 mg intravenously bid for 3 days then reduced to once a day for 5 days) the overall patient status was improved, oxygen index was increased, symptoms of nausea and vomiting were alleviated, and cytokine levels were decreased (9).", "line": 109, "relation": "decreases"}
a(CHEBI:"6alpha-methylprednisolone")	decreases	path(MESH:Vomiting)	{"annotations": {"Custom_Disease": {"COVID-19": true}, "PublicationStatus": {"Published": true}, "PublicationType": {"Review": true}, "Section": {"Results": true}, "Species": {"9606": true}, "mode_of_administration": {"intravenous injection": true}}, "citation": {"authors": ["Rismanbaf A"], "date": "2020-01-01", "db": "PubMed", "db_id": "32232214", "db_name": "Archives of academic emergency medicine", "first": "Rismanbaf A", "last": "Rismanbaf A", "pages": "e29", "volume": "8"}, "evidence": "In the third case report, Chen et al. reported a 45-year-old woman with COVID-19 and stated that after treatment with Thalidomide (100 mg orally once a day) and Methylprednisolone (40 mg intravenously bid for 3 days then reduced to once a day for 5 days) the overall patient status was improved, oxygen index was increased, symptoms of nausea and vomiting were alleviated, and cytokine levels were decreased (9).", "line": 111, "relation": "decreases"}
a(CHEBI:"6alpha-methylprednisolone")	decreases	sec(a(MESH:Cytokines))	{"annotations": {"Custom_Disease": {"COVID-19": true}, "PublicationStatus": {"Published": true}, "PublicationType": {"Review": true}, "Section": {"Results": true}, "Species": {"9606": true}, "mode_of_administration": {"intravenous injection": true}}, "citation": {"authors": ["Rismanbaf A"], "date": "2020-01-01", "db": "PubMed", "db_id": "32232214", "db_name": "Archives of academic emergency medicine", "first": "Rismanbaf A", "last": "Rismanbaf A", "pages": "e29", "volume": "8"}, "evidence": "In the third case report, Chen et al. reported a 45-year-old woman with COVID-19 and stated that after treatment with Thalidomide (100 mg orally once a day) and Methylprednisolone (40 mg intravenously bid for 3 days then reduced to once a day for 5 days) the overall patient status was improved, oxygen index was increased, symptoms of nausea and vomiting were alleviated, and cytokine levels were decreased (9).", "line": 113, "object": {"effect": {"fromLoc": {"name": "intracellular", "namespace": "bel"}, "toLoc": {"name": "extracellular space", "namespace": "bel"}}, "modifier": "Translocation"}, "relation": "decreases"}
a(CHEBI:"Isoniazid pyruvate")	partOf	complex(a(CHEBI:"Isoniazid pyruvate"), p(COVID:S), p(HGNC:ACE2))	{"relation": "partOf"}
a(CHEBI:"mycophenolic acid")	partOf	complex(a(CHEBI:"mycophenolic acid"), p(COVID:ORF1ab, frag("819_2763")))	{"relation": "partOf"}
a(CHEBI:aprepitant)	partOf	complex(a(CHEBI:aprepitant), p(COVID:M))	{"relation": "partOf"}
a(CHEBI:atazanavir)	partOf	complex(a(CHEBI:atazanavir), p(COVID:ORF1ab, frag("3264_3569")))	{"relation": "partOf"}
a(CHEBI:bepotastine)	partOf	complex(a(CHEBI:bepotastine), p(COVID:M))	{"relation": "partOf"}
a(CHEBI:boceprevir)	partOf	complex(a(CHEBI:boceprevir), p(COVID:ORF1ab, frag("819_2763")))	{"relation": "partOf"}
a(CHEBI:carfilzomib)	partOf	complex(a(CHEBI:carfilzomib), p(COVID:ORF1ab, frag("3264_3569")))	{"relation": "partOf"}
a(CHEBI:cepharanthine)	partOf	complex(a(CHEBI:cepharanthine), p(COVID:S), p(HGNC:ACE2))	{"relation": "partOf"}
a(CHEBI:chloroquine)	partOf	complex(a(CHEBI:chloroquine), p(COVID:ORF1ab, frag("819_2763")))	{"relation": "partOf"}
a(CHEBI:chloroquine)	decreases	a(TAX:"Severe acute respiratory syndrome coronavirus 2")	{"annotations": {"Custom_Disease": {"COVID-19": true}, "PublicationStatus": {"Published": true}, "PublicationType": {"Review": true}, "Section": {"Results": true}, "Species": {"9606": true}}, "citation": {"authors": ["Rismanbaf A"], "date": "2020-01-01", "db": "PubMed", "db_id": "32232214", "db_name": "Archives of academic emergency medicine", "first": "Rismanbaf A", "last": "Rismanbaf A", "pages": "e29", "volume": "8"}, "evidence": "Several articles have suggested medicines, potentially effective for the treatment of COVID-19 (Table 1).", "line": 132, "relation": "decreases"}
a(CHEBI:chloroquine)	decreases	path(DO:"COVID-19")	{"annotations": {"Custom_Disease": {"COVID-19": true}, "PublicationStatus": {"Published": true}, "PublicationType": {"Review": true}, "Section": {"Results": true}, "Species": {"9606": true}}, "citation": {"authors": ["Rismanbaf A"], "date": "2020-01-01", "db": "PubMed", "db_id": "32232214", "db_name": "Archives of academic emergency medicine", "first": "Rismanbaf A", "last": "Rismanbaf A", "pages": "e29", "volume": "8"}, "evidence": "Several articles have suggested medicines, potentially effective for the treatment of COVID-19 (Table 1).", "line": 133, "relation": "decreases"}
a(CHEBI:cobicistat)	partOf	complex(a(CHEBI:cobicistat), p(COVID:M))	{"relation": "partOf"}
a(CHEBI:colistin)	partOf	complex(a(CHEBI:colistin), p(COVID:M))	{"relation": "partOf"}
a(CHEBI:corticosteroid)	partOf	composite(a(CHEBI:corticosteroid), a(MESH:Immunoglobulins))	{"relation": "partOf"}
a(CHEBI:corticosteroid)	decreases	path(DO:"COVID-19")	{"annotations": {"Custom_Disease": {"COVID-19": true}, "PublicationStatus": {"Published": true}, "PublicationType": {"Review": true}, "Section": {"Results": true}, "Species": {"9606": true}, "Timeline": {"3-5 days": true}}, "citation": {"authors": ["Rismanbaf A"], "date": "2020-01-01", "db": "PubMed", "db_id": "32232214", "db_name": "Archives of academic emergency medicine", "first": "Rismanbaf A", "last": "Rismanbaf A", "pages": "e29", "volume": "8"}, "evidence": "Also, according to Jian-ya et al., treatment of 51 COVID-19 patients with traditional Chinese medicine, interferon, Lopinavir, Ritonavir and short-term (3 to 5 days) corticosteroids was successful and resulted in recovery and discharge of 50 patients (3).", "line": 58, "relation": "decreases"}
a(CHEBI:dolutegravir)	partOf	complex(a(CHEBI:dolutegravir), p(COVID:ORF1ab, frag("3264_3569")))	{"relation": "partOf"}
a(CHEBI:ebselen)	partOf	complex(a(CHEBI:ebselen), p(COVID:M))	{"relation": "partOf"}
a(CHEBI:efavirenz)	partOf	complex(a(CHEBI:efavirenz), p(COVID:ORF1ab, frag("3264_3569")))	{"relation": "partOf"}
a(CHEBI:eriodictyol)	partOf	complex(a(CHEBI:eriodictyol), p(COVID:S), p(HGNC:ACE2))	{"relation": "partOf"}
a(CHEBI:formoterol)	partOf	complex(a(CHEBI:formoterol), p(COVID:ORF1ab, frag("819_2763")))	{"relation": "partOf"}
a(CHEBI:grazoprevir)	partOf	complex(a(CHEBI:grazoprevir), p(COVID:ORF1ab, frag("819_2763")))	{"relation": "partOf"}
a(CHEBI:hypericin)	partOf	complex(a(CHEBI:hypericin), p(COVID:S), p(HGNC:ACE2))	{"relation": "partOf"}
a(CHEBI:icatibant)	partOf	complex(a(CHEBI:icatibant), p(COVID:M))	{"relation": "partOf"}
a(CHEBI:indinavir)	partOf	complex(a(CHEBI:indinavir), p(COVID:M))	{"relation": "partOf"}
a(CHEBI:indinavir)	partOf	complex(a(CHEBI:indinavir), p(COVID:ORF1ab, frag("3264_3569")))	{"relation": "partOf"}
a(CHEBI:interferon)	partOf	composite(a(CHEBI:"6alpha-methylprednisolone"), a(CHEBI:interferon))	{"relation": "partOf"}
a(CHEBI:interferon)	decreases	path(DO:"COVID-19")	{"annotations": {"Custom_Disease": {"COVID-19": true}, "PublicationStatus": {"Published": true}, "PublicationType": {"Review": true}, "Section": {"Results": true}, "Species": {"9606": true}}, "citation": {"authors": ["Rismanbaf A"], "date": "2020-01-01", "db": "PubMed", "db_id": "32232214", "db_name": "Archives of academic emergency medicine", "first": "Rismanbaf A", "last": "Rismanbaf A", "pages": "e29", "volume": "8"}, "evidence": "Also, according to Jian-ya et al., treatment of 51 COVID-19 patients with traditional Chinese medicine, interferon, Lopinavir, Ritonavir and short-term (3 to 5 days) corticosteroids was successful and resulted in recovery and discharge of 50 patients (3).", "line": 54, "relation": "decreases"}
a(CHEBI:interferon)	decreases	path(DO:"COVID-19")	{"annotations": {"Cohort": {"non-ICU patients": true}, "Custom_Disease": {"COVID-19": true}, "PublicationStatus": {"Published": true}, "PublicationType": {"Review": true}, "Section": {"Results": true}, "Species": {"9606": true}}, "citation": {"authors": ["Rismanbaf A"], "date": "2020-01-01", "db": "PubMed", "db_id": "32232214", "db_name": "Archives of academic emergency medicine", "first": "Rismanbaf A", "last": "Rismanbaf A", "pages": "e29", "volume": "8"}, "evidence": "Qin et al. also reported that administration of moxifloxacin, lopinavir, and interferon to non-ICU patients and the addition of methylprednisolone to the above treatment for ICU patients resulted in 26 patients being discharged from intensive care unit (ICU) and 16 patients being discharged from hospital (4).", "line": 70, "relation": "decreases"}
a(CHEBI:ledipasvir)	partOf	complex(a(CHEBI:ledipasvir), p(COVID:ORF1ab, frag("3264_3569")))	{"relation": "partOf"}
a(CHEBI:lopinavir)	partOf	complex(a(CHEBI:lopinavir), p(COVID:M))	{"relation": "partOf"}
a(CHEBI:lopinavir)	partOf	complex(a(CHEBI:lopinavir), p(COVID:ORF1ab, frag("3264_3569")))	{"relation": "partOf"}
a(CHEBI:lopinavir)	partOf	composite(a(CHEBI:"6alpha-methylprednisolone"), a(CHEBI:lopinavir))	{"relation": "partOf"}
a(CHEBI:lopinavir)	decreases	path(DO:"COVID-19")	{"annotations": {"Custom_Disease": {"COVID-19": true}, "PublicationStatus": {"Published": true}, "PublicationType": {"Review": true}, "Section": {"Results": true}, "Species": {"9606": true}}, "citation": {"authors": ["Rismanbaf A"], "date": "2020-01-01", "db": "PubMed", "db_id": "32232214", "db_name": "Archives of academic emergency medicine", "first": "Rismanbaf A", "last": "Rismanbaf A", "pages": "e29", "volume": "8"}, "evidence": "Also, according to Jian-ya et al., treatment of 51 COVID-19 patients with traditional Chinese medicine, interferon, Lopinavir, Ritonavir and short-term (3 to 5 days) corticosteroids was successful and resulted in recovery and discharge of 50 patients (3).", "line": 55, "relation": "decreases"}
a(CHEBI:lopinavir)	decreases	path(DO:"COVID-19")	{"annotations": {"Cohort": {"non-ICU patients": true}, "Custom_Disease": {"COVID-19": true}, "PublicationStatus": {"Published": true}, "PublicationType": {"Review": true}, "Section": {"Results": true}, "Species": {"9606": true}}, "citation": {"authors": ["Rismanbaf A"], "date": "2020-01-01", "db": "PubMed", "db_id": "32232214", "db_name": "Archives of academic emergency medicine", "first": "Rismanbaf A", "last": "Rismanbaf A", "pages": "e29", "volume": "8"}, "evidence": "Qin et al. also reported that administration of moxifloxacin, lopinavir, and interferon to non-ICU patients and the addition of methylprednisolone to the above treatment for ICU patients resulted in 26 patients being discharged from intensive care unit (ICU) and 16 patients being discharged from hospital (4).", "line": 69, "relation": "decreases"}
a(CHEBI:lopinavir)	decreases	a(TAX:"Severe acute respiratory syndrome coronavirus 2")	{"annotations": {"Custom_Disease": {"COVID-19": true}, "PublicationStatus": {"Published": true}, "PublicationType": {"Review": true}, "Section": {"Results": true}, "Species": {"9606": true}}, "citation": {"authors": ["Rismanbaf A"], "date": "2020-01-01", "db": "PubMed", "db_id": "32232214", "db_name": "Archives of academic emergency medicine", "first": "Rismanbaf A", "last": "Rismanbaf A", "pages": "e29", "volume": "8"}, "evidence": "In the first report Lim et al. described a 54-year-old man with COVID-19 who was treated with Lopinavir/Ritonavir from day 10 of illness, 2 tablets (Lopinavir 200mg / Ritonavir 50mg) every 12 hours. Since first day of administration, \u03b2-coronavirus viral load started to decrease, and little or no detectable coronavirus titers have been observed since then (7).", "line": 95, "relation": "decreases"}
a(CHEBI:moxifloxacin)	partOf	composite(a(CHEBI:"6alpha-methylprednisolone"), a(CHEBI:moxifloxacin))	{"relation": "partOf"}
a(CHEBI:moxifloxacin)	decreases	path(DO:"COVID-19")	{"annotations": {"Cohort": {"non-ICU patients": true}, "Custom_Disease": {"COVID-19": true}, "PublicationStatus": {"Published": true}, "PublicationType": {"Review": true}, "Section": {"Results": true}, "Species": {"9606": true}}, "citation": {"authors": ["Rismanbaf A"], "date": "2020-01-01", "db": "PubMed", "db_id": "32232214", "db_name": "Archives of academic emergency medicine", "first": "Rismanbaf A", "last": "Rismanbaf A", "pages": "e29", "volume": "8"}, "evidence": "Qin et al. also reported that administration of moxifloxacin, lopinavir, and interferon to non-ICU patients and the addition of methylprednisolone to the above treatment for ICU patients resulted in 26 patients being discharged from intensive care unit (ICU) and 16 patients being discharged from hospital (4).", "line": 68, "relation": "decreases"}
a(CHEBI:nelfinavir)	partOf	complex(a(CHEBI:nelfinavir), p(COVID:M))	{"relation": "partOf"}
a(CHEBI:nitrofurantoin)	partOf	complex(a(CHEBI:nitrofurantoin), p(COVID:S), p(HGNC:ACE2))	{"relation": "partOf"}
a(CHEBI:perphenazine)	partOf	complex(a(CHEBI:perphenazine), p(COVID:M))	{"relation": "partOf"}
a(CHEBI:pralmorelin)	partOf	complex(a(CHEBI:pralmorelin), p(COVID:M))	{"relation": "partOf"}
a(CHEBI:pralmorelin)	partOf	complex(a(CHEBI:pralmorelin), p(COVID:ORF1ab, frag("3264_3569")))	{"relation": "partOf"}
a(CHEBI:ritonavir)	partOf	complex(a(CHEBI:ritonavir), p(COVID:ORF1ab, frag("3264_3569")))	{"relation": "partOf"}
a(CHEBI:ritonavir)	decreases	path(DO:"COVID-19")	{"annotations": {"Custom_Disease": {"COVID-19": true}, "PublicationStatus": {"Published": true}, "PublicationType": {"Review": true}, "Section": {"Results": true}, "Species": {"9606": true}}, "citation": {"authors": ["Rismanbaf A"], "date": "2020-01-01", "db": "PubMed", "db_id": "32232214", "db_name": "Archives of academic emergency medicine", "first": "Rismanbaf A", "last": "Rismanbaf A", "pages": "e29", "volume": "8"}, "evidence": "Also, according to Jian-ya et al., treatment of 51 COVID-19 patients with traditional Chinese medicine, interferon, Lopinavir, Ritonavir and short-term (3 to 5 days) corticosteroids was successful and resulted in recovery and discharge of 50 patients (3).", "line": 56, "relation": "decreases"}
a(CHEBI:ritonavir)	decreases	a(TAX:"Severe acute respiratory syndrome coronavirus 2")	{"annotations": {"Custom_Disease": {"COVID-19": true}, "PublicationStatus": {"Published": true}, "PublicationType": {"Review": true}, "Section": {"Results": true}, "Species": {"9606": true}}, "citation": {"authors": ["Rismanbaf A"], "date": "2020-01-01", "db": "PubMed", "db_id": "32232214", "db_name": "Archives of academic emergency medicine", "first": "Rismanbaf A", "last": "Rismanbaf A", "pages": "e29", "volume": "8"}, "evidence": "In the first report Lim et al. described a 54-year-old man with COVID-19 who was treated with Lopinavir/Ritonavir from day 10 of illness, 2 tablets (Lopinavir 200mg / Ritonavir 50mg) every 12 hours. Since first day of administration, \u03b2-coronavirus viral load started to decrease, and little or no detectable coronavirus titers have been observed since then (7).", "line": 96, "relation": "decreases"}
a(CHEBI:saquinavir)	partOf	complex(a(CHEBI:saquinavir), p(COVID:M))	{"relation": "partOf"}
a(CHEBI:saquinavir)	partOf	complex(a(CHEBI:saquinavir), p(COVID:ORF1ab, frag("3264_3569")))	{"relation": "partOf"}
a(CHEBI:telaprevir)	partOf	complex(a(CHEBI:telaprevir), p(COVID:ORF1ab, frag("819_2763")))	{"relation": "partOf"}
a(CHEBI:thalidomide)	decreases	path(DO:"COVID-19")	{"annotations": {"Custom_Disease": {"COVID-19": true}, "PublicationStatus": {"Published": true}, "PublicationType": {"Review": true}, "Section": {"Results": true}, "Species": {"9606": true}, "mode_of_administration": {"intravenous injection": true}}, "citation": {"authors": ["Rismanbaf A"], "date": "2020-01-01", "db": "PubMed", "db_id": "32232214", "db_name": "Archives of academic emergency medicine", "first": "Rismanbaf A", "last": "Rismanbaf A", "pages": "e29", "volume": "8"}, "evidence": "In the third case report, Chen et al. reported a 45-year-old woman with COVID-19 and stated that after treatment with Thalidomide (100 mg orally once a day) and Methylprednisolone (40 mg intravenously bid for 3 days then reduced to once a day for 5 days) the overall patient status was improved, oxygen index was increased, symptoms of nausea and vomiting were alleviated, and cytokine levels were decreased (9).", "line": 106, "relation": "decreases"}
a(CHEBI:thalidomide)	decreases	path(MESH:Nausea)	{"annotations": {"Custom_Disease": {"COVID-19": true}, "PublicationStatus": {"Published": true}, "PublicationType": {"Review": true}, "Section": {"Results": true}, "Species": {"9606": true}, "mode_of_administration": {"intravenous injection": true}}, "citation": {"authors": ["Rismanbaf A"], "date": "2020-01-01", "db": "PubMed", "db_id": "32232214", "db_name": "Archives of academic emergency medicine", "first": "Rismanbaf A", "last": "Rismanbaf A", "pages": "e29", "volume": "8"}, "evidence": "In the third case report, Chen et al. reported a 45-year-old woman with COVID-19 and stated that after treatment with Thalidomide (100 mg orally once a day) and Methylprednisolone (40 mg intravenously bid for 3 days then reduced to once a day for 5 days) the overall patient status was improved, oxygen index was increased, symptoms of nausea and vomiting were alleviated, and cytokine levels were decreased (9).", "line": 108, "relation": "decreases"}
a(CHEBI:thalidomide)	decreases	path(MESH:Vomiting)	{"annotations": {"Custom_Disease": {"COVID-19": true}, "PublicationStatus": {"Published": true}, "PublicationType": {"Review": true}, "Section": {"Results": true}, "Species": {"9606": true}, "mode_of_administration": {"intravenous injection": true}}, "citation": {"authors": ["Rismanbaf A"], "date": "2020-01-01", "db": "PubMed", "db_id": "32232214", "db_name": "Archives of academic emergency medicine", "first": "Rismanbaf A", "last": "Rismanbaf A", "pages": "e29", "volume": "8"}, "evidence": "In the third case report, Chen et al. reported a 45-year-old woman with COVID-19 and stated that after treatment with Thalidomide (100 mg orally once a day) and Methylprednisolone (40 mg intravenously bid for 3 days then reduced to once a day for 5 days) the overall patient status was improved, oxygen index was increased, symptoms of nausea and vomiting were alleviated, and cytokine levels were decreased (9).", "line": 110, "relation": "decreases"}
a(CHEBI:thalidomide)	decreases	sec(a(MESH:Cytokines))	{"annotations": {"Custom_Disease": {"COVID-19": true}, "PublicationStatus": {"Published": true}, "PublicationType": {"Review": true}, "Section": {"Results": true}, "Species": {"9606": true}, "mode_of_administration": {"intravenous injection": true}}, "citation": {"authors": ["Rismanbaf A"], "date": "2020-01-01", "db": "PubMed", "db_id": "32232214", "db_name": "Archives of academic emergency medicine", "first": "Rismanbaf A", "last": "Rismanbaf A", "pages": "e29", "volume": "8"}, "evidence": "In the third case report, Chen et al. reported a 45-year-old woman with COVID-19 and stated that after treatment with Thalidomide (100 mg orally once a day) and Methylprednisolone (40 mg intravenously bid for 3 days then reduced to once a day for 5 days) the overall patient status was improved, oxygen index was increased, symptoms of nausea and vomiting were alleviated, and cytokine levels were decreased (9).", "line": 112, "object": {"effect": {"fromLoc": {"name": "intracellular", "namespace": "bel"}, "toLoc": {"name": "extracellular space", "namespace": "bel"}}, "modifier": "Translocation"}, "relation": "decreases"}
a(CHEBI:thymopentin)	partOf	complex(a(CHEBI:thymopentin), p(COVID:ORF1ab, frag("3264_3569")))	{"relation": "partOf"}
a(CHEBI:tocilizumab)	decreases	act(p(HGNC:IL6))	{"annotations": {"Custom_Disease": {"COVID-19": true}, "PublicationStatus": {"Published": true}, "PublicationType": {"Review": true}, "Section": {"Results": true}, "Species": {"9606": true}}, "citation": {"authors": ["Rismanbaf A"], "date": "2020-01-01", "db": "PubMed", "db_id": "32232214", "db_name": "Archives of academic emergency medicine", "first": "Rismanbaf A", "last": "Rismanbaf A", "pages": "e29", "volume": "8"}, "evidence": "Studies have shown that IL-6 levels significantly correlated with the severity of COVID-19, C-reactive protein (CRP), lactate dehydrogenase (LDH), and D-dimer levels and T cell counts, and it has been suggested that Tocilizumab, with its inhibitory effect on IL-6, may be effective in treatment of COVID-19 (10, 11).", "line": 126, "object": {"modifier": "Activity"}, "relation": "decreases"}
a(CHEBI:tocilizumab)	decreases	path(DO:"COVID-19")	{"annotations": {"Custom_Disease": {"COVID-19": true}, "PublicationStatus": {"Published": true}, "PublicationType": {"Review": true}, "Section": {"Results": true}, "Species": {"9606": true}}, "citation": {"authors": ["Rismanbaf A"], "date": "2020-01-01", "db": "PubMed", "db_id": "32232214", "db_name": "Archives of academic emergency medicine", "first": "Rismanbaf A", "last": "Rismanbaf A", "pages": "e29", "volume": "8"}, "evidence": "Studies have shown that IL-6 levels significantly correlated with the severity of COVID-19, C-reactive protein (CRP), lactate dehydrogenase (LDH), and D-dimer levels and T cell counts, and it has been suggested that Tocilizumab, with its inhibitory effect on IL-6, may be effective in treatment of COVID-19 (10, 11).", "line": 127, "relation": "decreases"}
a(CHEBI:valrubicin)	partOf	complex(a(CHEBI:valrubicin), p(COVID:M))	{"relation": "partOf"}
a(CHEBI:velpatasvir)	partOf	complex(a(CHEBI:velpatasvir), p(COVID:ORF1ab, frag("3264_3569")))	{"relation": "partOf"}
a(MESH:"Medicine, Chinese Traditional")	decreases	path(DO:"COVID-19")	{"annotations": {"Custom_Disease": {"COVID-19": true}, "PublicationStatus": {"Published": true}, "PublicationType": {"Review": true}, "Section": {"Results": true}, "Species": {"9606": true}}, "citation": {"authors": ["Rismanbaf A"], "date": "2020-01-01", "db": "PubMed", "db_id": "32232214", "db_name": "Archives of academic emergency medicine", "first": "Rismanbaf A", "last": "Rismanbaf A", "pages": "e29", "volume": "8"}, "evidence": "Also, according to Jian-ya et al., treatment of 51 COVID-19 patients with traditional Chinese medicine, interferon, Lopinavir, Ritonavir and short-term (3 to 5 days) corticosteroids was successful and resulted in recovery and discharge of 50 patients (3).", "line": 53, "relation": "decreases"}
a(MESH:"T-Lymphocytes")	positiveCorrelation	p(HGNC:IL6)	{"annotations": {"Custom_Disease": {"COVID-19": true}, "PublicationStatus": {"Published": true}, "PublicationType": {"Review": true}, "Section": {"Results": true}, "Species": {"9606": true}}, "citation": {"authors": ["Rismanbaf A"], "date": "2020-01-01", "db": "PubMed", "db_id": "32232214", "db_name": "Archives of academic emergency medicine", "first": "Rismanbaf A", "last": "Rismanbaf A", "pages": "e29", "volume": "8"}, "evidence": "Studies have shown that IL-6 levels significantly correlated with the severity of COVID-19, C-reactive protein (CRP), lactate dehydrogenase (LDH), and D-dimer levels and T cell counts, and it has been suggested that Tocilizumab, with its inhibitory effect on IL-6, may be effective in treatment of COVID-19 (10, 11).", "line": 125, "relation": "positiveCorrelation"}
a(MESH:Immunoglobulins)	partOf	composite(a(CHEBI:corticosteroid), a(MESH:Immunoglobulins))	{"relation": "partOf"}
a(PUBCHEM:121304016)	partOf	complex(a(PUBCHEM:121304016), p(COVID:M))	{"relation": "partOf"}
a(PUBCHEM:121304016)	decreases	a(TAX:"Severe acute respiratory syndrome coronavirus 2")	{"annotations": {"Custom_Disease": {"COVID-19": true}, "PublicationStatus": {"Published": true}, "PublicationType": {"Review": true}, "Section": {"Results": true}, "Species": {"9606": true}}, "citation": {"authors": ["Rismanbaf A"], "date": "2020-01-01", "db": "PubMed", "db_id": "32232214", "db_name": "Archives of academic emergency medicine", "first": "Rismanbaf A", "last": "Rismanbaf A", "pages": "e29", "volume": "8"}, "evidence": "Several articles have suggested medicines, potentially effective for the treatment of COVID-19 (Table 1).", "line": 134, "relation": "decreases"}
a(PUBCHEM:121304016)	decreases	path(DO:"COVID-19")	{"annotations": {"Custom_Disease": {"COVID-19": true}, "PublicationStatus": {"Published": true}, "PublicationType": {"Review": true}, "Section": {"Results": true}, "Species": {"9606": true}}, "citation": {"authors": ["Rismanbaf A"], "date": "2020-01-01", "db": "PubMed", "db_id": "32232214", "db_name": "Archives of academic emergency medicine", "first": "Rismanbaf A", "last": "Rismanbaf A", "pages": "e29", "volume": "8"}, "evidence": "Several articles have suggested medicines, potentially effective for the treatment of COVID-19 (Table 1).", "line": 135, "relation": "decreases"}
a(PUBCHEM:160963865)	partOf	complex(a(PUBCHEM:160963865), p(COVID:ORF1ab, frag("3264_3569")))	{"relation": "partOf"}
a(PUBCHEM:172197)	partOf	complex(a(PUBCHEM:172197), p(COVID:M))	{"relation": "partOf"}
a(PUBCHEM:172197)	partOf	complex(a(PUBCHEM:172197), p(COVID:ORF1ab, frag("3264_3569")))	{"relation": "partOf"}
a(PUBCHEM:3055406)	partOf	complex(a(PUBCHEM:3055406), p(COVID:M))	{"relation": "partOf"}
a(PUBCHEM:41867)	partOf	complex(a(PUBCHEM:41867), p(COVID:M))	{"relation": "partOf"}
a(PUBCHEM:44205240)	partOf	complex(a(PUBCHEM:44205240), p(HGNC:AAK1))	{"relation": "partOf"}
a(PUBCHEM:49773361)	partOf	complex(a(PUBCHEM:49773361), p(COVID:M))	{"relation": "partOf"}
a(PUBCHEM:5282411)	partOf	complex(a(PUBCHEM:5282411), p(COVID:M))	{"relation": "partOf"}
a(PUBCHEM:6440352)	partOf	complex(a(PUBCHEM:6440352), p(COVID:M))	{"relation": "partOf"}
a(PUBCHEM:71306)	partOf	complex(a(PUBCHEM:71306), p(COVID:M))	{"relation": "partOf"}
complex(a(CHEBI:"Isoniazid pyruvate"), p(COVID:S), p(HGNC:ACE2))	decreases	path(DO:"COVID-19")	{"annotations": {"Custom_Disease": {"COVID-19": true}, "PublicationStatus": {"Published": true}, "PublicationType": {"Review": true}, "Section": {"Results": true}, "Species": {"9606": true}}, "citation": {"authors": ["Rismanbaf A"], "date": "2020-01-01", "db": "PubMed", "db_id": "32232214", "db_name": "Archives of academic emergency medicine", "first": "Rismanbaf A", "last": "Rismanbaf A", "pages": "e29", "volume": "8"}, "evidence": "Several articles have suggested medicines, potentially effective for the treatment of COVID-19 (Table 1).", "line": 177, "relation": "decreases"}
p(COVID:S)	partOf	complex(a(CHEBI:"Isoniazid pyruvate"), p(COVID:S), p(HGNC:ACE2))	{"relation": "partOf"}
p(COVID:S)	partOf	complex(a(CHEBI:cepharanthine), p(COVID:S), p(HGNC:ACE2))	{"relation": "partOf"}
p(COVID:S)	partOf	complex(a(CHEBI:eriodictyol), p(COVID:S), p(HGNC:ACE2))	{"relation": "partOf"}
p(COVID:S)	partOf	complex(a(CHEBI:hypericin), p(COVID:S), p(HGNC:ACE2))	{"relation": "partOf"}
p(COVID:S)	partOf	complex(a(CHEBI:nitrofurantoin), p(COVID:S), p(HGNC:ACE2))	{"relation": "partOf"}
p(HGNC:ACE2)	partOf	complex(a(CHEBI:"Isoniazid pyruvate"), p(COVID:S), p(HGNC:ACE2))	{"relation": "partOf"}
p(HGNC:ACE2)	partOf	complex(a(CHEBI:cepharanthine), p(COVID:S), p(HGNC:ACE2))	{"relation": "partOf"}
p(HGNC:ACE2)	partOf	complex(a(CHEBI:eriodictyol), p(COVID:S), p(HGNC:ACE2))	{"relation": "partOf"}
p(HGNC:ACE2)	partOf	complex(a(CHEBI:hypericin), p(COVID:S), p(HGNC:ACE2))	{"relation": "partOf"}
p(HGNC:ACE2)	partOf	complex(a(CHEBI:nitrofurantoin), p(COVID:S), p(HGNC:ACE2))	{"relation": "partOf"}
complex(a(CHEBI:"mycophenolic acid"), p(COVID:ORF1ab, frag("819_2763")))	decreases	path(DO:"COVID-19")	{"annotations": {"Custom_Disease": {"COVID-19": true}, "PublicationStatus": {"Published": true}, "PublicationType": {"Review": true}, "Section": {"Results": true}, "Species": {"9606": true}}, "citation": {"authors": ["Rismanbaf A"], "date": "2020-01-01", "db": "PubMed", "db_id": "32232214", "db_name": "Archives of academic emergency medicine", "first": "Rismanbaf A", "last": "Rismanbaf A", "pages": "e29", "volume": "8"}, "evidence": "Several articles have suggested medicines, potentially effective for the treatment of COVID-19 (Table 1).", "line": 171, "relation": "decreases"}
p(COVID:ORF1ab, frag("819_2763"))	partOf	complex(a(CHEBI:"mycophenolic acid"), p(COVID:ORF1ab, frag("819_2763")))	{"relation": "partOf"}
p(COVID:ORF1ab, frag("819_2763"))	partOf	complex(a(CHEBI:boceprevir), p(COVID:ORF1ab, frag("819_2763")))	{"relation": "partOf"}
p(COVID:ORF1ab, frag("819_2763"))	partOf	complex(a(CHEBI:chloroquine), p(COVID:ORF1ab, frag("819_2763")))	{"relation": "partOf"}
p(COVID:ORF1ab, frag("819_2763"))	partOf	complex(a(CHEBI:formoterol), p(COVID:ORF1ab, frag("819_2763")))	{"relation": "partOf"}
p(COVID:ORF1ab, frag("819_2763"))	partOf	complex(a(CHEBI:grazoprevir), p(COVID:ORF1ab, frag("819_2763")))	{"relation": "partOf"}
p(COVID:ORF1ab, frag("819_2763"))	partOf	complex(a(CHEBI:telaprevir), p(COVID:ORF1ab, frag("819_2763")))	{"relation": "partOf"}
p(COVID:ORF1ab)	hasVariant	p(COVID:ORF1ab, frag("819_2763"))	{"relation": "hasVariant"}
p(COVID:ORF1ab)	hasVariant	p(COVID:ORF1ab, frag("3264_3569"))	{"relation": "hasVariant"}
complex(a(CHEBI:aprepitant), p(COVID:M))	decreases	path(DO:"COVID-19")	{"annotations": {"Custom_Disease": {"COVID-19": true}, "PublicationStatus": {"Published": true}, "PublicationType": {"Review": true}, "Section": {"Results": true}, "Species": {"9606": true}}, "citation": {"authors": ["Rismanbaf A"], "date": "2020-01-01", "db": "PubMed", "db_id": "32232214", "db_name": "Archives of academic emergency medicine", "first": "Rismanbaf A", "last": "Rismanbaf A", "pages": "e29", "volume": "8"}, "evidence": "Several articles have suggested medicines, potentially effective for the treatment of COVID-19 (Table 1).", "line": 144, "relation": "decreases"}
p(COVID:M)	partOf	complex(a(CHEBI:aprepitant), p(COVID:M))	{"relation": "partOf"}
p(COVID:M)	partOf	complex(a(CHEBI:bepotastine), p(COVID:M))	{"relation": "partOf"}
p(COVID:M)	partOf	complex(a(CHEBI:cobicistat), p(COVID:M))	{"relation": "partOf"}
p(COVID:M)	partOf	complex(a(CHEBI:colistin), p(COVID:M))	{"relation": "partOf"}
p(COVID:M)	partOf	complex(a(CHEBI:ebselen), p(COVID:M))	{"relation": "partOf"}
p(COVID:M)	partOf	complex(a(CHEBI:icatibant), p(COVID:M))	{"relation": "partOf"}
p(COVID:M)	partOf	complex(a(CHEBI:indinavir), p(COVID:M))	{"relation": "partOf"}
p(COVID:M)	partOf	complex(a(CHEBI:lopinavir), p(COVID:M))	{"relation": "partOf"}
p(COVID:M)	partOf	complex(a(CHEBI:nelfinavir), p(COVID:M))	{"relation": "partOf"}
p(COVID:M)	partOf	complex(a(CHEBI:perphenazine), p(COVID:M))	{"relation": "partOf"}
p(COVID:M)	partOf	complex(a(CHEBI:pralmorelin), p(COVID:M))	{"relation": "partOf"}
p(COVID:M)	partOf	complex(a(CHEBI:saquinavir), p(COVID:M))	{"relation": "partOf"}
p(COVID:M)	partOf	complex(a(CHEBI:valrubicin), p(COVID:M))	{"relation": "partOf"}
p(COVID:M)	partOf	complex(a(PUBCHEM:121304016), p(COVID:M))	{"relation": "partOf"}
p(COVID:M)	partOf	complex(a(PUBCHEM:172197), p(COVID:M))	{"relation": "partOf"}
p(COVID:M)	partOf	complex(a(PUBCHEM:3055406), p(COVID:M))	{"relation": "partOf"}
p(COVID:M)	partOf	complex(a(PUBCHEM:41867), p(COVID:M))	{"relation": "partOf"}
p(COVID:M)	partOf	complex(a(PUBCHEM:49773361), p(COVID:M))	{"relation": "partOf"}
p(COVID:M)	partOf	complex(a(PUBCHEM:5282411), p(COVID:M))	{"relation": "partOf"}
p(COVID:M)	partOf	complex(a(PUBCHEM:6440352), p(COVID:M))	{"relation": "partOf"}
p(COVID:M)	partOf	complex(a(PUBCHEM:71306), p(COVID:M))	{"relation": "partOf"}
complex(a(CHEBI:atazanavir), p(COVID:ORF1ab, frag("3264_3569")))	decreases	path(DO:"COVID-19")	{"annotations": {"Custom_Disease": {"COVID-19": true}, "PublicationStatus": {"Published": true}, "PublicationType": {"Review": true}, "Section": {"Results": true}, "Species": {"9606": true}}, "citation": {"authors": ["Rismanbaf A"], "date": "2020-01-01", "db": "PubMed", "db_id": "32232214", "db_name": "Archives of academic emergency medicine", "first": "Rismanbaf A", "last": "Rismanbaf A", "pages": "e29", "volume": "8"}, "evidence": "Several articles have suggested medicines, potentially effective for the treatment of COVID-19 (Table 1).", "line": 162, "relation": "decreases"}
p(COVID:ORF1ab, frag("3264_3569"))	partOf	complex(a(CHEBI:atazanavir), p(COVID:ORF1ab, frag("3264_3569")))	{"relation": "partOf"}
p(COVID:ORF1ab, frag("3264_3569"))	partOf	complex(a(CHEBI:carfilzomib), p(COVID:ORF1ab, frag("3264_3569")))	{"relation": "partOf"}
p(COVID:ORF1ab, frag("3264_3569"))	partOf	complex(a(CHEBI:dolutegravir), p(COVID:ORF1ab, frag("3264_3569")))	{"relation": "partOf"}
p(COVID:ORF1ab, frag("3264_3569"))	partOf	complex(a(CHEBI:efavirenz), p(COVID:ORF1ab, frag("3264_3569")))	{"relation": "partOf"}
p(COVID:ORF1ab, frag("3264_3569"))	partOf	complex(a(CHEBI:indinavir), p(COVID:ORF1ab, frag("3264_3569")))	{"relation": "partOf"}
p(COVID:ORF1ab, frag("3264_3569"))	partOf	complex(a(CHEBI:ledipasvir), p(COVID:ORF1ab, frag("3264_3569")))	{"relation": "partOf"}
p(COVID:ORF1ab, frag("3264_3569"))	partOf	complex(a(CHEBI:lopinavir), p(COVID:ORF1ab, frag("3264_3569")))	{"relation": "partOf"}
p(COVID:ORF1ab, frag("3264_3569"))	partOf	complex(a(CHEBI:pralmorelin), p(COVID:ORF1ab, frag("3264_3569")))	{"relation": "partOf"}
p(COVID:ORF1ab, frag("3264_3569"))	partOf	complex(a(CHEBI:ritonavir), p(COVID:ORF1ab, frag("3264_3569")))	{"relation": "partOf"}
p(COVID:ORF1ab, frag("3264_3569"))	partOf	complex(a(CHEBI:saquinavir), p(COVID:ORF1ab, frag("3264_3569")))	{"relation": "partOf"}
p(COVID:ORF1ab, frag("3264_3569"))	partOf	complex(a(CHEBI:thymopentin), p(COVID:ORF1ab, frag("3264_3569")))	{"relation": "partOf"}
p(COVID:ORF1ab, frag("3264_3569"))	partOf	complex(a(CHEBI:velpatasvir), p(COVID:ORF1ab, frag("3264_3569")))	{"relation": "partOf"}
p(COVID:ORF1ab, frag("3264_3569"))	partOf	complex(a(PUBCHEM:160963865), p(COVID:ORF1ab, frag("3264_3569")))	{"relation": "partOf"}
p(COVID:ORF1ab, frag("3264_3569"))	partOf	complex(a(PUBCHEM:172197), p(COVID:ORF1ab, frag("3264_3569")))	{"relation": "partOf"}
complex(a(CHEBI:bepotastine), p(COVID:M))	decreases	path(DO:"COVID-19")	{"annotations": {"Custom_Disease": {"COVID-19": true}, "PublicationStatus": {"Published": true}, "PublicationType": {"Review": true}, "Section": {"Results": true}, "Species": {"9606": true}}, "citation": {"authors": ["Rismanbaf A"], "date": "2020-01-01", "db": "PubMed", "db_id": "32232214", "db_name": "Archives of academic emergency medicine", "first": "Rismanbaf A", "last": "Rismanbaf A", "pages": "e29", "volume": "8"}, "evidence": "Several articles have suggested medicines, potentially effective for the treatment of COVID-19 (Table 1).", "line": 140, "relation": "decreases"}
complex(a(CHEBI:boceprevir), p(COVID:ORF1ab, frag("819_2763")))	decreases	path(DO:"COVID-19")	{"annotations": {"Custom_Disease": {"COVID-19": true}, "PublicationStatus": {"Published": true}, "PublicationType": {"Review": true}, "Section": {"Results": true}, "Species": {"9606": true}}, "citation": {"authors": ["Rismanbaf A"], "date": "2020-01-01", "db": "PubMed", "db_id": "32232214", "db_name": "Archives of academic emergency medicine", "first": "Rismanbaf A", "last": "Rismanbaf A", "pages": "e29", "volume": "8"}, "evidence": "Several articles have suggested medicines, potentially effective for the treatment of COVID-19 (Table 1).", "line": 174, "relation": "decreases"}
complex(a(CHEBI:carfilzomib), p(COVID:ORF1ab, frag("3264_3569")))	decreases	path(DO:"COVID-19")	{"annotations": {"Custom_Disease": {"COVID-19": true}, "PublicationStatus": {"Published": true}, "PublicationType": {"Review": true}, "Section": {"Results": true}, "Species": {"9606": true}}, "citation": {"authors": ["Rismanbaf A"], "date": "2020-01-01", "db": "PubMed", "db_id": "32232214", "db_name": "Archives of academic emergency medicine", "first": "Rismanbaf A", "last": "Rismanbaf A", "pages": "e29", "volume": "8"}, "evidence": "Several articles have suggested medicines, potentially effective for the treatment of COVID-19 (Table 1).", "line": 164, "relation": "decreases"}
complex(a(CHEBI:cepharanthine), p(COVID:S), p(HGNC:ACE2))	decreases	path(DO:"COVID-19")	{"annotations": {"Custom_Disease": {"COVID-19": true}, "PublicationStatus": {"Published": true}, "PublicationType": {"Review": true}, "Section": {"Results": true}, "Species": {"9606": true}}, "citation": {"authors": ["Rismanbaf A"], "date": "2020-01-01", "db": "PubMed", "db_id": "32232214", "db_name": "Archives of academic emergency medicine", "first": "Rismanbaf A", "last": "Rismanbaf A", "pages": "e29", "volume": "8"}, "evidence": "Several articles have suggested medicines, potentially effective for the treatment of COVID-19 (Table 1).", "line": 180, "relation": "decreases"}
complex(a(CHEBI:chloroquine), p(COVID:ORF1ab, frag("819_2763")))	decreases	path(DO:"COVID-19")	{"annotations": {"Custom_Disease": {"COVID-19": true}, "PublicationStatus": {"Published": true}, "PublicationType": {"Review": true}, "Section": {"Results": true}, "Species": {"9606": true}}, "citation": {"authors": ["Rismanbaf A"], "date": "2020-01-01", "db": "PubMed", "db_id": "32232214", "db_name": "Archives of academic emergency medicine", "first": "Rismanbaf A", "last": "Rismanbaf A", "pages": "e29", "volume": "8"}, "evidence": "Several articles have suggested medicines, potentially effective for the treatment of COVID-19 (Table 1).", "line": 176, "relation": "decreases"}
complex(a(CHEBI:cobicistat), p(COVID:M))	decreases	path(DO:"COVID-19")	{"annotations": {"Custom_Disease": {"COVID-19": true}, "PublicationStatus": {"Published": true}, "PublicationType": {"Review": true}, "Section": {"Results": true}, "Species": {"9606": true}}, "citation": {"authors": ["Rismanbaf A"], "date": "2020-01-01", "db": "PubMed", "db_id": "32232214", "db_name": "Archives of academic emergency medicine", "first": "Rismanbaf A", "last": "Rismanbaf A", "pages": "e29", "volume": "8"}, "evidence": "Several articles have suggested medicines, potentially effective for the treatment of COVID-19 (Table 1).", "line": 156, "relation": "decreases"}
complex(a(CHEBI:colistin), p(COVID:M))	decreases	path(DO:"COVID-19")	{"annotations": {"Custom_Disease": {"COVID-19": true}, "PublicationStatus": {"Published": true}, "PublicationType": {"Review": true}, "Section": {"Results": true}, "Species": {"9606": true}}, "citation": {"authors": ["Rismanbaf A"], "date": "2020-01-01", "db": "PubMed", "db_id": "32232214", "db_name": "Archives of academic emergency medicine", "first": "Rismanbaf A", "last": "Rismanbaf A", "pages": "e29", "volume": "8"}, "evidence": "Several articles have suggested medicines, potentially effective for the treatment of COVID-19 (Table 1).", "line": 137, "relation": "decreases"}
complex(a(CHEBI:dolutegravir), p(COVID:ORF1ab, frag("3264_3569")))	decreases	path(DO:"COVID-19")	{"annotations": {"Custom_Disease": {"COVID-19": true}, "PublicationStatus": {"Published": true}, "PublicationType": {"Review": true}, "Section": {"Results": true}, "Species": {"9606": true}}, "citation": {"authors": ["Rismanbaf A"], "date": "2020-01-01", "db": "PubMed", "db_id": "32232214", "db_name": "Archives of academic emergency medicine", "first": "Rismanbaf A", "last": "Rismanbaf A", "pages": "e29", "volume": "8"}, "evidence": "Several articles have suggested medicines, potentially effective for the treatment of COVID-19 (Table 1).", "line": 170, "relation": "decreases"}
complex(a(CHEBI:ebselen), p(COVID:M))	decreases	path(DO:"COVID-19")	{"annotations": {"Custom_Disease": {"COVID-19": true}, "PublicationStatus": {"Published": true}, "PublicationType": {"Review": true}, "Section": {"Results": true}, "Species": {"9606": true}}, "citation": {"authors": ["Rismanbaf A"], "date": "2020-01-01", "db": "PubMed", "db_id": "32232214", "db_name": "Archives of academic emergency medicine", "first": "Rismanbaf A", "last": "Rismanbaf A", "pages": "e29", "volume": "8"}, "evidence": "Several articles have suggested medicines, potentially effective for the treatment of COVID-19 (Table 1).", "line": 150, "relation": "decreases"}
complex(a(CHEBI:efavirenz), p(COVID:ORF1ab, frag("3264_3569")))	decreases	path(DO:"COVID-19")	{"annotations": {"Custom_Disease": {"COVID-19": true}, "PublicationStatus": {"Published": true}, "PublicationType": {"Review": true}, "Section": {"Results": true}, "Species": {"9606": true}}, "citation": {"authors": ["Rismanbaf A"], "date": "2020-01-01", "db": "PubMed", "db_id": "32232214", "db_name": "Archives of academic emergency medicine", "first": "Rismanbaf A", "last": "Rismanbaf A", "pages": "e29", "volume": "8"}, "evidence": "Several articles have suggested medicines, potentially effective for the treatment of COVID-19 (Table 1).", "line": 169, "relation": "decreases"}
complex(a(CHEBI:eriodictyol), p(COVID:S), p(HGNC:ACE2))	decreases	path(DO:"COVID-19")	{"annotations": {"Custom_Disease": {"COVID-19": true}, "PublicationStatus": {"Published": true}, "PublicationType": {"Review": true}, "Section": {"Results": true}, "Species": {"9606": true}}, "citation": {"authors": ["Rismanbaf A"], "date": "2020-01-01", "db": "PubMed", "db_id": "32232214", "db_name": "Archives of academic emergency medicine", "first": "Rismanbaf A", "last": "Rismanbaf A", "pages": "e29", "volume": "8"}, "evidence": "Several articles have suggested medicines, potentially effective for the treatment of COVID-19 (Table 1).", "line": 178, "relation": "decreases"}
complex(a(CHEBI:formoterol), p(COVID:ORF1ab, frag("819_2763")))	decreases	path(DO:"COVID-19")	{"annotations": {"Custom_Disease": {"COVID-19": true}, "PublicationStatus": {"Published": true}, "PublicationType": {"Review": true}, "Section": {"Results": true}, "Species": {"9606": true}}, "citation": {"authors": ["Rismanbaf A"], "date": "2020-01-01", "db": "PubMed", "db_id": "32232214", "db_name": "Archives of academic emergency medicine", "first": "Rismanbaf A", "last": "Rismanbaf A", "pages": "e29", "volume": "8"}, "evidence": "Several articles have suggested medicines, potentially effective for the treatment of COVID-19 (Table 1).", "line": 175, "relation": "decreases"}
complex(a(CHEBI:grazoprevir), p(COVID:ORF1ab, frag("819_2763")))	decreases	path(DO:"COVID-19")	{"annotations": {"Custom_Disease": {"COVID-19": true}, "PublicationStatus": {"Published": true}, "PublicationType": {"Review": true}, "Section": {"Results": true}, "Species": {"9606": true}}, "citation": {"authors": ["Rismanbaf A"], "date": "2020-01-01", "db": "PubMed", "db_id": "32232214", "db_name": "Archives of academic emergency medicine", "first": "Rismanbaf A", "last": "Rismanbaf A", "pages": "e29", "volume": "8"}, "evidence": "Several articles have suggested medicines, potentially effective for the treatment of COVID-19 (Table 1).", "line": 172, "relation": "decreases"}
complex(a(CHEBI:hypericin), p(COVID:S), p(HGNC:ACE2))	decreases	path(DO:"COVID-19")	{"annotations": {"Custom_Disease": {"COVID-19": true}, "PublicationStatus": {"Published": true}, "PublicationType": {"Review": true}, "Section": {"Results": true}, "Species": {"9606": true}}, "citation": {"authors": ["Rismanbaf A"], "date": "2020-01-01", "db": "PubMed", "db_id": "32232214", "db_name": "Archives of academic emergency medicine", "first": "Rismanbaf A", "last": "Rismanbaf A", "pages": "e29", "volume": "8"}, "evidence": "Several articles have suggested medicines, potentially effective for the treatment of COVID-19 (Table 1).", "line": 181, "relation": "decreases"}
complex(a(CHEBI:icatibant), p(COVID:M))	decreases	path(DO:"COVID-19")	{"annotations": {"Custom_Disease": {"COVID-19": true}, "PublicationStatus": {"Published": true}, "PublicationType": {"Review": true}, "Section": {"Results": true}, "Species": {"9606": true}}, "citation": {"authors": ["Rismanbaf A"], "date": "2020-01-01", "db": "PubMed", "db_id": "32232214", "db_name": "Archives of academic emergency medicine", "first": "Rismanbaf A", "last": "Rismanbaf A", "pages": "e29", "volume": "8"}, "evidence": "Several articles have suggested medicines, potentially effective for the treatment of COVID-19 (Table 1).", "line": 139, "relation": "decreases"}
complex(a(CHEBI:indinavir), p(COVID:M))	decreases	path(DO:"COVID-19")	{"annotations": {"Custom_Disease": {"COVID-19": true}, "PublicationStatus": {"Published": true}, "PublicationType": {"Review": true}, "Section": {"Results": true}, "Species": {"9606": true}}, "citation": {"authors": ["Rismanbaf A"], "date": "2020-01-01", "db": "PubMed", "db_id": "32232214", "db_name": "Archives of academic emergency medicine", "first": "Rismanbaf A", "last": "Rismanbaf A", "pages": "e29", "volume": "8"}, "evidence": "Several articles have suggested medicines, potentially effective for the treatment of COVID-19 (Table 1).", "line": 155, "relation": "decreases"}
complex(a(CHEBI:indinavir), p(COVID:ORF1ab, frag("3264_3569")))	decreases	path(DO:"COVID-19")	{"annotations": {"Custom_Disease": {"COVID-19": true}, "PublicationStatus": {"Published": true}, "PublicationType": {"Review": true}, "Section": {"Results": true}, "Species": {"9606": true}}, "citation": {"authors": ["Rismanbaf A"], "date": "2020-01-01", "db": "PubMed", "db_id": "32232214", "db_name": "Archives of academic emergency medicine", "first": "Rismanbaf A", "last": "Rismanbaf A", "pages": "e29", "volume": "8"}, "evidence": "Several articles have suggested medicines, potentially effective for the treatment of COVID-19 (Table 1).", "line": 160, "relation": "decreases"}
complex(a(CHEBI:ledipasvir), p(COVID:ORF1ab, frag("3264_3569")))	decreases	path(DO:"COVID-19")	{"annotations": {"Custom_Disease": {"COVID-19": true}, "PublicationStatus": {"Published": true}, "PublicationType": {"Review": true}, "Section": {"Results": true}, "Species": {"9606": true}}, "citation": {"authors": ["Rismanbaf A"], "date": "2020-01-01", "db": "PubMed", "db_id": "32232214", "db_name": "Archives of academic emergency medicine", "first": "Rismanbaf A", "last": "Rismanbaf A", "pages": "e29", "volume": "8"}, "evidence": "Several articles have suggested medicines, potentially effective for the treatment of COVID-19 (Table 1).", "line": 166, "relation": "decreases"}
complex(a(CHEBI:lopinavir), p(COVID:M))	decreases	path(DO:"COVID-19")	{"annotations": {"Custom_Disease": {"COVID-19": true}, "PublicationStatus": {"Published": true}, "PublicationType": {"Review": true}, "Section": {"Results": true}, "Species": {"9606": true}}, "citation": {"authors": ["Rismanbaf A"], "date": "2020-01-01", "db": "PubMed", "db_id": "32232214", "db_name": "Archives of academic emergency medicine", "first": "Rismanbaf A", "last": "Rismanbaf A", "pages": "e29", "volume": "8"}, "evidence": "Several articles have suggested medicines, potentially effective for the treatment of COVID-19 (Table 1).", "line": 148, "relation": "decreases"}
complex(a(CHEBI:lopinavir), p(COVID:ORF1ab, frag("3264_3569")))	decreases	path(DO:"COVID-19")	{"annotations": {"Custom_Disease": {"COVID-19": true}, "PublicationStatus": {"Published": true}, "PublicationType": {"Review": true}, "Section": {"Results": true}, "Species": {"9606": true}}, "citation": {"authors": ["Rismanbaf A"], "date": "2020-01-01", "db": "PubMed", "db_id": "32232214", "db_name": "Archives of academic emergency medicine", "first": "Rismanbaf A", "last": "Rismanbaf A", "pages": "e29", "volume": "8"}, "evidence": "Several articles have suggested medicines, potentially effective for the treatment of COVID-19 (Table 1).", "line": 161, "relation": "decreases"}
complex(a(CHEBI:nelfinavir), p(COVID:M))	decreases	path(DO:"COVID-19")	{"annotations": {"Custom_Disease": {"COVID-19": true}, "PublicationStatus": {"Published": true}, "PublicationType": {"Review": true}, "Section": {"Results": true}, "Species": {"9606": true}}, "citation": {"authors": ["Rismanbaf A"], "date": "2020-01-01", "db": "PubMed", "db_id": "32232214", "db_name": "Archives of academic emergency medicine", "first": "Rismanbaf A", "last": "Rismanbaf A", "pages": "e29", "volume": "8"}, "evidence": "Several articles have suggested medicines, potentially effective for the treatment of COVID-19 (Table 1).", "line": 136, "relation": "decreases"}
complex(a(CHEBI:nitrofurantoin), p(COVID:S), p(HGNC:ACE2))	decreases	path(DO:"COVID-19")	{"annotations": {"Custom_Disease": {"COVID-19": true}, "PublicationStatus": {"Published": true}, "PublicationType": {"Review": true}, "Section": {"Results": true}, "Species": {"9606": true}}, "citation": {"authors": ["Rismanbaf A"], "date": "2020-01-01", "db": "PubMed", "db_id": "32232214", "db_name": "Archives of academic emergency medicine", "first": "Rismanbaf A", "last": "Rismanbaf A", "pages": "e29", "volume": "8"}, "evidence": "Several articles have suggested medicines, potentially effective for the treatment of COVID-19 (Table 1).", "line": 179, "relation": "decreases"}
complex(a(CHEBI:perphenazine), p(COVID:M))	decreases	path(DO:"COVID-19")	{"annotations": {"Custom_Disease": {"COVID-19": true}, "PublicationStatus": {"Published": true}, "PublicationType": {"Review": true}, "Section": {"Results": true}, "Species": {"9606": true}}, "citation": {"authors": ["Rismanbaf A"], "date": "2020-01-01", "db": "PubMed", "db_id": "32232214", "db_name": "Archives of academic emergency medicine", "first": "Rismanbaf A", "last": "Rismanbaf A", "pages": "e29", "volume": "8"}, "evidence": "Several articles have suggested medicines, potentially effective for the treatment of COVID-19 (Table 1).", "line": 146, "relation": "decreases"}
complex(a(CHEBI:pralmorelin), p(COVID:M))	decreases	path(DO:"COVID-19")	{"annotations": {"Custom_Disease": {"COVID-19": true}, "PublicationStatus": {"Published": true}, "PublicationType": {"Review": true}, "Section": {"Results": true}, "Species": {"9606": true}}, "citation": {"authors": ["Rismanbaf A"], "date": "2020-01-01", "db": "PubMed", "db_id": "32232214", "db_name": "Archives of academic emergency medicine", "first": "Rismanbaf A", "last": "Rismanbaf A", "pages": "e29", "volume": "8"}, "evidence": "Several articles have suggested medicines, potentially effective for the treatment of COVID-19 (Table 1).", "line": 154, "relation": "decreases"}
complex(a(CHEBI:pralmorelin), p(COVID:ORF1ab, frag("3264_3569")))	decreases	path(DO:"COVID-19")	{"annotations": {"Custom_Disease": {"COVID-19": true}, "PublicationStatus": {"Published": true}, "PublicationType": {"Review": true}, "Section": {"Results": true}, "Species": {"9606": true}}, "citation": {"authors": ["Rismanbaf A"], "date": "2020-01-01", "db": "PubMed", "db_id": "32232214", "db_name": "Archives of academic emergency medicine", "first": "Rismanbaf A", "last": "Rismanbaf A", "pages": "e29", "volume": "8"}, "evidence": "Several articles have suggested medicines, potentially effective for the treatment of COVID-19 (Table 1).", "line": 158, "relation": "decreases"}
complex(a(CHEBI:ritonavir), p(COVID:ORF1ab, frag("3264_3569")))	decreases	path(DO:"COVID-19")	{"annotations": {"Custom_Disease": {"COVID-19": true}, "PublicationStatus": {"Published": true}, "PublicationType": {"Review": true}, "Section": {"Results": true}, "Species": {"9606": true}}, "citation": {"authors": ["Rismanbaf A"], "date": "2020-01-01", "db": "PubMed", "db_id": "32232214", "db_name": "Archives of academic emergency medicine", "first": "Rismanbaf A", "last": "Rismanbaf A", "pages": "e29", "volume": "8"}, "evidence": "Several articles have suggested medicines, potentially effective for the treatment of COVID-19 (Table 1).", "line": 168, "relation": "decreases"}
complex(a(CHEBI:saquinavir), p(COVID:M))	decreases	path(DO:"COVID-19")	{"annotations": {"Custom_Disease": {"COVID-19": true}, "PublicationStatus": {"Published": true}, "PublicationType": {"Review": true}, "Section": {"Results": true}, "Species": {"9606": true}}, "citation": {"authors": ["Rismanbaf A"], "date": "2020-01-01", "db": "PubMed", "db_id": "32232214", "db_name": "Archives of academic emergency medicine", "first": "Rismanbaf A", "last": "Rismanbaf A", "pages": "e29", "volume": "8"}, "evidence": "Several articles have suggested medicines, potentially effective for the treatment of COVID-19 (Table 1).", "line": 152, "relation": "decreases"}
complex(a(CHEBI:saquinavir), p(COVID:ORF1ab, frag("3264_3569")))	decreases	path(DO:"COVID-19")	{"annotations": {"Custom_Disease": {"COVID-19": true}, "PublicationStatus": {"Published": true}, "PublicationType": {"Review": true}, "Section": {"Results": true}, "Species": {"9606": true}}, "citation": {"authors": ["Rismanbaf A"], "date": "2020-01-01", "db": "PubMed", "db_id": "32232214", "db_name": "Archives of academic emergency medicine", "first": "Rismanbaf A", "last": "Rismanbaf A", "pages": "e29", "volume": "8"}, "evidence": "Several articles have suggested medicines, potentially effective for the treatment of COVID-19 (Table 1).", "line": 165, "relation": "decreases"}
complex(a(CHEBI:telaprevir), p(COVID:ORF1ab, frag("819_2763")))	decreases	path(DO:"COVID-19")	{"annotations": {"Custom_Disease": {"COVID-19": true}, "PublicationStatus": {"Published": true}, "PublicationType": {"Review": true}, "Section": {"Results": true}, "Species": {"9606": true}}, "citation": {"authors": ["Rismanbaf A"], "date": "2020-01-01", "db": "PubMed", "db_id": "32232214", "db_name": "Archives of academic emergency medicine", "first": "Rismanbaf A", "last": "Rismanbaf A", "pages": "e29", "volume": "8"}, "evidence": "Several articles have suggested medicines, potentially effective for the treatment of COVID-19 (Table 1).", "line": 173, "relation": "decreases"}
complex(a(CHEBI:thymopentin), p(COVID:ORF1ab, frag("3264_3569")))	decreases	path(DO:"COVID-19")	{"annotations": {"Custom_Disease": {"COVID-19": true}, "PublicationStatus": {"Published": true}, "PublicationType": {"Review": true}, "Section": {"Results": true}, "Species": {"9606": true}}, "citation": {"authors": ["Rismanbaf A"], "date": "2020-01-01", "db": "PubMed", "db_id": "32232214", "db_name": "Archives of academic emergency medicine", "first": "Rismanbaf A", "last": "Rismanbaf A", "pages": "e29", "volume": "8"}, "evidence": "Several articles have suggested medicines, potentially effective for the treatment of COVID-19 (Table 1).", "line": 163, "relation": "decreases"}
complex(a(CHEBI:valrubicin), p(COVID:M))	decreases	path(DO:"COVID-19")	{"annotations": {"Custom_Disease": {"COVID-19": true}, "PublicationStatus": {"Published": true}, "PublicationType": {"Review": true}, "Section": {"Results": true}, "Species": {"9606": true}}, "citation": {"authors": ["Rismanbaf A"], "date": "2020-01-01", "db": "PubMed", "db_id": "32232214", "db_name": "Archives of academic emergency medicine", "first": "Rismanbaf A", "last": "Rismanbaf A", "pages": "e29", "volume": "8"}, "evidence": "Several articles have suggested medicines, potentially effective for the treatment of COVID-19 (Table 1).", "line": 138, "relation": "decreases"}
complex(a(CHEBI:velpatasvir), p(COVID:ORF1ab, frag("3264_3569")))	decreases	path(DO:"COVID-19")	{"annotations": {"Custom_Disease": {"COVID-19": true}, "PublicationStatus": {"Published": true}, "PublicationType": {"Review": true}, "Section": {"Results": true}, "Species": {"9606": true}}, "citation": {"authors": ["Rismanbaf A"], "date": "2020-01-01", "db": "PubMed", "db_id": "32232214", "db_name": "Archives of academic emergency medicine", "first": "Rismanbaf A", "last": "Rismanbaf A", "pages": "e29", "volume": "8"}, "evidence": "Several articles have suggested medicines, potentially effective for the treatment of COVID-19 (Table 1).", "line": 167, "relation": "decreases"}
complex(a(PUBCHEM:121304016), p(COVID:M))	decreases	path(DO:"COVID-19")	{"annotations": {"Custom_Disease": {"COVID-19": true}, "PublicationStatus": {"Published": true}, "PublicationType": {"Review": true}, "Section": {"Results": true}, "Species": {"9606": true}}, "citation": {"authors": ["Rismanbaf A"], "date": "2020-01-01", "db": "PubMed", "db_id": "32232214", "db_name": "Archives of academic emergency medicine", "first": "Rismanbaf A", "last": "Rismanbaf A", "pages": "e29", "volume": "8"}, "evidence": "Several articles have suggested medicines, potentially effective for the treatment of COVID-19 (Table 1).", "line": 149, "relation": "decreases"}
complex(a(PUBCHEM:160963865), p(COVID:ORF1ab, frag("3264_3569")))	decreases	path(DO:"COVID-19")	{"annotations": {"Custom_Disease": {"COVID-19": true}, "PublicationStatus": {"Published": true}, "PublicationType": {"Review": true}, "Section": {"Results": true}, "Species": {"9606": true}}, "citation": {"authors": ["Rismanbaf A"], "date": "2020-01-01", "db": "PubMed", "db_id": "32232214", "db_name": "Archives of academic emergency medicine", "first": "Rismanbaf A", "last": "Rismanbaf A", "pages": "e29", "volume": "8"}, "evidence": "Several articles have suggested medicines, potentially effective for the treatment of COVID-19 (Table 1).", "line": 159, "relation": "decreases"}
complex(a(PUBCHEM:172197), p(COVID:M))	decreases	path(DO:"COVID-19")	{"annotations": {"Custom_Disease": {"COVID-19": true}, "PublicationStatus": {"Published": true}, "PublicationType": {"Review": true}, "Section": {"Results": true}, "Species": {"9606": true}}, "citation": {"authors": ["Rismanbaf A"], "date": "2020-01-01", "db": "PubMed", "db_id": "32232214", "db_name": "Archives of academic emergency medicine", "first": "Rismanbaf A", "last": "Rismanbaf A", "pages": "e29", "volume": "8"}, "evidence": "Several articles have suggested medicines, potentially effective for the treatment of COVID-19 (Table 1).", "line": 153, "relation": "decreases"}
complex(a(PUBCHEM:172197), p(COVID:ORF1ab, frag("3264_3569")))	decreases	path(DO:"COVID-19")	{"annotations": {"Custom_Disease": {"COVID-19": true}, "PublicationStatus": {"Published": true}, "PublicationType": {"Review": true}, "Section": {"Results": true}, "Species": {"9606": true}}, "citation": {"authors": ["Rismanbaf A"], "date": "2020-01-01", "db": "PubMed", "db_id": "32232214", "db_name": "Archives of academic emergency medicine", "first": "Rismanbaf A", "last": "Rismanbaf A", "pages": "e29", "volume": "8"}, "evidence": "Several articles have suggested medicines, potentially effective for the treatment of COVID-19 (Table 1).", "line": 157, "relation": "decreases"}
complex(a(PUBCHEM:3055406), p(COVID:M))	decreases	path(DO:"COVID-19")	{"annotations": {"Custom_Disease": {"COVID-19": true}, "PublicationStatus": {"Published": true}, "PublicationType": {"Review": true}, "Section": {"Results": true}, "Species": {"9606": true}}, "citation": {"authors": ["Rismanbaf A"], "date": "2020-01-01", "db": "PubMed", "db_id": "32232214", "db_name": "Archives of academic emergency medicine", "first": "Rismanbaf A", "last": "Rismanbaf A", "pages": "e29", "volume": "8"}, "evidence": "Several articles have suggested medicines, potentially effective for the treatment of COVID-19 (Table 1).", "line": 145, "relation": "decreases"}
complex(a(PUBCHEM:41867), p(COVID:M))	decreases	path(DO:"COVID-19")	{"annotations": {"Custom_Disease": {"COVID-19": true}, "PublicationStatus": {"Published": true}, "PublicationType": {"Review": true}, "Section": {"Results": true}, "Species": {"9606": true}}, "citation": {"authors": ["Rismanbaf A"], "date": "2020-01-01", "db": "PubMed", "db_id": "32232214", "db_name": "Archives of academic emergency medicine", "first": "Rismanbaf A", "last": "Rismanbaf A", "pages": "e29", "volume": "8"}, "evidence": "Several articles have suggested medicines, potentially effective for the treatment of COVID-19 (Table 1).", "line": 141, "relation": "decreases"}
complex(a(PUBCHEM:44205240), p(HGNC:AAK1))	negativeCorrelation	path(DO:"COVID-19")	{"annotations": {"Custom_Disease": {"COVID-19": true}, "PublicationStatus": {"Published": true}, "PublicationType": {"Review": true}, "Section": {"Results": true}, "Species": {"9606": true}}, "citation": {"authors": ["Rismanbaf A"], "date": "2020-01-01", "db": "PubMed", "db_id": "32232214", "db_name": "Archives of academic emergency medicine", "first": "Rismanbaf A", "last": "Rismanbaf A", "pages": "e29", "volume": "8"}, "evidence": "Several articles have suggested medicines, potentially effective for the treatment of COVID-19 (Table 1).", "line": 183, "relation": "negativeCorrelation"}
p(HGNC:AAK1)	partOf	complex(a(PUBCHEM:44205240), p(HGNC:AAK1))	{"relation": "partOf"}
complex(a(PUBCHEM:49773361), p(COVID:M))	decreases	path(DO:"COVID-19")	{"annotations": {"Custom_Disease": {"COVID-19": true}, "PublicationStatus": {"Published": true}, "PublicationType": {"Review": true}, "Section": {"Results": true}, "Species": {"9606": true}}, "citation": {"authors": ["Rismanbaf A"], "date": "2020-01-01", "db": "PubMed", "db_id": "32232214", "db_name": "Archives of academic emergency medicine", "first": "Rismanbaf A", "last": "Rismanbaf A", "pages": "e29", "volume": "8"}, "evidence": "Several articles have suggested medicines, potentially effective for the treatment of COVID-19 (Table 1).", "line": 151, "relation": "decreases"}
complex(a(PUBCHEM:5282411), p(COVID:M))	decreases	path(DO:"COVID-19")	{"annotations": {"Custom_Disease": {"COVID-19": true}, "PublicationStatus": {"Published": true}, "PublicationType": {"Review": true}, "Section": {"Results": true}, "Species": {"9606": true}}, "citation": {"authors": ["Rismanbaf A"], "date": "2020-01-01", "db": "PubMed", "db_id": "32232214", "db_name": "Archives of academic emergency medicine", "first": "Rismanbaf A", "last": "Rismanbaf A", "pages": "e29", "volume": "8"}, "evidence": "Several articles have suggested medicines, potentially effective for the treatment of COVID-19 (Table 1).", "line": 142, "relation": "decreases"}
complex(a(PUBCHEM:6440352), p(COVID:M))	decreases	path(DO:"COVID-19")	{"annotations": {"Custom_Disease": {"COVID-19": true}, "PublicationStatus": {"Published": true}, "PublicationType": {"Review": true}, "Section": {"Results": true}, "Species": {"9606": true}}, "citation": {"authors": ["Rismanbaf A"], "date": "2020-01-01", "db": "PubMed", "db_id": "32232214", "db_name": "Archives of academic emergency medicine", "first": "Rismanbaf A", "last": "Rismanbaf A", "pages": "e29", "volume": "8"}, "evidence": "Several articles have suggested medicines, potentially effective for the treatment of COVID-19 (Table 1).", "line": 147, "relation": "decreases"}
complex(a(PUBCHEM:71306), p(COVID:M))	decreases	path(DO:"COVID-19")	{"annotations": {"Custom_Disease": {"COVID-19": true}, "PublicationStatus": {"Published": true}, "PublicationType": {"Review": true}, "Section": {"Results": true}, "Species": {"9606": true}}, "citation": {"authors": ["Rismanbaf A"], "date": "2020-01-01", "db": "PubMed", "db_id": "32232214", "db_name": "Archives of academic emergency medicine", "first": "Rismanbaf A", "last": "Rismanbaf A", "pages": "e29", "volume": "8"}, "evidence": "Several articles have suggested medicines, potentially effective for the treatment of COVID-19 (Table 1).", "line": 143, "relation": "decreases"}
composite(a(CHEBI:"6alpha-methylprednisolone"), a(CHEBI:interferon))	decreases	path(DO:"COVID-19")	{"annotations": {"Cohort": {"ICU patients": true}, "Custom_Disease": {"COVID-19": true}, "PublicationStatus": {"Published": true}, "PublicationType": {"Review": true}, "Section": {"Results": true}, "Species": {"9606": true}}, "citation": {"authors": ["Rismanbaf A"], "date": "2020-01-01", "db": "PubMed", "db_id": "32232214", "db_name": "Archives of academic emergency medicine", "first": "Rismanbaf A", "last": "Rismanbaf A", "pages": "e29", "volume": "8"}, "evidence": "Qin et al. also reported that administration of moxifloxacin, lopinavir, and interferon to non-ICU patients and the addition of methylprednisolone to the above treatment for ICU patients resulted in 26 patients being discharged from intensive care unit (ICU) and 16 patients being discharged from hospital (4).", "line": 75, "relation": "decreases"}
composite(a(CHEBI:"6alpha-methylprednisolone"), a(CHEBI:lopinavir))	decreases	path(DO:"COVID-19")	{"annotations": {"Cohort": {"ICU patients": true}, "Custom_Disease": {"COVID-19": true}, "PublicationStatus": {"Published": true}, "PublicationType": {"Review": true}, "Section": {"Results": true}, "Species": {"9606": true}}, "citation": {"authors": ["Rismanbaf A"], "date": "2020-01-01", "db": "PubMed", "db_id": "32232214", "db_name": "Archives of academic emergency medicine", "first": "Rismanbaf A", "last": "Rismanbaf A", "pages": "e29", "volume": "8"}, "evidence": "Qin et al. also reported that administration of moxifloxacin, lopinavir, and interferon to non-ICU patients and the addition of methylprednisolone to the above treatment for ICU patients resulted in 26 patients being discharged from intensive care unit (ICU) and 16 patients being discharged from hospital (4).", "line": 74, "relation": "decreases"}
composite(a(CHEBI:"6alpha-methylprednisolone"), a(CHEBI:moxifloxacin))	decreases	path(DO:"COVID-19")	{"annotations": {"Cohort": {"ICU patients": true}, "Custom_Disease": {"COVID-19": true}, "PublicationStatus": {"Published": true}, "PublicationType": {"Review": true}, "Section": {"Results": true}, "Species": {"9606": true}}, "citation": {"authors": ["Rismanbaf A"], "date": "2020-01-01", "db": "PubMed", "db_id": "32232214", "db_name": "Archives of academic emergency medicine", "first": "Rismanbaf A", "last": "Rismanbaf A", "pages": "e29", "volume": "8"}, "evidence": "Qin et al. also reported that administration of moxifloxacin, lopinavir, and interferon to non-ICU patients and the addition of methylprednisolone to the above treatment for ICU patients resulted in 26 patients being discharged from intensive care unit (ICU) and 16 patients being discharged from hospital (4).", "line": 73, "relation": "decreases"}
composite(a(CHEBI:corticosteroid), a(MESH:Immunoglobulins))	decreases	path(MESH:"Lung Injury")	{"annotations": {"Custom_Disease": {"COVID-19": true}, "PublicationStatus": {"Published": true}, "PublicationType": {"Review": true}, "Section": {"Results": true}, "Species": {"9606": true}}, "citation": {"authors": ["Rismanbaf A"], "date": "2020-01-01", "db": "PubMed", "db_id": "32232214", "db_name": "Archives of academic emergency medicine", "first": "Rismanbaf A", "last": "Rismanbaf A", "pages": "e29", "volume": "8"}, "evidence": "Also, Zhou et al. reported that short-term moderate-dose corticosteroid (160 mg/day) plus immunoglobulin (20 g/day) significantly reduced lung injury, normalized lymphocyte counts, body temperature, C-reactive protein levels, and oxygenation index in 10 COVID-19 patients (5).", "line": 84, "relation": "decreases"}
composite(a(CHEBI:corticosteroid), a(MESH:Immunoglobulins))	decreases	bp(MESH:"Body Temperature")	{"annotations": {"Custom_Disease": {"COVID-19": true}, "PublicationStatus": {"Published": true}, "PublicationType": {"Review": true}, "Section": {"Results": true}, "Species": {"9606": true}}, "citation": {"authors": ["Rismanbaf A"], "date": "2020-01-01", "db": "PubMed", "db_id": "32232214", "db_name": "Archives of academic emergency medicine", "first": "Rismanbaf A", "last": "Rismanbaf A", "pages": "e29", "volume": "8"}, "evidence": "Also, Zhou et al. reported that short-term moderate-dose corticosteroid (160 mg/day) plus immunoglobulin (20 g/day) significantly reduced lung injury, normalized lymphocyte counts, body temperature, C-reactive protein levels, and oxygenation index in 10 COVID-19 patients (5).", "line": 85, "relation": "decreases"}
composite(a(CHEBI:corticosteroid), a(MESH:Immunoglobulins))	decreases	p(HGNC:CRP)	{"annotations": {"Custom_Disease": {"COVID-19": true}, "PublicationStatus": {"Published": true}, "PublicationType": {"Review": true}, "Section": {"Results": true}, "Species": {"9606": true}}, "citation": {"authors": ["Rismanbaf A"], "date": "2020-01-01", "db": "PubMed", "db_id": "32232214", "db_name": "Archives of academic emergency medicine", "first": "Rismanbaf A", "last": "Rismanbaf A", "pages": "e29", "volume": "8"}, "evidence": "Also, Zhou et al. reported that short-term moderate-dose corticosteroid (160 mg/day) plus immunoglobulin (20 g/day) significantly reduced lung injury, normalized lymphocyte counts, body temperature, C-reactive protein levels, and oxygenation index in 10 COVID-19 patients (5).", "line": 86, "relation": "decreases"}
p(HGNC:CRP)	positiveCorrelation	p(HGNC:IL6)	{"annotations": {"Custom_Disease": {"COVID-19": true}, "PublicationStatus": {"Published": true}, "PublicationType": {"Review": true}, "Section": {"Results": true}, "Species": {"9606": true}}, "citation": {"authors": ["Rismanbaf A"], "date": "2020-01-01", "db": "PubMed", "db_id": "32232214", "db_name": "Archives of academic emergency medicine", "first": "Rismanbaf A", "last": "Rismanbaf A", "pages": "e29", "volume": "8"}, "evidence": "Studies have shown that IL-6 levels significantly correlated with the severity of COVID-19, C-reactive protein (CRP), lactate dehydrogenase (LDH), and D-dimer levels and T cell counts, and it has been suggested that Tocilizumab, with its inhibitory effect on IL-6, may be effective in treatment of COVID-19 (10, 11).", "line": 123, "relation": "positiveCorrelation"}
p(HGNC:IL6)	positiveCorrelation	path(DO:"COVID-19")	{"annotations": {"Custom_Disease": {"COVID-19": true}, "PublicationStatus": {"Published": true}, "PublicationType": {"Review": true}, "Section": {"Results": true}, "Species": {"9606": true}}, "citation": {"authors": ["Rismanbaf A"], "date": "2020-01-01", "db": "PubMed", "db_id": "32232214", "db_name": "Archives of academic emergency medicine", "first": "Rismanbaf A", "last": "Rismanbaf A", "pages": "e29", "volume": "8"}, "evidence": "Studies have shown that IL-6 levels significantly correlated with the severity of COVID-19, C-reactive protein (CRP), lactate dehydrogenase (LDH), and D-dimer levels and T cell counts, and it has been suggested that Tocilizumab, with its inhibitory effect on IL-6, may be effective in treatment of COVID-19 (10, 11).", "line": 122, "relation": "positiveCorrelation"}
p(HGNC:IL6)	positiveCorrelation	p(HGNC:CRP)	{"annotations": {"Custom_Disease": {"COVID-19": true}, "PublicationStatus": {"Published": true}, "PublicationType": {"Review": true}, "Section": {"Results": true}, "Species": {"9606": true}}, "citation": {"authors": ["Rismanbaf A"], "date": "2020-01-01", "db": "PubMed", "db_id": "32232214", "db_name": "Archives of academic emergency medicine", "first": "Rismanbaf A", "last": "Rismanbaf A", "pages": "e29", "volume": "8"}, "evidence": "Studies have shown that IL-6 levels significantly correlated with the severity of COVID-19, C-reactive protein (CRP), lactate dehydrogenase (LDH), and D-dimer levels and T cell counts, and it has been suggested that Tocilizumab, with its inhibitory effect on IL-6, may be effective in treatment of COVID-19 (10, 11).", "line": 123, "relation": "positiveCorrelation"}
p(HGNC:IL6)	positiveCorrelation	p(HGNC:LDHA)	{"annotations": {"Custom_Disease": {"COVID-19": true}, "PublicationStatus": {"Published": true}, "PublicationType": {"Review": true}, "Section": {"Results": true}, "Species": {"9606": true}}, "citation": {"authors": ["Rismanbaf A"], "date": "2020-01-01", "db": "PubMed", "db_id": "32232214", "db_name": "Archives of academic emergency medicine", "first": "Rismanbaf A", "last": "Rismanbaf A", "pages": "e29", "volume": "8"}, "evidence": "Studies have shown that IL-6 levels significantly correlated with the severity of COVID-19, C-reactive protein (CRP), lactate dehydrogenase (LDH), and D-dimer levels and T cell counts, and it has been suggested that Tocilizumab, with its inhibitory effect on IL-6, may be effective in treatment of COVID-19 (10, 11).", "line": 124, "relation": "positiveCorrelation"}
p(HGNC:IL6)	positiveCorrelation	a(MESH:"T-Lymphocytes")	{"annotations": {"Custom_Disease": {"COVID-19": true}, "PublicationStatus": {"Published": true}, "PublicationType": {"Review": true}, "Section": {"Results": true}, "Species": {"9606": true}}, "citation": {"authors": ["Rismanbaf A"], "date": "2020-01-01", "db": "PubMed", "db_id": "32232214", "db_name": "Archives of academic emergency medicine", "first": "Rismanbaf A", "last": "Rismanbaf A", "pages": "e29", "volume": "8"}, "evidence": "Studies have shown that IL-6 levels significantly correlated with the severity of COVID-19, C-reactive protein (CRP), lactate dehydrogenase (LDH), and D-dimer levels and T cell counts, and it has been suggested that Tocilizumab, with its inhibitory effect on IL-6, may be effective in treatment of COVID-19 (10, 11).", "line": 125, "relation": "positiveCorrelation"}
p(HGNC:LDHA)	positiveCorrelation	p(HGNC:IL6)	{"annotations": {"Custom_Disease": {"COVID-19": true}, "PublicationStatus": {"Published": true}, "PublicationType": {"Review": true}, "Section": {"Results": true}, "Species": {"9606": true}}, "citation": {"authors": ["Rismanbaf A"], "date": "2020-01-01", "db": "PubMed", "db_id": "32232214", "db_name": "Archives of academic emergency medicine", "first": "Rismanbaf A", "last": "Rismanbaf A", "pages": "e29", "volume": "8"}, "evidence": "Studies have shown that IL-6 levels significantly correlated with the severity of COVID-19, C-reactive protein (CRP), lactate dehydrogenase (LDH), and D-dimer levels and T cell counts, and it has been suggested that Tocilizumab, with its inhibitory effect on IL-6, may be effective in treatment of COVID-19 (10, 11).", "line": 124, "relation": "positiveCorrelation"}
path(DO:"COVID-19")	positiveCorrelation	p(HGNC:IL6)	{"annotations": {"Custom_Disease": {"COVID-19": true}, "PublicationStatus": {"Published": true}, "PublicationType": {"Review": true}, "Section": {"Results": true}, "Species": {"9606": true}}, "citation": {"authors": ["Rismanbaf A"], "date": "2020-01-01", "db": "PubMed", "db_id": "32232214", "db_name": "Archives of academic emergency medicine", "first": "Rismanbaf A", "last": "Rismanbaf A", "pages": "e29", "volume": "8"}, "evidence": "Studies have shown that IL-6 levels significantly correlated with the severity of COVID-19, C-reactive protein (CRP), lactate dehydrogenase (LDH), and D-dimer levels and T cell counts, and it has been suggested that Tocilizumab, with its inhibitory effect on IL-6, may be effective in treatment of COVID-19 (10, 11).", "line": 122, "relation": "positiveCorrelation"}
path(DO:"COVID-19")	negativeCorrelation	complex(a(PUBCHEM:44205240), p(HGNC:AAK1))	{"annotations": {"Custom_Disease": {"COVID-19": true}, "PublicationStatus": {"Published": true}, "PublicationType": {"Review": true}, "Section": {"Results": true}, "Species": {"9606": true}}, "citation": {"authors": ["Rismanbaf A"], "date": "2020-01-01", "db": "PubMed", "db_id": "32232214", "db_name": "Archives of academic emergency medicine", "first": "Rismanbaf A", "last": "Rismanbaf A", "pages": "e29", "volume": "8"}, "evidence": "Several articles have suggested medicines, potentially effective for the treatment of COVID-19 (Table 1).", "line": 183, "relation": "negativeCorrelation"}
