a(MESH:"Alveolar Epithelial Cells")	association	p(HGNC:ACE2)	{"annotations": {"BioAssay": {"nucleic acid sequencing method": true}, "MeSHAnatomy": {"Lung": true}, "PublicationStatus": {"Published": true}, "PublicationType": {"Research": true}, "Section": {"Results": true}, "Species": {"9606": true}}, "citation": {"authors": ["Boots AW", "Conrad C", "Eils R", "Hennig BP", "Kahn NC", "Kreuter M", "Lorenz Chua R", "Lukassen S", "Meister M", "Muley T", "Schneider MA", "Trefzer T", "Veith C", "Winter H"], "date": "2020-04-04", "db": "PubMed", "db_id": "32246845", "db_name": "The EMBO journal", "first": "Lukassen S", "last": "Eils R"}, "evidence": "As expected from prior literature, the AT2 cells showed highest ACE2 expression in the lung both in terms of their CPM values (Fig. 1D, further referred to as ACE2+ cells) and the percentage of positive cells (Supp. Fig. 3).", "line": 56, "relation": "association"}
a(MESH:"Alveolar Epithelial Cells")	association	p(HGNC:TMPRSS2)	{"annotations": {"BioAssay": {"nucleic acid sequencing method": true}, "MeSHAnatomy": {"Lung": true}, "PublicationStatus": {"Published": true}, "PublicationType": {"Research": true}, "Section": {"Results": true}, "Species": {"9606": true}}, "citation": {"authors": ["Boots AW", "Conrad C", "Eils R", "Hennig BP", "Kahn NC", "Kreuter M", "Lorenz Chua R", "Lukassen S", "Meister M", "Muley T", "Schneider MA", "Trefzer T", "Veith C", "Winter H"], "date": "2020-04-04", "db": "PubMed", "db_id": "32246845", "db_name": "The EMBO journal", "first": "Lukassen S", "last": "Eils R"}, "evidence": "The expression of TMPRSS2 across cell types of the lung (further referred to as TMPRSS2+ cells) was much stronger with a certain specificity for AT2 cells (Fig. 1E), which is in agreement with previous studies.", "line": 59, "relation": "association"}
a(MESH:"Alveolar Epithelial Cells")	association	p(HGNC:FURIN)	{"annotations": {"BioAssay": {"nucleic acid sequencing method": true}, "MeSHAnatomy": {"Lung": true}, "PublicationStatus": {"Published": true}, "PublicationType": {"Research": true}, "Section": {"Results": true}, "Species": {"9606": true}}, "citation": {"authors": ["Boots AW", "Conrad C", "Eils R", "Hennig BP", "Kahn NC", "Kreuter M", "Lorenz Chua R", "Lukassen S", "Meister M", "Muley T", "Schneider MA", "Trefzer T", "Veith C", "Winter H"], "date": "2020-04-04", "db": "PubMed", "db_id": "32246845", "db_name": "The EMBO journal", "first": "Lukassen S", "last": "Eils R"}, "evidence": "In lung tissue, AT2, endothelial, and immune cells were most strongly positive for FURIN expression (Fig. 3A).", "line": 103, "relation": "association"}
a(MESH:Monocytes)	association	p(HGNC:TMPRSS2)	{"annotations": {"BioAssay": {"nucleic acid sequencing method": true}, "MeSHAnatomy": {"Lung": true}, "PublicationStatus": {"Published": true}, "PublicationType": {"Research": true}, "Section": {"Results": true}, "Species": {"9606": true}}, "citation": {"authors": ["Boots AW", "Conrad C", "Eils R", "Hennig BP", "Kahn NC", "Kreuter M", "Lorenz Chua R", "Lukassen S", "Meister M", "Muley T", "Schneider MA", "Trefzer T", "Veith C", "Winter H"], "date": "2020-04-04", "db": "PubMed", "db_id": "32246845", "db_name": "The EMBO journal", "first": "Lukassen S", "last": "Eils R"}, "evidence": "The expression of TMPRSS2 across cell types of the lung (further referred to as TMPRSS2+ cells) was much stronger with a certain specificity for AT2 cells (Fig. 1E), which is in agreement with previous studies.", "line": 63, "relation": "association"}
a(MESH:Monocytes)	association	p(HGNC:FURIN)	{"annotations": {"BioAssay": {"nucleic acid sequencing method": true}, "MeSHAnatomy": {"Lung": true}, "PublicationStatus": {"Published": true}, "PublicationType": {"Research": true}, "Section": {"Results": true}, "Species": {"9606": true}}, "citation": {"authors": ["Boots AW", "Conrad C", "Eils R", "Hennig BP", "Kahn NC", "Kreuter M", "Lorenz Chua R", "Lukassen S", "Meister M", "Muley T", "Schneider MA", "Trefzer T", "Veith C", "Winter H"], "date": "2020-04-04", "db": "PubMed", "db_id": "32246845", "db_name": "The EMBO journal", "first": "Lukassen S", "last": "Eils R"}, "evidence": "In lung tissue, AT2, endothelial, and immune cells were most strongly positive for FURIN expression (Fig. 3A).", "line": 105, "relation": "association"}
a(TAX:"Severe acute respiratory syndrome coronavirus 2")	partOf	complex(a(TAX:"Severe acute respiratory syndrome coronavirus 2"), p(HGNC:ACE2))	{"relation": "partOf"}
bp(GO:"viral entry into host cell")	association	g(GFAM:"Rho family GTPases")	{"annotations": {"BioAssay": {"nucleic acid sequencing method": true}, "PublicationStatus": {"Published": true}, "PublicationType": {"Research": true}, "Section": {"Results": true}, "Species": {"9606": true}}, "citation": {"authors": ["Boots AW", "Conrad C", "Eils R", "Hennig BP", "Kahn NC", "Kreuter M", "Lorenz Chua R", "Lukassen S", "Meister M", "Muley T", "Schneider MA", "Trefzer T", "Veith C", "Winter H"], "date": "2020-04-04", "db": "PubMed", "db_id": "32246845", "db_name": "The EMBO journal", "first": "Lukassen S", "last": "Eils R"}, "evidence": "As RHO GTPases have been implicated in membrane remodeling and the viral replication cycle, especially entry, replication, and spread [Van den Broeke et al. (2014)], transient secretory cells may be more permissive to SARS-CoV-2 infection adding to a potential vulnerability caused by considerably high co-expression levels of ACE2 and TMPRSS2.", "line": 93, "relation": "association"}
bp(GO:"viral life cycle")	association	g(GFAM:"Rho family GTPases")	{"annotations": {"BioAssay": {"nucleic acid sequencing method": true}, "PublicationStatus": {"Published": true}, "PublicationType": {"Research": true}, "Section": {"Results": true}, "Species": {"9606": true}}, "citation": {"authors": ["Boots AW", "Conrad C", "Eils R", "Hennig BP", "Kahn NC", "Kreuter M", "Lorenz Chua R", "Lukassen S", "Meister M", "Muley T", "Schneider MA", "Trefzer T", "Veith C", "Winter H"], "date": "2020-04-04", "db": "PubMed", "db_id": "32246845", "db_name": "The EMBO journal", "first": "Lukassen S", "last": "Eils R"}, "evidence": "As RHO GTPases have been implicated in membrane remodeling and the viral replication cycle, especially entry, replication, and spread [Van den Broeke et al. (2014)], transient secretory cells may be more permissive to SARS-CoV-2 infection adding to a potential vulnerability caused by considerably high co-expression levels of ACE2 and TMPRSS2.", "line": 92, "relation": "association"}
bp(GO:"viral release from host cell")	association	g(GFAM:"Rho family GTPases")	{"annotations": {"BioAssay": {"nucleic acid sequencing method": true}, "PublicationStatus": {"Published": true}, "PublicationType": {"Research": true}, "Section": {"Results": true}, "Species": {"9606": true}}, "citation": {"authors": ["Boots AW", "Conrad C", "Eils R", "Hennig BP", "Kahn NC", "Kreuter M", "Lorenz Chua R", "Lukassen S", "Meister M", "Muley T", "Schneider MA", "Trefzer T", "Veith C", "Winter H"], "date": "2020-04-04", "db": "PubMed", "db_id": "32246845", "db_name": "The EMBO journal", "first": "Lukassen S", "last": "Eils R"}, "evidence": "As RHO GTPases have been implicated in membrane remodeling and the viral replication cycle, especially entry, replication, and spread [Van den Broeke et al. (2014)], transient secretory cells may be more permissive to SARS-CoV-2 infection adding to a potential vulnerability caused by considerably high co-expression levels of ACE2 and TMPRSS2.", "line": 95, "relation": "association"}
complex(a(TAX:"Severe acute respiratory syndrome coronavirus 2"), p(HGNC:ACE2))	increases	bp(GO:"viral entry into host cell")	{"annotations": {"BioAssay": {"nucleic acid sequencing method": true}, "PublicationStatus": {"Published": true}, "PublicationType": {"Research": true}, "Section": {"Results": true}, "Species": {"9606": true}}, "citation": {"authors": ["Boots AW", "Conrad C", "Eils R", "Hennig BP", "Kahn NC", "Kreuter M", "Lorenz Chua R", "Lukassen S", "Meister M", "Muley T", "Schneider MA", "Trefzer T", "Veith C", "Winter H"], "date": "2020-04-04", "db": "PubMed", "db_id": "32246845", "db_name": "The EMBO journal", "first": "Lukassen S", "last": "Eils R"}, "evidence": "Thus, our data suggest that FURIN might increase overall permissiveness of cells in the respiratory tract by potentially equipping more cells with proteolytic activity for SARS-CoV-2 S protein priming after ACE2 receptor binding.", "line": 123, "relation": "increases"}
p(HGNC:ACE2)	partOf	complex(a(TAX:"Severe acute respiratory syndrome coronavirus 2"), p(HGNC:ACE2))	{"relation": "partOf"}
p(HGNC:ACE2)	partOf	composite(p(HGNC:ACE2), p(HGNC:FURIN), p(HGNC:TMPRSS2))	{"relation": "partOf"}
p(HGNC:ACE2)	partOf	composite(p(HGNC:ACE2), p(HGNC:TMPRSS2))	{"relation": "partOf"}
p(HGNC:ACE2)	association	a(MESH:"Alveolar Epithelial Cells")	{"annotations": {"BioAssay": {"nucleic acid sequencing method": true}, "MeSHAnatomy": {"Lung": true}, "PublicationStatus": {"Published": true}, "PublicationType": {"Research": true}, "Section": {"Results": true}, "Species": {"9606": true}}, "citation": {"authors": ["Boots AW", "Conrad C", "Eils R", "Hennig BP", "Kahn NC", "Kreuter M", "Lorenz Chua R", "Lukassen S", "Meister M", "Muley T", "Schneider MA", "Trefzer T", "Veith C", "Winter H"], "date": "2020-04-04", "db": "PubMed", "db_id": "32246845", "db_name": "The EMBO journal", "first": "Lukassen S", "last": "Eils R"}, "evidence": "As expected from prior literature, the AT2 cells showed highest ACE2 expression in the lung both in terms of their CPM values (Fig. 1D, further referred to as ACE2+ cells) and the percentage of positive cells (Supp. Fig. 3).", "line": 56, "relation": "association"}
p(HGNC:ACE2)	association	path(HP:"lung secretory cell")	{"annotations": {"BioAssay": {"nucleic acid sequencing method": true}, "Cell": {"bronchial epithelial cell": true}, "PublicationStatus": {"Published": true}, "PublicationType": {"Research": true}, "Section": {"Results": true}, "Species": {"9606": true}}, "citation": {"authors": ["Boots AW", "Conrad C", "Eils R", "Hennig BP", "Kahn NC", "Kreuter M", "Lorenz Chua R", "Lukassen S", "Meister M", "Muley T", "Schneider MA", "Trefzer T", "Veith C", "Winter H"], "date": "2020-04-04", "db": "PubMed", "db_id": "32246845", "db_name": "The EMBO journal", "first": "Lukassen S", "last": "Eils R"}, "evidence": "Expression levels of ACE2 were comparable but slightly elevated compared to the lung tissue samples, with the strongest expression being observed in a subset of secretory cells (\u2018secretory3\u2019; Fig. 1G).", "line": 70, "relation": "association"}
p(HGNC:ACE2)	positiveCorrelation	path(HP:"human aged stage")	{"annotations": {"BioAssay": {"nucleic acid sequencing method": true}, "PublicationStatus": {"Published": true}, "PublicationType": {"Research": true}, "Section": {"Results": true}, "Species": {"9606": true}}, "citation": {"authors": ["Boots AW", "Conrad C", "Eils R", "Hennig BP", "Kahn NC", "Kreuter M", "Lorenz Chua R", "Lukassen S", "Meister M", "Muley T", "Schneider MA", "Trefzer T", "Veith C", "Winter H"], "date": "2020-04-04", "db": "PubMed", "db_id": "32246845", "db_name": "The EMBO journal", "first": "Lukassen S", "last": "Eils R"}, "evidence": "Here, we see a trend for increasing overall expression of ACE2 with age for all female lung samples (R2=0.40; p=0.065).", "line": 126, "relation": "positiveCorrelation"}
composite(p(HGNC:ACE2), p(HGNC:FURIN), p(HGNC:TMPRSS2))	association	path(HP:lung)	{"annotations": {"BioAssay": {"nucleic acid sequencing method": true}, "MeSHAnatomy": {"Lung": true}, "PublicationStatus": {"Published": true}, "PublicationType": {"Research": true}, "Section": {"Results": true}, "Species": {"9606": true}}, "citation": {"authors": ["Boots AW", "Conrad C", "Eils R", "Hennig BP", "Kahn NC", "Kreuter M", "Lorenz Chua R", "Lukassen S", "Meister M", "Muley T", "Schneider MA", "Trefzer T", "Veith C", "Winter H"], "date": "2020-04-04", "db": "PubMed", "db_id": "32246845", "db_name": "The EMBO journal", "first": "Lukassen S", "last": "Eils R"}, "evidence": "Across cell types, we observed a marked enrichment of the number of double and triple positive cells for any combination of ACE2, TMPRSS2, and/or FURIN expression, indicating a preference for co-expression (Fig. 3B).", "line": 109, "relation": "association"}
p(HGNC:FURIN)	partOf	composite(p(HGNC:ACE2), p(HGNC:FURIN), p(HGNC:TMPRSS2))	{"relation": "partOf"}
p(HGNC:FURIN)	regulates	p(COVID:S)	{"annotations": {"BioAssay": {"nucleic acid sequencing method": true}, "PublicationStatus": {"Published": true}, "PublicationType": {"Research": true}, "Section": {"Results": true}, "Species": {"9606": true}}, "citation": {"authors": ["Boots AW", "Conrad C", "Eils R", "Hennig BP", "Kahn NC", "Kreuter M", "Lorenz Chua R", "Lukassen S", "Meister M", "Muley T", "Schneider MA", "Trefzer T", "Veith C", "Winter H"], "date": "2020-04-04", "db": "PubMed", "db_id": "32246845", "db_name": "The EMBO journal", "first": "Lukassen S", "last": "Eils R"}, "evidence": "Therefore, we investigated the expression of FURIN, as SARS-CoV-2 but not SARS-CoV was reported to have a FURIN cleavage site in its S protein, potentially increasing its priming upon ACE2 receptor binding.", "line": 98, "relation": "regulates"}
p(HGNC:FURIN)	increases	complex(a(TAX:"Severe acute respiratory syndrome coronavirus 2"), p(HGNC:ACE2))	{"annotations": {"BioAssay": {"nucleic acid sequencing method": true}, "PublicationStatus": {"Published": true}, "PublicationType": {"Research": true}, "Section": {"Results": true}, "Species": {"9606": true}}, "citation": {"authors": ["Boots AW", "Conrad C", "Eils R", "Hennig BP", "Kahn NC", "Kreuter M", "Lorenz Chua R", "Lukassen S", "Meister M", "Muley T", "Schneider MA", "Trefzer T", "Veith C", "Winter H"], "date": "2020-04-04", "db": "PubMed", "db_id": "32246845", "db_name": "The EMBO journal", "first": "Lukassen S", "last": "Eils R"}, "evidence": "Therefore, we investigated the expression of FURIN, as SARS-CoV-2 but not SARS-CoV was reported to have a FURIN cleavage site in its S protein, potentially increasing its priming upon ACE2 receptor binding.", "line": 99, "relation": "increases"}
p(HGNC:FURIN)	increases	complex(a(TAX:"Severe acute respiratory syndrome coronavirus 2"), p(HGNC:ACE2))	{"annotations": {"BioAssay": {"nucleic acid sequencing method": true}, "PublicationStatus": {"Published": true}, "PublicationType": {"Research": true}, "Section": {"Results": true}, "Species": {"9606": true}}, "citation": {"authors": ["Boots AW", "Conrad C", "Eils R", "Hennig BP", "Kahn NC", "Kreuter M", "Lorenz Chua R", "Lukassen S", "Meister M", "Muley T", "Schneider MA", "Trefzer T", "Veith C", "Winter H"], "date": "2020-04-04", "db": "PubMed", "db_id": "32246845", "db_name": "The EMBO journal", "first": "Lukassen S", "last": "Eils R"}, "evidence": "Thus, our data suggest that FURIN might increase overall permissiveness of cells in the respiratory tract by potentially equipping more cells with proteolytic activity for SARS-CoV-2 S protein priming after ACE2 receptor binding.", "line": 122, "relation": "increases"}
p(HGNC:FURIN)	association	a(MESH:"Alveolar Epithelial Cells")	{"annotations": {"BioAssay": {"nucleic acid sequencing method": true}, "MeSHAnatomy": {"Lung": true}, "PublicationStatus": {"Published": true}, "PublicationType": {"Research": true}, "Section": {"Results": true}, "Species": {"9606": true}}, "citation": {"authors": ["Boots AW", "Conrad C", "Eils R", "Hennig BP", "Kahn NC", "Kreuter M", "Lorenz Chua R", "Lukassen S", "Meister M", "Muley T", "Schneider MA", "Trefzer T", "Veith C", "Winter H"], "date": "2020-04-04", "db": "PubMed", "db_id": "32246845", "db_name": "The EMBO journal", "first": "Lukassen S", "last": "Eils R"}, "evidence": "In lung tissue, AT2, endothelial, and immune cells were most strongly positive for FURIN expression (Fig. 3A).", "line": 103, "relation": "association"}
p(HGNC:FURIN)	association	path(HP:"lung endothelial cell")	{"annotations": {"BioAssay": {"nucleic acid sequencing method": true}, "MeSHAnatomy": {"Lung": true}, "PublicationStatus": {"Published": true}, "PublicationType": {"Research": true}, "Section": {"Results": true}, "Species": {"9606": true}}, "citation": {"authors": ["Boots AW", "Conrad C", "Eils R", "Hennig BP", "Kahn NC", "Kreuter M", "Lorenz Chua R", "Lukassen S", "Meister M", "Muley T", "Schneider MA", "Trefzer T", "Veith C", "Winter H"], "date": "2020-04-04", "db": "PubMed", "db_id": "32246845", "db_name": "The EMBO journal", "first": "Lukassen S", "last": "Eils R"}, "evidence": "In lung tissue, AT2, endothelial, and immune cells were most strongly positive for FURIN expression (Fig. 3A).", "line": 104, "relation": "association"}
p(HGNC:FURIN)	association	a(MESH:Monocytes)	{"annotations": {"BioAssay": {"nucleic acid sequencing method": true}, "MeSHAnatomy": {"Lung": true}, "PublicationStatus": {"Published": true}, "PublicationType": {"Research": true}, "Section": {"Results": true}, "Species": {"9606": true}}, "citation": {"authors": ["Boots AW", "Conrad C", "Eils R", "Hennig BP", "Kahn NC", "Kreuter M", "Lorenz Chua R", "Lukassen S", "Meister M", "Muley T", "Schneider MA", "Trefzer T", "Veith C", "Winter H"], "date": "2020-04-04", "db": "PubMed", "db_id": "32246845", "db_name": "The EMBO journal", "first": "Lukassen S", "last": "Eils R"}, "evidence": "In lung tissue, AT2, endothelial, and immune cells were most strongly positive for FURIN expression (Fig. 3A).", "line": 105, "relation": "association"}
p(HGNC:FURIN)	association	path(HP:"T cell")	{"annotations": {"BioAssay": {"nucleic acid sequencing method": true}, "MeSHAnatomy": {"Lung": true}, "PublicationStatus": {"Published": true}, "PublicationType": {"Research": true}, "Section": {"Results": true}, "Species": {"9606": true}}, "citation": {"authors": ["Boots AW", "Conrad C", "Eils R", "Hennig BP", "Kahn NC", "Kreuter M", "Lorenz Chua R", "Lukassen S", "Meister M", "Muley T", "Schneider MA", "Trefzer T", "Veith C", "Winter H"], "date": "2020-04-04", "db": "PubMed", "db_id": "32246845", "db_name": "The EMBO journal", "first": "Lukassen S", "last": "Eils R"}, "evidence": "In lung tissue, AT2, endothelial, and immune cells were most strongly positive for FURIN expression (Fig. 3A).", "line": 106, "relation": "association"}
p(HGNC:FURIN)	association	path(HP:"lung secretory cell")	{"annotations": {"BioAssay": {"nucleic acid sequencing method": true}, "Cell": {"bronchial epithelial cell": true}, "PublicationStatus": {"Published": true}, "PublicationType": {"Research": true}, "Section": {"Results": true}, "Species": {"9606": true}}, "citation": {"authors": ["Boots AW", "Conrad C", "Eils R", "Hennig BP", "Kahn NC", "Kreuter M", "Lorenz Chua R", "Lukassen S", "Meister M", "Muley T", "Schneider MA", "Trefzer T", "Veith C", "Winter H"], "date": "2020-04-04", "db": "PubMed", "db_id": "32246845", "db_name": "The EMBO journal", "first": "Lukassen S", "last": "Eils R"}, "evidence": "Interestingly, also transient secretory cells in the HBECs showed an intermediate expression of FURIN (Fig. 3C).", "line": 114, "relation": "association"}
p(HGNC:TMPRSS2)	partOf	composite(p(HGNC:ACE2), p(HGNC:FURIN), p(HGNC:TMPRSS2))	{"relation": "partOf"}
p(HGNC:TMPRSS2)	partOf	composite(p(HGNC:ACE2), p(HGNC:TMPRSS2))	{"relation": "partOf"}
p(HGNC:TMPRSS2)	association	a(MESH:"Alveolar Epithelial Cells")	{"annotations": {"BioAssay": {"nucleic acid sequencing method": true}, "MeSHAnatomy": {"Lung": true}, "PublicationStatus": {"Published": true}, "PublicationType": {"Research": true}, "Section": {"Results": true}, "Species": {"9606": true}}, "citation": {"authors": ["Boots AW", "Conrad C", "Eils R", "Hennig BP", "Kahn NC", "Kreuter M", "Lorenz Chua R", "Lukassen S", "Meister M", "Muley T", "Schneider MA", "Trefzer T", "Veith C", "Winter H"], "date": "2020-04-04", "db": "PubMed", "db_id": "32246845", "db_name": "The EMBO journal", "first": "Lukassen S", "last": "Eils R"}, "evidence": "The expression of TMPRSS2 across cell types of the lung (further referred to as TMPRSS2+ cells) was much stronger with a certain specificity for AT2 cells (Fig. 1E), which is in agreement with previous studies.", "line": 59, "relation": "association"}
p(HGNC:TMPRSS2)	association	path(HP:"ciliated epithelial cell")	{"annotations": {"BioAssay": {"nucleic acid sequencing method": true}, "MeSHAnatomy": {"Lung": true}, "PublicationStatus": {"Published": true}, "PublicationType": {"Research": true}, "Section": {"Results": true}, "Species": {"9606": true}}, "citation": {"authors": ["Boots AW", "Conrad C", "Eils R", "Hennig BP", "Kahn NC", "Kreuter M", "Lorenz Chua R", "Lukassen S", "Meister M", "Muley T", "Schneider MA", "Trefzer T", "Veith C", "Winter H"], "date": "2020-04-04", "db": "PubMed", "db_id": "32246845", "db_name": "The EMBO journal", "first": "Lukassen S", "last": "Eils R"}, "evidence": "The expression of TMPRSS2 across cell types of the lung (further referred to as TMPRSS2+ cells) was much stronger with a certain specificity for AT2 cells (Fig. 1E), which is in agreement with previous studies.", "line": 60, "relation": "association"}
p(HGNC:TMPRSS2)	association	path(HP:"lung endothelial cell")	{"annotations": {"BioAssay": {"nucleic acid sequencing method": true}, "MeSHAnatomy": {"Lung": true}, "PublicationStatus": {"Published": true}, "PublicationType": {"Research": true}, "Section": {"Results": true}, "Species": {"9606": true}}, "citation": {"authors": ["Boots AW", "Conrad C", "Eils R", "Hennig BP", "Kahn NC", "Kreuter M", "Lorenz Chua R", "Lukassen S", "Meister M", "Muley T", "Schneider MA", "Trefzer T", "Veith C", "Winter H"], "date": "2020-04-04", "db": "PubMed", "db_id": "32246845", "db_name": "The EMBO journal", "first": "Lukassen S", "last": "Eils R"}, "evidence": "The expression of TMPRSS2 across cell types of the lung (further referred to as TMPRSS2+ cells) was much stronger with a certain specificity for AT2 cells (Fig. 1E), which is in agreement with previous studies.", "line": 61, "relation": "association"}
p(HGNC:TMPRSS2)	association	path(HP:"fibroblast of lung")	{"annotations": {"BioAssay": {"nucleic acid sequencing method": true}, "MeSHAnatomy": {"Lung": true}, "PublicationStatus": {"Published": true}, "PublicationType": {"Research": true}, "Section": {"Results": true}, "Species": {"9606": true}}, "citation": {"authors": ["Boots AW", "Conrad C", "Eils R", "Hennig BP", "Kahn NC", "Kreuter M", "Lorenz Chua R", "Lukassen S", "Meister M", "Muley T", "Schneider MA", "Trefzer T", "Veith C", "Winter H"], "date": "2020-04-04", "db": "PubMed", "db_id": "32246845", "db_name": "The EMBO journal", "first": "Lukassen S", "last": "Eils R"}, "evidence": "The expression of TMPRSS2 across cell types of the lung (further referred to as TMPRSS2+ cells) was much stronger with a certain specificity for AT2 cells (Fig. 1E), which is in agreement with previous studies.", "line": 62, "relation": "association"}
p(HGNC:TMPRSS2)	association	a(MESH:Monocytes)	{"annotations": {"BioAssay": {"nucleic acid sequencing method": true}, "MeSHAnatomy": {"Lung": true}, "PublicationStatus": {"Published": true}, "PublicationType": {"Research": true}, "Section": {"Results": true}, "Species": {"9606": true}}, "citation": {"authors": ["Boots AW", "Conrad C", "Eils R", "Hennig BP", "Kahn NC", "Kreuter M", "Lorenz Chua R", "Lukassen S", "Meister M", "Muley T", "Schneider MA", "Trefzer T", "Veith C", "Winter H"], "date": "2020-04-04", "db": "PubMed", "db_id": "32246845", "db_name": "The EMBO journal", "first": "Lukassen S", "last": "Eils R"}, "evidence": "The expression of TMPRSS2 across cell types of the lung (further referred to as TMPRSS2+ cells) was much stronger with a certain specificity for AT2 cells (Fig. 1E), which is in agreement with previous studies.", "line": 63, "relation": "association"}
p(HGNC:TMPRSS2)	association	path(HP:"T cell")	{"annotations": {"BioAssay": {"nucleic acid sequencing method": true}, "MeSHAnatomy": {"Lung": true}, "PublicationStatus": {"Published": true}, "PublicationType": {"Research": true}, "Section": {"Results": true}, "Species": {"9606": true}}, "citation": {"authors": ["Boots AW", "Conrad C", "Eils R", "Hennig BP", "Kahn NC", "Kreuter M", "Lorenz Chua R", "Lukassen S", "Meister M", "Muley T", "Schneider MA", "Trefzer T", "Veith C", "Winter H"], "date": "2020-04-04", "db": "PubMed", "db_id": "32246845", "db_name": "The EMBO journal", "first": "Lukassen S", "last": "Eils R"}, "evidence": "The expression of TMPRSS2 across cell types of the lung (further referred to as TMPRSS2+ cells) was much stronger with a certain specificity for AT2 cells (Fig. 1E), which is in agreement with previous studies.", "line": 64, "relation": "association"}
p(HGNC:TMPRSS2)	association	path(HP:"endothelial cell of lymphatic vessel")	{"annotations": {"BioAssay": {"nucleic acid sequencing method": true}, "MeSHAnatomy": {"Lung": true}, "PublicationStatus": {"Published": true}, "PublicationType": {"Research": true}, "Section": {"Results": true}, "Species": {"9606": true}}, "citation": {"authors": ["Boots AW", "Conrad C", "Eils R", "Hennig BP", "Kahn NC", "Kreuter M", "Lorenz Chua R", "Lukassen S", "Meister M", "Muley T", "Schneider MA", "Trefzer T", "Veith C", "Winter H"], "date": "2020-04-04", "db": "PubMed", "db_id": "32246845", "db_name": "The EMBO journal", "first": "Lukassen S", "last": "Eils R"}, "evidence": "The expression of TMPRSS2 across cell types of the lung (further referred to as TMPRSS2+ cells) was much stronger with a certain specificity for AT2 cells (Fig. 1E), which is in agreement with previous studies.", "line": 65, "relation": "association"}
p(HGNC:TMPRSS2)	association	path(HP:"lung secretory cell")	{"annotations": {"BioAssay": {"nucleic acid sequencing method": true}, "Cell": {"bronchial epithelial cell": true}, "PublicationStatus": {"Published": true}, "PublicationType": {"Research": true}, "Section": {"Results": true}, "Species": {"9606": true}}, "citation": {"authors": ["Boots AW", "Conrad C", "Eils R", "Hennig BP", "Kahn NC", "Kreuter M", "Lorenz Chua R", "Lukassen S", "Meister M", "Muley T", "Schneider MA", "Trefzer T", "Veith C", "Winter H"], "date": "2020-04-04", "db": "PubMed", "db_id": "32246845", "db_name": "The EMBO journal", "first": "Lukassen S", "last": "Eils R"}, "evidence": "While TMPRSS2 was less strongly expressed in HBECs than in lung tissue cells, its expression was still markedly higher than that of ACE2 (Fig. 1H).", "line": 73, "relation": "association"}
composite(p(HGNC:ACE2), p(HGNC:TMPRSS2))	association	path(HP:"bronchial epithelial cell")	{"annotations": {"BioAssay": {"nucleic acid sequencing method": true}, "Cell": {"bronchial epithelial cell": true}, "PublicationStatus": {"Published": true}, "PublicationType": {"Research": true}, "Section": {"Results": true}, "Species": {"9606": true}}, "citation": {"authors": ["Boots AW", "Conrad C", "Eils R", "Hennig BP", "Kahn NC", "Kreuter M", "Lorenz Chua R", "Lukassen S", "Meister M", "Muley T", "Schneider MA", "Trefzer T", "Veith C", "Winter H"], "date": "2020-04-04", "db": "PubMed", "db_id": "32246845", "db_name": "The EMBO journal", "first": "Lukassen S", "last": "Eils R"}, "evidence": "In the HBECs, a significant enrichment of the number of ACE2+/TMPRSS2+ double-positive cells was observed, while ACE2+/TMPRSS2+/FURIN+ enrichment did not reach significance (Fig. 3D).", "line": 118, "relation": "association"}
g(GFAM:"Rho family GTPases")	association	path(HP:"lung secretory cell")	{"annotations": {"BioAssay": {"nucleic acid sequencing method": true}, "PublicationStatus": {"Published": true}, "PublicationType": {"Research": true}, "Section": {"Results": true}, "Species": {"9606": true}}, "citation": {"authors": ["Boots AW", "Conrad C", "Eils R", "Hennig BP", "Kahn NC", "Kreuter M", "Lorenz Chua R", "Lukassen S", "Meister M", "Muley T", "Schneider MA", "Trefzer T", "Veith C", "Winter H"], "date": "2020-04-04", "db": "PubMed", "db_id": "32246845", "db_name": "The EMBO journal", "first": "Lukassen S", "last": "Eils R"}, "evidence": "In agreement with ongoing differentiation towards an epithelial cell lineage, the cells pecific markers of the transient secretory cells showed an enrichment of RHO GTPases and their related pathways (Fig. 2E).", "line": 87, "relation": "association"}
g(GFAM:"Rho family GTPases")	association	bp(GO:"viral life cycle")	{"annotations": {"BioAssay": {"nucleic acid sequencing method": true}, "PublicationStatus": {"Published": true}, "PublicationType": {"Research": true}, "Section": {"Results": true}, "Species": {"9606": true}}, "citation": {"authors": ["Boots AW", "Conrad C", "Eils R", "Hennig BP", "Kahn NC", "Kreuter M", "Lorenz Chua R", "Lukassen S", "Meister M", "Muley T", "Schneider MA", "Trefzer T", "Veith C", "Winter H"], "date": "2020-04-04", "db": "PubMed", "db_id": "32246845", "db_name": "The EMBO journal", "first": "Lukassen S", "last": "Eils R"}, "evidence": "As RHO GTPases have been implicated in membrane remodeling and the viral replication cycle, especially entry, replication, and spread [Van den Broeke et al. (2014)], transient secretory cells may be more permissive to SARS-CoV-2 infection adding to a potential vulnerability caused by considerably high co-expression levels of ACE2 and TMPRSS2.", "line": 92, "relation": "association"}
g(GFAM:"Rho family GTPases")	association	bp(GO:"viral entry into host cell")	{"annotations": {"BioAssay": {"nucleic acid sequencing method": true}, "PublicationStatus": {"Published": true}, "PublicationType": {"Research": true}, "Section": {"Results": true}, "Species": {"9606": true}}, "citation": {"authors": ["Boots AW", "Conrad C", "Eils R", "Hennig BP", "Kahn NC", "Kreuter M", "Lorenz Chua R", "Lukassen S", "Meister M", "Muley T", "Schneider MA", "Trefzer T", "Veith C", "Winter H"], "date": "2020-04-04", "db": "PubMed", "db_id": "32246845", "db_name": "The EMBO journal", "first": "Lukassen S", "last": "Eils R"}, "evidence": "As RHO GTPases have been implicated in membrane remodeling and the viral replication cycle, especially entry, replication, and spread [Van den Broeke et al. (2014)], transient secretory cells may be more permissive to SARS-CoV-2 infection adding to a potential vulnerability caused by considerably high co-expression levels of ACE2 and TMPRSS2.", "line": 93, "relation": "association"}
g(GFAM:"Rho family GTPases")	association	path(MESH:"Virus Replication")	{"annotations": {"BioAssay": {"nucleic acid sequencing method": true}, "PublicationStatus": {"Published": true}, "PublicationType": {"Research": true}, "Section": {"Results": true}, "Species": {"9606": true}}, "citation": {"authors": ["Boots AW", "Conrad C", "Eils R", "Hennig BP", "Kahn NC", "Kreuter M", "Lorenz Chua R", "Lukassen S", "Meister M", "Muley T", "Schneider MA", "Trefzer T", "Veith C", "Winter H"], "date": "2020-04-04", "db": "PubMed", "db_id": "32246845", "db_name": "The EMBO journal", "first": "Lukassen S", "last": "Eils R"}, "evidence": "As RHO GTPases have been implicated in membrane remodeling and the viral replication cycle, especially entry, replication, and spread [Van den Broeke et al. (2014)], transient secretory cells may be more permissive to SARS-CoV-2 infection adding to a potential vulnerability caused by considerably high co-expression levels of ACE2 and TMPRSS2.", "line": 94, "relation": "association"}
g(GFAM:"Rho family GTPases")	association	bp(GO:"viral release from host cell")	{"annotations": {"BioAssay": {"nucleic acid sequencing method": true}, "PublicationStatus": {"Published": true}, "PublicationType": {"Research": true}, "Section": {"Results": true}, "Species": {"9606": true}}, "citation": {"authors": ["Boots AW", "Conrad C", "Eils R", "Hennig BP", "Kahn NC", "Kreuter M", "Lorenz Chua R", "Lukassen S", "Meister M", "Muley T", "Schneider MA", "Trefzer T", "Veith C", "Winter H"], "date": "2020-04-04", "db": "PubMed", "db_id": "32246845", "db_name": "The EMBO journal", "first": "Lukassen S", "last": "Eils R"}, "evidence": "As RHO GTPases have been implicated in membrane remodeling and the viral replication cycle, especially entry, replication, and spread [Van den Broeke et al. (2014)], transient secretory cells may be more permissive to SARS-CoV-2 infection adding to a potential vulnerability caused by considerably high co-expression levels of ACE2 and TMPRSS2.", "line": 95, "relation": "association"}
p(HGNC:ISG20)	association	path(HP:"lung secretory cell")	{"annotations": {"BioAssay": {"nucleic acid sequencing method": true}, "Cell": {"bronchial epithelial cell": true}, "PublicationStatus": {"Published": true}, "PublicationType": {"Research": true}, "Section": {"Results": true}, "Species": {"9606": true}}, "citation": {"authors": ["Boots AW", "Conrad C", "Eils R", "Hennig BP", "Kahn NC", "Kreuter M", "Lorenz Chua R", "Lukassen S", "Meister M", "Muley T", "Schneider MA", "Trefzer T", "Veith C", "Winter H"], "date": "2020-04-04", "db": "PubMed", "db_id": "32246845", "db_name": "The EMBO journal", "first": "Lukassen S", "last": "Eils R"}, "evidence": "\u2018Secretory3\u2019 cells were found at an intermediate position between club or goblet cells and ciliated cells (Fig. 2A), which could be confirmed by shared marker gene expression (Fig. 2B).", "line": 83, "relation": "association"}
p(HGNC:PIGR)	association	path(HP:"lung secretory cell")	{"annotations": {"BioAssay": {"nucleic acid sequencing method": true}, "Cell": {"bronchial epithelial cell": true}, "PublicationStatus": {"Published": true}, "PublicationType": {"Research": true}, "Section": {"Results": true}, "Species": {"9606": true}}, "citation": {"authors": ["Boots AW", "Conrad C", "Eils R", "Hennig BP", "Kahn NC", "Kreuter M", "Lorenz Chua R", "Lukassen S", "Meister M", "Muley T", "Schneider MA", "Trefzer T", "Veith C", "Winter H"], "date": "2020-04-04", "db": "PubMed", "db_id": "32246845", "db_name": "The EMBO journal", "first": "Lukassen S", "last": "Eils R"}, "evidence": "\u2018Secretory3\u2019 cells were found at an intermediate position between club or goblet cells and ciliated cells (Fig. 2A), which could be confirmed by shared marker gene expression (Fig. 2B).", "line": 79, "relation": "association"}
p(HGNC:PLAUR)	association	path(HP:"lung secretory cell")	{"annotations": {"BioAssay": {"nucleic acid sequencing method": true}, "Cell": {"bronchial epithelial cell": true}, "PublicationStatus": {"Published": true}, "PublicationType": {"Research": true}, "Section": {"Results": true}, "Species": {"9606": true}}, "citation": {"authors": ["Boots AW", "Conrad C", "Eils R", "Hennig BP", "Kahn NC", "Kreuter M", "Lorenz Chua R", "Lukassen S", "Meister M", "Muley T", "Schneider MA", "Trefzer T", "Veith C", "Winter H"], "date": "2020-04-04", "db": "PubMed", "db_id": "32246845", "db_name": "The EMBO journal", "first": "Lukassen S", "last": "Eils R"}, "evidence": "\u2018Secretory3\u2019 cells were found at an intermediate position between club or goblet cells and ciliated cells (Fig. 2A), which could be confirmed by shared marker gene expression (Fig. 2B).", "line": 82, "relation": "association"}
p(HGNC:SCGB1A1)	association	path(HP:"lung secretory cell")	{"annotations": {"BioAssay": {"nucleic acid sequencing method": true}, "Cell": {"bronchial epithelial cell": true}, "PublicationStatus": {"Published": true}, "PublicationType": {"Research": true}, "Section": {"Results": true}, "Species": {"9606": true}}, "citation": {"authors": ["Boots AW", "Conrad C", "Eils R", "Hennig BP", "Kahn NC", "Kreuter M", "Lorenz Chua R", "Lukassen S", "Meister M", "Muley T", "Schneider MA", "Trefzer T", "Veith C", "Winter H"], "date": "2020-04-04", "db": "PubMed", "db_id": "32246845", "db_name": "The EMBO journal", "first": "Lukassen S", "last": "Eils R"}, "evidence": "\u2018Secretory3\u2019 cells were found at an intermediate position between club or goblet cells and ciliated cells (Fig. 2A), which could be confirmed by shared marker gene expression (Fig. 2B).", "line": 76, "relation": "association"}
p(HGNC:TUBA1A)	association	path(HP:"lung secretory cell")	{"annotations": {"BioAssay": {"nucleic acid sequencing method": true}, "Cell": {"bronchial epithelial cell": true}, "PublicationStatus": {"Published": true}, "PublicationType": {"Research": true}, "Section": {"Results": true}, "Species": {"9606": true}}, "citation": {"authors": ["Boots AW", "Conrad C", "Eils R", "Hennig BP", "Kahn NC", "Kreuter M", "Lorenz Chua R", "Lukassen S", "Meister M", "Muley T", "Schneider MA", "Trefzer T", "Veith C", "Winter H"], "date": "2020-04-04", "db": "PubMed", "db_id": "32246845", "db_name": "The EMBO journal", "first": "Lukassen S", "last": "Eils R"}, "evidence": "\u2018Secretory3\u2019 cells were found at an intermediate position between club or goblet cells and ciliated cells (Fig. 2A), which could be confirmed by shared marker gene expression (Fig. 2B).", "line": 80, "relation": "association"}
p(HGNC:TUBB4B)	association	path(HP:"lung secretory cell")	{"annotations": {"BioAssay": {"nucleic acid sequencing method": true}, "Cell": {"bronchial epithelial cell": true}, "PublicationStatus": {"Published": true}, "PublicationType": {"Research": true}, "Section": {"Results": true}, "Species": {"9606": true}}, "citation": {"authors": ["Boots AW", "Conrad C", "Eils R", "Hennig BP", "Kahn NC", "Kreuter M", "Lorenz Chua R", "Lukassen S", "Meister M", "Muley T", "Schneider MA", "Trefzer T", "Veith C", "Winter H"], "date": "2020-04-04", "db": "PubMed", "db_id": "32246845", "db_name": "The EMBO journal", "first": "Lukassen S", "last": "Eils R"}, "evidence": "\u2018Secretory3\u2019 cells were found at an intermediate position between club or goblet cells and ciliated cells (Fig. 2A), which could be confirmed by shared marker gene expression (Fig. 2B).", "line": 81, "relation": "association"}
p(HGNC:VMO1)	association	path(HP:"lung secretory cell")	{"annotations": {"BioAssay": {"nucleic acid sequencing method": true}, "Cell": {"bronchial epithelial cell": true}, "PublicationStatus": {"Published": true}, "PublicationType": {"Research": true}, "Section": {"Results": true}, "Species": {"9606": true}}, "citation": {"authors": ["Boots AW", "Conrad C", "Eils R", "Hennig BP", "Kahn NC", "Kreuter M", "Lorenz Chua R", "Lukassen S", "Meister M", "Muley T", "Schneider MA", "Trefzer T", "Veith C", "Winter H"], "date": "2020-04-04", "db": "PubMed", "db_id": "32246845", "db_name": "The EMBO journal", "first": "Lukassen S", "last": "Eils R"}, "evidence": "\u2018Secretory3\u2019 cells were found at an intermediate position between club or goblet cells and ciliated cells (Fig. 2A), which could be confirmed by shared marker gene expression (Fig. 2B).", "line": 78, "relation": "association"}
p(HGNC:XBP1)	association	path(HP:"lung secretory cell")	{"annotations": {"BioAssay": {"nucleic acid sequencing method": true}, "Cell": {"bronchial epithelial cell": true}, "PublicationStatus": {"Published": true}, "PublicationType": {"Research": true}, "Section": {"Results": true}, "Species": {"9606": true}}, "citation": {"authors": ["Boots AW", "Conrad C", "Eils R", "Hennig BP", "Kahn NC", "Kreuter M", "Lorenz Chua R", "Lukassen S", "Meister M", "Muley T", "Schneider MA", "Trefzer T", "Veith C", "Winter H"], "date": "2020-04-04", "db": "PubMed", "db_id": "32246845", "db_name": "The EMBO journal", "first": "Lukassen S", "last": "Eils R"}, "evidence": "\u2018Secretory3\u2019 cells were found at an intermediate position between club or goblet cells and ciliated cells (Fig. 2A), which could be confirmed by shared marker gene expression (Fig. 2B).", "line": 77, "relation": "association"}
path(HP:"T cell")	association	p(HGNC:TMPRSS2)	{"annotations": {"BioAssay": {"nucleic acid sequencing method": true}, "MeSHAnatomy": {"Lung": true}, "PublicationStatus": {"Published": true}, "PublicationType": {"Research": true}, "Section": {"Results": true}, "Species": {"9606": true}}, "citation": {"authors": ["Boots AW", "Conrad C", "Eils R", "Hennig BP", "Kahn NC", "Kreuter M", "Lorenz Chua R", "Lukassen S", "Meister M", "Muley T", "Schneider MA", "Trefzer T", "Veith C", "Winter H"], "date": "2020-04-04", "db": "PubMed", "db_id": "32246845", "db_name": "The EMBO journal", "first": "Lukassen S", "last": "Eils R"}, "evidence": "The expression of TMPRSS2 across cell types of the lung (further referred to as TMPRSS2+ cells) was much stronger with a certain specificity for AT2 cells (Fig. 1E), which is in agreement with previous studies.", "line": 64, "relation": "association"}
path(HP:"T cell")	association	p(HGNC:FURIN)	{"annotations": {"BioAssay": {"nucleic acid sequencing method": true}, "MeSHAnatomy": {"Lung": true}, "PublicationStatus": {"Published": true}, "PublicationType": {"Research": true}, "Section": {"Results": true}, "Species": {"9606": true}}, "citation": {"authors": ["Boots AW", "Conrad C", "Eils R", "Hennig BP", "Kahn NC", "Kreuter M", "Lorenz Chua R", "Lukassen S", "Meister M", "Muley T", "Schneider MA", "Trefzer T", "Veith C", "Winter H"], "date": "2020-04-04", "db": "PubMed", "db_id": "32246845", "db_name": "The EMBO journal", "first": "Lukassen S", "last": "Eils R"}, "evidence": "In lung tissue, AT2, endothelial, and immune cells were most strongly positive for FURIN expression (Fig. 3A).", "line": 106, "relation": "association"}
path(HP:"bronchial epithelial cell")	association	composite(p(HGNC:ACE2), p(HGNC:TMPRSS2))	{"annotations": {"BioAssay": {"nucleic acid sequencing method": true}, "Cell": {"bronchial epithelial cell": true}, "PublicationStatus": {"Published": true}, "PublicationType": {"Research": true}, "Section": {"Results": true}, "Species": {"9606": true}}, "citation": {"authors": ["Boots AW", "Conrad C", "Eils R", "Hennig BP", "Kahn NC", "Kreuter M", "Lorenz Chua R", "Lukassen S", "Meister M", "Muley T", "Schneider MA", "Trefzer T", "Veith C", "Winter H"], "date": "2020-04-04", "db": "PubMed", "db_id": "32246845", "db_name": "The EMBO journal", "first": "Lukassen S", "last": "Eils R"}, "evidence": "In the HBECs, a significant enrichment of the number of ACE2+/TMPRSS2+ double-positive cells was observed, while ACE2+/TMPRSS2+/FURIN+ enrichment did not reach significance (Fig. 3D).", "line": 118, "relation": "association"}
path(HP:"ciliated epithelial cell")	association	p(HGNC:TMPRSS2)	{"annotations": {"BioAssay": {"nucleic acid sequencing method": true}, "MeSHAnatomy": {"Lung": true}, "PublicationStatus": {"Published": true}, "PublicationType": {"Research": true}, "Section": {"Results": true}, "Species": {"9606": true}}, "citation": {"authors": ["Boots AW", "Conrad C", "Eils R", "Hennig BP", "Kahn NC", "Kreuter M", "Lorenz Chua R", "Lukassen S", "Meister M", "Muley T", "Schneider MA", "Trefzer T", "Veith C", "Winter H"], "date": "2020-04-04", "db": "PubMed", "db_id": "32246845", "db_name": "The EMBO journal", "first": "Lukassen S", "last": "Eils R"}, "evidence": "The expression of TMPRSS2 across cell types of the lung (further referred to as TMPRSS2+ cells) was much stronger with a certain specificity for AT2 cells (Fig. 1E), which is in agreement with previous studies.", "line": 60, "relation": "association"}
path(HP:"endothelial cell of lymphatic vessel")	association	p(HGNC:TMPRSS2)	{"annotations": {"BioAssay": {"nucleic acid sequencing method": true}, "MeSHAnatomy": {"Lung": true}, "PublicationStatus": {"Published": true}, "PublicationType": {"Research": true}, "Section": {"Results": true}, "Species": {"9606": true}}, "citation": {"authors": ["Boots AW", "Conrad C", "Eils R", "Hennig BP", "Kahn NC", "Kreuter M", "Lorenz Chua R", "Lukassen S", "Meister M", "Muley T", "Schneider MA", "Trefzer T", "Veith C", "Winter H"], "date": "2020-04-04", "db": "PubMed", "db_id": "32246845", "db_name": "The EMBO journal", "first": "Lukassen S", "last": "Eils R"}, "evidence": "The expression of TMPRSS2 across cell types of the lung (further referred to as TMPRSS2+ cells) was much stronger with a certain specificity for AT2 cells (Fig. 1E), which is in agreement with previous studies.", "line": 65, "relation": "association"}
path(HP:"fibroblast of lung")	association	p(HGNC:TMPRSS2)	{"annotations": {"BioAssay": {"nucleic acid sequencing method": true}, "MeSHAnatomy": {"Lung": true}, "PublicationStatus": {"Published": true}, "PublicationType": {"Research": true}, "Section": {"Results": true}, "Species": {"9606": true}}, "citation": {"authors": ["Boots AW", "Conrad C", "Eils R", "Hennig BP", "Kahn NC", "Kreuter M", "Lorenz Chua R", "Lukassen S", "Meister M", "Muley T", "Schneider MA", "Trefzer T", "Veith C", "Winter H"], "date": "2020-04-04", "db": "PubMed", "db_id": "32246845", "db_name": "The EMBO journal", "first": "Lukassen S", "last": "Eils R"}, "evidence": "The expression of TMPRSS2 across cell types of the lung (further referred to as TMPRSS2+ cells) was much stronger with a certain specificity for AT2 cells (Fig. 1E), which is in agreement with previous studies.", "line": 62, "relation": "association"}
path(HP:"human aged stage")	positiveCorrelation	p(HGNC:ACE2)	{"annotations": {"BioAssay": {"nucleic acid sequencing method": true}, "PublicationStatus": {"Published": true}, "PublicationType": {"Research": true}, "Section": {"Results": true}, "Species": {"9606": true}}, "citation": {"authors": ["Boots AW", "Conrad C", "Eils R", "Hennig BP", "Kahn NC", "Kreuter M", "Lorenz Chua R", "Lukassen S", "Meister M", "Muley T", "Schneider MA", "Trefzer T", "Veith C", "Winter H"], "date": "2020-04-04", "db": "PubMed", "db_id": "32246845", "db_name": "The EMBO journal", "first": "Lukassen S", "last": "Eils R"}, "evidence": "Here, we see a trend for increasing overall expression of ACE2 with age for all female lung samples (R2=0.40; p=0.065).", "line": 126, "relation": "positiveCorrelation"}
path(HP:"lung endothelial cell")	association	p(HGNC:TMPRSS2)	{"annotations": {"BioAssay": {"nucleic acid sequencing method": true}, "MeSHAnatomy": {"Lung": true}, "PublicationStatus": {"Published": true}, "PublicationType": {"Research": true}, "Section": {"Results": true}, "Species": {"9606": true}}, "citation": {"authors": ["Boots AW", "Conrad C", "Eils R", "Hennig BP", "Kahn NC", "Kreuter M", "Lorenz Chua R", "Lukassen S", "Meister M", "Muley T", "Schneider MA", "Trefzer T", "Veith C", "Winter H"], "date": "2020-04-04", "db": "PubMed", "db_id": "32246845", "db_name": "The EMBO journal", "first": "Lukassen S", "last": "Eils R"}, "evidence": "The expression of TMPRSS2 across cell types of the lung (further referred to as TMPRSS2+ cells) was much stronger with a certain specificity for AT2 cells (Fig. 1E), which is in agreement with previous studies.", "line": 61, "relation": "association"}
path(HP:"lung endothelial cell")	association	p(HGNC:FURIN)	{"annotations": {"BioAssay": {"nucleic acid sequencing method": true}, "MeSHAnatomy": {"Lung": true}, "PublicationStatus": {"Published": true}, "PublicationType": {"Research": true}, "Section": {"Results": true}, "Species": {"9606": true}}, "citation": {"authors": ["Boots AW", "Conrad C", "Eils R", "Hennig BP", "Kahn NC", "Kreuter M", "Lorenz Chua R", "Lukassen S", "Meister M", "Muley T", "Schneider MA", "Trefzer T", "Veith C", "Winter H"], "date": "2020-04-04", "db": "PubMed", "db_id": "32246845", "db_name": "The EMBO journal", "first": "Lukassen S", "last": "Eils R"}, "evidence": "In lung tissue, AT2, endothelial, and immune cells were most strongly positive for FURIN expression (Fig. 3A).", "line": 104, "relation": "association"}
path(HP:"lung secretory cell")	association	p(HGNC:ACE2)	{"annotations": {"BioAssay": {"nucleic acid sequencing method": true}, "Cell": {"bronchial epithelial cell": true}, "PublicationStatus": {"Published": true}, "PublicationType": {"Research": true}, "Section": {"Results": true}, "Species": {"9606": true}}, "citation": {"authors": ["Boots AW", "Conrad C", "Eils R", "Hennig BP", "Kahn NC", "Kreuter M", "Lorenz Chua R", "Lukassen S", "Meister M", "Muley T", "Schneider MA", "Trefzer T", "Veith C", "Winter H"], "date": "2020-04-04", "db": "PubMed", "db_id": "32246845", "db_name": "The EMBO journal", "first": "Lukassen S", "last": "Eils R"}, "evidence": "Expression levels of ACE2 were comparable but slightly elevated compared to the lung tissue samples, with the strongest expression being observed in a subset of secretory cells (\u2018secretory3\u2019; Fig. 1G).", "line": 70, "relation": "association"}
path(HP:"lung secretory cell")	association	p(HGNC:TMPRSS2)	{"annotations": {"BioAssay": {"nucleic acid sequencing method": true}, "Cell": {"bronchial epithelial cell": true}, "PublicationStatus": {"Published": true}, "PublicationType": {"Research": true}, "Section": {"Results": true}, "Species": {"9606": true}}, "citation": {"authors": ["Boots AW", "Conrad C", "Eils R", "Hennig BP", "Kahn NC", "Kreuter M", "Lorenz Chua R", "Lukassen S", "Meister M", "Muley T", "Schneider MA", "Trefzer T", "Veith C", "Winter H"], "date": "2020-04-04", "db": "PubMed", "db_id": "32246845", "db_name": "The EMBO journal", "first": "Lukassen S", "last": "Eils R"}, "evidence": "While TMPRSS2 was less strongly expressed in HBECs than in lung tissue cells, its expression was still markedly higher than that of ACE2 (Fig. 1H).", "line": 73, "relation": "association"}
path(HP:"lung secretory cell")	association	p(HGNC:SCGB1A1)	{"annotations": {"BioAssay": {"nucleic acid sequencing method": true}, "Cell": {"bronchial epithelial cell": true}, "PublicationStatus": {"Published": true}, "PublicationType": {"Research": true}, "Section": {"Results": true}, "Species": {"9606": true}}, "citation": {"authors": ["Boots AW", "Conrad C", "Eils R", "Hennig BP", "Kahn NC", "Kreuter M", "Lorenz Chua R", "Lukassen S", "Meister M", "Muley T", "Schneider MA", "Trefzer T", "Veith C", "Winter H"], "date": "2020-04-04", "db": "PubMed", "db_id": "32246845", "db_name": "The EMBO journal", "first": "Lukassen S", "last": "Eils R"}, "evidence": "\u2018Secretory3\u2019 cells were found at an intermediate position between club or goblet cells and ciliated cells (Fig. 2A), which could be confirmed by shared marker gene expression (Fig. 2B).", "line": 76, "relation": "association"}
path(HP:"lung secretory cell")	association	p(HGNC:XBP1)	{"annotations": {"BioAssay": {"nucleic acid sequencing method": true}, "Cell": {"bronchial epithelial cell": true}, "PublicationStatus": {"Published": true}, "PublicationType": {"Research": true}, "Section": {"Results": true}, "Species": {"9606": true}}, "citation": {"authors": ["Boots AW", "Conrad C", "Eils R", "Hennig BP", "Kahn NC", "Kreuter M", "Lorenz Chua R", "Lukassen S", "Meister M", "Muley T", "Schneider MA", "Trefzer T", "Veith C", "Winter H"], "date": "2020-04-04", "db": "PubMed", "db_id": "32246845", "db_name": "The EMBO journal", "first": "Lukassen S", "last": "Eils R"}, "evidence": "\u2018Secretory3\u2019 cells were found at an intermediate position between club or goblet cells and ciliated cells (Fig. 2A), which could be confirmed by shared marker gene expression (Fig. 2B).", "line": 77, "relation": "association"}
path(HP:"lung secretory cell")	association	p(HGNC:VMO1)	{"annotations": {"BioAssay": {"nucleic acid sequencing method": true}, "Cell": {"bronchial epithelial cell": true}, "PublicationStatus": {"Published": true}, "PublicationType": {"Research": true}, "Section": {"Results": true}, "Species": {"9606": true}}, "citation": {"authors": ["Boots AW", "Conrad C", "Eils R", "Hennig BP", "Kahn NC", "Kreuter M", "Lorenz Chua R", "Lukassen S", "Meister M", "Muley T", "Schneider MA", "Trefzer T", "Veith C", "Winter H"], "date": "2020-04-04", "db": "PubMed", "db_id": "32246845", "db_name": "The EMBO journal", "first": "Lukassen S", "last": "Eils R"}, "evidence": "\u2018Secretory3\u2019 cells were found at an intermediate position between club or goblet cells and ciliated cells (Fig. 2A), which could be confirmed by shared marker gene expression (Fig. 2B).", "line": 78, "relation": "association"}
path(HP:"lung secretory cell")	association	p(HGNC:PIGR)	{"annotations": {"BioAssay": {"nucleic acid sequencing method": true}, "Cell": {"bronchial epithelial cell": true}, "PublicationStatus": {"Published": true}, "PublicationType": {"Research": true}, "Section": {"Results": true}, "Species": {"9606": true}}, "citation": {"authors": ["Boots AW", "Conrad C", "Eils R", "Hennig BP", "Kahn NC", "Kreuter M", "Lorenz Chua R", "Lukassen S", "Meister M", "Muley T", "Schneider MA", "Trefzer T", "Veith C", "Winter H"], "date": "2020-04-04", "db": "PubMed", "db_id": "32246845", "db_name": "The EMBO journal", "first": "Lukassen S", "last": "Eils R"}, "evidence": "\u2018Secretory3\u2019 cells were found at an intermediate position between club or goblet cells and ciliated cells (Fig. 2A), which could be confirmed by shared marker gene expression (Fig. 2B).", "line": 79, "relation": "association"}
path(HP:"lung secretory cell")	association	p(HGNC:TUBA1A)	{"annotations": {"BioAssay": {"nucleic acid sequencing method": true}, "Cell": {"bronchial epithelial cell": true}, "PublicationStatus": {"Published": true}, "PublicationType": {"Research": true}, "Section": {"Results": true}, "Species": {"9606": true}}, "citation": {"authors": ["Boots AW", "Conrad C", "Eils R", "Hennig BP", "Kahn NC", "Kreuter M", "Lorenz Chua R", "Lukassen S", "Meister M", "Muley T", "Schneider MA", "Trefzer T", "Veith C", "Winter H"], "date": "2020-04-04", "db": "PubMed", "db_id": "32246845", "db_name": "The EMBO journal", "first": "Lukassen S", "last": "Eils R"}, "evidence": "\u2018Secretory3\u2019 cells were found at an intermediate position between club or goblet cells and ciliated cells (Fig. 2A), which could be confirmed by shared marker gene expression (Fig. 2B).", "line": 80, "relation": "association"}
path(HP:"lung secretory cell")	association	p(HGNC:TUBB4B)	{"annotations": {"BioAssay": {"nucleic acid sequencing method": true}, "Cell": {"bronchial epithelial cell": true}, "PublicationStatus": {"Published": true}, "PublicationType": {"Research": true}, "Section": {"Results": true}, "Species": {"9606": true}}, "citation": {"authors": ["Boots AW", "Conrad C", "Eils R", "Hennig BP", "Kahn NC", "Kreuter M", "Lorenz Chua R", "Lukassen S", "Meister M", "Muley T", "Schneider MA", "Trefzer T", "Veith C", "Winter H"], "date": "2020-04-04", "db": "PubMed", "db_id": "32246845", "db_name": "The EMBO journal", "first": "Lukassen S", "last": "Eils R"}, "evidence": "\u2018Secretory3\u2019 cells were found at an intermediate position between club or goblet cells and ciliated cells (Fig. 2A), which could be confirmed by shared marker gene expression (Fig. 2B).", "line": 81, "relation": "association"}
path(HP:"lung secretory cell")	association	p(HGNC:PLAUR)	{"annotations": {"BioAssay": {"nucleic acid sequencing method": true}, "Cell": {"bronchial epithelial cell": true}, "PublicationStatus": {"Published": true}, "PublicationType": {"Research": true}, "Section": {"Results": true}, "Species": {"9606": true}}, "citation": {"authors": ["Boots AW", "Conrad C", "Eils R", "Hennig BP", "Kahn NC", "Kreuter M", "Lorenz Chua R", "Lukassen S", "Meister M", "Muley T", "Schneider MA", "Trefzer T", "Veith C", "Winter H"], "date": "2020-04-04", "db": "PubMed", "db_id": "32246845", "db_name": "The EMBO journal", "first": "Lukassen S", "last": "Eils R"}, "evidence": "\u2018Secretory3\u2019 cells were found at an intermediate position between club or goblet cells and ciliated cells (Fig. 2A), which could be confirmed by shared marker gene expression (Fig. 2B).", "line": 82, "relation": "association"}
path(HP:"lung secretory cell")	association	p(HGNC:ISG20)	{"annotations": {"BioAssay": {"nucleic acid sequencing method": true}, "Cell": {"bronchial epithelial cell": true}, "PublicationStatus": {"Published": true}, "PublicationType": {"Research": true}, "Section": {"Results": true}, "Species": {"9606": true}}, "citation": {"authors": ["Boots AW", "Conrad C", "Eils R", "Hennig BP", "Kahn NC", "Kreuter M", "Lorenz Chua R", "Lukassen S", "Meister M", "Muley T", "Schneider MA", "Trefzer T", "Veith C", "Winter H"], "date": "2020-04-04", "db": "PubMed", "db_id": "32246845", "db_name": "The EMBO journal", "first": "Lukassen S", "last": "Eils R"}, "evidence": "\u2018Secretory3\u2019 cells were found at an intermediate position between club or goblet cells and ciliated cells (Fig. 2A), which could be confirmed by shared marker gene expression (Fig. 2B).", "line": 83, "relation": "association"}
path(HP:"lung secretory cell")	association	g(GFAM:"Rho family GTPases")	{"annotations": {"BioAssay": {"nucleic acid sequencing method": true}, "PublicationStatus": {"Published": true}, "PublicationType": {"Research": true}, "Section": {"Results": true}, "Species": {"9606": true}}, "citation": {"authors": ["Boots AW", "Conrad C", "Eils R", "Hennig BP", "Kahn NC", "Kreuter M", "Lorenz Chua R", "Lukassen S", "Meister M", "Muley T", "Schneider MA", "Trefzer T", "Veith C", "Winter H"], "date": "2020-04-04", "db": "PubMed", "db_id": "32246845", "db_name": "The EMBO journal", "first": "Lukassen S", "last": "Eils R"}, "evidence": "In agreement with ongoing differentiation towards an epithelial cell lineage, the cells pecific markers of the transient secretory cells showed an enrichment of RHO GTPases and their related pathways (Fig. 2E).", "line": 87, "relation": "association"}
path(HP:"lung secretory cell")	association	p(HGNC:FURIN)	{"annotations": {"BioAssay": {"nucleic acid sequencing method": true}, "Cell": {"bronchial epithelial cell": true}, "PublicationStatus": {"Published": true}, "PublicationType": {"Research": true}, "Section": {"Results": true}, "Species": {"9606": true}}, "citation": {"authors": ["Boots AW", "Conrad C", "Eils R", "Hennig BP", "Kahn NC", "Kreuter M", "Lorenz Chua R", "Lukassen S", "Meister M", "Muley T", "Schneider MA", "Trefzer T", "Veith C", "Winter H"], "date": "2020-04-04", "db": "PubMed", "db_id": "32246845", "db_name": "The EMBO journal", "first": "Lukassen S", "last": "Eils R"}, "evidence": "Interestingly, also transient secretory cells in the HBECs showed an intermediate expression of FURIN (Fig. 3C).", "line": 114, "relation": "association"}
path(HP:lung)	association	composite(p(HGNC:ACE2), p(HGNC:FURIN), p(HGNC:TMPRSS2))	{"annotations": {"BioAssay": {"nucleic acid sequencing method": true}, "MeSHAnatomy": {"Lung": true}, "PublicationStatus": {"Published": true}, "PublicationType": {"Research": true}, "Section": {"Results": true}, "Species": {"9606": true}}, "citation": {"authors": ["Boots AW", "Conrad C", "Eils R", "Hennig BP", "Kahn NC", "Kreuter M", "Lorenz Chua R", "Lukassen S", "Meister M", "Muley T", "Schneider MA", "Trefzer T", "Veith C", "Winter H"], "date": "2020-04-04", "db": "PubMed", "db_id": "32246845", "db_name": "The EMBO journal", "first": "Lukassen S", "last": "Eils R"}, "evidence": "Across cell types, we observed a marked enrichment of the number of double and triple positive cells for any combination of ACE2, TMPRSS2, and/or FURIN expression, indicating a preference for co-expression (Fig. 3B).", "line": 109, "relation": "association"}
path(MESH:"Virus Replication")	association	g(GFAM:"Rho family GTPases")	{"annotations": {"BioAssay": {"nucleic acid sequencing method": true}, "PublicationStatus": {"Published": true}, "PublicationType": {"Research": true}, "Section": {"Results": true}, "Species": {"9606": true}}, "citation": {"authors": ["Boots AW", "Conrad C", "Eils R", "Hennig BP", "Kahn NC", "Kreuter M", "Lorenz Chua R", "Lukassen S", "Meister M", "Muley T", "Schneider MA", "Trefzer T", "Veith C", "Winter H"], "date": "2020-04-04", "db": "PubMed", "db_id": "32246845", "db_name": "The EMBO journal", "first": "Lukassen S", "last": "Eils R"}, "evidence": "As RHO GTPases have been implicated in membrane remodeling and the viral replication cycle, especially entry, replication, and spread [Van den Broeke et al. (2014)], transient secretory cells may be more permissive to SARS-CoV-2 infection adding to a potential vulnerability caused by considerably high co-expression levels of ACE2 and TMPRSS2.", "line": 94, "relation": "association"}
