deg(a(MESH:"Alveolar Epithelial Cells"))	association	path(DO:"viral pneumonia")	{"annotations": {"Assay": {"Haemotoxylin and Eosin staining": true}, "BioAssay": {"immunohistochemistry": true}, "Custom_Disease": {"COVID-19": true}, "Custom_Species": {"9544": true}, "Infection_Type": {"Primary": true}, "MeSHAnatomy": {"Lung": true}, "PublicationStatus": {"Preprint": true}, "PublicationType": {"Research": true}, "Section": {"Full Text": true}, "Timeline": {"3 days": true}}, "citation": {"db": "DOI", "db_id": "10.1101/2020.03.13.990226"}, "evidence": "Furthermore, the lesions occurred mainly in the lung confirmed by the HE staining and anti-spike protein of SARS-CoV-2 staining, with mild to moderate interstitial pneumonia characterized by thickened alveolar septa, accumulation of alveolar macrophages in the alveoli, degeneration of the alveolar epithelia, and infiltration of inflammatory cells (Figure 3a).", "line": 94, "relation": "association", "subject": {"modifier": "Degradation"}}
a(MESH:"Immunoglobulin G")	association	p(COVID:S)	{"annotations": {"BioAssay": {"ELISA": true}, "Custom_Disease": {"COVID-19": true}, "Custom_Species": {"9544": true}, "Infection_Type": {"Primary": true}, "MeSHAnatomy": {"Serum": true}, "PublicationStatus": {"Preprint": true}, "PublicationType": {"Research": true}, "Section": {"Full Text": true}, "Timeline": {"3 days": true}}, "citation": {"db": "DOI", "db_id": "10.1101/2020.03.13.990226"}, "evidence": "For the longitudinal tracking of the characteristics each monkey, the specific antibody against SARS-CoV-2 of M2, M3 and M4 monkey was significantly elevated at 14 dpi or 21 dpi and 28 dpi compared to that at 3 dpi and 7dpi (*P<0.05, **P<0.01, Figure 2g).", "line": 104, "relation": "association"}
a(MESH:"Immunoglobulin G")	decreases	a(TAX:"Severe acute respiratory syndrome coronavirus 2")	{"annotations": {"Custom_Disease": {"COVID-19": true}, "Custom_Species": {"9544": true}, "Infection_Type": {"Re-infection": true}, "PublicationStatus": {"Preprint": true}, "PublicationType": {"Research": true}, "Section": {"Full Text": true}, "Timeline": {"3 days": true}}, "citation": {"db": "DOI", "db_id": "10.1101/2020.03.13.990226"}, "evidence": "From our current longitudinal study of monkeys, the reinfection could not occur if the monkeys produced the neutralizing antibody at an early stage after the primary infection", "line": 117, "relation": "decreases"}
a(MESH:"Macrophages, Alveolar")	association	path(DO:"viral pneumonia")	{"annotations": {"Assay": {"Haemotoxylin and Eosin staining": true}, "BioAssay": {"immunohistochemistry": true}, "Custom_Disease": {"COVID-19": true}, "Custom_Species": {"9544": true}, "Infection_Type": {"Primary": true}, "MeSHAnatomy": {"Lung": true}, "PublicationStatus": {"Preprint": true}, "PublicationType": {"Research": true}, "Section": {"Full Text": true}, "Timeline": {"3 days": true}}, "citation": {"db": "DOI", "db_id": "10.1101/2020.03.13.990226"}, "evidence": "Furthermore, the lesions occurred mainly in the lung confirmed by the HE staining and anti-spike protein of SARS-CoV-2 staining, with mild to moderate interstitial pneumonia characterized by thickened alveolar septa, accumulation of alveolar macrophages in the alveoli, degeneration of the alveolar epithelia, and infiltration of inflammatory cells (Figure 3a).", "line": 93, "relation": "association"}
a(TAX:"Severe acute respiratory syndrome coronavirus 2")	increases	path(DO:"COVID-19")	{"annotations": {"Custom_Disease": {"COVID-19": true}, "Custom_Species": {"9544": true}, "PublicationStatus": {"Preprint": true}, "PublicationType": {"Research": true}, "Section": {"Full Text": true}}, "citation": {"db": "DOI", "db_id": "10.1101/2020.03.13.990226"}, "evidence": "The Corona Virus Disease 2019 (COVID-40 19) caused by severe acute respiratory syndrome CoV-2 (SARS-CoV-2), emerged in Wuhan China, has continued to sweep through South Korea, Japan, Italy and Iran.", "line": 58, "relation": "increases"}
a(TAX:"Severe acute respiratory syndrome coronavirus 2")	negativeCorrelation	path(DO:"COVID-19")	{"annotations": {"Custom_Disease": {"COVID-19": true}, "Custom_Species": {"9544": true}, "Infection_Type": {"Re-infection": true}, "PublicationStatus": {"Preprint": true}, "PublicationType": {"Research": true}, "Section": {"Full Text": true}, "Timeline": {"3 days": true}}, "citation": {"db": "DOI", "db_id": "10.1101/2020.03.13.990226"}, "evidence": "Therefore, our results suggested that the monkeys with SARS-CoV-2 infection after recovery could not be reinfected with the same strain.", "line": 114, "relation": "negativeCorrelation"}
a(TAX:"Severe acute respiratory syndrome coronavirus 2")	negativeCorrelation	path(HP:"Weight loss")	{"annotations": {"Custom_Disease": {"COVID-19": true}, "Custom_Species": {"9544": true}, "Infection_Type": {"Re-infection": true}, "PublicationStatus": {"Preprint": true}, "PublicationType": {"Research": true}, "Section": {"Full Text": true}, "Timeline": {"3 days": true}}, "citation": {"db": "DOI", "db_id": "10.1101/2020.03.13.990226"}, "evidence": "None of the monkeys showed the weight loss after the re-exposure (Figure 2a), but the transient elevation of body temperature was observed in both re-exposed monkeys (Figure 2b).", "line": 111, "relation": "negativeCorrelation"}
p(COVID:S)	association	a(MESH:"Immunoglobulin G")	{"annotations": {"BioAssay": {"ELISA": true}, "Custom_Disease": {"COVID-19": true}, "Custom_Species": {"9544": true}, "Infection_Type": {"Primary": true}, "MeSHAnatomy": {"Serum": true}, "PublicationStatus": {"Preprint": true}, "PublicationType": {"Research": true}, "Section": {"Full Text": true}, "Timeline": {"3 days": true}}, "citation": {"db": "DOI", "db_id": "10.1101/2020.03.13.990226"}, "evidence": "For the longitudinal tracking of the characteristics each monkey, the specific antibody against SARS-CoV-2 of M2, M3 and M4 monkey was significantly elevated at 14 dpi or 21 dpi and 28 dpi compared to that at 3 dpi and 7dpi (*P<0.05, **P<0.01, Figure 2g).", "line": 104, "relation": "association"}
path(DO:"COVID-19")	association	path(HP:"Weight loss")	{"annotations": {"Custom_Disease": {"COVID-19": true}, "Custom_Species": {"9544": true}, "Infection_Type": {"Primary": true}, "PublicationStatus": {"Preprint": true}, "PublicationType": {"Research": true}, "Section": {"Full Text": true}}, "citation": {"db": "DOI", "db_id": "10.1101/2020.03.13.990226"}, "evidence": "Following the initial infection, three of the four monkeys showed the weight loss ranging from 200 g to 400 g (Figure 2a), but the changes of rectal temperature in all the animals were not observed (Figure 2b).", "line": 62, "relation": "association"}
path(DO:"COVID-19")	association	path(HP:"Poor appetite")	{"annotations": {"Custom_Disease": {"COVID-19": true}, "Custom_Species": {"9544": true}, "Infection_Type": {"Primary": true}, "PublicationStatus": {"Preprint": true}, "PublicationType": {"Research": true}, "Section": {"Full Text": true}}, "citation": {"db": "DOI", "db_id": "10.1101/2020.03.13.990226"}, "evidence": "Other clinical signs such as reduced appetite, increased respiration rate and hunched posture were transient after the initial challenge.", "line": 65, "relation": "association"}
path(DO:"COVID-19")	association	path(HP:Tachypnea)	{"annotations": {"Custom_Disease": {"COVID-19": true}, "Custom_Species": {"9544": true}, "Infection_Type": {"Primary": true}, "PublicationStatus": {"Preprint": true}, "PublicationType": {"Research": true}, "Section": {"Full Text": true}}, "citation": {"db": "DOI", "db_id": "10.1101/2020.03.13.990226"}, "evidence": "Other clinical signs such as reduced appetite, increased respiration rate and hunched posture were transient after the initial challenge.", "line": 66, "relation": "association"}
path(DO:"COVID-19")	association	path(MESH:"Vertebral Hypoplasia With Lumbar Kyphosis")	{"annotations": {"Custom_Disease": {"COVID-19": true}, "Custom_Species": {"9544": true}, "Infection_Type": {"Primary": true}, "PublicationStatus": {"Preprint": true}, "PublicationType": {"Research": true}, "Section": {"Full Text": true}}, "citation": {"db": "DOI", "db_id": "10.1101/2020.03.13.990226"}, "evidence": "Other clinical signs such as reduced appetite, increased respiration rate and hunched posture were transient after the initial challenge.", "line": 67, "relation": "association"}
path(DO:"COVID-19")	positiveCorrelation	path(MESH:"Virus Replication")	{"annotations": {"Custom_Disease": {"COVID-19": true}, "Custom_Species": {"9544": true}, "Infection_Type": {"Primary": true}, "PublicationStatus": {"Preprint": true}, "PublicationType": {"Research": true}, "Sample": {"nasal swab": true, "pharyngeal swab": true}, "Section": {"Full Text": true}, "Timeline": {"3 days": true}}, "citation": {"db": "DOI", "db_id": "10.1101/2020.03.13.990226"}, "evidence": "As shown in Figure 2c and 2d, the viral loads in nasal swabs and pharyngeal swabs reached the highest levels (average, approximately 6.5 log10 RNA copies/mL) at 3 days post-infection (dpi) and then declined naturally.", "line": 72, "relation": "positiveCorrelation"}
path(DO:"COVID-19")	positiveCorrelation	path(MESH:"Virus Replication")	{"annotations": {"Custom_Disease": {"COVID-19": true}, "Custom_Species": {"9544": true}, "Infection_Type": {"Primary": true}, "PublicationStatus": {"Preprint": true}, "PublicationType": {"Research": true}, "Sample": {"anal swab": true}, "Section": {"Full Text": true}, "Timeline": {"3 days": true}}, "citation": {"db": "DOI", "db_id": "10.1101/2020.03.13.990226"}, "evidence": "Similarly, viral loads from anal swabs reached the peak about 4.5 log10 RNA copies/mL at 3 dpi and then declined to undetectable level at 14 dpi (Figure 2e).", "line": 77, "relation": "positiveCorrelation"}
path(DO:"COVID-19")	positiveCorrelation	path(MESH:"Virus Replication")	{"annotations": {"Anatomy": {"skeletal musculature": true}, "Custom_Disease": {"COVID-19": true}, "Custom_Species": {"9544": true}, "Infection_Type": {"Primary": true}, "MeSHAnatomy": {"Heart": true, "Intestines": true, "Lung": true, "Nose": true, "Pharynx": true, "Spinal Cord": true, "Urinary Bladder": true}, "PublicationStatus": {"Preprint": true}, "PublicationType": {"Research": true}, "Section": {"Full Text": true}, "Timeline": {"3 days": true}}, "citation": {"db": "DOI", "db_id": "10.1101/2020.03.13.990226"}, "evidence": "As shown in Figure 2f (left panel), viral replication was found in nose (107 to 108 copies/mL), pharynx (105 to 106 copies/mL), lung (104 to 107 copies/mL), gut (104 to 106 copies/mL), spinal cord (approximately 104 copies/mL), heart (approximately 104 copies/mL), skeletal muscle (approximately 104 copies/mL) and bladder (approximately 104 copies/mL).", "line": 83, "relation": "positiveCorrelation"}
path(DO:"COVID-19")	positiveCorrelation	path(DO:"viral pneumonia")	{"annotations": {"Assay": {"Haemotoxylin and Eosin staining": true}, "BioAssay": {"immunohistochemistry": true}, "Custom_Disease": {"COVID-19": true}, "Custom_Species": {"9544": true}, "Infection_Type": {"Primary": true}, "MeSHAnatomy": {"Lung": true}, "PublicationStatus": {"Preprint": true}, "PublicationType": {"Research": true}, "Section": {"Full Text": true}, "Timeline": {"3 days": true}}, "citation": {"db": "DOI", "db_id": "10.1101/2020.03.13.990226"}, "evidence": "Furthermore, the lesions occurred mainly in the lung confirmed by the HE staining and anti-spike protein of SARS-CoV-2 staining, with mild to moderate interstitial pneumonia characterized by thickened alveolar septa, accumulation of alveolar macrophages in the alveoli, degeneration of the alveolar epithelia, and infiltration of inflammatory cells (Figure 3a).", "line": 91, "relation": "positiveCorrelation"}
path(DO:"COVID-19")	increases	a(MESH:"Immunoglobulin G")	{"annotations": {"BioAssay": {"ELISA": true}, "Custom_Disease": {"COVID-19": true}, "Custom_Species": {"9544": true}, "Infection_Type": {"Primary": true}, "MeSHAnatomy": {"Serum": true}, "PublicationStatus": {"Preprint": true}, "PublicationType": {"Research": true}, "Section": {"Full Text": true}, "Timeline": {"3 days": true}}, "citation": {"db": "DOI", "db_id": "10.1101/2020.03.13.990226"}, "evidence": "For the longitudinal tracking of the characteristics each monkey, the specific antibody against SARS-CoV-2 of M2, M3 and M4 monkey was significantly elevated at 14 dpi or 21 dpi and 28 dpi compared to that at 3 dpi and 7dpi (*P<0.05, **P<0.01, Figure 2g).", "line": 103, "relation": "increases"}
path(DO:"COVID-19")	negativeCorrelation	a(TAX:"Severe acute respiratory syndrome coronavirus 2")	{"annotations": {"Custom_Disease": {"COVID-19": true}, "Custom_Species": {"9544": true}, "Infection_Type": {"Re-infection": true}, "PublicationStatus": {"Preprint": true}, "PublicationType": {"Research": true}, "Section": {"Full Text": true}, "Timeline": {"3 days": true}}, "citation": {"db": "DOI", "db_id": "10.1101/2020.03.13.990226"}, "evidence": "Therefore, our results suggested that the monkeys with SARS-CoV-2 infection after recovery could not be reinfected with the same strain.", "line": 114, "relation": "negativeCorrelation"}
path(DO:"viral pneumonia")	positiveCorrelation	path(DO:"COVID-19")	{"annotations": {"Assay": {"Haemotoxylin and Eosin staining": true}, "BioAssay": {"immunohistochemistry": true}, "Custom_Disease": {"COVID-19": true}, "Custom_Species": {"9544": true}, "Infection_Type": {"Primary": true}, "MeSHAnatomy": {"Lung": true}, "PublicationStatus": {"Preprint": true}, "PublicationType": {"Research": true}, "Section": {"Full Text": true}, "Timeline": {"3 days": true}}, "citation": {"db": "DOI", "db_id": "10.1101/2020.03.13.990226"}, "evidence": "Furthermore, the lesions occurred mainly in the lung confirmed by the HE staining and anti-spike protein of SARS-CoV-2 staining, with mild to moderate interstitial pneumonia characterized by thickened alveolar septa, accumulation of alveolar macrophages in the alveoli, degeneration of the alveolar epithelia, and infiltration of inflammatory cells (Figure 3a).", "line": 91, "relation": "positiveCorrelation"}
path(DO:"viral pneumonia")	association	path(FIXME:"thickened alveolar septa")	{"annotations": {"Assay": {"Haemotoxylin and Eosin staining": true}, "BioAssay": {"immunohistochemistry": true}, "Custom_Disease": {"COVID-19": true}, "Custom_Species": {"9544": true}, "Infection_Type": {"Primary": true}, "MeSHAnatomy": {"Lung": true}, "PublicationStatus": {"Preprint": true}, "PublicationType": {"Research": true}, "Section": {"Full Text": true}, "Timeline": {"3 days": true}}, "citation": {"db": "DOI", "db_id": "10.1101/2020.03.13.990226"}, "evidence": "Furthermore, the lesions occurred mainly in the lung confirmed by the HE staining and anti-spike protein of SARS-CoV-2 staining, with mild to moderate interstitial pneumonia characterized by thickened alveolar septa, accumulation of alveolar macrophages in the alveoli, degeneration of the alveolar epithelia, and infiltration of inflammatory cells (Figure 3a).", "line": 92, "relation": "association"}
path(DO:"viral pneumonia")	association	a(MESH:"Macrophages, Alveolar")	{"annotations": {"Assay": {"Haemotoxylin and Eosin staining": true}, "BioAssay": {"immunohistochemistry": true}, "Custom_Disease": {"COVID-19": true}, "Custom_Species": {"9544": true}, "Infection_Type": {"Primary": true}, "MeSHAnatomy": {"Lung": true}, "PublicationStatus": {"Preprint": true}, "PublicationType": {"Research": true}, "Section": {"Full Text": true}, "Timeline": {"3 days": true}}, "citation": {"db": "DOI", "db_id": "10.1101/2020.03.13.990226"}, "evidence": "Furthermore, the lesions occurred mainly in the lung confirmed by the HE staining and anti-spike protein of SARS-CoV-2 staining, with mild to moderate interstitial pneumonia characterized by thickened alveolar septa, accumulation of alveolar macrophages in the alveoli, degeneration of the alveolar epithelia, and infiltration of inflammatory cells (Figure 3a).", "line": 93, "relation": "association"}
path(DO:"viral pneumonia")	association	deg(a(MESH:"Alveolar Epithelial Cells"))	{"annotations": {"Assay": {"Haemotoxylin and Eosin staining": true}, "BioAssay": {"immunohistochemistry": true}, "Custom_Disease": {"COVID-19": true}, "Custom_Species": {"9544": true}, "Infection_Type": {"Primary": true}, "MeSHAnatomy": {"Lung": true}, "PublicationStatus": {"Preprint": true}, "PublicationType": {"Research": true}, "Section": {"Full Text": true}, "Timeline": {"3 days": true}}, "citation": {"db": "DOI", "db_id": "10.1101/2020.03.13.990226"}, "evidence": "Furthermore, the lesions occurred mainly in the lung confirmed by the HE staining and anti-spike protein of SARS-CoV-2 staining, with mild to moderate interstitial pneumonia characterized by thickened alveolar septa, accumulation of alveolar macrophages in the alveoli, degeneration of the alveolar epithelia, and infiltration of inflammatory cells (Figure 3a).", "line": 94, "object": {"modifier": "Degradation"}, "relation": "association"}
path(DO:"viral pneumonia")	association	path(FIXME:"infiltration of inflammatory cells")	{"annotations": {"Assay": {"Haemotoxylin and Eosin staining": true}, "BioAssay": {"immunohistochemistry": true}, "Custom_Disease": {"COVID-19": true}, "Custom_Species": {"9544": true}, "Infection_Type": {"Primary": true}, "MeSHAnatomy": {"Lung": true}, "PublicationStatus": {"Preprint": true}, "PublicationType": {"Research": true}, "Section": {"Full Text": true}, "Timeline": {"3 days": true}}, "citation": {"db": "DOI", "db_id": "10.1101/2020.03.13.990226"}, "evidence": "Furthermore, the lesions occurred mainly in the lung confirmed by the HE staining and anti-spike protein of SARS-CoV-2 staining, with mild to moderate interstitial pneumonia characterized by thickened alveolar septa, accumulation of alveolar macrophages in the alveoli, degeneration of the alveolar epithelia, and infiltration of inflammatory cells (Figure 3a).", "line": 95, "relation": "association"}
path(FIXME:"infiltration of inflammatory cells")	association	path(DO:"viral pneumonia")	{"annotations": {"Assay": {"Haemotoxylin and Eosin staining": true}, "BioAssay": {"immunohistochemistry": true}, "Custom_Disease": {"COVID-19": true}, "Custom_Species": {"9544": true}, "Infection_Type": {"Primary": true}, "MeSHAnatomy": {"Lung": true}, "PublicationStatus": {"Preprint": true}, "PublicationType": {"Research": true}, "Section": {"Full Text": true}, "Timeline": {"3 days": true}}, "citation": {"db": "DOI", "db_id": "10.1101/2020.03.13.990226"}, "evidence": "Furthermore, the lesions occurred mainly in the lung confirmed by the HE staining and anti-spike protein of SARS-CoV-2 staining, with mild to moderate interstitial pneumonia characterized by thickened alveolar septa, accumulation of alveolar macrophages in the alveoli, degeneration of the alveolar epithelia, and infiltration of inflammatory cells (Figure 3a).", "line": 95, "relation": "association"}
path(FIXME:"thickened alveolar septa")	association	path(DO:"viral pneumonia")	{"annotations": {"Assay": {"Haemotoxylin and Eosin staining": true}, "BioAssay": {"immunohistochemistry": true}, "Custom_Disease": {"COVID-19": true}, "Custom_Species": {"9544": true}, "Infection_Type": {"Primary": true}, "MeSHAnatomy": {"Lung": true}, "PublicationStatus": {"Preprint": true}, "PublicationType": {"Research": true}, "Section": {"Full Text": true}, "Timeline": {"3 days": true}}, "citation": {"db": "DOI", "db_id": "10.1101/2020.03.13.990226"}, "evidence": "Furthermore, the lesions occurred mainly in the lung confirmed by the HE staining and anti-spike protein of SARS-CoV-2 staining, with mild to moderate interstitial pneumonia characterized by thickened alveolar septa, accumulation of alveolar macrophages in the alveoli, degeneration of the alveolar epithelia, and infiltration of inflammatory cells (Figure 3a).", "line": 92, "relation": "association"}
path(HP:"Poor appetite")	association	path(DO:"COVID-19")	{"annotations": {"Custom_Disease": {"COVID-19": true}, "Custom_Species": {"9544": true}, "Infection_Type": {"Primary": true}, "PublicationStatus": {"Preprint": true}, "PublicationType": {"Research": true}, "Section": {"Full Text": true}}, "citation": {"db": "DOI", "db_id": "10.1101/2020.03.13.990226"}, "evidence": "Other clinical signs such as reduced appetite, increased respiration rate and hunched posture were transient after the initial challenge.", "line": 65, "relation": "association"}
path(HP:"Weight loss")	association	path(DO:"COVID-19")	{"annotations": {"Custom_Disease": {"COVID-19": true}, "Custom_Species": {"9544": true}, "Infection_Type": {"Primary": true}, "PublicationStatus": {"Preprint": true}, "PublicationType": {"Research": true}, "Section": {"Full Text": true}}, "citation": {"db": "DOI", "db_id": "10.1101/2020.03.13.990226"}, "evidence": "Following the initial infection, three of the four monkeys showed the weight loss ranging from 200 g to 400 g (Figure 2a), but the changes of rectal temperature in all the animals were not observed (Figure 2b).", "line": 62, "relation": "association"}
path(HP:"Weight loss")	negativeCorrelation	a(TAX:"Severe acute respiratory syndrome coronavirus 2")	{"annotations": {"Custom_Disease": {"COVID-19": true}, "Custom_Species": {"9544": true}, "Infection_Type": {"Re-infection": true}, "PublicationStatus": {"Preprint": true}, "PublicationType": {"Research": true}, "Section": {"Full Text": true}, "Timeline": {"3 days": true}}, "citation": {"db": "DOI", "db_id": "10.1101/2020.03.13.990226"}, "evidence": "None of the monkeys showed the weight loss after the re-exposure (Figure 2a), but the transient elevation of body temperature was observed in both re-exposed monkeys (Figure 2b).", "line": 111, "relation": "negativeCorrelation"}
path(HP:Tachypnea)	association	path(DO:"COVID-19")	{"annotations": {"Custom_Disease": {"COVID-19": true}, "Custom_Species": {"9544": true}, "Infection_Type": {"Primary": true}, "PublicationStatus": {"Preprint": true}, "PublicationType": {"Research": true}, "Section": {"Full Text": true}}, "citation": {"db": "DOI", "db_id": "10.1101/2020.03.13.990226"}, "evidence": "Other clinical signs such as reduced appetite, increased respiration rate and hunched posture were transient after the initial challenge.", "line": 66, "relation": "association"}
path(MESH:"Vertebral Hypoplasia With Lumbar Kyphosis")	association	path(DO:"COVID-19")	{"annotations": {"Custom_Disease": {"COVID-19": true}, "Custom_Species": {"9544": true}, "Infection_Type": {"Primary": true}, "PublicationStatus": {"Preprint": true}, "PublicationType": {"Research": true}, "Section": {"Full Text": true}}, "citation": {"db": "DOI", "db_id": "10.1101/2020.03.13.990226"}, "evidence": "Other clinical signs such as reduced appetite, increased respiration rate and hunched posture were transient after the initial challenge.", "line": 67, "relation": "association"}
path(MESH:"Virus Replication")	positiveCorrelation	path(DO:"COVID-19")	{"annotations": {"Custom_Disease": {"COVID-19": true}, "Custom_Species": {"9544": true}, "Infection_Type": {"Primary": true}, "PublicationStatus": {"Preprint": true}, "PublicationType": {"Research": true}, "Sample": {"nasal swab": true, "pharyngeal swab": true}, "Section": {"Full Text": true}, "Timeline": {"3 days": true}}, "citation": {"db": "DOI", "db_id": "10.1101/2020.03.13.990226"}, "evidence": "As shown in Figure 2c and 2d, the viral loads in nasal swabs and pharyngeal swabs reached the highest levels (average, approximately 6.5 log10 RNA copies/mL) at 3 days post-infection (dpi) and then declined naturally.", "line": 72, "relation": "positiveCorrelation"}
path(MESH:"Virus Replication")	positiveCorrelation	path(DO:"COVID-19")	{"annotations": {"Custom_Disease": {"COVID-19": true}, "Custom_Species": {"9544": true}, "Infection_Type": {"Primary": true}, "PublicationStatus": {"Preprint": true}, "PublicationType": {"Research": true}, "Sample": {"anal swab": true}, "Section": {"Full Text": true}, "Timeline": {"3 days": true}}, "citation": {"db": "DOI", "db_id": "10.1101/2020.03.13.990226"}, "evidence": "Similarly, viral loads from anal swabs reached the peak about 4.5 log10 RNA copies/mL at 3 dpi and then declined to undetectable level at 14 dpi (Figure 2e).", "line": 77, "relation": "positiveCorrelation"}
path(MESH:"Virus Replication")	positiveCorrelation	path(DO:"COVID-19")	{"annotations": {"Anatomy": {"skeletal musculature": true}, "Custom_Disease": {"COVID-19": true}, "Custom_Species": {"9544": true}, "Infection_Type": {"Primary": true}, "MeSHAnatomy": {"Heart": true, "Intestines": true, "Lung": true, "Nose": true, "Pharynx": true, "Spinal Cord": true, "Urinary Bladder": true}, "PublicationStatus": {"Preprint": true}, "PublicationType": {"Research": true}, "Section": {"Full Text": true}, "Timeline": {"3 days": true}}, "citation": {"db": "DOI", "db_id": "10.1101/2020.03.13.990226"}, "evidence": "As shown in Figure 2f (left panel), viral replication was found in nose (107 to 108 copies/mL), pharynx (105 to 106 copies/mL), lung (104 to 107 copies/mL), gut (104 to 106 copies/mL), spinal cord (approximately 104 copies/mL), heart (approximately 104 copies/mL), skeletal muscle (approximately 104 copies/mL) and bladder (approximately 104 copies/mL).", "line": 83, "relation": "positiveCorrelation"}
