a(CHEBI:"1-phenyl-1-cyclopentanecarboxylic acid 2-[2-(diethylamino)ethoxy]ethyl ester")	partOf	complex(a(CHEBI:"1-phenyl-1-cyclopentanecarboxylic acid 2-[2-(diethylamino)ethoxy]ethyl ester"), p(COVID:ORF1ab, frag("819_2763")))	{"relation": "partOf"}
a(CHEBI:"5-aza-2'-deoxycytidine")	partOf	complex(a(CHEBI:"5-aza-2'-deoxycytidine"), p(COVID:ORF1ab, frag("4393_5324")))	{"relation": "partOf"}
a(CHEBI:"desferrioxamine B")	partOf	complex(a(CHEBI:"desferrioxamine B"), p(HGNC:AAK1))	{"relation": "partOf"}
a(CHEBI:"glycyrrhizinic acid")	partOf	complex(a(CHEBI:"glycyrrhizinic acid"), p(COVID:ORF1ab, frag("3264_3569")))	{"relation": "partOf"}
a(CHEBI:adenosine)	partOf	complex(a(CHEBI:adenosine), p(COVID:ORF1ab, frag("4393_5324")))	{"relation": "partOf"}
a(CHEBI:ampicillin)	partOf	complex(a(CHEBI:ampicillin), p(COVID:ORF1ab, frag("819_2763")))	{"relation": "partOf"}
a(CHEBI:atazanavir)	partOf	complex(a(CHEBI:atazanavir), p(COVID:ORF1ab, frag("3264_3569")))	{"relation": "partOf"}
a(CHEBI:atorvastatin)	partOf	complex(a(CHEBI:atorvastatin), p(COVID:ORF1ab, frag("4393_5324")))	{"relation": "partOf"}
a(CHEBI:carfilzomib)	partOf	complex(a(CHEBI:carfilzomib), p(HGNC:AAK1))	{"relation": "partOf"}
a(CHEBI:ceftolozane)	partOf	complex(a(CHEBI:ceftolozane), p(HGNC:AAK1))	{"relation": "partOf"}
a(CHEBI:cinchocaine)	partOf	complex(a(CHEBI:cinchocaine), p(COVID:ORF1ab, frag("819_2763")))	{"relation": "partOf"}
a(CHEBI:colistin)	partOf	complex(a(CHEBI:colistin), p(COVID:ORF1ab, frag("3264_3569")))	{"relation": "partOf"}
a(CHEBI:daclatasvir)	partOf	complex(a(CHEBI:daclatasvir), p(HGNC:AAK1))	{"relation": "partOf"}
a(CHEBI:darunavir)	partOf	complex(a(CHEBI:darunavir), p(COVID:ORF1ab, frag("3264_3569")))	{"relation": "partOf"}
a(CHEBI:dipyridamole)	partOf	complex(a(CHEBI:dipyridamole), p(COVID:ORF1ab, frag("4393_5324")))	{"relation": "partOf"}
a(CHEBI:erlotinib)	partOf	complex(a(CHEBI:erlotinib), p(HGNC:AAK1))	{"relation": "partOf"}
a(CHEBI:fenofibrate)	partOf	complex(a(CHEBI:fenofibrate), p(COVID:ORF1ab, frag("819_2763")))	{"relation": "partOf"}
a(CHEBI:gemeprost)	partOf	complex(a(CHEBI:gemeprost), p(COVID:ORF1ab, frag("819_2763")))	{"relation": "partOf"}
a(CHEBI:hesperidin)	partOf	complex(a(CHEBI:hesperidin), p(HGNC:AAK1))	{"relation": "partOf"}
a(CHEBI:icatibant)	partOf	complex(a(CHEBI:icatibant), p(COVID:ORF1ab, frag("3264_3569")))	{"relation": "partOf"}
a(CHEBI:indinavir)	partOf	complex(a(CHEBI:indinavir), p(COVID:ORF1ab, frag("3264_3569")))	{"relation": "partOf"}
a(CHEBI:lopinavir)	partOf	complex(a(CHEBI:lopinavir), p(COVID:ORF1ab, frag("3264_3569")))	{"relation": "partOf"}
a(CHEBI:methicillin)	partOf	complex(a(CHEBI:methicillin), p(COVID:ORF1ab, frag("819_2763")))	{"relation": "partOf"}
a(CHEBI:omeprazole)	partOf	complex(a(CHEBI:omeprazole), p(COVID:ORF1ab, frag("819_2763")))	{"relation": "partOf"}
a(CHEBI:penicillamine)	partOf	complex(a(CHEBI:penicillamine), p(HGNC:AAK1))	{"relation": "partOf"}
a(CHEBI:pentamidine)	partOf	complex(a(CHEBI:pentamidine), p(COVID:ORF1ab, frag("819_2763")))	{"relation": "partOf"}
a(CHEBI:rilpivirine)	partOf	complex(a(CHEBI:rilpivirine), p(COVID:ORF1ab, frag("819_2763")))	{"relation": "partOf"}
a(CHEBI:ritonavir)	partOf	complex(a(CHEBI:ritonavir), p(COVID:ORF1ab, frag("3264_3569")))	{"relation": "partOf"}
a(CHEBI:saquinavir)	partOf	complex(a(CHEBI:saquinavir), p(HGNC:AAK1))	{"relation": "partOf"}
a(CHEBI:simeprevir)	partOf	complex(a(CHEBI:simeprevir), p(COVID:ORF1ab, frag("3264_3569")))	{"relation": "partOf"}
a(CHEBI:sorafenib)	partOf	complex(a(CHEBI:sorafenib), p(COVID:ORF1ab, frag("3264_3569")))	{"relation": "partOf"}
a(CHEBI:sorafenib)	partOf	complex(a(CHEBI:sorafenib), p(HGNC:AAK1))	{"relation": "partOf"}
a(CHEBI:tamsulosin)	partOf	complex(a(CHEBI:tamsulosin), p(COVID:ORF1ab, frag("819_2763")))	{"relation": "partOf"}
a(CHEBI:ticagrelor)	partOf	complex(a(CHEBI:ticagrelor), p(HGNC:AAK1))	{"relation": "partOf"}
a(CHEBI:tipranavir)	partOf	complex(a(CHEBI:tipranavir), p(COVID:ORF1ab, frag("3264_3569")))	{"relation": "partOf"}
a(CHEBI:tolazamide)	partOf	complex(a(CHEBI:tolazamide), p(COVID:ORF1ab, frag("819_2763")))	{"relation": "partOf"}
a(CHEBI:valinomycin)	partOf	complex(a(CHEBI:valinomycin), p(COVID:ORF1ab, frag("3264_3569")))	{"relation": "partOf"}
a(CHEBI:zafirlukast)	partOf	complex(a(CHEBI:zafirlukast), p(HGNC:AAK1))	{"relation": "partOf"}
a(PUBCHEM:121304016)	partOf	complex(a(PUBCHEM:121304016), p(COVID:ORF1ab, frag("4393_5324")))	{"relation": "partOf"}
a(PUBCHEM:121304016)	decreases	p(COVID:ORF1ab, frag("4393_5324"))	{"annotations": {"BioAssay": {"molecular docking": true}, "PublicationStatus": {"Preprint": true}, "PublicationType": {"Research": true}, "Section": {"Results": true}}, "citation": {"db": "DOI", "db_id": "XXX"}, "evidence": "GS-5734, a well-known RdRp inhibitor,23 shown a moderate dock score of 36.24.", "line": 41, "relation": "decreases"}
a(PUBCHEM:4677)	partOf	complex(a(PUBCHEM:4677), p(HGNC:AAK1))	{"relation": "partOf"}
a(PUBCHEM:9865604)	partOf	complex(a(PUBCHEM:9865604), p(COVID:ORF1ab, frag("819_2763")))	{"relation": "partOf"}
p(COVID:ORF1ab, frag("819_2763"))	partOf	complex(a(CHEBI:"1-phenyl-1-cyclopentanecarboxylic acid 2-[2-(diethylamino)ethoxy]ethyl ester"), p(COVID:ORF1ab, frag("819_2763")))	{"relation": "partOf"}
p(COVID:ORF1ab, frag("819_2763"))	partOf	complex(a(CHEBI:ampicillin), p(COVID:ORF1ab, frag("819_2763")))	{"relation": "partOf"}
p(COVID:ORF1ab, frag("819_2763"))	partOf	complex(a(CHEBI:cinchocaine), p(COVID:ORF1ab, frag("819_2763")))	{"relation": "partOf"}
p(COVID:ORF1ab, frag("819_2763"))	partOf	complex(a(CHEBI:fenofibrate), p(COVID:ORF1ab, frag("819_2763")))	{"relation": "partOf"}
p(COVID:ORF1ab, frag("819_2763"))	partOf	complex(a(CHEBI:gemeprost), p(COVID:ORF1ab, frag("819_2763")))	{"relation": "partOf"}
p(COVID:ORF1ab, frag("819_2763"))	partOf	complex(a(CHEBI:methicillin), p(COVID:ORF1ab, frag("819_2763")))	{"relation": "partOf"}
p(COVID:ORF1ab, frag("819_2763"))	partOf	complex(a(CHEBI:omeprazole), p(COVID:ORF1ab, frag("819_2763")))	{"relation": "partOf"}
p(COVID:ORF1ab, frag("819_2763"))	partOf	complex(a(CHEBI:pentamidine), p(COVID:ORF1ab, frag("819_2763")))	{"relation": "partOf"}
p(COVID:ORF1ab, frag("819_2763"))	partOf	complex(a(CHEBI:rilpivirine), p(COVID:ORF1ab, frag("819_2763")))	{"relation": "partOf"}
p(COVID:ORF1ab, frag("819_2763"))	partOf	complex(a(CHEBI:tamsulosin), p(COVID:ORF1ab, frag("819_2763")))	{"relation": "partOf"}
p(COVID:ORF1ab, frag("819_2763"))	partOf	complex(a(CHEBI:tolazamide), p(COVID:ORF1ab, frag("819_2763")))	{"relation": "partOf"}
p(COVID:ORF1ab, frag("819_2763"))	partOf	complex(a(PUBCHEM:9865604), p(COVID:ORF1ab, frag("819_2763")))	{"relation": "partOf"}
p(COVID:ORF1ab)	hasVariant	p(COVID:ORF1ab, frag("819_2763"))	{"relation": "hasVariant"}
p(COVID:ORF1ab)	hasVariant	p(COVID:ORF1ab, frag("4393_5324"))	{"relation": "hasVariant"}
p(COVID:ORF1ab)	hasVariant	p(COVID:ORF1ab, frag("3264_3569"))	{"relation": "hasVariant"}
p(COVID:ORF1ab, frag("4393_5324"))	partOf	complex(a(CHEBI:"5-aza-2'-deoxycytidine"), p(COVID:ORF1ab, frag("4393_5324")))	{"relation": "partOf"}
p(COVID:ORF1ab, frag("4393_5324"))	partOf	complex(a(CHEBI:adenosine), p(COVID:ORF1ab, frag("4393_5324")))	{"relation": "partOf"}
p(COVID:ORF1ab, frag("4393_5324"))	partOf	complex(a(CHEBI:atorvastatin), p(COVID:ORF1ab, frag("4393_5324")))	{"relation": "partOf"}
p(COVID:ORF1ab, frag("4393_5324"))	partOf	complex(a(CHEBI:dipyridamole), p(COVID:ORF1ab, frag("4393_5324")))	{"relation": "partOf"}
p(COVID:ORF1ab, frag("4393_5324"))	partOf	complex(a(PUBCHEM:121304016), p(COVID:ORF1ab, frag("4393_5324")))	{"relation": "partOf"}
complex(a(CHEBI:"desferrioxamine B"), p(HGNC:AAK1))	decreases	act(p(HGNC:AAK1))	{"annotations": {"BioAssay": {"molecular docking": true}, "PublicationStatus": {"Preprint": true}, "PublicationType": {"Research": true}, "Section": {"Results": true}}, "citation": {"db": "DOI", "db_id": "XXX"}, "evidence": "The results shown that 13 representative drugs got higher docking scores than intrinsic ligand, which may be potential AKK1 inhibitor.", "line": 95, "object": {"modifier": "Activity"}, "relation": "decreases"}
p(HGNC:AAK1)	partOf	complex(a(CHEBI:"desferrioxamine B"), p(HGNC:AAK1))	{"relation": "partOf"}
p(HGNC:AAK1)	partOf	complex(a(CHEBI:carfilzomib), p(HGNC:AAK1))	{"relation": "partOf"}
p(HGNC:AAK1)	partOf	complex(a(CHEBI:ceftolozane), p(HGNC:AAK1))	{"relation": "partOf"}
p(HGNC:AAK1)	partOf	complex(a(CHEBI:daclatasvir), p(HGNC:AAK1))	{"relation": "partOf"}
p(HGNC:AAK1)	partOf	complex(a(CHEBI:erlotinib), p(HGNC:AAK1))	{"relation": "partOf"}
p(HGNC:AAK1)	partOf	complex(a(CHEBI:hesperidin), p(HGNC:AAK1))	{"relation": "partOf"}
p(HGNC:AAK1)	partOf	complex(a(CHEBI:penicillamine), p(HGNC:AAK1))	{"relation": "partOf"}
p(HGNC:AAK1)	partOf	complex(a(CHEBI:saquinavir), p(HGNC:AAK1))	{"relation": "partOf"}
p(HGNC:AAK1)	partOf	complex(a(CHEBI:sorafenib), p(HGNC:AAK1))	{"relation": "partOf"}
p(HGNC:AAK1)	partOf	complex(a(CHEBI:ticagrelor), p(HGNC:AAK1))	{"relation": "partOf"}
p(HGNC:AAK1)	partOf	complex(a(CHEBI:zafirlukast), p(HGNC:AAK1))	{"relation": "partOf"}
p(HGNC:AAK1)	partOf	complex(a(PUBCHEM:4677), p(HGNC:AAK1))	{"relation": "partOf"}
p(COVID:ORF1ab, frag("3264_3569"))	partOf	complex(a(CHEBI:"glycyrrhizinic acid"), p(COVID:ORF1ab, frag("3264_3569")))	{"relation": "partOf"}
p(COVID:ORF1ab, frag("3264_3569"))	partOf	complex(a(CHEBI:atazanavir), p(COVID:ORF1ab, frag("3264_3569")))	{"relation": "partOf"}
p(COVID:ORF1ab, frag("3264_3569"))	partOf	complex(a(CHEBI:colistin), p(COVID:ORF1ab, frag("3264_3569")))	{"relation": "partOf"}
p(COVID:ORF1ab, frag("3264_3569"))	partOf	complex(a(CHEBI:darunavir), p(COVID:ORF1ab, frag("3264_3569")))	{"relation": "partOf"}
p(COVID:ORF1ab, frag("3264_3569"))	partOf	complex(a(CHEBI:icatibant), p(COVID:ORF1ab, frag("3264_3569")))	{"relation": "partOf"}
p(COVID:ORF1ab, frag("3264_3569"))	partOf	complex(a(CHEBI:indinavir), p(COVID:ORF1ab, frag("3264_3569")))	{"relation": "partOf"}
p(COVID:ORF1ab, frag("3264_3569"))	partOf	complex(a(CHEBI:lopinavir), p(COVID:ORF1ab, frag("3264_3569")))	{"relation": "partOf"}
p(COVID:ORF1ab, frag("3264_3569"))	partOf	complex(a(CHEBI:ritonavir), p(COVID:ORF1ab, frag("3264_3569")))	{"relation": "partOf"}
p(COVID:ORF1ab, frag("3264_3569"))	partOf	complex(a(CHEBI:simeprevir), p(COVID:ORF1ab, frag("3264_3569")))	{"relation": "partOf"}
p(COVID:ORF1ab, frag("3264_3569"))	partOf	complex(a(CHEBI:sorafenib), p(COVID:ORF1ab, frag("3264_3569")))	{"relation": "partOf"}
p(COVID:ORF1ab, frag("3264_3569"))	partOf	complex(a(CHEBI:tipranavir), p(COVID:ORF1ab, frag("3264_3569")))	{"relation": "partOf"}
p(COVID:ORF1ab, frag("3264_3569"))	partOf	complex(a(CHEBI:valinomycin), p(COVID:ORF1ab, frag("3264_3569")))	{"relation": "partOf"}
complex(a(CHEBI:carfilzomib), p(HGNC:AAK1))	decreases	act(p(HGNC:AAK1))	{"annotations": {"BioAssay": {"molecular docking": true}, "PublicationStatus": {"Preprint": true}, "PublicationType": {"Research": true}, "Section": {"Results": true}}, "citation": {"db": "DOI", "db_id": "XXX"}, "evidence": "The results shown that 13 representative drugs got higher docking scores than intrinsic ligand, which may be potential AKK1 inhibitor.", "line": 101, "object": {"modifier": "Activity"}, "relation": "decreases"}
complex(a(CHEBI:ceftolozane), p(HGNC:AAK1))	decreases	act(p(HGNC:AAK1))	{"annotations": {"BioAssay": {"molecular docking": true}, "PublicationStatus": {"Preprint": true}, "PublicationType": {"Research": true}, "Section": {"Results": true}}, "citation": {"db": "DOI", "db_id": "XXX"}, "evidence": "The results shown that 13 representative drugs got higher docking scores than intrinsic ligand, which may be potential AKK1 inhibitor.", "line": 97, "object": {"modifier": "Activity"}, "relation": "decreases"}
complex(a(CHEBI:daclatasvir), p(HGNC:AAK1))	decreases	act(p(HGNC:AAK1))	{"annotations": {"BioAssay": {"molecular docking": true}, "PublicationStatus": {"Preprint": true}, "PublicationType": {"Research": true}, "Section": {"Results": true}}, "citation": {"db": "DOI", "db_id": "XXX"}, "evidence": "The results shown that 13 representative drugs got higher docking scores than intrinsic ligand, which may be potential AKK1 inhibitor.", "line": 106, "object": {"modifier": "Activity"}, "relation": "decreases"}
complex(a(CHEBI:erlotinib), p(HGNC:AAK1))	decreases	act(p(HGNC:AAK1))	{"annotations": {"BioAssay": {"molecular docking": true}, "PublicationStatus": {"Preprint": true}, "PublicationType": {"Research": true}, "Section": {"Results": true}}, "citation": {"db": "DOI", "db_id": "XXX"}, "evidence": "The results shown that 13 representative drugs got higher docking scores than intrinsic ligand, which may be potential AKK1 inhibitor.", "line": 96, "object": {"modifier": "Activity"}, "relation": "decreases"}
complex(a(CHEBI:hesperidin), p(HGNC:AAK1))	decreases	act(p(HGNC:AAK1))	{"annotations": {"BioAssay": {"molecular docking": true}, "PublicationStatus": {"Preprint": true}, "PublicationType": {"Research": true}, "Section": {"Results": true}}, "citation": {"db": "DOI", "db_id": "XXX"}, "evidence": "The results shown that 13 representative drugs got higher docking scores than intrinsic ligand, which may be potential AKK1 inhibitor.", "line": 100, "object": {"modifier": "Activity"}, "relation": "decreases"}
complex(a(CHEBI:penicillamine), p(HGNC:AAK1))	decreases	act(p(HGNC:AAK1))	{"annotations": {"BioAssay": {"molecular docking": true}, "PublicationStatus": {"Preprint": true}, "PublicationType": {"Research": true}, "Section": {"Results": true}}, "citation": {"db": "DOI", "db_id": "XXX"}, "evidence": "The results shown that 13 representative drugs got higher docking scores than intrinsic ligand, which may be potential AKK1 inhibitor.", "line": 103, "object": {"modifier": "Activity"}, "relation": "decreases"}
complex(a(CHEBI:saquinavir), p(HGNC:AAK1))	decreases	act(p(HGNC:AAK1))	{"annotations": {"BioAssay": {"molecular docking": true}, "PublicationStatus": {"Preprint": true}, "PublicationType": {"Research": true}, "Section": {"Results": true}}, "citation": {"db": "DOI", "db_id": "XXX"}, "evidence": "The results shown that 13 representative drugs got higher docking scores than intrinsic ligand, which may be potential AKK1 inhibitor.", "line": 102, "object": {"modifier": "Activity"}, "relation": "decreases"}
complex(a(CHEBI:sorafenib), p(HGNC:AAK1))	decreases	act(p(HGNC:AAK1))	{"annotations": {"BioAssay": {"molecular docking": true}, "PublicationStatus": {"Preprint": true}, "PublicationType": {"Research": true}, "Section": {"Results": true}}, "citation": {"db": "DOI", "db_id": "XXX"}, "evidence": "The results shown that 13 representative drugs got higher docking scores than intrinsic ligand, which may be potential AKK1 inhibitor.", "line": 107, "object": {"modifier": "Activity"}, "relation": "decreases"}
complex(a(CHEBI:ticagrelor), p(HGNC:AAK1))	decreases	act(p(HGNC:AAK1))	{"annotations": {"BioAssay": {"molecular docking": true}, "PublicationStatus": {"Preprint": true}, "PublicationType": {"Research": true}, "Section": {"Results": true}}, "citation": {"db": "DOI", "db_id": "XXX"}, "evidence": "The results shown that 13 representative drugs got higher docking scores than intrinsic ligand, which may be potential AKK1 inhibitor.", "line": 104, "object": {"modifier": "Activity"}, "relation": "decreases"}
complex(a(CHEBI:zafirlukast), p(HGNC:AAK1))	decreases	act(p(HGNC:AAK1))	{"annotations": {"BioAssay": {"molecular docking": true}, "PublicationStatus": {"Preprint": true}, "PublicationType": {"Research": true}, "Section": {"Results": true}}, "citation": {"db": "DOI", "db_id": "XXX"}, "evidence": "The results shown that 13 representative drugs got higher docking scores than intrinsic ligand, which may be potential AKK1 inhibitor.", "line": 105, "object": {"modifier": "Activity"}, "relation": "decreases"}
complex(a(PUBCHEM:4677), p(HGNC:AAK1))	decreases	act(p(HGNC:AAK1))	{"annotations": {"BioAssay": {"molecular docking": true}, "PublicationStatus": {"Preprint": true}, "PublicationType": {"Research": true}, "Section": {"Results": true}}, "citation": {"db": "DOI", "db_id": "XXX"}, "evidence": "The results shown that 13 representative drugs got higher docking scores than intrinsic ligand, which may be potential AKK1 inhibitor.", "line": 98, "object": {"modifier": "Activity"}, "relation": "decreases"}
