a(CHEBI:losartan)	partOf	complex(a(CHEBI:losartan), p(COVID:ORF1ab, frag("819_2763")))	{"relation": "partOf"}
a(CHEBI:losartan)	partOf	complex(a(CHEBI:losartan), p(HGNC:TRPM2))	{"relation": "partOf"}
a(CHEBI:losartan)	decreases	p(HGNC:TRPM2)	{"annotations": {"Analysis": {"Molecular docking": true}, "PublicationStatus": {"Preprint": true}, "PublicationType": {"Research": true}, "Section": {"Results": true}}, "citation": {"db": "DOI", "db_id": "10.20944/preprints202003.0457.v1"}, "evidence": "In other words, despite of the more stability of the ADPR than Losartan, Losartan can compete to ADPR for creating a complex with macrodomain protein, and in the case of TRPM2, Losartan could be a proper inhibitor for TRPM2.", "line": 68, "relation": "decreases"}
a(PUBCHEM:192)	partOf	complex(a(PUBCHEM:192), p(COVID:ORF1ab, frag("819_2763")))	{"relation": "partOf"}
a(PUBCHEM:192)	partOf	complex(a(PUBCHEM:192), p(HGNC:TRPM2))	{"relation": "partOf"}
bp(MESH:"Hydrogen Bonding")	increases	complex(a(CHEBI:losartan), p(COVID:ORF1ab, frag("819_2763")))	{"annotations": {"Analysis": {"Molecular docking": true}, "PublicationStatus": {"Preprint": true}, "PublicationType": {"Research": true}, "Section": {"Results": true}}, "citation": {"db": "DOI", "db_id": "10.20944/preprints202003.0457.v1"}, "evidence": "Losartan formed six hydrogen bonds with four amino acids, Phe132, Ser128, Gly180, and Ile131 by the distance between 1.83 and 2.44 \u00c5.", "line": 52, "relation": "increases"}
bp(MESH:"Hydrogen Bonding")	increases	complex(a(CHEBI:losartan), p(HGNC:TRPM2))	{"annotations": {"Analysis": {"Molecular docking": true}, "PublicationStatus": {"Preprint": true}, "PublicationType": {"Research": true}, "Section": {"Results": true}}, "citation": {"db": "DOI", "db_id": "10.20944/preprints202003.0457.v1"}, "evidence": "Losartan was exhibited four hydrogen binds with Asn1487, Arg1433 and Ser1382 residues within the range of 1.8 \u20132.8 \u00c5.", "line": 62, "relation": "increases"}
bp(MESH:"Hydrophobic and Hydrophilic Interactions")	increases	complex(a(CHEBI:losartan), p(COVID:ORF1ab, frag("819_2763")))	{"annotations": {"Analysis": {"Molecular docking": true}, "PublicationStatus": {"Preprint": true}, "PublicationType": {"Research": true}, "Section": {"Results": true}}, "citation": {"db": "DOI", "db_id": "10.20944/preprints202003.0457.v1"}, "evidence": "Besides, 20 hydrophobic contacts were exhibited with Asp22, Ile23, Phe156, Ala154, Val155, Lue164, Pro136, Pro125, Gly48, Gly51, Gly47, Gly46, Asn40, Ala39, His45, Leu127, Gly133 and Ile131 among the range 3.40-3.90 \u00c5.", "line": 55, "relation": "increases"}
bp(MESH:"Hydrophobic and Hydrophilic Interactions")	increases	complex(a(CHEBI:losartan), p(HGNC:TRPM2))	{"annotations": {"Analysis": {"Molecular docking": true}, "PublicationStatus": {"Preprint": true}, "PublicationType": {"Research": true}, "Section": {"Results": true}}, "citation": {"db": "DOI", "db_id": "10.20944/preprints202003.0457.v1"}, "evidence": "A total of 13 hydrophobic bonds were found with Pro1388, Val1377, Leu1379, Ser1382, Ala1386, His1348, and Tyr1349 in the range of 3.1-3.9 \u00c5.", "line": 65, "relation": "increases"}
p(COVID:ORF1ab, frag("819_2763"))	partOf	complex(a(CHEBI:losartan), p(COVID:ORF1ab, frag("819_2763")))	{"relation": "partOf"}
p(COVID:ORF1ab, frag("819_2763"))	partOf	complex(a(PUBCHEM:192), p(COVID:ORF1ab, frag("819_2763")))	{"relation": "partOf"}
p(COVID:ORF1ab)	hasVariant	p(COVID:ORF1ab, frag("819_2763"))	{"relation": "hasVariant"}
p(HGNC:TRPM2)	partOf	complex(a(CHEBI:losartan), p(HGNC:TRPM2))	{"relation": "partOf"}
p(HGNC:TRPM2)	partOf	complex(a(PUBCHEM:192), p(HGNC:TRPM2))	{"relation": "partOf"}
