a(TAX:"Severe acute respiratory syndrome coronavirus 2")	positiveCorrelation	path(DO:"COVID-19")	{"annotations": {"Custom_Disease": {"COVID-19": true}, "PublicationStatus": {"Preprint": true}, "PublicationType": {"Research": true}, "Section": {"Full Text": true}, "Species": {"9606": true}}, "citation": {"db": "DOI", "db_id": "10.1101/2020.03.31.019216"}, "evidence": "This novel strain of coronavirus has been identified as the causative agent for the epidemic of acute respiratory distress syndrome [also referred to as coronavirus disease 2019 (COVID-19)] in Wuhan, China 1\u20133 .", "line": 50, "relation": "positiveCorrelation"}
bp(GO:"T cell activation")	negativeCorrelation	path(DO:"COVID-19")	{"annotations": {"Custom_Disease": {"COVID-19": true}, "PublicationStatus": {"Preprint": true}, "PublicationType": {"Research": true}, "Section": {"Full Text": true}, "Severity": {"Severe": true}, "Species": {"9606": true}}, "citation": {"db": "DOI", "db_id": "10.1101/2020.03.31.019216"}, "evidence": "The expressions of T cell receptor (TCR) subunits (CD3e, CD3g, CD247, TRAC, and TRBC1), T cell surface molecules (CD4, CD8a, CD8b, and CD2), MHC class II molecules (HLA-DRA, HLA-DRB1, HLA-DRB4, and HLA-DRB5), T cell migration stimulators (DDP4), and TCR signaling kinases (ZAP70, LCK, and FYN) were dramatically diminished in COVID-19-SS as compared to COVID-19-MS (Fig.3a,h), suggesting a failure of T cells activation and function.", "line": 134, "relation": "negativeCorrelation"}
bp(GO:"antigen processing and presentation")	positiveCorrelation	path(DO:"COVID-19")	{"annotations": {"Custom_Disease": {"COVID-19": true}, "PublicationStatus": {"Preprint": true}, "PublicationType": {"Research": true}, "Section": {"Full Text": true}, "Species": {"9606": true}}, "citation": {"db": "DOI", "db_id": "10.1101/2020.03.31.019216"}, "evidence": "Functional analysis by DAVID and Cluster Profiler revealed that these genes were enriched in specific cellular biological processes, including positive regulation of neutrophil chemotaxis, neutrophil activation, type I interferon signaling pathway, inflammatory response, and antigen processing and presentation (Fig.3b and Extended Data Fig.5c-d), suggesting an active innate immune response against SARS-CoV-2 infection.", "line": 93, "relation": "positiveCorrelation"}
bp(GO:"inflammatory response")	positiveCorrelation	path(DO:"COVID-19")	{"annotations": {"Custom_Disease": {"COVID-19": true}, "PublicationStatus": {"Preprint": true}, "PublicationType": {"Research": true}, "Section": {"Full Text": true}, "Species": {"9606": true}}, "citation": {"db": "DOI", "db_id": "10.1101/2020.03.31.019216"}, "evidence": "Functional analysis by DAVID and Cluster Profiler revealed that these genes were enriched in specific cellular biological processes, including positive regulation of neutrophil chemotaxis, neutrophil activation, type I interferon signaling pathway, inflammatory response, and antigen processing and presentation (Fig.3b and Extended Data Fig.5c-d), suggesting an active innate immune response against SARS-CoV-2 infection.", "line": 92, "relation": "positiveCorrelation"}
bp(GO:"neutrophil activation")	positiveCorrelation	path(DO:"COVID-19")	{"annotations": {"Custom_Disease": {"COVID-19": true}, "PublicationStatus": {"Preprint": true}, "PublicationType": {"Research": true}, "Section": {"Full Text": true}, "Species": {"9606": true}}, "citation": {"db": "DOI", "db_id": "10.1101/2020.03.31.019216"}, "evidence": "Functional analysis by DAVID and Cluster Profiler revealed that these genes were enriched in specific cellular biological processes, including positive regulation of neutrophil chemotaxis, neutrophil activation, type I interferon signaling pathway, inflammatory response, and antigen processing and presentation (Fig.3b and Extended Data Fig.5c-d), suggesting an active innate immune response against SARS-CoV-2 infection.", "line": 90, "relation": "positiveCorrelation"}
bp(GO:"neutrophil chemotaxis")	increases	bp(GO:"inflammatory response")	{"annotations": {"Custom_Disease": {"COVID-19": true}, "PublicationStatus": {"Preprint": true}, "PublicationType": {"Research": true}, "Section": {"Full Text": true}, "Species": {"9606": true}}, "citation": {"db": "DOI", "db_id": "10.1101/2020.03.31.019216"}, "evidence": "Chemical signals such as Interleukin-8 (IL-8) and IL-6 stimulate neutrophil chemotaxis and recruitment to the site of infection where they congregate and cause the release of more proinflammatory mediators that in turn activate additional inflammatory signals, leading to cytokine storms that may progress to vital organ failure 13 .", "line": 69, "relation": "increases"}
bp(GO:"neutrophil chemotaxis")	positiveCorrelation	path(DO:"COVID-19")	{"annotations": {"Custom_Disease": {"COVID-19": true}, "PublicationStatus": {"Preprint": true}, "PublicationType": {"Research": true}, "Section": {"Full Text": true}, "Species": {"9606": true}}, "citation": {"db": "DOI", "db_id": "10.1101/2020.03.31.019216"}, "evidence": "Functional analysis by DAVID and Cluster Profiler revealed that these genes were enriched in specific cellular biological processes, including positive regulation of neutrophil chemotaxis, neutrophil activation, type I interferon signaling pathway, inflammatory response, and antigen processing and presentation (Fig.3b and Extended Data Fig.5c-d), suggesting an active innate immune response against SARS-CoV-2 infection.", "line": 89, "relation": "positiveCorrelation"}
bp(GO:"type I interferon signaling pathway")	positiveCorrelation	path(DO:"COVID-19")	{"annotations": {"Custom_Disease": {"COVID-19": true}, "PublicationStatus": {"Preprint": true}, "PublicationType": {"Research": true}, "Section": {"Full Text": true}, "Species": {"9606": true}}, "citation": {"db": "DOI", "db_id": "10.1101/2020.03.31.019216"}, "evidence": "Functional analysis by DAVID and Cluster Profiler revealed that these genes were enriched in specific cellular biological processes, including positive regulation of neutrophil chemotaxis, neutrophil activation, type I interferon signaling pathway, inflammatory response, and antigen processing and presentation (Fig.3b and Extended Data Fig.5c-d), suggesting an active innate immune response against SARS-CoV-2 infection.", "line": 91, "relation": "positiveCorrelation"}
complex(GO:"RNA nuclear export complex")	association	p(HGNC:RAE1)	{"annotations": {"Custom_Disease": {"COVID-19": true}, "PublicationStatus": {"Preprint": true}, "PublicationType": {"Research": true}, "Section": {"Full Text": true}, "Species": {"9606": true}}, "citation": {"db": "DOI", "db_id": "10.1101/2020.03.31.019216"}, "evidence": "Key viral-cellular PPIs that may influence the pathogenesis of SARS-CoV-2 include interaction between NKRF (an endogenous repressor of IL-8/IL-6 synthesis) and nsp9/nsp10/nsp12/nsp13/nsp15 20,21 , C1QBP (involved in complement C1 activation) and nsp9/nsp10 22 , G3BP2 (anti-viral stress granule protein) and N 23 , and RAE1 (an interferon-inducible mRNA nuclear export protein) and ORF6 24 .", "line": 85, "relation": "association"}
complex(p(COVID:N), p(HGNC:G3BP2))	regulates	path(DO:"COVID-19")	{"annotations": {"Custom_Disease": {"COVID-19": true}, "PublicationStatus": {"Preprint": true}, "PublicationType": {"Research": true}, "Section": {"Full Text": true}, "Species": {"9606": true}}, "citation": {"db": "DOI", "db_id": "10.1101/2020.03.31.019216"}, "evidence": "Key viral-cellular PPIs that may influence the pathogenesis of SARS-CoV-2 include interaction between NKRF (an endogenous repressor of IL-8/IL-6 synthesis) and nsp9/nsp10/nsp12/nsp13/nsp15 20,21 , C1QBP (involved in complement C1 activation) and nsp9/nsp10 22 , G3BP2 (anti-viral stress granule protein) and N 23 , and RAE1 (an interferon-inducible mRNA nuclear export protein) and ORF6 24 .", "line": 83, "relation": "regulates"}
p(COVID:N)	partOf	complex(p(COVID:N), p(HGNC:G3BP2))	{"relation": "partOf"}
p(HGNC:G3BP2)	partOf	complex(p(COVID:N), p(HGNC:G3BP2))	{"relation": "partOf"}
complex(p(COVID:ORF1ab, frag("4141_4253")), p(HGNC:C1QBP))	regulates	path(DO:"COVID-19")	{"annotations": {"Custom_Disease": {"COVID-19": true}, "PublicationStatus": {"Preprint": true}, "PublicationType": {"Research": true}, "Section": {"Full Text": true}, "Species": {"9606": true}}, "citation": {"db": "DOI", "db_id": "10.1101/2020.03.31.019216"}, "evidence": "Key viral-cellular PPIs that may influence the pathogenesis of SARS-CoV-2 include interaction between NKRF (an endogenous repressor of IL-8/IL-6 synthesis) and nsp9/nsp10/nsp12/nsp13/nsp15 20,21 , C1QBP (involved in complement C1 activation) and nsp9/nsp10 22 , G3BP2 (anti-viral stress granule protein) and N 23 , and RAE1 (an interferon-inducible mRNA nuclear export protein) and ORF6 24 .", "line": 81, "relation": "regulates"}
p(COVID:ORF1ab, frag("4141_4253"))	partOf	complex(p(COVID:ORF1ab, frag("4141_4253")), p(HGNC:C1QBP))	{"relation": "partOf"}
p(COVID:ORF1ab, frag("4141_4253"))	partOf	complex(p(COVID:ORF1ab, frag("4141_4253")), p(HGNC:NKRF))	{"relation": "partOf"}
p(COVID:ORF1ab)	hasVariant	p(COVID:ORF1ab, frag("4141_4253"))	{"relation": "hasVariant"}
p(COVID:ORF1ab)	hasVariant	p(COVID:ORF1ab, frag("4254_4392"))	{"relation": "hasVariant"}
p(COVID:ORF1ab)	hasVariant	p(COVID:ORF1ab, frag("4393_5324"))	{"relation": "hasVariant"}
p(COVID:ORF1ab)	hasVariant	p(COVID:ORF1ab, frag("5325_5925"))	{"relation": "hasVariant"}
p(COVID:ORF1ab)	hasVariant	p(COVID:ORF1ab, frag("6453_6798"))	{"relation": "hasVariant"}
p(HGNC:C1QBP)	partOf	complex(p(COVID:ORF1ab, frag("4141_4253")), p(HGNC:C1QBP))	{"relation": "partOf"}
p(HGNC:C1QBP)	partOf	complex(p(COVID:ORF1ab, frag("4254_4392")), p(HGNC:C1QBP))	{"relation": "partOf"}
act(p(HGNC:C1QBP))	increases	bp(GO:"complement activation")	{"annotations": {"Custom_Disease": {"COVID-19": true}, "PublicationStatus": {"Preprint": true}, "PublicationType": {"Research": true}, "Section": {"Full Text": true}, "Species": {"9606": true}}, "citation": {"db": "DOI", "db_id": "10.1101/2020.03.31.019216"}, "evidence": "Key viral-cellular PPIs that may influence the pathogenesis of SARS-CoV-2 include interaction between NKRF (an endogenous repressor of IL-8/IL-6 synthesis) and nsp9/nsp10/nsp12/nsp13/nsp15 20,21 , C1QBP (involved in complement C1 activation) and nsp9/nsp10 22 , G3BP2 (anti-viral stress granule protein) and N 23 , and RAE1 (an interferon-inducible mRNA nuclear export protein) and ORF6 24 .", "line": 80, "relation": "increases", "subject": {"modifier": "Activity"}}
complex(p(COVID:ORF1ab, frag("4141_4253")), p(HGNC:NKRF))	regulates	path(DO:"COVID-19")	{"annotations": {"Custom_Disease": {"COVID-19": true}, "PublicationStatus": {"Preprint": true}, "PublicationType": {"Research": true}, "Section": {"Full Text": true}, "Species": {"9606": true}}, "citation": {"db": "DOI", "db_id": "10.1101/2020.03.31.019216"}, "evidence": "Key viral-cellular PPIs that may influence the pathogenesis of SARS-CoV-2 include interaction between NKRF (an endogenous repressor of IL-8/IL-6 synthesis) and nsp9/nsp10/nsp12/nsp13/nsp15 20,21 , C1QBP (involved in complement C1 activation) and nsp9/nsp10 22 , G3BP2 (anti-viral stress granule protein) and N 23 , and RAE1 (an interferon-inducible mRNA nuclear export protein) and ORF6 24 .", "line": 75, "relation": "regulates"}
p(HGNC:NKRF)	partOf	complex(p(COVID:ORF1ab, frag("4141_4253")), p(HGNC:NKRF))	{"relation": "partOf"}
p(HGNC:NKRF)	partOf	complex(p(COVID:ORF1ab, frag("4254_4392")), p(HGNC:NKRF))	{"relation": "partOf"}
p(HGNC:NKRF)	partOf	complex(p(COVID:ORF1ab, frag("4393_5324")), p(HGNC:NKRF))	{"relation": "partOf"}
p(HGNC:NKRF)	partOf	complex(p(COVID:ORF1ab, frag("5325_5925")), p(HGNC:NKRF))	{"relation": "partOf"}
p(HGNC:NKRF)	partOf	complex(p(COVID:ORF1ab, frag("6453_6798")), p(HGNC:NKRF))	{"relation": "partOf"}
act(p(HGNC:NKRF))	decreases	bp(GO:"interleukin-6 biosynthetic process")	{"annotations": {"Custom_Disease": {"COVID-19": true}, "PublicationStatus": {"Preprint": true}, "PublicationType": {"Research": true}, "Section": {"Full Text": true}, "Species": {"9606": true}}, "citation": {"db": "DOI", "db_id": "10.1101/2020.03.31.019216"}, "evidence": "Key viral-cellular PPIs that may influence the pathogenesis of SARS-CoV-2 include interaction between NKRF (an endogenous repressor of IL-8/IL-6 synthesis) and nsp9/nsp10/nsp12/nsp13/nsp15 20,21 , C1QBP (involved in complement C1 activation) and nsp9/nsp10 22 , G3BP2 (anti-viral stress granule protein) and N 23 , and RAE1 (an interferon-inducible mRNA nuclear export protein) and ORF6 24 .", "line": 73, "relation": "decreases", "subject": {"modifier": "Activity"}}
act(p(HGNC:NKRF))	decreases	bp(GO:"interleukin-8 biosynthetic process")	{"annotations": {"Custom_Disease": {"COVID-19": true}, "PublicationStatus": {"Preprint": true}, "PublicationType": {"Research": true}, "Section": {"Full Text": true}, "Species": {"9606": true}}, "citation": {"db": "DOI", "db_id": "10.1101/2020.03.31.019216"}, "evidence": "Key viral-cellular PPIs that may influence the pathogenesis of SARS-CoV-2 include interaction between NKRF (an endogenous repressor of IL-8/IL-6 synthesis) and nsp9/nsp10/nsp12/nsp13/nsp15 20,21 , C1QBP (involved in complement C1 activation) and nsp9/nsp10 22 , G3BP2 (anti-viral stress granule protein) and N 23 , and RAE1 (an interferon-inducible mRNA nuclear export protein) and ORF6 24 .", "line": 74, "relation": "decreases", "subject": {"modifier": "Activity"}}
complex(p(COVID:ORF1ab, frag("4254_4392")), p(HGNC:C1QBP))	regulates	path(DO:"COVID-19")	{"annotations": {"Custom_Disease": {"COVID-19": true}, "PublicationStatus": {"Preprint": true}, "PublicationType": {"Research": true}, "Section": {"Full Text": true}, "Species": {"9606": true}}, "citation": {"db": "DOI", "db_id": "10.1101/2020.03.31.019216"}, "evidence": "Key viral-cellular PPIs that may influence the pathogenesis of SARS-CoV-2 include interaction between NKRF (an endogenous repressor of IL-8/IL-6 synthesis) and nsp9/nsp10/nsp12/nsp13/nsp15 20,21 , C1QBP (involved in complement C1 activation) and nsp9/nsp10 22 , G3BP2 (anti-viral stress granule protein) and N 23 , and RAE1 (an interferon-inducible mRNA nuclear export protein) and ORF6 24 .", "line": 82, "relation": "regulates"}
p(COVID:ORF1ab, frag("4254_4392"))	partOf	complex(p(COVID:ORF1ab, frag("4254_4392")), p(HGNC:C1QBP))	{"relation": "partOf"}
p(COVID:ORF1ab, frag("4254_4392"))	partOf	complex(p(COVID:ORF1ab, frag("4254_4392")), p(HGNC:NKRF))	{"relation": "partOf"}
complex(p(COVID:ORF1ab, frag("4254_4392")), p(HGNC:NKRF))	regulates	path(DO:"COVID-19")	{"annotations": {"Custom_Disease": {"COVID-19": true}, "PublicationStatus": {"Preprint": true}, "PublicationType": {"Research": true}, "Section": {"Full Text": true}, "Species": {"9606": true}}, "citation": {"db": "DOI", "db_id": "10.1101/2020.03.31.019216"}, "evidence": "Key viral-cellular PPIs that may influence the pathogenesis of SARS-CoV-2 include interaction between NKRF (an endogenous repressor of IL-8/IL-6 synthesis) and nsp9/nsp10/nsp12/nsp13/nsp15 20,21 , C1QBP (involved in complement C1 activation) and nsp9/nsp10 22 , G3BP2 (anti-viral stress granule protein) and N 23 , and RAE1 (an interferon-inducible mRNA nuclear export protein) and ORF6 24 .", "line": 76, "relation": "regulates"}
complex(p(COVID:ORF1ab, frag("4393_5324")), p(HGNC:NKRF))	regulates	path(DO:"COVID-19")	{"annotations": {"Custom_Disease": {"COVID-19": true}, "PublicationStatus": {"Preprint": true}, "PublicationType": {"Research": true}, "Section": {"Full Text": true}, "Species": {"9606": true}}, "citation": {"db": "DOI", "db_id": "10.1101/2020.03.31.019216"}, "evidence": "Key viral-cellular PPIs that may influence the pathogenesis of SARS-CoV-2 include interaction between NKRF (an endogenous repressor of IL-8/IL-6 synthesis) and nsp9/nsp10/nsp12/nsp13/nsp15 20,21 , C1QBP (involved in complement C1 activation) and nsp9/nsp10 22 , G3BP2 (anti-viral stress granule protein) and N 23 , and RAE1 (an interferon-inducible mRNA nuclear export protein) and ORF6 24 .", "line": 77, "relation": "regulates"}
p(COVID:ORF1ab, frag("4393_5324"))	partOf	complex(p(COVID:ORF1ab, frag("4393_5324")), p(HGNC:NKRF))	{"relation": "partOf"}
complex(p(COVID:ORF1ab, frag("5325_5925")), p(HGNC:NKRF))	regulates	path(DO:"COVID-19")	{"annotations": {"Custom_Disease": {"COVID-19": true}, "PublicationStatus": {"Preprint": true}, "PublicationType": {"Research": true}, "Section": {"Full Text": true}, "Species": {"9606": true}}, "citation": {"db": "DOI", "db_id": "10.1101/2020.03.31.019216"}, "evidence": "Key viral-cellular PPIs that may influence the pathogenesis of SARS-CoV-2 include interaction between NKRF (an endogenous repressor of IL-8/IL-6 synthesis) and nsp9/nsp10/nsp12/nsp13/nsp15 20,21 , C1QBP (involved in complement C1 activation) and nsp9/nsp10 22 , G3BP2 (anti-viral stress granule protein) and N 23 , and RAE1 (an interferon-inducible mRNA nuclear export protein) and ORF6 24 .", "line": 78, "relation": "regulates"}
p(COVID:ORF1ab, frag("5325_5925"))	partOf	complex(p(COVID:ORF1ab, frag("5325_5925")), p(HGNC:NKRF))	{"relation": "partOf"}
complex(p(COVID:ORF1ab, frag("6453_6798")), p(HGNC:NKRF))	regulates	path(DO:"COVID-19")	{"annotations": {"Custom_Disease": {"COVID-19": true}, "PublicationStatus": {"Preprint": true}, "PublicationType": {"Research": true}, "Section": {"Full Text": true}, "Species": {"9606": true}}, "citation": {"db": "DOI", "db_id": "10.1101/2020.03.31.019216"}, "evidence": "Key viral-cellular PPIs that may influence the pathogenesis of SARS-CoV-2 include interaction between NKRF (an endogenous repressor of IL-8/IL-6 synthesis) and nsp9/nsp10/nsp12/nsp13/nsp15 20,21 , C1QBP (involved in complement C1 activation) and nsp9/nsp10 22 , G3BP2 (anti-viral stress granule protein) and N 23 , and RAE1 (an interferon-inducible mRNA nuclear export protein) and ORF6 24 .", "line": 79, "relation": "regulates"}
p(COVID:ORF1ab, frag("6453_6798"))	partOf	complex(p(COVID:ORF1ab, frag("6453_6798")), p(HGNC:NKRF))	{"relation": "partOf"}
complex(p(COVID:ORF6), p(HGNC:RAE1))	regulates	path(DO:"COVID-19")	{"annotations": {"Custom_Disease": {"COVID-19": true}, "PublicationStatus": {"Preprint": true}, "PublicationType": {"Research": true}, "Section": {"Full Text": true}, "Species": {"9606": true}}, "citation": {"db": "DOI", "db_id": "10.1101/2020.03.31.019216"}, "evidence": "Key viral-cellular PPIs that may influence the pathogenesis of SARS-CoV-2 include interaction between NKRF (an endogenous repressor of IL-8/IL-6 synthesis) and nsp9/nsp10/nsp12/nsp13/nsp15 20,21 , C1QBP (involved in complement C1 activation) and nsp9/nsp10 22 , G3BP2 (anti-viral stress granule protein) and N 23 , and RAE1 (an interferon-inducible mRNA nuclear export protein) and ORF6 24 .", "line": 84, "relation": "regulates"}
p(COVID:ORF6)	partOf	complex(p(COVID:ORF6), p(HGNC:RAE1))	{"relation": "partOf"}
p(HGNC:RAE1)	partOf	complex(p(COVID:ORF6), p(HGNC:RAE1))	{"relation": "partOf"}
p(HGNC:RAE1)	association	complex(GO:"RNA nuclear export complex")	{"annotations": {"Custom_Disease": {"COVID-19": true}, "PublicationStatus": {"Preprint": true}, "PublicationType": {"Research": true}, "Section": {"Full Text": true}, "Species": {"9606": true}}, "citation": {"db": "DOI", "db_id": "10.1101/2020.03.31.019216"}, "evidence": "Key viral-cellular PPIs that may influence the pathogenesis of SARS-CoV-2 include interaction between NKRF (an endogenous repressor of IL-8/IL-6 synthesis) and nsp9/nsp10/nsp12/nsp13/nsp15 20,21 , C1QBP (involved in complement C1 activation) and nsp9/nsp10 22 , G3BP2 (anti-viral stress granule protein) and N 23 , and RAE1 (an interferon-inducible mRNA nuclear export protein) and ORF6 24 .", "line": 85, "relation": "association"}
g(HGNC:TRAC)	positiveCorrelation	path(DO:"COVID-19")	{"annotations": {"Custom_Disease": {"COVID-19": true}, "PublicationStatus": {"Preprint": true}, "PublicationType": {"Research": true}, "Section": {"Full Text": true}, "Severity": {"Severe": true}, "Species": {"9606": true}}, "citation": {"db": "DOI", "db_id": "10.1101/2020.03.31.019216"}, "evidence": "The expressions of T cell receptor (TCR) subunits (CD3e, CD3g, CD247, TRAC, and TRBC1), T cell surface molecules (CD4, CD8a, CD8b, and CD2), MHC class II molecules (HLA-DRA, HLA-DRB1, HLA-DRB4, and HLA-DRB5), T cell migration stimulators (DDP4), and TCR signaling kinases (ZAP70, LCK, and FYN) were dramatically diminished in COVID-19-SS as compared to COVID-19-MS (Fig.3a,h), suggesting a failure of T cells activation and function.", "line": 121, "relation": "positiveCorrelation"}
g(HGNC:TRBC1)	positiveCorrelation	path(DO:"COVID-19")	{"annotations": {"Custom_Disease": {"COVID-19": true}, "PublicationStatus": {"Preprint": true}, "PublicationType": {"Research": true}, "Section": {"Full Text": true}, "Severity": {"Severe": true}, "Species": {"9606": true}}, "citation": {"db": "DOI", "db_id": "10.1101/2020.03.31.019216"}, "evidence": "The expressions of T cell receptor (TCR) subunits (CD3e, CD3g, CD247, TRAC, and TRBC1), T cell surface molecules (CD4, CD8a, CD8b, and CD2), MHC class II molecules (HLA-DRA, HLA-DRB1, HLA-DRB4, and HLA-DRB5), T cell migration stimulators (DDP4), and TCR signaling kinases (ZAP70, LCK, and FYN) were dramatically diminished in COVID-19-SS as compared to COVID-19-MS (Fig.3a,h), suggesting a failure of T cells activation and function.", "line": 122, "relation": "positiveCorrelation"}
p(HGNC:"HLA-DRA")	positiveCorrelation	path(DO:"COVID-19")	{"annotations": {"Custom_Disease": {"COVID-19": true}, "PublicationStatus": {"Preprint": true}, "PublicationType": {"Research": true}, "Section": {"Full Text": true}, "Severity": {"Severe": true}, "Species": {"9606": true}}, "citation": {"db": "DOI", "db_id": "10.1101/2020.03.31.019216"}, "evidence": "The expressions of T cell receptor (TCR) subunits (CD3e, CD3g, CD247, TRAC, and TRBC1), T cell surface molecules (CD4, CD8a, CD8b, and CD2), MHC class II molecules (HLA-DRA, HLA-DRB1, HLA-DRB4, and HLA-DRB5), T cell migration stimulators (DDP4), and TCR signaling kinases (ZAP70, LCK, and FYN) were dramatically diminished in COVID-19-SS as compared to COVID-19-MS (Fig.3a,h), suggesting a failure of T cells activation and function.", "line": 127, "relation": "positiveCorrelation"}
p(HGNC:"HLA-DRB1")	positiveCorrelation	path(DO:"COVID-19")	{"annotations": {"Custom_Disease": {"COVID-19": true}, "PublicationStatus": {"Preprint": true}, "PublicationType": {"Research": true}, "Section": {"Full Text": true}, "Severity": {"Severe": true}, "Species": {"9606": true}}, "citation": {"db": "DOI", "db_id": "10.1101/2020.03.31.019216"}, "evidence": "The expressions of T cell receptor (TCR) subunits (CD3e, CD3g, CD247, TRAC, and TRBC1), T cell surface molecules (CD4, CD8a, CD8b, and CD2), MHC class II molecules (HLA-DRA, HLA-DRB1, HLA-DRB4, and HLA-DRB5), T cell migration stimulators (DDP4), and TCR signaling kinases (ZAP70, LCK, and FYN) were dramatically diminished in COVID-19-SS as compared to COVID-19-MS (Fig.3a,h), suggesting a failure of T cells activation and function.", "line": 128, "relation": "positiveCorrelation"}
p(HGNC:"HLA-DRB4")	positiveCorrelation	path(DO:"COVID-19")	{"annotations": {"Custom_Disease": {"COVID-19": true}, "PublicationStatus": {"Preprint": true}, "PublicationType": {"Research": true}, "Section": {"Full Text": true}, "Severity": {"Severe": true}, "Species": {"9606": true}}, "citation": {"db": "DOI", "db_id": "10.1101/2020.03.31.019216"}, "evidence": "The expressions of T cell receptor (TCR) subunits (CD3e, CD3g, CD247, TRAC, and TRBC1), T cell surface molecules (CD4, CD8a, CD8b, and CD2), MHC class II molecules (HLA-DRA, HLA-DRB1, HLA-DRB4, and HLA-DRB5), T cell migration stimulators (DDP4), and TCR signaling kinases (ZAP70, LCK, and FYN) were dramatically diminished in COVID-19-SS as compared to COVID-19-MS (Fig.3a,h), suggesting a failure of T cells activation and function.", "line": 129, "relation": "positiveCorrelation"}
p(HGNC:"HLA-DRB5")	positiveCorrelation	path(DO:"COVID-19")	{"annotations": {"Custom_Disease": {"COVID-19": true}, "PublicationStatus": {"Preprint": true}, "PublicationType": {"Research": true}, "Section": {"Full Text": true}, "Severity": {"Severe": true}, "Species": {"9606": true}}, "citation": {"db": "DOI", "db_id": "10.1101/2020.03.31.019216"}, "evidence": "The expressions of T cell receptor (TCR) subunits (CD3e, CD3g, CD247, TRAC, and TRBC1), T cell surface molecules (CD4, CD8a, CD8b, and CD2), MHC class II molecules (HLA-DRA, HLA-DRB1, HLA-DRB4, and HLA-DRB5), T cell migration stimulators (DDP4), and TCR signaling kinases (ZAP70, LCK, and FYN) were dramatically diminished in COVID-19-SS as compared to COVID-19-MS (Fig.3a,h), suggesting a failure of T cells activation and function.", "line": 130, "relation": "positiveCorrelation"}
p(HGNC:CD2)	positiveCorrelation	path(DO:"COVID-19")	{"annotations": {"Custom_Disease": {"COVID-19": true}, "PublicationStatus": {"Preprint": true}, "PublicationType": {"Research": true}, "Section": {"Full Text": true}, "Severity": {"Severe": true}, "Species": {"9606": true}}, "citation": {"db": "DOI", "db_id": "10.1101/2020.03.31.019216"}, "evidence": "The expressions of T cell receptor (TCR) subunits (CD3e, CD3g, CD247, TRAC, and TRBC1), T cell surface molecules (CD4, CD8a, CD8b, and CD2), MHC class II molecules (HLA-DRA, HLA-DRB1, HLA-DRB4, and HLA-DRB5), T cell migration stimulators (DDP4), and TCR signaling kinases (ZAP70, LCK, and FYN) were dramatically diminished in COVID-19-SS as compared to COVID-19-MS (Fig.3a,h), suggesting a failure of T cells activation and function.", "line": 126, "relation": "positiveCorrelation"}
p(HGNC:CD247)	positiveCorrelation	path(DO:"COVID-19")	{"annotations": {"Custom_Disease": {"COVID-19": true}, "PublicationStatus": {"Preprint": true}, "PublicationType": {"Research": true}, "Section": {"Full Text": true}, "Severity": {"Severe": true}, "Species": {"9606": true}}, "citation": {"db": "DOI", "db_id": "10.1101/2020.03.31.019216"}, "evidence": "The expressions of T cell receptor (TCR) subunits (CD3e, CD3g, CD247, TRAC, and TRBC1), T cell surface molecules (CD4, CD8a, CD8b, and CD2), MHC class II molecules (HLA-DRA, HLA-DRB1, HLA-DRB4, and HLA-DRB5), T cell migration stimulators (DDP4), and TCR signaling kinases (ZAP70, LCK, and FYN) were dramatically diminished in COVID-19-SS as compared to COVID-19-MS (Fig.3a,h), suggesting a failure of T cells activation and function.", "line": 120, "relation": "positiveCorrelation"}
p(HGNC:CD3E)	positiveCorrelation	path(DO:"COVID-19")	{"annotations": {"Custom_Disease": {"COVID-19": true}, "PublicationStatus": {"Preprint": true}, "PublicationType": {"Research": true}, "Section": {"Full Text": true}, "Severity": {"Severe": true}, "Species": {"9606": true}}, "citation": {"db": "DOI", "db_id": "10.1101/2020.03.31.019216"}, "evidence": "The expressions of T cell receptor (TCR) subunits (CD3e, CD3g, CD247, TRAC, and TRBC1), T cell surface molecules (CD4, CD8a, CD8b, and CD2), MHC class II molecules (HLA-DRA, HLA-DRB1, HLA-DRB4, and HLA-DRB5), T cell migration stimulators (DDP4), and TCR signaling kinases (ZAP70, LCK, and FYN) were dramatically diminished in COVID-19-SS as compared to COVID-19-MS (Fig.3a,h), suggesting a failure of T cells activation and function.", "line": 118, "relation": "positiveCorrelation"}
p(HGNC:CD3G)	positiveCorrelation	path(DO:"COVID-19")	{"annotations": {"Custom_Disease": {"COVID-19": true}, "PublicationStatus": {"Preprint": true}, "PublicationType": {"Research": true}, "Section": {"Full Text": true}, "Severity": {"Severe": true}, "Species": {"9606": true}}, "citation": {"db": "DOI", "db_id": "10.1101/2020.03.31.019216"}, "evidence": "The expressions of T cell receptor (TCR) subunits (CD3e, CD3g, CD247, TRAC, and TRBC1), T cell surface molecules (CD4, CD8a, CD8b, and CD2), MHC class II molecules (HLA-DRA, HLA-DRB1, HLA-DRB4, and HLA-DRB5), T cell migration stimulators (DDP4), and TCR signaling kinases (ZAP70, LCK, and FYN) were dramatically diminished in COVID-19-SS as compared to COVID-19-MS (Fig.3a,h), suggesting a failure of T cells activation and function.", "line": 119, "relation": "positiveCorrelation"}
p(HGNC:CD4)	positiveCorrelation	path(DO:"COVID-19")	{"annotations": {"Custom_Disease": {"COVID-19": true}, "PublicationStatus": {"Preprint": true}, "PublicationType": {"Research": true}, "Section": {"Full Text": true}, "Severity": {"Severe": true}, "Species": {"9606": true}}, "citation": {"db": "DOI", "db_id": "10.1101/2020.03.31.019216"}, "evidence": "The expressions of T cell receptor (TCR) subunits (CD3e, CD3g, CD247, TRAC, and TRBC1), T cell surface molecules (CD4, CD8a, CD8b, and CD2), MHC class II molecules (HLA-DRA, HLA-DRB1, HLA-DRB4, and HLA-DRB5), T cell migration stimulators (DDP4), and TCR signaling kinases (ZAP70, LCK, and FYN) were dramatically diminished in COVID-19-SS as compared to COVID-19-MS (Fig.3a,h), suggesting a failure of T cells activation and function.", "line": 123, "relation": "positiveCorrelation"}
p(HGNC:CD8A)	positiveCorrelation	path(DO:"COVID-19")	{"annotations": {"Custom_Disease": {"COVID-19": true}, "PublicationStatus": {"Preprint": true}, "PublicationType": {"Research": true}, "Section": {"Full Text": true}, "Severity": {"Severe": true}, "Species": {"9606": true}}, "citation": {"db": "DOI", "db_id": "10.1101/2020.03.31.019216"}, "evidence": "The expressions of T cell receptor (TCR) subunits (CD3e, CD3g, CD247, TRAC, and TRBC1), T cell surface molecules (CD4, CD8a, CD8b, and CD2), MHC class II molecules (HLA-DRA, HLA-DRB1, HLA-DRB4, and HLA-DRB5), T cell migration stimulators (DDP4), and TCR signaling kinases (ZAP70, LCK, and FYN) were dramatically diminished in COVID-19-SS as compared to COVID-19-MS (Fig.3a,h), suggesting a failure of T cells activation and function.", "line": 124, "relation": "positiveCorrelation"}
p(HGNC:CD8B)	positiveCorrelation	path(DO:"COVID-19")	{"annotations": {"Custom_Disease": {"COVID-19": true}, "PublicationStatus": {"Preprint": true}, "PublicationType": {"Research": true}, "Section": {"Full Text": true}, "Severity": {"Severe": true}, "Species": {"9606": true}}, "citation": {"db": "DOI", "db_id": "10.1101/2020.03.31.019216"}, "evidence": "The expressions of T cell receptor (TCR) subunits (CD3e, CD3g, CD247, TRAC, and TRBC1), T cell surface molecules (CD4, CD8a, CD8b, and CD2), MHC class II molecules (HLA-DRA, HLA-DRB1, HLA-DRB4, and HLA-DRB5), T cell migration stimulators (DDP4), and TCR signaling kinases (ZAP70, LCK, and FYN) were dramatically diminished in COVID-19-SS as compared to COVID-19-MS (Fig.3a,h), suggesting a failure of T cells activation and function.", "line": 125, "relation": "positiveCorrelation"}
p(HGNC:CRP)	positiveCorrelation	path(DO:"COVID-19")	{"annotations": {"Custom_Disease": {"COVID-19": true}, "PublicationStatus": {"Preprint": true}, "PublicationType": {"Research": true}, "Section": {"Full Text": true}, "Severity": {"Mild": true}, "Species": {"9606": true}}, "citation": {"db": "DOI", "db_id": "10.1101/2020.03.31.019216"}, "evidence": "Analysis of the global proteomic changes reveal significant upregulation of CXCR2, PRG3, LBP, MMP25, CRP, NLRP1 in the COVID-19-MS PBMC cohort (Fig.3c).", "line": 102, "relation": "positiveCorrelation"}
p(HGNC:CXCL8)	positiveCorrelation	path(DO:"COVID-19")	{"annotations": {"Custom_Disease": {"COVID-19": true}, "PublicationStatus": {"Preprint": true}, "PublicationType": {"Research": true}, "Section": {"Full Text": true}, "Species": {"9606": true}}, "citation": {"db": "DOI", "db_id": "10.1101/2020.03.31.019216"}, "evidence": "Chemical signals such as Interleukin-8 (IL-8) and IL-6 stimulate neutrophil chemotaxis and recruitment to the site of infection where they congregate and cause the release of more proinflammatory mediators that in turn activate additional inflammatory signals, leading to cytokine storms that may progress to vital organ failure 13 .", "line": 66, "relation": "positiveCorrelation"}
p(HGNC:CXCL8)	positiveCorrelation	path(DO:"COVID-19")	{"annotations": {"Cell": {"peripheral blood mononuclear cell": true}, "Custom_Disease": {"COVID-19": true}, "PublicationStatus": {"Preprint": true}, "PublicationType": {"Research": true}, "Section": {"Full Text": true}, "Severity": {"Severe": true}, "Species": {"9606": true}}, "citation": {"db": "DOI", "db_id": "10.1101/2020.03.31.019216"}, "evidence": "The elevation of IL-8 and IL-6 but not IL-17 in PMBCs collected from COVID-19 patients indicates possible roles for IL-8/IL-6 in the severe inflammatory response induced by SARS-CoV-2 (Fig.3d-e and Extended Data Fig.5e).", "line": 111, "relation": "positiveCorrelation"}
p(HGNC:CXCL8)	increases	bp(GO:"neutrophil chemotaxis")	{"annotations": {"Custom_Disease": {"COVID-19": true}, "PublicationStatus": {"Preprint": true}, "PublicationType": {"Research": true}, "Section": {"Full Text": true}, "Species": {"9606": true}}, "citation": {"db": "DOI", "db_id": "10.1101/2020.03.31.019216"}, "evidence": "Chemical signals such as Interleukin-8 (IL-8) and IL-6 stimulate neutrophil chemotaxis and recruitment to the site of infection where they congregate and cause the release of more proinflammatory mediators that in turn activate additional inflammatory signals, leading to cytokine storms that may progress to vital organ failure 13 .", "line": 68, "relation": "increases"}
p(HGNC:CXCR2)	positiveCorrelation	path(DO:"COVID-19")	{"annotations": {"Custom_Disease": {"COVID-19": true}, "PublicationStatus": {"Preprint": true}, "PublicationType": {"Research": true}, "Section": {"Full Text": true}, "Severity": {"Mild": true}, "Species": {"9606": true}}, "citation": {"db": "DOI", "db_id": "10.1101/2020.03.31.019216"}, "evidence": "Analysis of the global proteomic changes reveal significant upregulation of CXCR2, PRG3, LBP, MMP25, CRP, NLRP1 in the COVID-19-MS PBMC cohort (Fig.3c).", "line": 98, "relation": "positiveCorrelation"}
p(HGNC:FYN)	positiveCorrelation	path(DO:"COVID-19")	{"annotations": {"Custom_Disease": {"COVID-19": true}, "PublicationStatus": {"Preprint": true}, "PublicationType": {"Research": true}, "Section": {"Full Text": true}, "Severity": {"Severe": true}, "Species": {"9606": true}}, "citation": {"db": "DOI", "db_id": "10.1101/2020.03.31.019216"}, "evidence": "The expressions of T cell receptor (TCR) subunits (CD3e, CD3g, CD247, TRAC, and TRBC1), T cell surface molecules (CD4, CD8a, CD8b, and CD2), MHC class II molecules (HLA-DRA, HLA-DRB1, HLA-DRB4, and HLA-DRB5), T cell migration stimulators (DDP4), and TCR signaling kinases (ZAP70, LCK, and FYN) were dramatically diminished in COVID-19-SS as compared to COVID-19-MS (Fig.3a,h), suggesting a failure of T cells activation and function.", "line": 133, "relation": "positiveCorrelation"}
p(HGNC:IGHE)	negativeCorrelation	path(DO:"COVID-19")	{"annotations": {"Custom_Disease": {"COVID-19": true}, "PublicationStatus": {"Preprint": true}, "PublicationType": {"Research": true}, "Section": {"Full Text": true}, "Severity": {"Severe": true}, "Species": {"9606": true}}, "citation": {"db": "DOI", "db_id": "10.1101/2020.03.31.019216"}, "evidence": "The expressions of immunoglobulin subunits (IGHG1, IGHG2, IGHG4, IGLC2, IGLL1, and IGHE) were also significant lower in COVID-19-SS (Fig.3a,h), indicating reduced antibody secretion by B cells.", "line": 145, "relation": "negativeCorrelation"}
p(HGNC:IGHG1)	negativeCorrelation	path(DO:"COVID-19")	{"annotations": {"Custom_Disease": {"COVID-19": true}, "PublicationStatus": {"Preprint": true}, "PublicationType": {"Research": true}, "Section": {"Full Text": true}, "Severity": {"Severe": true}, "Species": {"9606": true}}, "citation": {"db": "DOI", "db_id": "10.1101/2020.03.31.019216"}, "evidence": "The expressions of immunoglobulin subunits (IGHG1, IGHG2, IGHG4, IGLC2, IGLL1, and IGHE) were also significant lower in COVID-19-SS (Fig.3a,h), indicating reduced antibody secretion by B cells.", "line": 140, "relation": "negativeCorrelation"}
p(HGNC:IGHG2)	negativeCorrelation	path(DO:"COVID-19")	{"annotations": {"Custom_Disease": {"COVID-19": true}, "PublicationStatus": {"Preprint": true}, "PublicationType": {"Research": true}, "Section": {"Full Text": true}, "Severity": {"Severe": true}, "Species": {"9606": true}}, "citation": {"db": "DOI", "db_id": "10.1101/2020.03.31.019216"}, "evidence": "The expressions of immunoglobulin subunits (IGHG1, IGHG2, IGHG4, IGLC2, IGLL1, and IGHE) were also significant lower in COVID-19-SS (Fig.3a,h), indicating reduced antibody secretion by B cells.", "line": 141, "relation": "negativeCorrelation"}
p(HGNC:IGHG4)	negativeCorrelation	path(DO:"COVID-19")	{"annotations": {"Custom_Disease": {"COVID-19": true}, "PublicationStatus": {"Preprint": true}, "PublicationType": {"Research": true}, "Section": {"Full Text": true}, "Severity": {"Severe": true}, "Species": {"9606": true}}, "citation": {"db": "DOI", "db_id": "10.1101/2020.03.31.019216"}, "evidence": "The expressions of immunoglobulin subunits (IGHG1, IGHG2, IGHG4, IGLC2, IGLL1, and IGHE) were also significant lower in COVID-19-SS (Fig.3a,h), indicating reduced antibody secretion by B cells.", "line": 142, "relation": "negativeCorrelation"}
p(HGNC:IGLC2)	negativeCorrelation	path(DO:"COVID-19")	{"annotations": {"Custom_Disease": {"COVID-19": true}, "PublicationStatus": {"Preprint": true}, "PublicationType": {"Research": true}, "Section": {"Full Text": true}, "Severity": {"Severe": true}, "Species": {"9606": true}}, "citation": {"db": "DOI", "db_id": "10.1101/2020.03.31.019216"}, "evidence": "The expressions of immunoglobulin subunits (IGHG1, IGHG2, IGHG4, IGLC2, IGLL1, and IGHE) were also significant lower in COVID-19-SS (Fig.3a,h), indicating reduced antibody secretion by B cells.", "line": 143, "relation": "negativeCorrelation"}
p(HGNC:IGLL1)	negativeCorrelation	path(DO:"COVID-19")	{"annotations": {"Custom_Disease": {"COVID-19": true}, "PublicationStatus": {"Preprint": true}, "PublicationType": {"Research": true}, "Section": {"Full Text": true}, "Severity": {"Severe": true}, "Species": {"9606": true}}, "citation": {"db": "DOI", "db_id": "10.1101/2020.03.31.019216"}, "evidence": "The expressions of immunoglobulin subunits (IGHG1, IGHG2, IGHG4, IGLC2, IGLL1, and IGHE) were also significant lower in COVID-19-SS (Fig.3a,h), indicating reduced antibody secretion by B cells.", "line": 144, "relation": "negativeCorrelation"}
p(HGNC:IL6)	positiveCorrelation	path(DO:"COVID-19")	{"annotations": {"Custom_Disease": {"COVID-19": true}, "PublicationStatus": {"Preprint": true}, "PublicationType": {"Research": true}, "Section": {"Full Text": true}, "Species": {"9606": true}}, "citation": {"db": "DOI", "db_id": "10.1101/2020.03.31.019216"}, "evidence": "Chemical signals such as Interleukin-8 (IL-8) and IL-6 stimulate neutrophil chemotaxis and recruitment to the site of infection where they congregate and cause the release of more proinflammatory mediators that in turn activate additional inflammatory signals, leading to cytokine storms that may progress to vital organ failure 13 .", "line": 65, "relation": "positiveCorrelation"}
p(HGNC:IL6)	positiveCorrelation	path(DO:"COVID-19")	{"annotations": {"Cell": {"peripheral blood mononuclear cell": true}, "Custom_Disease": {"COVID-19": true}, "PublicationStatus": {"Preprint": true}, "PublicationType": {"Research": true}, "Section": {"Full Text": true}, "Severity": {"Severe": true}, "Species": {"9606": true}}, "citation": {"db": "DOI", "db_id": "10.1101/2020.03.31.019216"}, "evidence": "The elevation of IL-8 and IL-6 but not IL-17 in PMBCs collected from COVID-19 patients indicates possible roles for IL-8/IL-6 in the severe inflammatory response induced by SARS-CoV-2 (Fig.3d-e and Extended Data Fig.5e).", "line": 110, "relation": "positiveCorrelation"}
p(HGNC:IL6)	increases	bp(GO:"neutrophil chemotaxis")	{"annotations": {"Custom_Disease": {"COVID-19": true}, "PublicationStatus": {"Preprint": true}, "PublicationType": {"Research": true}, "Section": {"Full Text": true}, "Species": {"9606": true}}, "citation": {"db": "DOI", "db_id": "10.1101/2020.03.31.019216"}, "evidence": "Chemical signals such as Interleukin-8 (IL-8) and IL-6 stimulate neutrophil chemotaxis and recruitment to the site of infection where they congregate and cause the release of more proinflammatory mediators that in turn activate additional inflammatory signals, leading to cytokine storms that may progress to vital organ failure 13 .", "line": 67, "relation": "increases"}
p(HGNC:LBP)	positiveCorrelation	path(DO:"COVID-19")	{"annotations": {"Custom_Disease": {"COVID-19": true}, "PublicationStatus": {"Preprint": true}, "PublicationType": {"Research": true}, "Section": {"Full Text": true}, "Severity": {"Mild": true}, "Species": {"9606": true}}, "citation": {"db": "DOI", "db_id": "10.1101/2020.03.31.019216"}, "evidence": "Analysis of the global proteomic changes reveal significant upregulation of CXCR2, PRG3, LBP, MMP25, CRP, NLRP1 in the COVID-19-MS PBMC cohort (Fig.3c).", "line": 100, "relation": "positiveCorrelation"}
p(HGNC:LCK)	positiveCorrelation	path(DO:"COVID-19")	{"annotations": {"Custom_Disease": {"COVID-19": true}, "PublicationStatus": {"Preprint": true}, "PublicationType": {"Research": true}, "Section": {"Full Text": true}, "Severity": {"Severe": true}, "Species": {"9606": true}}, "citation": {"db": "DOI", "db_id": "10.1101/2020.03.31.019216"}, "evidence": "The expressions of T cell receptor (TCR) subunits (CD3e, CD3g, CD247, TRAC, and TRBC1), T cell surface molecules (CD4, CD8a, CD8b, and CD2), MHC class II molecules (HLA-DRA, HLA-DRB1, HLA-DRB4, and HLA-DRB5), T cell migration stimulators (DDP4), and TCR signaling kinases (ZAP70, LCK, and FYN) were dramatically diminished in COVID-19-SS as compared to COVID-19-MS (Fig.3a,h), suggesting a failure of T cells activation and function.", "line": 132, "relation": "positiveCorrelation"}
p(HGNC:MMP25)	positiveCorrelation	path(DO:"COVID-19")	{"annotations": {"Custom_Disease": {"COVID-19": true}, "PublicationStatus": {"Preprint": true}, "PublicationType": {"Research": true}, "Section": {"Full Text": true}, "Severity": {"Mild": true}, "Species": {"9606": true}}, "citation": {"db": "DOI", "db_id": "10.1101/2020.03.31.019216"}, "evidence": "Analysis of the global proteomic changes reveal significant upregulation of CXCR2, PRG3, LBP, MMP25, CRP, NLRP1 in the COVID-19-MS PBMC cohort (Fig.3c).", "line": 101, "relation": "positiveCorrelation"}
p(HGNC:NLRP1)	positiveCorrelation	path(DO:"COVID-19")	{"annotations": {"Custom_Disease": {"COVID-19": true}, "PublicationStatus": {"Preprint": true}, "PublicationType": {"Research": true}, "Section": {"Full Text": true}, "Severity": {"Mild": true}, "Species": {"9606": true}}, "citation": {"db": "DOI", "db_id": "10.1101/2020.03.31.019216"}, "evidence": "Analysis of the global proteomic changes reveal significant upregulation of CXCR2, PRG3, LBP, MMP25, CRP, NLRP1 in the COVID-19-MS PBMC cohort (Fig.3c).", "line": 103, "relation": "positiveCorrelation"}
p(HGNC:PRG3)	positiveCorrelation	path(DO:"COVID-19")	{"annotations": {"Custom_Disease": {"COVID-19": true}, "PublicationStatus": {"Preprint": true}, "PublicationType": {"Research": true}, "Section": {"Full Text": true}, "Severity": {"Mild": true}, "Species": {"9606": true}}, "citation": {"db": "DOI", "db_id": "10.1101/2020.03.31.019216"}, "evidence": "Analysis of the global proteomic changes reveal significant upregulation of CXCR2, PRG3, LBP, MMP25, CRP, NLRP1 in the COVID-19-MS PBMC cohort (Fig.3c).", "line": 99, "relation": "positiveCorrelation"}
p(HGNC:ZAP70)	positiveCorrelation	path(DO:"COVID-19")	{"annotations": {"Custom_Disease": {"COVID-19": true}, "PublicationStatus": {"Preprint": true}, "PublicationType": {"Research": true}, "Section": {"Full Text": true}, "Severity": {"Severe": true}, "Species": {"9606": true}}, "citation": {"db": "DOI", "db_id": "10.1101/2020.03.31.019216"}, "evidence": "The expressions of T cell receptor (TCR) subunits (CD3e, CD3g, CD247, TRAC, and TRBC1), T cell surface molecules (CD4, CD8a, CD8b, and CD2), MHC class II molecules (HLA-DRA, HLA-DRB1, HLA-DRB4, and HLA-DRB5), T cell migration stimulators (DDP4), and TCR signaling kinases (ZAP70, LCK, and FYN) were dramatically diminished in COVID-19-SS as compared to COVID-19-MS (Fig.3a,h), suggesting a failure of T cells activation and function.", "line": 131, "relation": "positiveCorrelation"}
path(DO:"COVID-19")	positiveCorrelation	a(TAX:"Severe acute respiratory syndrome coronavirus 2")	{"annotations": {"Custom_Disease": {"COVID-19": true}, "PublicationStatus": {"Preprint": true}, "PublicationType": {"Research": true}, "Section": {"Full Text": true}, "Species": {"9606": true}}, "citation": {"db": "DOI", "db_id": "10.1101/2020.03.31.019216"}, "evidence": "This novel strain of coronavirus has been identified as the causative agent for the epidemic of acute respiratory distress syndrome [also referred to as coronavirus disease 2019 (COVID-19)] in Wuhan, China 1\u20133 .", "line": 50, "relation": "positiveCorrelation"}
path(DO:"COVID-19")	positiveCorrelation	path(MESH:Fever)	{"annotations": {"Custom_Disease": {"COVID-19": true}, "PublicationStatus": {"Preprint": true}, "PublicationType": {"Research": true}, "Section": {"Full Text": true}, "Species": {"9606": true}}, "citation": {"db": "DOI", "db_id": "10.1101/2020.03.31.019216"}, "evidence": "The common clinical manifestations of fever and cough in conjunction with laboratory results of progressively increasing neutrophil counts and leukocytopenia in serum samples taken from COVID-19 patients at various stages of the illness indicates uncontrolled neutrophil extravasation and activation 11,12 . ", "line": 54, "relation": "positiveCorrelation"}
path(DO:"COVID-19")	positiveCorrelation	path(MESH:Cough)	{"annotations": {"Custom_Disease": {"COVID-19": true}, "PublicationStatus": {"Preprint": true}, "PublicationType": {"Research": true}, "Section": {"Full Text": true}, "Species": {"9606": true}}, "citation": {"db": "DOI", "db_id": "10.1101/2020.03.31.019216"}, "evidence": "The common clinical manifestations of fever and cough in conjunction with laboratory results of progressively increasing neutrophil counts and leukocytopenia in serum samples taken from COVID-19 patients at various stages of the illness indicates uncontrolled neutrophil extravasation and activation 11,12 . ", "line": 55, "relation": "positiveCorrelation"}
path(DO:"COVID-19")	increases	a(MESH:Neutrophils)	{"annotations": {"Custom_Disease": {"COVID-19": true}, "MeSHAnatomy": {"Serum": true}, "PublicationStatus": {"Preprint": true}, "PublicationType": {"Research": true}, "Section": {"Full Text": true}, "Species": {"9606": true}}, "citation": {"db": "DOI", "db_id": "10.1101/2020.03.31.019216"}, "evidence": "The common clinical manifestations of fever and cough in conjunction with laboratory results of progressively increasing neutrophil counts and leukocytopenia in serum samples taken from COVID-19 patients at various stages of the illness indicates uncontrolled neutrophil extravasation and activation 11,12 . ", "line": 57, "relation": "increases"}
path(DO:"COVID-19")	decreases	a(MESH:Leukocytes)	{"annotations": {"Custom_Disease": {"COVID-19": true}, "MeSHAnatomy": {"Serum": true}, "PublicationStatus": {"Preprint": true}, "PublicationType": {"Research": true}, "Section": {"Full Text": true}, "Species": {"9606": true}}, "citation": {"db": "DOI", "db_id": "10.1101/2020.03.31.019216"}, "evidence": "The common clinical manifestations of fever and cough in conjunction with laboratory results of progressively increasing neutrophil counts and leukocytopenia in serum samples taken from COVID-19 patients at various stages of the illness indicates uncontrolled neutrophil extravasation and activation 11,12 . ", "line": 58, "relation": "decreases"}
path(DO:"COVID-19")	increases	bp(GO:"neutrophil extravasation")	{"annotations": {"Custom_Disease": {"COVID-19": true}, "PublicationStatus": {"Preprint": true}, "PublicationType": {"Research": true}, "Section": {"Full Text": true}, "Species": {"9606": true}}, "citation": {"db": "DOI", "db_id": "10.1101/2020.03.31.019216"}, "evidence": "The common clinical manifestations of fever and cough in conjunction with laboratory results of progressively increasing neutrophil counts and leukocytopenia in serum samples taken from COVID-19 patients at various stages of the illness indicates uncontrolled neutrophil extravasation and activation 11,12 . ", "line": 60, "relation": "increases"}
path(DO:"COVID-19")	increases	bp(GO:"neutrophil activation")	{"annotations": {"Custom_Disease": {"COVID-19": true}, "PublicationStatus": {"Preprint": true}, "PublicationType": {"Research": true}, "Section": {"Full Text": true}, "Species": {"9606": true}}, "citation": {"db": "DOI", "db_id": "10.1101/2020.03.31.019216"}, "evidence": "The common clinical manifestations of fever and cough in conjunction with laboratory results of progressively increasing neutrophil counts and leukocytopenia in serum samples taken from COVID-19 patients at various stages of the illness indicates uncontrolled neutrophil extravasation and activation 11,12 . ", "line": 61, "relation": "increases"}
path(DO:"COVID-19")	positiveCorrelation	bp(GO:"neutrophil activation")	{"annotations": {"Custom_Disease": {"COVID-19": true}, "PublicationStatus": {"Preprint": true}, "PublicationType": {"Research": true}, "Section": {"Full Text": true}, "Species": {"9606": true}}, "citation": {"db": "DOI", "db_id": "10.1101/2020.03.31.019216"}, "evidence": "Functional analysis by DAVID and Cluster Profiler revealed that these genes were enriched in specific cellular biological processes, including positive regulation of neutrophil chemotaxis, neutrophil activation, type I interferon signaling pathway, inflammatory response, and antigen processing and presentation (Fig.3b and Extended Data Fig.5c-d), suggesting an active innate immune response against SARS-CoV-2 infection.", "line": 90, "relation": "positiveCorrelation"}
path(DO:"COVID-19")	positiveCorrelation	p(HGNC:IL6)	{"annotations": {"Custom_Disease": {"COVID-19": true}, "PublicationStatus": {"Preprint": true}, "PublicationType": {"Research": true}, "Section": {"Full Text": true}, "Species": {"9606": true}}, "citation": {"db": "DOI", "db_id": "10.1101/2020.03.31.019216"}, "evidence": "Chemical signals such as Interleukin-8 (IL-8) and IL-6 stimulate neutrophil chemotaxis and recruitment to the site of infection where they congregate and cause the release of more proinflammatory mediators that in turn activate additional inflammatory signals, leading to cytokine storms that may progress to vital organ failure 13 .", "line": 65, "relation": "positiveCorrelation"}
path(DO:"COVID-19")	positiveCorrelation	p(HGNC:IL6)	{"annotations": {"Cell": {"peripheral blood mononuclear cell": true}, "Custom_Disease": {"COVID-19": true}, "PublicationStatus": {"Preprint": true}, "PublicationType": {"Research": true}, "Section": {"Full Text": true}, "Severity": {"Severe": true}, "Species": {"9606": true}}, "citation": {"db": "DOI", "db_id": "10.1101/2020.03.31.019216"}, "evidence": "The elevation of IL-8 and IL-6 but not IL-17 in PMBCs collected from COVID-19 patients indicates possible roles for IL-8/IL-6 in the severe inflammatory response induced by SARS-CoV-2 (Fig.3d-e and Extended Data Fig.5e).", "line": 110, "relation": "positiveCorrelation"}
path(DO:"COVID-19")	positiveCorrelation	p(HGNC:CXCL8)	{"annotations": {"Custom_Disease": {"COVID-19": true}, "PublicationStatus": {"Preprint": true}, "PublicationType": {"Research": true}, "Section": {"Full Text": true}, "Species": {"9606": true}}, "citation": {"db": "DOI", "db_id": "10.1101/2020.03.31.019216"}, "evidence": "Chemical signals such as Interleukin-8 (IL-8) and IL-6 stimulate neutrophil chemotaxis and recruitment to the site of infection where they congregate and cause the release of more proinflammatory mediators that in turn activate additional inflammatory signals, leading to cytokine storms that may progress to vital organ failure 13 .", "line": 66, "relation": "positiveCorrelation"}
path(DO:"COVID-19")	positiveCorrelation	p(HGNC:CXCL8)	{"annotations": {"Cell": {"peripheral blood mononuclear cell": true}, "Custom_Disease": {"COVID-19": true}, "PublicationStatus": {"Preprint": true}, "PublicationType": {"Research": true}, "Section": {"Full Text": true}, "Severity": {"Severe": true}, "Species": {"9606": true}}, "citation": {"db": "DOI", "db_id": "10.1101/2020.03.31.019216"}, "evidence": "The elevation of IL-8 and IL-6 but not IL-17 in PMBCs collected from COVID-19 patients indicates possible roles for IL-8/IL-6 in the severe inflammatory response induced by SARS-CoV-2 (Fig.3d-e and Extended Data Fig.5e).", "line": 111, "relation": "positiveCorrelation"}
path(DO:"COVID-19")	positiveCorrelation	bp(GO:"neutrophil chemotaxis")	{"annotations": {"Custom_Disease": {"COVID-19": true}, "PublicationStatus": {"Preprint": true}, "PublicationType": {"Research": true}, "Section": {"Full Text": true}, "Species": {"9606": true}}, "citation": {"db": "DOI", "db_id": "10.1101/2020.03.31.019216"}, "evidence": "Functional analysis by DAVID and Cluster Profiler revealed that these genes were enriched in specific cellular biological processes, including positive regulation of neutrophil chemotaxis, neutrophil activation, type I interferon signaling pathway, inflammatory response, and antigen processing and presentation (Fig.3b and Extended Data Fig.5c-d), suggesting an active innate immune response against SARS-CoV-2 infection.", "line": 89, "relation": "positiveCorrelation"}
path(DO:"COVID-19")	positiveCorrelation	bp(GO:"type I interferon signaling pathway")	{"annotations": {"Custom_Disease": {"COVID-19": true}, "PublicationStatus": {"Preprint": true}, "PublicationType": {"Research": true}, "Section": {"Full Text": true}, "Species": {"9606": true}}, "citation": {"db": "DOI", "db_id": "10.1101/2020.03.31.019216"}, "evidence": "Functional analysis by DAVID and Cluster Profiler revealed that these genes were enriched in specific cellular biological processes, including positive regulation of neutrophil chemotaxis, neutrophil activation, type I interferon signaling pathway, inflammatory response, and antigen processing and presentation (Fig.3b and Extended Data Fig.5c-d), suggesting an active innate immune response against SARS-CoV-2 infection.", "line": 91, "relation": "positiveCorrelation"}
path(DO:"COVID-19")	positiveCorrelation	bp(GO:"inflammatory response")	{"annotations": {"Custom_Disease": {"COVID-19": true}, "PublicationStatus": {"Preprint": true}, "PublicationType": {"Research": true}, "Section": {"Full Text": true}, "Species": {"9606": true}}, "citation": {"db": "DOI", "db_id": "10.1101/2020.03.31.019216"}, "evidence": "Functional analysis by DAVID and Cluster Profiler revealed that these genes were enriched in specific cellular biological processes, including positive regulation of neutrophil chemotaxis, neutrophil activation, type I interferon signaling pathway, inflammatory response, and antigen processing and presentation (Fig.3b and Extended Data Fig.5c-d), suggesting an active innate immune response against SARS-CoV-2 infection.", "line": 92, "relation": "positiveCorrelation"}
path(DO:"COVID-19")	positiveCorrelation	bp(GO:"antigen processing and presentation")	{"annotations": {"Custom_Disease": {"COVID-19": true}, "PublicationStatus": {"Preprint": true}, "PublicationType": {"Research": true}, "Section": {"Full Text": true}, "Species": {"9606": true}}, "citation": {"db": "DOI", "db_id": "10.1101/2020.03.31.019216"}, "evidence": "Functional analysis by DAVID and Cluster Profiler revealed that these genes were enriched in specific cellular biological processes, including positive regulation of neutrophil chemotaxis, neutrophil activation, type I interferon signaling pathway, inflammatory response, and antigen processing and presentation (Fig.3b and Extended Data Fig.5c-d), suggesting an active innate immune response against SARS-CoV-2 infection.", "line": 93, "relation": "positiveCorrelation"}
path(DO:"COVID-19")	positiveCorrelation	p(HGNC:CXCR2)	{"annotations": {"Custom_Disease": {"COVID-19": true}, "PublicationStatus": {"Preprint": true}, "PublicationType": {"Research": true}, "Section": {"Full Text": true}, "Severity": {"Mild": true}, "Species": {"9606": true}}, "citation": {"db": "DOI", "db_id": "10.1101/2020.03.31.019216"}, "evidence": "Analysis of the global proteomic changes reveal significant upregulation of CXCR2, PRG3, LBP, MMP25, CRP, NLRP1 in the COVID-19-MS PBMC cohort (Fig.3c).", "line": 98, "relation": "positiveCorrelation"}
path(DO:"COVID-19")	positiveCorrelation	p(HGNC:PRG3)	{"annotations": {"Custom_Disease": {"COVID-19": true}, "PublicationStatus": {"Preprint": true}, "PublicationType": {"Research": true}, "Section": {"Full Text": true}, "Severity": {"Mild": true}, "Species": {"9606": true}}, "citation": {"db": "DOI", "db_id": "10.1101/2020.03.31.019216"}, "evidence": "Analysis of the global proteomic changes reveal significant upregulation of CXCR2, PRG3, LBP, MMP25, CRP, NLRP1 in the COVID-19-MS PBMC cohort (Fig.3c).", "line": 99, "relation": "positiveCorrelation"}
path(DO:"COVID-19")	positiveCorrelation	p(HGNC:LBP)	{"annotations": {"Custom_Disease": {"COVID-19": true}, "PublicationStatus": {"Preprint": true}, "PublicationType": {"Research": true}, "Section": {"Full Text": true}, "Severity": {"Mild": true}, "Species": {"9606": true}}, "citation": {"db": "DOI", "db_id": "10.1101/2020.03.31.019216"}, "evidence": "Analysis of the global proteomic changes reveal significant upregulation of CXCR2, PRG3, LBP, MMP25, CRP, NLRP1 in the COVID-19-MS PBMC cohort (Fig.3c).", "line": 100, "relation": "positiveCorrelation"}
path(DO:"COVID-19")	positiveCorrelation	p(HGNC:MMP25)	{"annotations": {"Custom_Disease": {"COVID-19": true}, "PublicationStatus": {"Preprint": true}, "PublicationType": {"Research": true}, "Section": {"Full Text": true}, "Severity": {"Mild": true}, "Species": {"9606": true}}, "citation": {"db": "DOI", "db_id": "10.1101/2020.03.31.019216"}, "evidence": "Analysis of the global proteomic changes reveal significant upregulation of CXCR2, PRG3, LBP, MMP25, CRP, NLRP1 in the COVID-19-MS PBMC cohort (Fig.3c).", "line": 101, "relation": "positiveCorrelation"}
path(DO:"COVID-19")	positiveCorrelation	p(HGNC:CRP)	{"annotations": {"Custom_Disease": {"COVID-19": true}, "PublicationStatus": {"Preprint": true}, "PublicationType": {"Research": true}, "Section": {"Full Text": true}, "Severity": {"Mild": true}, "Species": {"9606": true}}, "citation": {"db": "DOI", "db_id": "10.1101/2020.03.31.019216"}, "evidence": "Analysis of the global proteomic changes reveal significant upregulation of CXCR2, PRG3, LBP, MMP25, CRP, NLRP1 in the COVID-19-MS PBMC cohort (Fig.3c).", "line": 102, "relation": "positiveCorrelation"}
path(DO:"COVID-19")	positiveCorrelation	p(HGNC:NLRP1)	{"annotations": {"Custom_Disease": {"COVID-19": true}, "PublicationStatus": {"Preprint": true}, "PublicationType": {"Research": true}, "Section": {"Full Text": true}, "Severity": {"Mild": true}, "Species": {"9606": true}}, "citation": {"db": "DOI", "db_id": "10.1101/2020.03.31.019216"}, "evidence": "Analysis of the global proteomic changes reveal significant upregulation of CXCR2, PRG3, LBP, MMP25, CRP, NLRP1 in the COVID-19-MS PBMC cohort (Fig.3c).", "line": 103, "relation": "positiveCorrelation"}
path(DO:"COVID-19")	positiveCorrelation	p(HGNC:CD3E)	{"annotations": {"Custom_Disease": {"COVID-19": true}, "PublicationStatus": {"Preprint": true}, "PublicationType": {"Research": true}, "Section": {"Full Text": true}, "Severity": {"Severe": true}, "Species": {"9606": true}}, "citation": {"db": "DOI", "db_id": "10.1101/2020.03.31.019216"}, "evidence": "The expressions of T cell receptor (TCR) subunits (CD3e, CD3g, CD247, TRAC, and TRBC1), T cell surface molecules (CD4, CD8a, CD8b, and CD2), MHC class II molecules (HLA-DRA, HLA-DRB1, HLA-DRB4, and HLA-DRB5), T cell migration stimulators (DDP4), and TCR signaling kinases (ZAP70, LCK, and FYN) were dramatically diminished in COVID-19-SS as compared to COVID-19-MS (Fig.3a,h), suggesting a failure of T cells activation and function.", "line": 118, "relation": "positiveCorrelation"}
path(DO:"COVID-19")	positiveCorrelation	p(HGNC:CD3G)	{"annotations": {"Custom_Disease": {"COVID-19": true}, "PublicationStatus": {"Preprint": true}, "PublicationType": {"Research": true}, "Section": {"Full Text": true}, "Severity": {"Severe": true}, "Species": {"9606": true}}, "citation": {"db": "DOI", "db_id": "10.1101/2020.03.31.019216"}, "evidence": "The expressions of T cell receptor (TCR) subunits (CD3e, CD3g, CD247, TRAC, and TRBC1), T cell surface molecules (CD4, CD8a, CD8b, and CD2), MHC class II molecules (HLA-DRA, HLA-DRB1, HLA-DRB4, and HLA-DRB5), T cell migration stimulators (DDP4), and TCR signaling kinases (ZAP70, LCK, and FYN) were dramatically diminished in COVID-19-SS as compared to COVID-19-MS (Fig.3a,h), suggesting a failure of T cells activation and function.", "line": 119, "relation": "positiveCorrelation"}
path(DO:"COVID-19")	positiveCorrelation	p(HGNC:CD247)	{"annotations": {"Custom_Disease": {"COVID-19": true}, "PublicationStatus": {"Preprint": true}, "PublicationType": {"Research": true}, "Section": {"Full Text": true}, "Severity": {"Severe": true}, "Species": {"9606": true}}, "citation": {"db": "DOI", "db_id": "10.1101/2020.03.31.019216"}, "evidence": "The expressions of T cell receptor (TCR) subunits (CD3e, CD3g, CD247, TRAC, and TRBC1), T cell surface molecules (CD4, CD8a, CD8b, and CD2), MHC class II molecules (HLA-DRA, HLA-DRB1, HLA-DRB4, and HLA-DRB5), T cell migration stimulators (DDP4), and TCR signaling kinases (ZAP70, LCK, and FYN) were dramatically diminished in COVID-19-SS as compared to COVID-19-MS (Fig.3a,h), suggesting a failure of T cells activation and function.", "line": 120, "relation": "positiveCorrelation"}
path(DO:"COVID-19")	positiveCorrelation	g(HGNC:TRAC)	{"annotations": {"Custom_Disease": {"COVID-19": true}, "PublicationStatus": {"Preprint": true}, "PublicationType": {"Research": true}, "Section": {"Full Text": true}, "Severity": {"Severe": true}, "Species": {"9606": true}}, "citation": {"db": "DOI", "db_id": "10.1101/2020.03.31.019216"}, "evidence": "The expressions of T cell receptor (TCR) subunits (CD3e, CD3g, CD247, TRAC, and TRBC1), T cell surface molecules (CD4, CD8a, CD8b, and CD2), MHC class II molecules (HLA-DRA, HLA-DRB1, HLA-DRB4, and HLA-DRB5), T cell migration stimulators (DDP4), and TCR signaling kinases (ZAP70, LCK, and FYN) were dramatically diminished in COVID-19-SS as compared to COVID-19-MS (Fig.3a,h), suggesting a failure of T cells activation and function.", "line": 121, "relation": "positiveCorrelation"}
path(DO:"COVID-19")	positiveCorrelation	g(HGNC:TRBC1)	{"annotations": {"Custom_Disease": {"COVID-19": true}, "PublicationStatus": {"Preprint": true}, "PublicationType": {"Research": true}, "Section": {"Full Text": true}, "Severity": {"Severe": true}, "Species": {"9606": true}}, "citation": {"db": "DOI", "db_id": "10.1101/2020.03.31.019216"}, "evidence": "The expressions of T cell receptor (TCR) subunits (CD3e, CD3g, CD247, TRAC, and TRBC1), T cell surface molecules (CD4, CD8a, CD8b, and CD2), MHC class II molecules (HLA-DRA, HLA-DRB1, HLA-DRB4, and HLA-DRB5), T cell migration stimulators (DDP4), and TCR signaling kinases (ZAP70, LCK, and FYN) were dramatically diminished in COVID-19-SS as compared to COVID-19-MS (Fig.3a,h), suggesting a failure of T cells activation and function.", "line": 122, "relation": "positiveCorrelation"}
path(DO:"COVID-19")	positiveCorrelation	p(HGNC:CD4)	{"annotations": {"Custom_Disease": {"COVID-19": true}, "PublicationStatus": {"Preprint": true}, "PublicationType": {"Research": true}, "Section": {"Full Text": true}, "Severity": {"Severe": true}, "Species": {"9606": true}}, "citation": {"db": "DOI", "db_id": "10.1101/2020.03.31.019216"}, "evidence": "The expressions of T cell receptor (TCR) subunits (CD3e, CD3g, CD247, TRAC, and TRBC1), T cell surface molecules (CD4, CD8a, CD8b, and CD2), MHC class II molecules (HLA-DRA, HLA-DRB1, HLA-DRB4, and HLA-DRB5), T cell migration stimulators (DDP4), and TCR signaling kinases (ZAP70, LCK, and FYN) were dramatically diminished in COVID-19-SS as compared to COVID-19-MS (Fig.3a,h), suggesting a failure of T cells activation and function.", "line": 123, "relation": "positiveCorrelation"}
path(DO:"COVID-19")	positiveCorrelation	p(HGNC:CD8A)	{"annotations": {"Custom_Disease": {"COVID-19": true}, "PublicationStatus": {"Preprint": true}, "PublicationType": {"Research": true}, "Section": {"Full Text": true}, "Severity": {"Severe": true}, "Species": {"9606": true}}, "citation": {"db": "DOI", "db_id": "10.1101/2020.03.31.019216"}, "evidence": "The expressions of T cell receptor (TCR) subunits (CD3e, CD3g, CD247, TRAC, and TRBC1), T cell surface molecules (CD4, CD8a, CD8b, and CD2), MHC class II molecules (HLA-DRA, HLA-DRB1, HLA-DRB4, and HLA-DRB5), T cell migration stimulators (DDP4), and TCR signaling kinases (ZAP70, LCK, and FYN) were dramatically diminished in COVID-19-SS as compared to COVID-19-MS (Fig.3a,h), suggesting a failure of T cells activation and function.", "line": 124, "relation": "positiveCorrelation"}
path(DO:"COVID-19")	positiveCorrelation	p(HGNC:CD8B)	{"annotations": {"Custom_Disease": {"COVID-19": true}, "PublicationStatus": {"Preprint": true}, "PublicationType": {"Research": true}, "Section": {"Full Text": true}, "Severity": {"Severe": true}, "Species": {"9606": true}}, "citation": {"db": "DOI", "db_id": "10.1101/2020.03.31.019216"}, "evidence": "The expressions of T cell receptor (TCR) subunits (CD3e, CD3g, CD247, TRAC, and TRBC1), T cell surface molecules (CD4, CD8a, CD8b, and CD2), MHC class II molecules (HLA-DRA, HLA-DRB1, HLA-DRB4, and HLA-DRB5), T cell migration stimulators (DDP4), and TCR signaling kinases (ZAP70, LCK, and FYN) were dramatically diminished in COVID-19-SS as compared to COVID-19-MS (Fig.3a,h), suggesting a failure of T cells activation and function.", "line": 125, "relation": "positiveCorrelation"}
path(DO:"COVID-19")	positiveCorrelation	p(HGNC:CD2)	{"annotations": {"Custom_Disease": {"COVID-19": true}, "PublicationStatus": {"Preprint": true}, "PublicationType": {"Research": true}, "Section": {"Full Text": true}, "Severity": {"Severe": true}, "Species": {"9606": true}}, "citation": {"db": "DOI", "db_id": "10.1101/2020.03.31.019216"}, "evidence": "The expressions of T cell receptor (TCR) subunits (CD3e, CD3g, CD247, TRAC, and TRBC1), T cell surface molecules (CD4, CD8a, CD8b, and CD2), MHC class II molecules (HLA-DRA, HLA-DRB1, HLA-DRB4, and HLA-DRB5), T cell migration stimulators (DDP4), and TCR signaling kinases (ZAP70, LCK, and FYN) were dramatically diminished in COVID-19-SS as compared to COVID-19-MS (Fig.3a,h), suggesting a failure of T cells activation and function.", "line": 126, "relation": "positiveCorrelation"}
path(DO:"COVID-19")	positiveCorrelation	p(HGNC:"HLA-DRA")	{"annotations": {"Custom_Disease": {"COVID-19": true}, "PublicationStatus": {"Preprint": true}, "PublicationType": {"Research": true}, "Section": {"Full Text": true}, "Severity": {"Severe": true}, "Species": {"9606": true}}, "citation": {"db": "DOI", "db_id": "10.1101/2020.03.31.019216"}, "evidence": "The expressions of T cell receptor (TCR) subunits (CD3e, CD3g, CD247, TRAC, and TRBC1), T cell surface molecules (CD4, CD8a, CD8b, and CD2), MHC class II molecules (HLA-DRA, HLA-DRB1, HLA-DRB4, and HLA-DRB5), T cell migration stimulators (DDP4), and TCR signaling kinases (ZAP70, LCK, and FYN) were dramatically diminished in COVID-19-SS as compared to COVID-19-MS (Fig.3a,h), suggesting a failure of T cells activation and function.", "line": 127, "relation": "positiveCorrelation"}
path(DO:"COVID-19")	positiveCorrelation	p(HGNC:"HLA-DRB1")	{"annotations": {"Custom_Disease": {"COVID-19": true}, "PublicationStatus": {"Preprint": true}, "PublicationType": {"Research": true}, "Section": {"Full Text": true}, "Severity": {"Severe": true}, "Species": {"9606": true}}, "citation": {"db": "DOI", "db_id": "10.1101/2020.03.31.019216"}, "evidence": "The expressions of T cell receptor (TCR) subunits (CD3e, CD3g, CD247, TRAC, and TRBC1), T cell surface molecules (CD4, CD8a, CD8b, and CD2), MHC class II molecules (HLA-DRA, HLA-DRB1, HLA-DRB4, and HLA-DRB5), T cell migration stimulators (DDP4), and TCR signaling kinases (ZAP70, LCK, and FYN) were dramatically diminished in COVID-19-SS as compared to COVID-19-MS (Fig.3a,h), suggesting a failure of T cells activation and function.", "line": 128, "relation": "positiveCorrelation"}
path(DO:"COVID-19")	positiveCorrelation	p(HGNC:"HLA-DRB4")	{"annotations": {"Custom_Disease": {"COVID-19": true}, "PublicationStatus": {"Preprint": true}, "PublicationType": {"Research": true}, "Section": {"Full Text": true}, "Severity": {"Severe": true}, "Species": {"9606": true}}, "citation": {"db": "DOI", "db_id": "10.1101/2020.03.31.019216"}, "evidence": "The expressions of T cell receptor (TCR) subunits (CD3e, CD3g, CD247, TRAC, and TRBC1), T cell surface molecules (CD4, CD8a, CD8b, and CD2), MHC class II molecules (HLA-DRA, HLA-DRB1, HLA-DRB4, and HLA-DRB5), T cell migration stimulators (DDP4), and TCR signaling kinases (ZAP70, LCK, and FYN) were dramatically diminished in COVID-19-SS as compared to COVID-19-MS (Fig.3a,h), suggesting a failure of T cells activation and function.", "line": 129, "relation": "positiveCorrelation"}
path(DO:"COVID-19")	positiveCorrelation	p(HGNC:"HLA-DRB5")	{"annotations": {"Custom_Disease": {"COVID-19": true}, "PublicationStatus": {"Preprint": true}, "PublicationType": {"Research": true}, "Section": {"Full Text": true}, "Severity": {"Severe": true}, "Species": {"9606": true}}, "citation": {"db": "DOI", "db_id": "10.1101/2020.03.31.019216"}, "evidence": "The expressions of T cell receptor (TCR) subunits (CD3e, CD3g, CD247, TRAC, and TRBC1), T cell surface molecules (CD4, CD8a, CD8b, and CD2), MHC class II molecules (HLA-DRA, HLA-DRB1, HLA-DRB4, and HLA-DRB5), T cell migration stimulators (DDP4), and TCR signaling kinases (ZAP70, LCK, and FYN) were dramatically diminished in COVID-19-SS as compared to COVID-19-MS (Fig.3a,h), suggesting a failure of T cells activation and function.", "line": 130, "relation": "positiveCorrelation"}
path(DO:"COVID-19")	positiveCorrelation	p(HGNC:ZAP70)	{"annotations": {"Custom_Disease": {"COVID-19": true}, "PublicationStatus": {"Preprint": true}, "PublicationType": {"Research": true}, "Section": {"Full Text": true}, "Severity": {"Severe": true}, "Species": {"9606": true}}, "citation": {"db": "DOI", "db_id": "10.1101/2020.03.31.019216"}, "evidence": "The expressions of T cell receptor (TCR) subunits (CD3e, CD3g, CD247, TRAC, and TRBC1), T cell surface molecules (CD4, CD8a, CD8b, and CD2), MHC class II molecules (HLA-DRA, HLA-DRB1, HLA-DRB4, and HLA-DRB5), T cell migration stimulators (DDP4), and TCR signaling kinases (ZAP70, LCK, and FYN) were dramatically diminished in COVID-19-SS as compared to COVID-19-MS (Fig.3a,h), suggesting a failure of T cells activation and function.", "line": 131, "relation": "positiveCorrelation"}
path(DO:"COVID-19")	positiveCorrelation	p(HGNC:LCK)	{"annotations": {"Custom_Disease": {"COVID-19": true}, "PublicationStatus": {"Preprint": true}, "PublicationType": {"Research": true}, "Section": {"Full Text": true}, "Severity": {"Severe": true}, "Species": {"9606": true}}, "citation": {"db": "DOI", "db_id": "10.1101/2020.03.31.019216"}, "evidence": "The expressions of T cell receptor (TCR) subunits (CD3e, CD3g, CD247, TRAC, and TRBC1), T cell surface molecules (CD4, CD8a, CD8b, and CD2), MHC class II molecules (HLA-DRA, HLA-DRB1, HLA-DRB4, and HLA-DRB5), T cell migration stimulators (DDP4), and TCR signaling kinases (ZAP70, LCK, and FYN) were dramatically diminished in COVID-19-SS as compared to COVID-19-MS (Fig.3a,h), suggesting a failure of T cells activation and function.", "line": 132, "relation": "positiveCorrelation"}
path(DO:"COVID-19")	positiveCorrelation	p(HGNC:FYN)	{"annotations": {"Custom_Disease": {"COVID-19": true}, "PublicationStatus": {"Preprint": true}, "PublicationType": {"Research": true}, "Section": {"Full Text": true}, "Severity": {"Severe": true}, "Species": {"9606": true}}, "citation": {"db": "DOI", "db_id": "10.1101/2020.03.31.019216"}, "evidence": "The expressions of T cell receptor (TCR) subunits (CD3e, CD3g, CD247, TRAC, and TRBC1), T cell surface molecules (CD4, CD8a, CD8b, and CD2), MHC class II molecules (HLA-DRA, HLA-DRB1, HLA-DRB4, and HLA-DRB5), T cell migration stimulators (DDP4), and TCR signaling kinases (ZAP70, LCK, and FYN) were dramatically diminished in COVID-19-SS as compared to COVID-19-MS (Fig.3a,h), suggesting a failure of T cells activation and function.", "line": 133, "relation": "positiveCorrelation"}
path(DO:"COVID-19")	negativeCorrelation	bp(GO:"T cell activation")	{"annotations": {"Custom_Disease": {"COVID-19": true}, "PublicationStatus": {"Preprint": true}, "PublicationType": {"Research": true}, "Section": {"Full Text": true}, "Severity": {"Severe": true}, "Species": {"9606": true}}, "citation": {"db": "DOI", "db_id": "10.1101/2020.03.31.019216"}, "evidence": "The expressions of T cell receptor (TCR) subunits (CD3e, CD3g, CD247, TRAC, and TRBC1), T cell surface molecules (CD4, CD8a, CD8b, and CD2), MHC class II molecules (HLA-DRA, HLA-DRB1, HLA-DRB4, and HLA-DRB5), T cell migration stimulators (DDP4), and TCR signaling kinases (ZAP70, LCK, and FYN) were dramatically diminished in COVID-19-SS as compared to COVID-19-MS (Fig.3a,h), suggesting a failure of T cells activation and function.", "line": 134, "relation": "negativeCorrelation"}
path(DO:"COVID-19")	negativeCorrelation	p(HGNC:IGHG1)	{"annotations": {"Custom_Disease": {"COVID-19": true}, "PublicationStatus": {"Preprint": true}, "PublicationType": {"Research": true}, "Section": {"Full Text": true}, "Severity": {"Severe": true}, "Species": {"9606": true}}, "citation": {"db": "DOI", "db_id": "10.1101/2020.03.31.019216"}, "evidence": "The expressions of immunoglobulin subunits (IGHG1, IGHG2, IGHG4, IGLC2, IGLL1, and IGHE) were also significant lower in COVID-19-SS (Fig.3a,h), indicating reduced antibody secretion by B cells.", "line": 140, "relation": "negativeCorrelation"}
path(DO:"COVID-19")	negativeCorrelation	p(HGNC:IGHG2)	{"annotations": {"Custom_Disease": {"COVID-19": true}, "PublicationStatus": {"Preprint": true}, "PublicationType": {"Research": true}, "Section": {"Full Text": true}, "Severity": {"Severe": true}, "Species": {"9606": true}}, "citation": {"db": "DOI", "db_id": "10.1101/2020.03.31.019216"}, "evidence": "The expressions of immunoglobulin subunits (IGHG1, IGHG2, IGHG4, IGLC2, IGLL1, and IGHE) were also significant lower in COVID-19-SS (Fig.3a,h), indicating reduced antibody secretion by B cells.", "line": 141, "relation": "negativeCorrelation"}
path(DO:"COVID-19")	negativeCorrelation	p(HGNC:IGHG4)	{"annotations": {"Custom_Disease": {"COVID-19": true}, "PublicationStatus": {"Preprint": true}, "PublicationType": {"Research": true}, "Section": {"Full Text": true}, "Severity": {"Severe": true}, "Species": {"9606": true}}, "citation": {"db": "DOI", "db_id": "10.1101/2020.03.31.019216"}, "evidence": "The expressions of immunoglobulin subunits (IGHG1, IGHG2, IGHG4, IGLC2, IGLL1, and IGHE) were also significant lower in COVID-19-SS (Fig.3a,h), indicating reduced antibody secretion by B cells.", "line": 142, "relation": "negativeCorrelation"}
path(DO:"COVID-19")	negativeCorrelation	p(HGNC:IGLC2)	{"annotations": {"Custom_Disease": {"COVID-19": true}, "PublicationStatus": {"Preprint": true}, "PublicationType": {"Research": true}, "Section": {"Full Text": true}, "Severity": {"Severe": true}, "Species": {"9606": true}}, "citation": {"db": "DOI", "db_id": "10.1101/2020.03.31.019216"}, "evidence": "The expressions of immunoglobulin subunits (IGHG1, IGHG2, IGHG4, IGLC2, IGLL1, and IGHE) were also significant lower in COVID-19-SS (Fig.3a,h), indicating reduced antibody secretion by B cells.", "line": 143, "relation": "negativeCorrelation"}
path(DO:"COVID-19")	negativeCorrelation	p(HGNC:IGLL1)	{"annotations": {"Custom_Disease": {"COVID-19": true}, "PublicationStatus": {"Preprint": true}, "PublicationType": {"Research": true}, "Section": {"Full Text": true}, "Severity": {"Severe": true}, "Species": {"9606": true}}, "citation": {"db": "DOI", "db_id": "10.1101/2020.03.31.019216"}, "evidence": "The expressions of immunoglobulin subunits (IGHG1, IGHG2, IGHG4, IGLC2, IGLL1, and IGHE) were also significant lower in COVID-19-SS (Fig.3a,h), indicating reduced antibody secretion by B cells.", "line": 144, "relation": "negativeCorrelation"}
path(DO:"COVID-19")	negativeCorrelation	p(HGNC:IGHE)	{"annotations": {"Custom_Disease": {"COVID-19": true}, "PublicationStatus": {"Preprint": true}, "PublicationType": {"Research": true}, "Section": {"Full Text": true}, "Severity": {"Severe": true}, "Species": {"9606": true}}, "citation": {"db": "DOI", "db_id": "10.1101/2020.03.31.019216"}, "evidence": "The expressions of immunoglobulin subunits (IGHG1, IGHG2, IGHG4, IGLC2, IGLL1, and IGHE) were also significant lower in COVID-19-SS (Fig.3a,h), indicating reduced antibody secretion by B cells.", "line": 145, "relation": "negativeCorrelation"}
path(MESH:Cough)	positiveCorrelation	path(DO:"COVID-19")	{"annotations": {"Custom_Disease": {"COVID-19": true}, "PublicationStatus": {"Preprint": true}, "PublicationType": {"Research": true}, "Section": {"Full Text": true}, "Species": {"9606": true}}, "citation": {"db": "DOI", "db_id": "10.1101/2020.03.31.019216"}, "evidence": "The common clinical manifestations of fever and cough in conjunction with laboratory results of progressively increasing neutrophil counts and leukocytopenia in serum samples taken from COVID-19 patients at various stages of the illness indicates uncontrolled neutrophil extravasation and activation 11,12 . ", "line": 55, "relation": "positiveCorrelation"}
path(MESH:Fever)	positiveCorrelation	path(DO:"COVID-19")	{"annotations": {"Custom_Disease": {"COVID-19": true}, "PublicationStatus": {"Preprint": true}, "PublicationType": {"Research": true}, "Section": {"Full Text": true}, "Species": {"9606": true}}, "citation": {"db": "DOI", "db_id": "10.1101/2020.03.31.019216"}, "evidence": "The common clinical manifestations of fever and cough in conjunction with laboratory results of progressively increasing neutrophil counts and leukocytopenia in serum samples taken from COVID-19 patients at various stages of the illness indicates uncontrolled neutrophil extravasation and activation 11,12 . ", "line": 54, "relation": "positiveCorrelation"}
