a(MESH:"CD8-Positive T-Lymphocytes")	positiveCorrelation	surf(p(HGNC:CD8A))	{"annotations": {"Custom_Disease": {"COVID-19": true}, "PublicationStatus": {"Preprint": true}, "PublicationType": {"Research": true}, "Section": {"Results": true}, "Species": {"9606": true}}, "citation": {"db": "DOI", "db_id": "10.1101/2020.02.23.20026690"}, "evidence": "NK cells highly expressed KLRF1, KLRC1 and KLRD1. CD8+ T cells expressed CD8A and CD8B.", "line": 129, "object": {"effect": {"fromLoc": {"name": "intracellular", "namespace": "bel"}, "toLoc": {"name": "cell surface", "namespace": "bel"}}, "modifier": "Translocation"}, "relation": "positiveCorrelation"}
a(MESH:"CD8-Positive T-Lymphocytes")	positiveCorrelation	surf(p(HGNC:CD8B))	{"annotations": {"Custom_Disease": {"COVID-19": true}, "PublicationStatus": {"Preprint": true}, "PublicationType": {"Research": true}, "Section": {"Results": true}, "Species": {"9606": true}}, "citation": {"db": "DOI", "db_id": "10.1101/2020.02.23.20026690"}, "evidence": "NK cells highly expressed KLRF1, KLRC1 and KLRD1. CD8+ T cells expressed CD8A and CD8B.", "line": 130, "object": {"effect": {"fromLoc": {"name": "intracellular", "namespace": "bel"}, "toLoc": {"name": "cell surface", "namespace": "bel"}}, "modifier": "Translocation"}, "relation": "positiveCorrelation"}
a(MESH:"CD8-Positive T-Lymphocytes")	positiveCorrelation	surf(p(HGNC:GZMA))	{"annotations": {"Assay": {"gene expression analysis": true}, "Custom_Disease": {"COVID-19": true}, "PublicationStatus": {"Preprint": true}, "PublicationType": {"Research": true}, "Section": {"Results": true}, "Species": {"9606": true}}, "citation": {"db": "DOI", "db_id": "10.1101/2020.02.23.20026690"}, "evidence": "GEX analysis showed that CD8+ T cells expressed high levels of effector molecules, including GZMA, GZMK, FASLG, CCL5, etc., and resident T cell markers ITGA1, CXCR6, JAML, etc., likely played crucial roles in immune defense (Figure S4).", "line": 141, "object": {"effect": {"fromLoc": {"name": "intracellular", "namespace": "bel"}, "toLoc": {"name": "cell surface", "namespace": "bel"}}, "modifier": "Translocation"}, "relation": "positiveCorrelation"}
a(MESH:"CD8-Positive T-Lymphocytes")	positiveCorrelation	surf(p(HGNC:GZMK))	{"annotations": {"Assay": {"gene expression analysis": true}, "Custom_Disease": {"COVID-19": true}, "PublicationStatus": {"Preprint": true}, "PublicationType": {"Research": true}, "Section": {"Results": true}, "Species": {"9606": true}}, "citation": {"db": "DOI", "db_id": "10.1101/2020.02.23.20026690"}, "evidence": "GEX analysis showed that CD8+ T cells expressed high levels of effector molecules, including GZMA, GZMK, FASLG, CCL5, etc., and resident T cell markers ITGA1, CXCR6, JAML, etc., likely played crucial roles in immune defense (Figure S4).", "line": 142, "object": {"effect": {"fromLoc": {"name": "intracellular", "namespace": "bel"}, "toLoc": {"name": "cell surface", "namespace": "bel"}}, "modifier": "Translocation"}, "relation": "positiveCorrelation"}
a(MESH:"CD8-Positive T-Lymphocytes")	positiveCorrelation	surf(p(HGNC:FASLG))	{"annotations": {"Assay": {"gene expression analysis": true}, "Custom_Disease": {"COVID-19": true}, "PublicationStatus": {"Preprint": true}, "PublicationType": {"Research": true}, "Section": {"Results": true}, "Species": {"9606": true}}, "citation": {"db": "DOI", "db_id": "10.1101/2020.02.23.20026690"}, "evidence": "GEX analysis showed that CD8+ T cells expressed high levels of effector molecules, including GZMA, GZMK, FASLG, CCL5, etc., and resident T cell markers ITGA1, CXCR6, JAML, etc., likely played crucial roles in immune defense (Figure S4).", "line": 143, "object": {"effect": {"fromLoc": {"name": "intracellular", "namespace": "bel"}, "toLoc": {"name": "cell surface", "namespace": "bel"}}, "modifier": "Translocation"}, "relation": "positiveCorrelation"}
a(MESH:"CD8-Positive T-Lymphocytes")	positiveCorrelation	surf(p(HGNC:CCL5))	{"annotations": {"Assay": {"gene expression analysis": true}, "Custom_Disease": {"COVID-19": true}, "PublicationStatus": {"Preprint": true}, "PublicationType": {"Research": true}, "Section": {"Results": true}, "Species": {"9606": true}}, "citation": {"db": "DOI", "db_id": "10.1101/2020.02.23.20026690"}, "evidence": "GEX analysis showed that CD8+ T cells expressed high levels of effector molecules, including GZMA, GZMK, FASLG, CCL5, etc., and resident T cell markers ITGA1, CXCR6, JAML, etc., likely played crucial roles in immune defense (Figure S4).", "line": 144, "object": {"effect": {"fromLoc": {"name": "intracellular", "namespace": "bel"}, "toLoc": {"name": "cell surface", "namespace": "bel"}}, "modifier": "Translocation"}, "relation": "positiveCorrelation"}
a(MESH:"CD8-Positive T-Lymphocytes")	positiveCorrelation	surf(p(HGNC:ITGA1))	{"annotations": {"Assay": {"gene expression analysis": true}, "Custom_Disease": {"COVID-19": true}, "PublicationStatus": {"Preprint": true}, "PublicationType": {"Research": true}, "Section": {"Results": true}, "Species": {"9606": true}}, "citation": {"db": "DOI", "db_id": "10.1101/2020.02.23.20026690"}, "evidence": "GEX analysis showed that CD8+ T cells expressed high levels of effector molecules, including GZMA, GZMK, FASLG, CCL5, etc., and resident T cell markers ITGA1, CXCR6, JAML, etc., likely played crucial roles in immune defense (Figure S4).", "line": 145, "object": {"effect": {"fromLoc": {"name": "intracellular", "namespace": "bel"}, "toLoc": {"name": "cell surface", "namespace": "bel"}}, "modifier": "Translocation"}, "relation": "positiveCorrelation"}
a(MESH:"CD8-Positive T-Lymphocytes")	positiveCorrelation	surf(p(HGNC:CXCR6))	{"annotations": {"Assay": {"gene expression analysis": true}, "Custom_Disease": {"COVID-19": true}, "PublicationStatus": {"Preprint": true}, "PublicationType": {"Research": true}, "Section": {"Results": true}, "Species": {"9606": true}}, "citation": {"db": "DOI", "db_id": "10.1101/2020.02.23.20026690"}, "evidence": "GEX analysis showed that CD8+ T cells expressed high levels of effector molecules, including GZMA, GZMK, FASLG, CCL5, etc., and resident T cell markers ITGA1, CXCR6, JAML, etc., likely played crucial roles in immune defense (Figure S4).", "line": 146, "object": {"effect": {"fromLoc": {"name": "intracellular", "namespace": "bel"}, "toLoc": {"name": "cell surface", "namespace": "bel"}}, "modifier": "Translocation"}, "relation": "positiveCorrelation"}
a(MESH:"CD8-Positive T-Lymphocytes")	increases	p(HGNC:CXCR6)	{"annotations": {"Custom_Disease": {"COVID-19": true}, "PublicationStatus": {"Preprint": true}, "PublicationType": {"Research": true}, "Sample": {"Bronchoalveolar Lavage Fluid": true}, "Section": {"Results": true}, "Species": {"9606": true}}, "citation": {"db": "DOI", "db_id": "10.1101/2020.02.23.20026690"}, "evidence": "We found increased expression of signaling and tissue resident genes including XCL1, XCL2, ZNF683, HOPX, CXCR6 and ITGAE, etc., which further supports a superior effector functions of those expanded CD8+ T cells (Figure 4E).", "line": 178, "relation": "increases"}
a(MESH:"CD8-Positive T-Lymphocytes")	positiveCorrelation	surf(p(HGNC:JAML))	{"annotations": {"Assay": {"gene expression analysis": true}, "Custom_Disease": {"COVID-19": true}, "PublicationStatus": {"Preprint": true}, "PublicationType": {"Research": true}, "Section": {"Results": true}, "Species": {"9606": true}}, "citation": {"db": "DOI", "db_id": "10.1101/2020.02.23.20026690"}, "evidence": "GEX analysis showed that CD8+ T cells expressed high levels of effector molecules, including GZMA, GZMK, FASLG, CCL5, etc., and resident T cell markers ITGA1, CXCR6, JAML, etc., likely played crucial roles in immune defense (Figure S4).", "line": 147, "object": {"effect": {"fromLoc": {"name": "intracellular", "namespace": "bel"}, "toLoc": {"name": "cell surface", "namespace": "bel"}}, "modifier": "Translocation"}, "relation": "positiveCorrelation"}
a(MESH:"CD8-Positive T-Lymphocytes")	increases	bp(GO:"T cell activation")	{"annotations": {"Custom_Disease": {"COVID-19": true}, "Disease_Stage": {"mild": true}, "PublicationStatus": {"Preprint": true}, "PublicationType": {"Research": true}, "Section": {"Results": true}, "Species": {"9606": true}}, "citation": {"db": "DOI", "db_id": "10.1101/2020.02.23.20026690"}, "evidence": "We found T cell activation, migration, calcium ion signaling molecules were upregulated in CD8+ T cells from mild cases, but the virus responses, metabolites and energy generation, and translation initiation molecules was upregulated in CD8+ T cells from severe cases (Figure 3E and 3F).", "line": 153, "relation": "increases"}
a(MESH:"CD8-Positive T-Lymphocytes")	increases	bp(GO:"T cell migration")	{"annotations": {"Custom_Disease": {"COVID-19": true}, "Disease_Stage": {"mild": true}, "PublicationStatus": {"Preprint": true}, "PublicationType": {"Research": true}, "Section": {"Results": true}, "Species": {"9606": true}}, "citation": {"db": "DOI", "db_id": "10.1101/2020.02.23.20026690"}, "evidence": "We found T cell activation, migration, calcium ion signaling molecules were upregulated in CD8+ T cells from mild cases, but the virus responses, metabolites and energy generation, and translation initiation molecules was upregulated in CD8+ T cells from severe cases (Figure 3E and 3F).", "line": 154, "relation": "increases"}
a(MESH:"CD8-Positive T-Lymphocytes")	increases	bp(GO:"calcium-mediated signaling")	{"annotations": {"Custom_Disease": {"COVID-19": true}, "Disease_Stage": {"mild": true}, "PublicationStatus": {"Preprint": true}, "PublicationType": {"Research": true}, "Section": {"Results": true}, "Species": {"9606": true}}, "citation": {"db": "DOI", "db_id": "10.1101/2020.02.23.20026690"}, "evidence": "We found T cell activation, migration, calcium ion signaling molecules were upregulated in CD8+ T cells from mild cases, but the virus responses, metabolites and energy generation, and translation initiation molecules was upregulated in CD8+ T cells from severe cases (Figure 3E and 3F).", "line": 155, "relation": "increases"}
a(MESH:"CD8-Positive T-Lymphocytes")	increases	bp(GO:"response to virus")	{"annotations": {"Custom_Disease": {"COVID-19": true}, "Disease_Stage": {"severe": true}, "PublicationStatus": {"Preprint": true}, "PublicationType": {"Research": true}, "Section": {"Results": true}, "Species": {"9606": true}}, "citation": {"db": "DOI", "db_id": "10.1101/2020.02.23.20026690"}, "evidence": "We found T cell activation, migration, calcium ion signaling molecules were upregulated in CD8+ T cells from mild cases, but the virus responses, metabolites and energy generation, and translation initiation molecules was upregulated in CD8+ T cells from severe cases (Figure 3E and 3F).", "line": 158, "relation": "increases"}
a(MESH:"CD8-Positive T-Lymphocytes")	increases	bp(GO:"viral genome replication")	{"annotations": {"Custom_Disease": {"COVID-19": true}, "Disease_Stage": {"severe": true}, "PublicationStatus": {"Preprint": true}, "PublicationType": {"Research": true}, "Section": {"Results": true}, "Species": {"9606": true}}, "citation": {"db": "DOI", "db_id": "10.1101/2020.02.23.20026690"}, "evidence": "We found T cell activation, migration, calcium ion signaling molecules were upregulated in CD8+ T cells from mild cases, but the virus responses, metabolites and energy generation, and translation initiation molecules was upregulated in CD8+ T cells from severe cases (Figure 3E and 3F).", "line": 159, "relation": "increases"}
a(MESH:"CD8-Positive T-Lymphocytes")	increases	p(HGNC:XCL1)	{"annotations": {"Custom_Disease": {"COVID-19": true}, "PublicationStatus": {"Preprint": true}, "PublicationType": {"Research": true}, "Sample": {"Bronchoalveolar Lavage Fluid": true}, "Section": {"Results": true}, "Species": {"9606": true}}, "citation": {"db": "DOI", "db_id": "10.1101/2020.02.23.20026690"}, "evidence": "We found increased expression of signaling and tissue resident genes including XCL1, XCL2, ZNF683, HOPX, CXCR6 and ITGAE, etc., which further supports a superior effector functions of those expanded CD8+ T cells (Figure 4E).", "line": 174, "relation": "increases"}
a(MESH:"CD8-Positive T-Lymphocytes")	increases	p(HGNC:XCL2)	{"annotations": {"Custom_Disease": {"COVID-19": true}, "PublicationStatus": {"Preprint": true}, "PublicationType": {"Research": true}, "Sample": {"Bronchoalveolar Lavage Fluid": true}, "Section": {"Results": true}, "Species": {"9606": true}}, "citation": {"db": "DOI", "db_id": "10.1101/2020.02.23.20026690"}, "evidence": "We found increased expression of signaling and tissue resident genes including XCL1, XCL2, ZNF683, HOPX, CXCR6 and ITGAE, etc., which further supports a superior effector functions of those expanded CD8+ T cells (Figure 4E).", "line": 175, "relation": "increases"}
a(MESH:"CD8-Positive T-Lymphocytes")	increases	p(HGNC:ZNF683)	{"annotations": {"Custom_Disease": {"COVID-19": true}, "PublicationStatus": {"Preprint": true}, "PublicationType": {"Research": true}, "Sample": {"Bronchoalveolar Lavage Fluid": true}, "Section": {"Results": true}, "Species": {"9606": true}}, "citation": {"db": "DOI", "db_id": "10.1101/2020.02.23.20026690"}, "evidence": "We found increased expression of signaling and tissue resident genes including XCL1, XCL2, ZNF683, HOPX, CXCR6 and ITGAE, etc., which further supports a superior effector functions of those expanded CD8+ T cells (Figure 4E).", "line": 176, "relation": "increases"}
a(MESH:"CD8-Positive T-Lymphocytes")	increases	p(HGNC:HOPX)	{"annotations": {"Custom_Disease": {"COVID-19": true}, "PublicationStatus": {"Preprint": true}, "PublicationType": {"Research": true}, "Sample": {"Bronchoalveolar Lavage Fluid": true}, "Section": {"Results": true}, "Species": {"9606": true}}, "citation": {"db": "DOI", "db_id": "10.1101/2020.02.23.20026690"}, "evidence": "We found increased expression of signaling and tissue resident genes including XCL1, XCL2, ZNF683, HOPX, CXCR6 and ITGAE, etc., which further supports a superior effector functions of those expanded CD8+ T cells (Figure 4E).", "line": 177, "relation": "increases"}
a(MESH:"CD8-Positive T-Lymphocytes")	increases	p(HGNC:ITGAE)	{"annotations": {"Custom_Disease": {"COVID-19": true}, "PublicationStatus": {"Preprint": true}, "PublicationType": {"Research": true}, "Sample": {"Bronchoalveolar Lavage Fluid": true}, "Section": {"Results": true}, "Species": {"9606": true}}, "citation": {"db": "DOI", "db_id": "10.1101/2020.02.23.20026690"}, "evidence": "We found increased expression of signaling and tissue resident genes including XCL1, XCL2, ZNF683, HOPX, CXCR6 and ITGAE, etc., which further supports a superior effector functions of those expanded CD8+ T cells (Figure 4E).", "line": 179, "relation": "increases"}
a(MESH:"Killer Cells, Natural")	positiveCorrelation	surf(p(HGNC:KLRF1))	{"annotations": {"Custom_Disease": {"COVID-19": true}, "PublicationStatus": {"Preprint": true}, "PublicationType": {"Research": true}, "Section": {"Results": true}, "Species": {"9606": true}}, "citation": {"db": "DOI", "db_id": "10.1101/2020.02.23.20026690"}, "evidence": "NK cells highly expressed KLRF1, KLRC1 and KLRD1. CD8+ T cells expressed CD8A and CD8B.", "line": 126, "object": {"effect": {"fromLoc": {"name": "intracellular", "namespace": "bel"}, "toLoc": {"name": "cell surface", "namespace": "bel"}}, "modifier": "Translocation"}, "relation": "positiveCorrelation"}
a(MESH:"Killer Cells, Natural")	positiveCorrelation	surf(p(HGNC:KLRC1))	{"annotations": {"Custom_Disease": {"COVID-19": true}, "PublicationStatus": {"Preprint": true}, "PublicationType": {"Research": true}, "Section": {"Results": true}, "Species": {"9606": true}}, "citation": {"db": "DOI", "db_id": "10.1101/2020.02.23.20026690"}, "evidence": "NK cells highly expressed KLRF1, KLRC1 and KLRD1. CD8+ T cells expressed CD8A and CD8B.", "line": 127, "object": {"effect": {"fromLoc": {"name": "intracellular", "namespace": "bel"}, "toLoc": {"name": "cell surface", "namespace": "bel"}}, "modifier": "Translocation"}, "relation": "positiveCorrelation"}
a(MESH:"Killer Cells, Natural")	positiveCorrelation	surf(p(HGNC:KLRD1))	{"annotations": {"Custom_Disease": {"COVID-19": true}, "PublicationStatus": {"Preprint": true}, "PublicationType": {"Research": true}, "Section": {"Results": true}, "Species": {"9606": true}}, "citation": {"db": "DOI", "db_id": "10.1101/2020.02.23.20026690"}, "evidence": "NK cells highly expressed KLRF1, KLRC1 and KLRD1. CD8+ T cells expressed CD8A and CD8B.", "line": 128, "object": {"effect": {"fromLoc": {"name": "intracellular", "namespace": "bel"}, "toLoc": {"name": "cell surface", "namespace": "bel"}}, "modifier": "Translocation"}, "relation": "positiveCorrelation"}
a(TAX:"Severe acute respiratory syndrome coronavirus 2")	increases	a(MESH:"Killer Cells, Natural")	{"annotations": {"Custom_Disease": {"COVID-19": true}, "PublicationStatus": {"Preprint": true}, "PublicationType": {"Research": true}, "Section": {"Results": true}, "Species": {"9606": true}}, "citation": {"db": "DOI", "db_id": "10.1101/2020.02.23.20026690"}, "evidence": "There were higher proportions of T and NK cells in the COVID-19 patients than those in controls, while epithelial cells in patients are fewer.", "line": 51, "relation": "increases"}
a(TAX:"Severe acute respiratory syndrome coronavirus 2")	decreases	a(MESH:"Killer Cells, Natural")	{"annotations": {"Custom_Disease": {"COVID-19": true}, "Disease_Stage": {"severe": true}, "PublicationStatus": {"Preprint": true}, "PublicationType": {"Research": true}, "Section": {"Results": true}, "Species": {"9606": true}}, "citation": {"db": "DOI", "db_id": "10.1101/2020.02.23.20026690"}, "evidence": "As compared to mild cases, severe patients contained more macrophages but less proportion of T and NK cells (Figure 1E-1F).", "line": 61, "relation": "decreases"}
a(TAX:"Severe acute respiratory syndrome coronavirus 2")	decreases	a(MESH:"Killer Cells, Natural")	{"annotations": {"Custom_Disease": {"COVID-19": true}, "MeSHAnatomy": {"Lung": true}, "PublicationStatus": {"Preprint": true}, "PublicationType": {"Research": true}, "Section": {"Results": true}, "Species": {"9606": true}}, "citation": {"db": "DOI", "db_id": "10.1101/2020.02.23.20026690"}, "evidence": "Comparing few numbers of NK and T lymphocytes in controls, the proportions of NK and T lymphocytes in the lung was largely increased in COVID-19 patients (Figure 1F and 3C).", "line": 135, "relation": "decreases"}
a(TAX:"Severe acute respiratory syndrome coronavirus 2")	increases	a(MESH:"T-Lymphocytes")	{"annotations": {"Custom_Disease": {"COVID-19": true}, "PublicationStatus": {"Preprint": true}, "PublicationType": {"Research": true}, "Section": {"Results": true}, "Species": {"9606": true}}, "citation": {"db": "DOI", "db_id": "10.1101/2020.02.23.20026690"}, "evidence": "There were higher proportions of T and NK cells in the COVID-19 patients than those in controls, while epithelial cells in patients are fewer.", "line": 52, "relation": "increases"}
a(TAX:"Severe acute respiratory syndrome coronavirus 2")	decreases	a(MESH:"T-Lymphocytes")	{"annotations": {"Custom_Disease": {"COVID-19": true}, "Disease_Stage": {"severe": true}, "PublicationStatus": {"Preprint": true}, "PublicationType": {"Research": true}, "Section": {"Results": true}, "Species": {"9606": true}}, "citation": {"db": "DOI", "db_id": "10.1101/2020.02.23.20026690"}, "evidence": "As compared to mild cases, severe patients contained more macrophages but less proportion of T and NK cells (Figure 1E-1F).", "line": 62, "relation": "decreases"}
a(TAX:"Severe acute respiratory syndrome coronavirus 2")	decreases	a(MESH:"T-Lymphocytes")	{"annotations": {"Custom_Disease": {"COVID-19": true}, "MeSHAnatomy": {"Lung": true}, "PublicationStatus": {"Preprint": true}, "PublicationType": {"Research": true}, "Section": {"Results": true}, "Species": {"9606": true}}, "citation": {"db": "DOI", "db_id": "10.1101/2020.02.23.20026690"}, "evidence": "Comparing few numbers of NK and T lymphocytes in controls, the proportions of NK and T lymphocytes in the lung was largely increased in COVID-19 patients (Figure 1F and 3C).", "line": 136, "relation": "decreases"}
a(TAX:"Severe acute respiratory syndrome coronavirus 2")	increases	a(MESH:"T-Lymphocytes")	{"annotations": {"Custom_Disease": {"COVID-19": true}, "Disease_Stage": {"mild": true}, "PublicationStatus": {"Preprint": true}, "PublicationType": {"Research": true}, "Sample": {"Bronchoalveolar Lavage Fluid": true}, "Section": {"Results": true}, "Species": {"9606": true}}, "citation": {"db": "DOI", "db_id": "10.1101/2020.02.23.20026690"}, "evidence": "We found that the expansion levels in both total T and CD8+ T cells were significantly higher in mild disease group than the severe patients (Figure 4B and 4C, S5).", "line": 166, "relation": "increases"}
a(TAX:"Severe acute respiratory syndrome coronavirus 2")	decreases	a(MESH:"Epithelial Cells")	{"annotations": {"Custom_Disease": {"COVID-19": true}, "MeSHAnatomy": {"Lung": true}, "PublicationStatus": {"Preprint": true}, "PublicationType": {"Research": true}, "Section": {"Results": true}, "Species": {"9606": true}}, "citation": {"db": "DOI", "db_id": "10.1101/2020.02.23.20026690"}, "evidence": "There were higher proportions of T and NK cells in the COVID-19 patients than those in controls, while epithelial cells in patients are fewer.", "line": 54, "relation": "decreases"}
a(TAX:"Severe acute respiratory syndrome coronavirus 2")	increases	a(MESH:Macrophages)	{"annotations": {"Custom_Disease": {"COVID-19": true}, "Disease_Stage": {"severe": true}, "PublicationStatus": {"Preprint": true}, "PublicationType": {"Research": true}, "Section": {"Results": true}, "Species": {"9606": true}}, "citation": {"db": "DOI", "db_id": "10.1101/2020.02.23.20026690"}, "evidence": "As compared to mild cases, severe patients contained more macrophages but less proportion of T and NK cells (Figure 1E-1F).", "line": 60, "relation": "increases"}
a(TAX:"Severe acute respiratory syndrome coronavirus 2")	increases	a(MESH:Macrophages)	{"annotations": {"Custom_Disease": {"COVID-19": true}, "MeSHAnatomy": {"Lung": true}, "PublicationStatus": {"Preprint": true}, "PublicationType": {"Research": true}, "Section": {"Results": true}, "Species": {"9606": true}}, "citation": {"db": "DOI", "db_id": "10.1101/2020.02.23.20026690"}, "evidence": "The increased lung macrophage population was present in severe COVID-19 patients.", "line": 68, "relation": "increases"}
a(TAX:"Severe acute respiratory syndrome coronavirus 2")	positiveCorrelation	p(HGNC:FCN1)	{"annotations": {"Custom_Disease": {"COVID-19": true}, "Disease_Stage": {"mild": true}, "PublicationStatus": {"Preprint": true}, "PublicationType": {"Research": true}, "Section": {"Results": true}, "Species": {"9606": true}}, "citation": {"db": "DOI", "db_id": "10.1101/2020.02.23.20026690"}, "evidence": "We further confirmed that FCN1 was preferentially expressed by individual controls and mild COVID-19 patients, while SPP1 and FABP4 were highly expressed by severe COVID-19 patients (Figure 2E).", "line": 74, "relation": "positiveCorrelation"}
a(TAX:"Severe acute respiratory syndrome coronavirus 2")	positiveCorrelation	p(HGNC:FCN1)	{"annotations": {"Custom_Disease": {"COVID-19": true}, "MeSHAnatomy": {"Lung": true}, "PublicationStatus": {"Preprint": true}, "PublicationType": {"Research": true}, "Section": {"Results": true}, "Species": {"9606": true}}, "citation": {"db": "DOI", "db_id": "10.1101/2020.02.23.20026690"}, "evidence": "Group 1 expressed S100A8, S100A9, VCAN, FCN1, CD14, SELL associated with inflammatory monocytes. Group 2 expressed chemokines CCL2, CCL3, CCL4, CXCL9, CXCL10, CXCL11 and ISGs APOBEC3A, ISG15, ISG20, GBP1, ITITM3, MX1, etc.", "line": 88, "relation": "positiveCorrelation"}
a(TAX:"Severe acute respiratory syndrome coronavirus 2")	positiveCorrelation	p(HGNC:SPP1)	{"annotations": {"Custom_Disease": {"COVID-19": true}, "Disease_Stage": {"severe": true}, "PublicationStatus": {"Preprint": true}, "PublicationType": {"Research": true}, "Section": {"Results": true}, "Species": {"9606": true}}, "citation": {"db": "DOI", "db_id": "10.1101/2020.02.23.20026690"}, "evidence": "We further confirmed that FCN1 was preferentially expressed by individual controls and mild COVID-19 patients, while SPP1 and FABP4 were highly expressed by severe COVID-19 patients (Figure 2E).", "line": 77, "relation": "positiveCorrelation"}
a(TAX:"Severe acute respiratory syndrome coronavirus 2")	positiveCorrelation	p(HGNC:SPP1)	{"annotations": {"Custom_Disease": {"COVID-19": true}, "MeSHAnatomy": {"Lung": true}, "PublicationStatus": {"Preprint": true}, "PublicationType": {"Research": true}, "Section": {"Results": true}, "Species": {"9606": true}}, "citation": {"db": "DOI", "db_id": "10.1101/2020.02.23.20026690"}, "evidence": "Group 3 expressed immune regulatory genes A2M, GPR183, CCL13 etc. and pro-fibrotic genes TREM2, TGFB1, SPP1. Group 4 expressed typical AM genes, such as FABP4, FABP5, INHBA, MACRO, TFRC, MRC1, etc.", "line": 114, "relation": "positiveCorrelation"}
a(TAX:"Severe acute respiratory syndrome coronavirus 2")	positiveCorrelation	p(HGNC:FABP4)	{"annotations": {"Custom_Disease": {"COVID-19": true}, "Disease_Stage": {"severe": true}, "PublicationStatus": {"Preprint": true}, "PublicationType": {"Research": true}, "Section": {"Results": true}, "Species": {"9606": true}}, "citation": {"db": "DOI", "db_id": "10.1101/2020.02.23.20026690"}, "evidence": "We further confirmed that FCN1 was preferentially expressed by individual controls and mild COVID-19 patients, while SPP1 and FABP4 were highly expressed by severe COVID-19 patients (Figure 2E).", "line": 78, "relation": "positiveCorrelation"}
a(TAX:"Severe acute respiratory syndrome coronavirus 2")	positiveCorrelation	p(HGNC:FABP4)	{"annotations": {"Custom_Disease": {"COVID-19": true}, "MeSHAnatomy": {"Lung": true}, "PublicationStatus": {"Preprint": true}, "PublicationType": {"Research": true}, "Section": {"Results": true}, "Species": {"9606": true}}, "citation": {"db": "DOI", "db_id": "10.1101/2020.02.23.20026690"}, "evidence": "Group 3 expressed immune regulatory genes A2M, GPR183, CCL13 etc. and pro-fibrotic genes TREM2, TGFB1, SPP1. Group 4 expressed typical AM genes, such as FABP4, FABP5, INHBA, MACRO, TFRC, MRC1, etc.", "line": 116, "relation": "positiveCorrelation"}
a(TAX:"Severe acute respiratory syndrome coronavirus 2")	positiveCorrelation	p(HGNC:S100A8)	{"annotations": {"Custom_Disease": {"COVID-19": true}, "MeSHAnatomy": {"Lung": true}, "PublicationStatus": {"Preprint": true}, "PublicationType": {"Research": true}, "Section": {"Results": true}, "Species": {"9606": true}}, "citation": {"db": "DOI", "db_id": "10.1101/2020.02.23.20026690"}, "evidence": "Group 1 expressed S100A8, S100A9, VCAN, FCN1, CD14, SELL associated with inflammatory monocytes. Group 2 expressed chemokines CCL2, CCL3, CCL4, CXCL9, CXCL10, CXCL11 and ISGs APOBEC3A, ISG15, ISG20, GBP1, ITITM3, MX1, etc.", "line": 85, "relation": "positiveCorrelation"}
a(TAX:"Severe acute respiratory syndrome coronavirus 2")	positiveCorrelation	p(HGNC:S100A9)	{"annotations": {"Custom_Disease": {"COVID-19": true}, "MeSHAnatomy": {"Lung": true}, "PublicationStatus": {"Preprint": true}, "PublicationType": {"Research": true}, "Section": {"Results": true}, "Species": {"9606": true}}, "citation": {"db": "DOI", "db_id": "10.1101/2020.02.23.20026690"}, "evidence": "Group 1 expressed S100A8, S100A9, VCAN, FCN1, CD14, SELL associated with inflammatory monocytes. Group 2 expressed chemokines CCL2, CCL3, CCL4, CXCL9, CXCL10, CXCL11 and ISGs APOBEC3A, ISG15, ISG20, GBP1, ITITM3, MX1, etc.", "line": 86, "relation": "positiveCorrelation"}
a(TAX:"Severe acute respiratory syndrome coronavirus 2")	positiveCorrelation	p(HGNC:VCAN)	{"annotations": {"Custom_Disease": {"COVID-19": true}, "MeSHAnatomy": {"Lung": true}, "PublicationStatus": {"Preprint": true}, "PublicationType": {"Research": true}, "Section": {"Results": true}, "Species": {"9606": true}}, "citation": {"db": "DOI", "db_id": "10.1101/2020.02.23.20026690"}, "evidence": "Group 1 expressed S100A8, S100A9, VCAN, FCN1, CD14, SELL associated with inflammatory monocytes. Group 2 expressed chemokines CCL2, CCL3, CCL4, CXCL9, CXCL10, CXCL11 and ISGs APOBEC3A, ISG15, ISG20, GBP1, ITITM3, MX1, etc.", "line": 87, "relation": "positiveCorrelation"}
a(TAX:"Severe acute respiratory syndrome coronavirus 2")	positiveCorrelation	p(HGNC:CD14)	{"annotations": {"Custom_Disease": {"COVID-19": true}, "MeSHAnatomy": {"Lung": true}, "PublicationStatus": {"Preprint": true}, "PublicationType": {"Research": true}, "Section": {"Results": true}, "Species": {"9606": true}}, "citation": {"db": "DOI", "db_id": "10.1101/2020.02.23.20026690"}, "evidence": "Group 1 expressed S100A8, S100A9, VCAN, FCN1, CD14, SELL associated with inflammatory monocytes. Group 2 expressed chemokines CCL2, CCL3, CCL4, CXCL9, CXCL10, CXCL11 and ISGs APOBEC3A, ISG15, ISG20, GBP1, ITITM3, MX1, etc.", "line": 89, "relation": "positiveCorrelation"}
a(TAX:"Severe acute respiratory syndrome coronavirus 2")	positiveCorrelation	p(HGNC:SELL)	{"annotations": {"Custom_Disease": {"COVID-19": true}, "MeSHAnatomy": {"Lung": true}, "PublicationStatus": {"Preprint": true}, "PublicationType": {"Research": true}, "Section": {"Results": true}, "Species": {"9606": true}}, "citation": {"db": "DOI", "db_id": "10.1101/2020.02.23.20026690"}, "evidence": "Group 1 expressed S100A8, S100A9, VCAN, FCN1, CD14, SELL associated with inflammatory monocytes. Group 2 expressed chemokines CCL2, CCL3, CCL4, CXCL9, CXCL10, CXCL11 and ISGs APOBEC3A, ISG15, ISG20, GBP1, ITITM3, MX1, etc.", "line": 90, "relation": "positiveCorrelation"}
a(TAX:"Severe acute respiratory syndrome coronavirus 2")	positiveCorrelation	p(HGNC:CCL2)	{"annotations": {"Custom_Disease": {"COVID-19": true}, "MeSHAnatomy": {"Lung": true}, "PublicationStatus": {"Preprint": true}, "PublicationType": {"Research": true}, "Section": {"Results": true}, "Species": {"9606": true}}, "citation": {"db": "DOI", "db_id": "10.1101/2020.02.23.20026690"}, "evidence": "Group 1 expressed S100A8, S100A9, VCAN, FCN1, CD14, SELL associated with inflammatory monocytes. Group 2 expressed chemokines CCL2, CCL3, CCL4, CXCL9, CXCL10, CXCL11 and ISGs APOBEC3A, ISG15, ISG20, GBP1, ITITM3, MX1, etc.", "line": 92, "relation": "positiveCorrelation"}
a(TAX:"Severe acute respiratory syndrome coronavirus 2")	positiveCorrelation	p(HGNC:CCL3)	{"annotations": {"Custom_Disease": {"COVID-19": true}, "MeSHAnatomy": {"Lung": true}, "PublicationStatus": {"Preprint": true}, "PublicationType": {"Research": true}, "Section": {"Results": true}, "Species": {"9606": true}}, "citation": {"db": "DOI", "db_id": "10.1101/2020.02.23.20026690"}, "evidence": "Group 1 expressed S100A8, S100A9, VCAN, FCN1, CD14, SELL associated with inflammatory monocytes. Group 2 expressed chemokines CCL2, CCL3, CCL4, CXCL9, CXCL10, CXCL11 and ISGs APOBEC3A, ISG15, ISG20, GBP1, ITITM3, MX1, etc.", "line": 93, "relation": "positiveCorrelation"}
a(TAX:"Severe acute respiratory syndrome coronavirus 2")	positiveCorrelation	p(HGNC:CCL4)	{"annotations": {"Custom_Disease": {"COVID-19": true}, "MeSHAnatomy": {"Lung": true}, "PublicationStatus": {"Preprint": true}, "PublicationType": {"Research": true}, "Section": {"Results": true}, "Species": {"9606": true}}, "citation": {"db": "DOI", "db_id": "10.1101/2020.02.23.20026690"}, "evidence": "Group 1 expressed S100A8, S100A9, VCAN, FCN1, CD14, SELL associated with inflammatory monocytes. Group 2 expressed chemokines CCL2, CCL3, CCL4, CXCL9, CXCL10, CXCL11 and ISGs APOBEC3A, ISG15, ISG20, GBP1, ITITM3, MX1, etc.", "line": 94, "relation": "positiveCorrelation"}
a(TAX:"Severe acute respiratory syndrome coronavirus 2")	positiveCorrelation	p(HGNC:CXCL9)	{"annotations": {"Custom_Disease": {"COVID-19": true}, "MeSHAnatomy": {"Lung": true}, "PublicationStatus": {"Preprint": true}, "PublicationType": {"Research": true}, "Section": {"Results": true}, "Species": {"9606": true}}, "citation": {"db": "DOI", "db_id": "10.1101/2020.02.23.20026690"}, "evidence": "Group 1 expressed S100A8, S100A9, VCAN, FCN1, CD14, SELL associated with inflammatory monocytes. Group 2 expressed chemokines CCL2, CCL3, CCL4, CXCL9, CXCL10, CXCL11 and ISGs APOBEC3A, ISG15, ISG20, GBP1, ITITM3, MX1, etc.", "line": 95, "relation": "positiveCorrelation"}
a(TAX:"Severe acute respiratory syndrome coronavirus 2")	positiveCorrelation	p(HGNC:CXCL10)	{"annotations": {"Custom_Disease": {"COVID-19": true}, "MeSHAnatomy": {"Lung": true}, "PublicationStatus": {"Preprint": true}, "PublicationType": {"Research": true}, "Section": {"Results": true}, "Species": {"9606": true}}, "citation": {"db": "DOI", "db_id": "10.1101/2020.02.23.20026690"}, "evidence": "Group 1 expressed S100A8, S100A9, VCAN, FCN1, CD14, SELL associated with inflammatory monocytes. Group 2 expressed chemokines CCL2, CCL3, CCL4, CXCL9, CXCL10, CXCL11 and ISGs APOBEC3A, ISG15, ISG20, GBP1, ITITM3, MX1, etc.", "line": 96, "relation": "positiveCorrelation"}
a(TAX:"Severe acute respiratory syndrome coronavirus 2")	positiveCorrelation	p(HGNC:CXCL11)	{"annotations": {"Custom_Disease": {"COVID-19": true}, "MeSHAnatomy": {"Lung": true}, "PublicationStatus": {"Preprint": true}, "PublicationType": {"Research": true}, "Section": {"Results": true}, "Species": {"9606": true}}, "citation": {"db": "DOI", "db_id": "10.1101/2020.02.23.20026690"}, "evidence": "Group 1 expressed S100A8, S100A9, VCAN, FCN1, CD14, SELL associated with inflammatory monocytes. Group 2 expressed chemokines CCL2, CCL3, CCL4, CXCL9, CXCL10, CXCL11 and ISGs APOBEC3A, ISG15, ISG20, GBP1, ITITM3, MX1, etc.", "line": 97, "relation": "positiveCorrelation"}
a(TAX:"Severe acute respiratory syndrome coronavirus 2")	positiveCorrelation	p(HGNC:APOBEC3A)	{"annotations": {"Custom_Disease": {"COVID-19": true}, "MeSHAnatomy": {"Lung": true}, "PublicationStatus": {"Preprint": true}, "PublicationType": {"Research": true}, "Section": {"Results": true}, "Species": {"9606": true}}, "citation": {"db": "DOI", "db_id": "10.1101/2020.02.23.20026690"}, "evidence": "Group 1 expressed S100A8, S100A9, VCAN, FCN1, CD14, SELL associated with inflammatory monocytes. Group 2 expressed chemokines CCL2, CCL3, CCL4, CXCL9, CXCL10, CXCL11 and ISGs APOBEC3A, ISG15, ISG20, GBP1, ITITM3, MX1, etc.", "line": 98, "relation": "positiveCorrelation"}
a(TAX:"Severe acute respiratory syndrome coronavirus 2")	positiveCorrelation	p(HGNC:ISG15)	{"annotations": {"Custom_Disease": {"COVID-19": true}, "MeSHAnatomy": {"Lung": true}, "PublicationStatus": {"Preprint": true}, "PublicationType": {"Research": true}, "Section": {"Results": true}, "Species": {"9606": true}}, "citation": {"db": "DOI", "db_id": "10.1101/2020.02.23.20026690"}, "evidence": "Group 1 expressed S100A8, S100A9, VCAN, FCN1, CD14, SELL associated with inflammatory monocytes. Group 2 expressed chemokines CCL2, CCL3, CCL4, CXCL9, CXCL10, CXCL11 and ISGs APOBEC3A, ISG15, ISG20, GBP1, ITITM3, MX1, etc.", "line": 99, "relation": "positiveCorrelation"}
a(TAX:"Severe acute respiratory syndrome coronavirus 2")	positiveCorrelation	p(HGNC:ISG20)	{"annotations": {"Custom_Disease": {"COVID-19": true}, "MeSHAnatomy": {"Lung": true}, "PublicationStatus": {"Preprint": true}, "PublicationType": {"Research": true}, "Section": {"Results": true}, "Species": {"9606": true}}, "citation": {"db": "DOI", "db_id": "10.1101/2020.02.23.20026690"}, "evidence": "Group 1 expressed S100A8, S100A9, VCAN, FCN1, CD14, SELL associated with inflammatory monocytes. Group 2 expressed chemokines CCL2, CCL3, CCL4, CXCL9, CXCL10, CXCL11 and ISGs APOBEC3A, ISG15, ISG20, GBP1, ITITM3, MX1, etc.", "line": 100, "relation": "positiveCorrelation"}
a(TAX:"Severe acute respiratory syndrome coronavirus 2")	positiveCorrelation	p(HGNC:GBP1)	{"annotations": {"Custom_Disease": {"COVID-19": true}, "MeSHAnatomy": {"Lung": true}, "PublicationStatus": {"Preprint": true}, "PublicationType": {"Research": true}, "Section": {"Results": true}, "Species": {"9606": true}}, "citation": {"db": "DOI", "db_id": "10.1101/2020.02.23.20026690"}, "evidence": "Group 1 expressed S100A8, S100A9, VCAN, FCN1, CD14, SELL associated with inflammatory monocytes. Group 2 expressed chemokines CCL2, CCL3, CCL4, CXCL9, CXCL10, CXCL11 and ISGs APOBEC3A, ISG15, ISG20, GBP1, ITITM3, MX1, etc.", "line": 101, "relation": "positiveCorrelation"}
a(TAX:"Severe acute respiratory syndrome coronavirus 2")	positiveCorrelation	p(HGNC:IFITM3)	{"annotations": {"Custom_Disease": {"COVID-19": true}, "MeSHAnatomy": {"Lung": true}, "PublicationStatus": {"Preprint": true}, "PublicationType": {"Research": true}, "Section": {"Results": true}, "Species": {"9606": true}}, "citation": {"db": "DOI", "db_id": "10.1101/2020.02.23.20026690"}, "evidence": "Group 1 expressed S100A8, S100A9, VCAN, FCN1, CD14, SELL associated with inflammatory monocytes. Group 2 expressed chemokines CCL2, CCL3, CCL4, CXCL9, CXCL10, CXCL11 and ISGs APOBEC3A, ISG15, ISG20, GBP1, ITITM3, MX1, etc.", "line": 102, "relation": "positiveCorrelation"}
a(TAX:"Severe acute respiratory syndrome coronavirus 2")	positiveCorrelation	p(HGNC:MX1)	{"annotations": {"Custom_Disease": {"COVID-19": true}, "MeSHAnatomy": {"Lung": true}, "PublicationStatus": {"Preprint": true}, "PublicationType": {"Research": true}, "Section": {"Results": true}, "Species": {"9606": true}}, "citation": {"db": "DOI", "db_id": "10.1101/2020.02.23.20026690"}, "evidence": "Group 1 expressed S100A8, S100A9, VCAN, FCN1, CD14, SELL associated with inflammatory monocytes. Group 2 expressed chemokines CCL2, CCL3, CCL4, CXCL9, CXCL10, CXCL11 and ISGs APOBEC3A, ISG15, ISG20, GBP1, ITITM3, MX1, etc.", "line": 103, "relation": "positiveCorrelation"}
a(TAX:"Severe acute respiratory syndrome coronavirus 2")	positiveCorrelation	p(HGNC:A2M)	{"annotations": {"Custom_Disease": {"COVID-19": true}, "MeSHAnatomy": {"Lung": true}, "PublicationStatus": {"Preprint": true}, "PublicationType": {"Research": true}, "Section": {"Results": true}, "Species": {"9606": true}}, "citation": {"db": "DOI", "db_id": "10.1101/2020.02.23.20026690"}, "evidence": "Group 3 expressed immune regulatory genes A2M, GPR183, CCL13 etc. and pro-fibrotic genes TREM2, TGFB1, SPP1. Group 4 expressed typical AM genes, such as FABP4, FABP5, INHBA, MACRO, TFRC, MRC1, etc.", "line": 109, "relation": "positiveCorrelation"}
a(TAX:"Severe acute respiratory syndrome coronavirus 2")	positiveCorrelation	p(HGNC:GPR183)	{"annotations": {"Custom_Disease": {"COVID-19": true}, "MeSHAnatomy": {"Lung": true}, "PublicationStatus": {"Preprint": true}, "PublicationType": {"Research": true}, "Section": {"Results": true}, "Species": {"9606": true}}, "citation": {"db": "DOI", "db_id": "10.1101/2020.02.23.20026690"}, "evidence": "Group 3 expressed immune regulatory genes A2M, GPR183, CCL13 etc. and pro-fibrotic genes TREM2, TGFB1, SPP1. Group 4 expressed typical AM genes, such as FABP4, FABP5, INHBA, MACRO, TFRC, MRC1, etc.", "line": 110, "relation": "positiveCorrelation"}
a(TAX:"Severe acute respiratory syndrome coronavirus 2")	positiveCorrelation	p(HGNC:CCL13)	{"annotations": {"Custom_Disease": {"COVID-19": true}, "MeSHAnatomy": {"Lung": true}, "PublicationStatus": {"Preprint": true}, "PublicationType": {"Research": true}, "Section": {"Results": true}, "Species": {"9606": true}}, "citation": {"db": "DOI", "db_id": "10.1101/2020.02.23.20026690"}, "evidence": "Group 3 expressed immune regulatory genes A2M, GPR183, CCL13 etc. and pro-fibrotic genes TREM2, TGFB1, SPP1. Group 4 expressed typical AM genes, such as FABP4, FABP5, INHBA, MACRO, TFRC, MRC1, etc.", "line": 111, "relation": "positiveCorrelation"}
a(TAX:"Severe acute respiratory syndrome coronavirus 2")	positiveCorrelation	p(HGNC:TREM2)	{"annotations": {"Custom_Disease": {"COVID-19": true}, "MeSHAnatomy": {"Lung": true}, "PublicationStatus": {"Preprint": true}, "PublicationType": {"Research": true}, "Section": {"Results": true}, "Species": {"9606": true}}, "citation": {"db": "DOI", "db_id": "10.1101/2020.02.23.20026690"}, "evidence": "Group 3 expressed immune regulatory genes A2M, GPR183, CCL13 etc. and pro-fibrotic genes TREM2, TGFB1, SPP1. Group 4 expressed typical AM genes, such as FABP4, FABP5, INHBA, MACRO, TFRC, MRC1, etc.", "line": 112, "relation": "positiveCorrelation"}
a(TAX:"Severe acute respiratory syndrome coronavirus 2")	positiveCorrelation	p(HGNC:TGFB1)	{"annotations": {"Custom_Disease": {"COVID-19": true}, "MeSHAnatomy": {"Lung": true}, "PublicationStatus": {"Preprint": true}, "PublicationType": {"Research": true}, "Section": {"Results": true}, "Species": {"9606": true}}, "citation": {"db": "DOI", "db_id": "10.1101/2020.02.23.20026690"}, "evidence": "Group 3 expressed immune regulatory genes A2M, GPR183, CCL13 etc. and pro-fibrotic genes TREM2, TGFB1, SPP1. Group 4 expressed typical AM genes, such as FABP4, FABP5, INHBA, MACRO, TFRC, MRC1, etc.", "line": 113, "relation": "positiveCorrelation"}
a(TAX:"Severe acute respiratory syndrome coronavirus 2")	positiveCorrelation	p(HGNC:FABP5)	{"annotations": {"Custom_Disease": {"COVID-19": true}, "MeSHAnatomy": {"Lung": true}, "PublicationStatus": {"Preprint": true}, "PublicationType": {"Research": true}, "Section": {"Results": true}, "Species": {"9606": true}}, "citation": {"db": "DOI", "db_id": "10.1101/2020.02.23.20026690"}, "evidence": "Group 3 expressed immune regulatory genes A2M, GPR183, CCL13 etc. and pro-fibrotic genes TREM2, TGFB1, SPP1. Group 4 expressed typical AM genes, such as FABP4, FABP5, INHBA, MACRO, TFRC, MRC1, etc.", "line": 117, "relation": "positiveCorrelation"}
a(TAX:"Severe acute respiratory syndrome coronavirus 2")	positiveCorrelation	p(HGNC:INHBA)	{"annotations": {"Custom_Disease": {"COVID-19": true}, "MeSHAnatomy": {"Lung": true}, "PublicationStatus": {"Preprint": true}, "PublicationType": {"Research": true}, "Section": {"Results": true}, "Species": {"9606": true}}, "citation": {"db": "DOI", "db_id": "10.1101/2020.02.23.20026690"}, "evidence": "Group 3 expressed immune regulatory genes A2M, GPR183, CCL13 etc. and pro-fibrotic genes TREM2, TGFB1, SPP1. Group 4 expressed typical AM genes, such as FABP4, FABP5, INHBA, MACRO, TFRC, MRC1, etc.", "line": 118, "relation": "positiveCorrelation"}
a(TAX:"Severe acute respiratory syndrome coronavirus 2")	positiveCorrelation	p(HGNC:MACROD1)	{"annotations": {"Custom_Disease": {"COVID-19": true}, "MeSHAnatomy": {"Lung": true}, "PublicationStatus": {"Preprint": true}, "PublicationType": {"Research": true}, "Section": {"Results": true}, "Species": {"9606": true}}, "citation": {"db": "DOI", "db_id": "10.1101/2020.02.23.20026690"}, "evidence": "Group 3 expressed immune regulatory genes A2M, GPR183, CCL13 etc. and pro-fibrotic genes TREM2, TGFB1, SPP1. Group 4 expressed typical AM genes, such as FABP4, FABP5, INHBA, MACRO, TFRC, MRC1, etc.", "line": 119, "relation": "positiveCorrelation"}
a(TAX:"Severe acute respiratory syndrome coronavirus 2")	positiveCorrelation	p(HGNC:TFRC)	{"annotations": {"Custom_Disease": {"COVID-19": true}, "MeSHAnatomy": {"Lung": true}, "PublicationStatus": {"Preprint": true}, "PublicationType": {"Research": true}, "Section": {"Results": true}, "Species": {"9606": true}}, "citation": {"db": "DOI", "db_id": "10.1101/2020.02.23.20026690"}, "evidence": "Group 3 expressed immune regulatory genes A2M, GPR183, CCL13 etc. and pro-fibrotic genes TREM2, TGFB1, SPP1. Group 4 expressed typical AM genes, such as FABP4, FABP5, INHBA, MACRO, TFRC, MRC1, etc.", "line": 120, "relation": "positiveCorrelation"}
a(TAX:"Severe acute respiratory syndrome coronavirus 2")	positiveCorrelation	p(HGNC:MRC1)	{"annotations": {"Custom_Disease": {"COVID-19": true}, "MeSHAnatomy": {"Lung": true}, "PublicationStatus": {"Preprint": true}, "PublicationType": {"Research": true}, "Section": {"Results": true}, "Species": {"9606": true}}, "citation": {"db": "DOI", "db_id": "10.1101/2020.02.23.20026690"}, "evidence": "Group 3 expressed immune regulatory genes A2M, GPR183, CCL13 etc. and pro-fibrotic genes TREM2, TGFB1, SPP1. Group 4 expressed typical AM genes, such as FABP4, FABP5, INHBA, MACRO, TFRC, MRC1, etc.", "line": 121, "relation": "positiveCorrelation"}
a(TAX:"Severe acute respiratory syndrome coronavirus 2")	increases	a(MESH:"CD8-Positive T-Lymphocytes")	{"annotations": {"Custom_Disease": {"COVID-19": true}, "Disease_Stage": {"mild": true}, "PublicationStatus": {"Preprint": true}, "PublicationType": {"Research": true}, "Sample": {"Bronchoalveolar Lavage Fluid": true}, "Section": {"Results": true}, "Species": {"9606": true}}, "citation": {"db": "DOI", "db_id": "10.1101/2020.02.23.20026690"}, "evidence": "We found that the expansion levels in both total T and CD8+ T cells were significantly higher in mild disease group than the severe patients (Figure 4B and 4C, S5).", "line": 167, "relation": "increases"}
p(HGNC:A2M)	positiveCorrelation	a(TAX:"Severe acute respiratory syndrome coronavirus 2")	{"annotations": {"Custom_Disease": {"COVID-19": true}, "MeSHAnatomy": {"Lung": true}, "PublicationStatus": {"Preprint": true}, "PublicationType": {"Research": true}, "Section": {"Results": true}, "Species": {"9606": true}}, "citation": {"db": "DOI", "db_id": "10.1101/2020.02.23.20026690"}, "evidence": "Group 3 expressed immune regulatory genes A2M, GPR183, CCL13 etc. and pro-fibrotic genes TREM2, TGFB1, SPP1. Group 4 expressed typical AM genes, such as FABP4, FABP5, INHBA, MACRO, TFRC, MRC1, etc.", "line": 109, "relation": "positiveCorrelation"}
p(HGNC:APOBEC3A)	positiveCorrelation	a(TAX:"Severe acute respiratory syndrome coronavirus 2")	{"annotations": {"Custom_Disease": {"COVID-19": true}, "MeSHAnatomy": {"Lung": true}, "PublicationStatus": {"Preprint": true}, "PublicationType": {"Research": true}, "Section": {"Results": true}, "Species": {"9606": true}}, "citation": {"db": "DOI", "db_id": "10.1101/2020.02.23.20026690"}, "evidence": "Group 1 expressed S100A8, S100A9, VCAN, FCN1, CD14, SELL associated with inflammatory monocytes. Group 2 expressed chemokines CCL2, CCL3, CCL4, CXCL9, CXCL10, CXCL11 and ISGs APOBEC3A, ISG15, ISG20, GBP1, ITITM3, MX1, etc.", "line": 98, "relation": "positiveCorrelation"}
p(HGNC:CCL13)	positiveCorrelation	a(TAX:"Severe acute respiratory syndrome coronavirus 2")	{"annotations": {"Custom_Disease": {"COVID-19": true}, "MeSHAnatomy": {"Lung": true}, "PublicationStatus": {"Preprint": true}, "PublicationType": {"Research": true}, "Section": {"Results": true}, "Species": {"9606": true}}, "citation": {"db": "DOI", "db_id": "10.1101/2020.02.23.20026690"}, "evidence": "Group 3 expressed immune regulatory genes A2M, GPR183, CCL13 etc. and pro-fibrotic genes TREM2, TGFB1, SPP1. Group 4 expressed typical AM genes, such as FABP4, FABP5, INHBA, MACRO, TFRC, MRC1, etc.", "line": 111, "relation": "positiveCorrelation"}
p(HGNC:CCL2)	positiveCorrelation	a(TAX:"Severe acute respiratory syndrome coronavirus 2")	{"annotations": {"Custom_Disease": {"COVID-19": true}, "MeSHAnatomy": {"Lung": true}, "PublicationStatus": {"Preprint": true}, "PublicationType": {"Research": true}, "Section": {"Results": true}, "Species": {"9606": true}}, "citation": {"db": "DOI", "db_id": "10.1101/2020.02.23.20026690"}, "evidence": "Group 1 expressed S100A8, S100A9, VCAN, FCN1, CD14, SELL associated with inflammatory monocytes. Group 2 expressed chemokines CCL2, CCL3, CCL4, CXCL9, CXCL10, CXCL11 and ISGs APOBEC3A, ISG15, ISG20, GBP1, ITITM3, MX1, etc.", "line": 92, "relation": "positiveCorrelation"}
p(HGNC:CCL3)	positiveCorrelation	a(TAX:"Severe acute respiratory syndrome coronavirus 2")	{"annotations": {"Custom_Disease": {"COVID-19": true}, "MeSHAnatomy": {"Lung": true}, "PublicationStatus": {"Preprint": true}, "PublicationType": {"Research": true}, "Section": {"Results": true}, "Species": {"9606": true}}, "citation": {"db": "DOI", "db_id": "10.1101/2020.02.23.20026690"}, "evidence": "Group 1 expressed S100A8, S100A9, VCAN, FCN1, CD14, SELL associated with inflammatory monocytes. Group 2 expressed chemokines CCL2, CCL3, CCL4, CXCL9, CXCL10, CXCL11 and ISGs APOBEC3A, ISG15, ISG20, GBP1, ITITM3, MX1, etc.", "line": 93, "relation": "positiveCorrelation"}
p(HGNC:CCL4)	positiveCorrelation	a(TAX:"Severe acute respiratory syndrome coronavirus 2")	{"annotations": {"Custom_Disease": {"COVID-19": true}, "MeSHAnatomy": {"Lung": true}, "PublicationStatus": {"Preprint": true}, "PublicationType": {"Research": true}, "Section": {"Results": true}, "Species": {"9606": true}}, "citation": {"db": "DOI", "db_id": "10.1101/2020.02.23.20026690"}, "evidence": "Group 1 expressed S100A8, S100A9, VCAN, FCN1, CD14, SELL associated with inflammatory monocytes. Group 2 expressed chemokines CCL2, CCL3, CCL4, CXCL9, CXCL10, CXCL11 and ISGs APOBEC3A, ISG15, ISG20, GBP1, ITITM3, MX1, etc.", "line": 94, "relation": "positiveCorrelation"}
surf(p(HGNC:CCL5))	positiveCorrelation	a(MESH:"CD8-Positive T-Lymphocytes")	{"annotations": {"Assay": {"gene expression analysis": true}, "Custom_Disease": {"COVID-19": true}, "PublicationStatus": {"Preprint": true}, "PublicationType": {"Research": true}, "Section": {"Results": true}, "Species": {"9606": true}}, "citation": {"db": "DOI", "db_id": "10.1101/2020.02.23.20026690"}, "evidence": "GEX analysis showed that CD8+ T cells expressed high levels of effector molecules, including GZMA, GZMK, FASLG, CCL5, etc., and resident T cell markers ITGA1, CXCR6, JAML, etc., likely played crucial roles in immune defense (Figure S4).", "line": 144, "relation": "positiveCorrelation", "subject": {"effect": {"fromLoc": {"name": "intracellular", "namespace": "bel"}, "toLoc": {"name": "cell surface", "namespace": "bel"}}, "modifier": "Translocation"}}
p(HGNC:CD14)	positiveCorrelation	a(TAX:"Severe acute respiratory syndrome coronavirus 2")	{"annotations": {"Custom_Disease": {"COVID-19": true}, "MeSHAnatomy": {"Lung": true}, "PublicationStatus": {"Preprint": true}, "PublicationType": {"Research": true}, "Section": {"Results": true}, "Species": {"9606": true}}, "citation": {"db": "DOI", "db_id": "10.1101/2020.02.23.20026690"}, "evidence": "Group 1 expressed S100A8, S100A9, VCAN, FCN1, CD14, SELL associated with inflammatory monocytes. Group 2 expressed chemokines CCL2, CCL3, CCL4, CXCL9, CXCL10, CXCL11 and ISGs APOBEC3A, ISG15, ISG20, GBP1, ITITM3, MX1, etc.", "line": 89, "relation": "positiveCorrelation"}
surf(p(HGNC:CD8A))	positiveCorrelation	a(MESH:"CD8-Positive T-Lymphocytes")	{"annotations": {"Custom_Disease": {"COVID-19": true}, "PublicationStatus": {"Preprint": true}, "PublicationType": {"Research": true}, "Section": {"Results": true}, "Species": {"9606": true}}, "citation": {"db": "DOI", "db_id": "10.1101/2020.02.23.20026690"}, "evidence": "NK cells highly expressed KLRF1, KLRC1 and KLRD1. CD8+ T cells expressed CD8A and CD8B.", "line": 129, "relation": "positiveCorrelation", "subject": {"effect": {"fromLoc": {"name": "intracellular", "namespace": "bel"}, "toLoc": {"name": "cell surface", "namespace": "bel"}}, "modifier": "Translocation"}}
surf(p(HGNC:CD8B))	positiveCorrelation	a(MESH:"CD8-Positive T-Lymphocytes")	{"annotations": {"Custom_Disease": {"COVID-19": true}, "PublicationStatus": {"Preprint": true}, "PublicationType": {"Research": true}, "Section": {"Results": true}, "Species": {"9606": true}}, "citation": {"db": "DOI", "db_id": "10.1101/2020.02.23.20026690"}, "evidence": "NK cells highly expressed KLRF1, KLRC1 and KLRD1. CD8+ T cells expressed CD8A and CD8B.", "line": 130, "relation": "positiveCorrelation", "subject": {"effect": {"fromLoc": {"name": "intracellular", "namespace": "bel"}, "toLoc": {"name": "cell surface", "namespace": "bel"}}, "modifier": "Translocation"}}
p(HGNC:CXCL10)	positiveCorrelation	a(TAX:"Severe acute respiratory syndrome coronavirus 2")	{"annotations": {"Custom_Disease": {"COVID-19": true}, "MeSHAnatomy": {"Lung": true}, "PublicationStatus": {"Preprint": true}, "PublicationType": {"Research": true}, "Section": {"Results": true}, "Species": {"9606": true}}, "citation": {"db": "DOI", "db_id": "10.1101/2020.02.23.20026690"}, "evidence": "Group 1 expressed S100A8, S100A9, VCAN, FCN1, CD14, SELL associated with inflammatory monocytes. Group 2 expressed chemokines CCL2, CCL3, CCL4, CXCL9, CXCL10, CXCL11 and ISGs APOBEC3A, ISG15, ISG20, GBP1, ITITM3, MX1, etc.", "line": 96, "relation": "positiveCorrelation"}
p(HGNC:CXCL11)	positiveCorrelation	a(TAX:"Severe acute respiratory syndrome coronavirus 2")	{"annotations": {"Custom_Disease": {"COVID-19": true}, "MeSHAnatomy": {"Lung": true}, "PublicationStatus": {"Preprint": true}, "PublicationType": {"Research": true}, "Section": {"Results": true}, "Species": {"9606": true}}, "citation": {"db": "DOI", "db_id": "10.1101/2020.02.23.20026690"}, "evidence": "Group 1 expressed S100A8, S100A9, VCAN, FCN1, CD14, SELL associated with inflammatory monocytes. Group 2 expressed chemokines CCL2, CCL3, CCL4, CXCL9, CXCL10, CXCL11 and ISGs APOBEC3A, ISG15, ISG20, GBP1, ITITM3, MX1, etc.", "line": 97, "relation": "positiveCorrelation"}
p(HGNC:CXCL9)	positiveCorrelation	a(TAX:"Severe acute respiratory syndrome coronavirus 2")	{"annotations": {"Custom_Disease": {"COVID-19": true}, "MeSHAnatomy": {"Lung": true}, "PublicationStatus": {"Preprint": true}, "PublicationType": {"Research": true}, "Section": {"Results": true}, "Species": {"9606": true}}, "citation": {"db": "DOI", "db_id": "10.1101/2020.02.23.20026690"}, "evidence": "Group 1 expressed S100A8, S100A9, VCAN, FCN1, CD14, SELL associated with inflammatory monocytes. Group 2 expressed chemokines CCL2, CCL3, CCL4, CXCL9, CXCL10, CXCL11 and ISGs APOBEC3A, ISG15, ISG20, GBP1, ITITM3, MX1, etc.", "line": 95, "relation": "positiveCorrelation"}
surf(p(HGNC:CXCR6))	positiveCorrelation	a(MESH:"CD8-Positive T-Lymphocytes")	{"annotations": {"Assay": {"gene expression analysis": true}, "Custom_Disease": {"COVID-19": true}, "PublicationStatus": {"Preprint": true}, "PublicationType": {"Research": true}, "Section": {"Results": true}, "Species": {"9606": true}}, "citation": {"db": "DOI", "db_id": "10.1101/2020.02.23.20026690"}, "evidence": "GEX analysis showed that CD8+ T cells expressed high levels of effector molecules, including GZMA, GZMK, FASLG, CCL5, etc., and resident T cell markers ITGA1, CXCR6, JAML, etc., likely played crucial roles in immune defense (Figure S4).", "line": 146, "relation": "positiveCorrelation", "subject": {"effect": {"fromLoc": {"name": "intracellular", "namespace": "bel"}, "toLoc": {"name": "cell surface", "namespace": "bel"}}, "modifier": "Translocation"}}
p(HGNC:FABP4)	positiveCorrelation	a(TAX:"Severe acute respiratory syndrome coronavirus 2")	{"annotations": {"Custom_Disease": {"COVID-19": true}, "Disease_Stage": {"severe": true}, "PublicationStatus": {"Preprint": true}, "PublicationType": {"Research": true}, "Section": {"Results": true}, "Species": {"9606": true}}, "citation": {"db": "DOI", "db_id": "10.1101/2020.02.23.20026690"}, "evidence": "We further confirmed that FCN1 was preferentially expressed by individual controls and mild COVID-19 patients, while SPP1 and FABP4 were highly expressed by severe COVID-19 patients (Figure 2E).", "line": 78, "relation": "positiveCorrelation"}
p(HGNC:FABP4)	positiveCorrelation	a(TAX:"Severe acute respiratory syndrome coronavirus 2")	{"annotations": {"Custom_Disease": {"COVID-19": true}, "MeSHAnatomy": {"Lung": true}, "PublicationStatus": {"Preprint": true}, "PublicationType": {"Research": true}, "Section": {"Results": true}, "Species": {"9606": true}}, "citation": {"db": "DOI", "db_id": "10.1101/2020.02.23.20026690"}, "evidence": "Group 3 expressed immune regulatory genes A2M, GPR183, CCL13 etc. and pro-fibrotic genes TREM2, TGFB1, SPP1. Group 4 expressed typical AM genes, such as FABP4, FABP5, INHBA, MACRO, TFRC, MRC1, etc.", "line": 116, "relation": "positiveCorrelation"}
p(HGNC:FABP5)	positiveCorrelation	a(TAX:"Severe acute respiratory syndrome coronavirus 2")	{"annotations": {"Custom_Disease": {"COVID-19": true}, "MeSHAnatomy": {"Lung": true}, "PublicationStatus": {"Preprint": true}, "PublicationType": {"Research": true}, "Section": {"Results": true}, "Species": {"9606": true}}, "citation": {"db": "DOI", "db_id": "10.1101/2020.02.23.20026690"}, "evidence": "Group 3 expressed immune regulatory genes A2M, GPR183, CCL13 etc. and pro-fibrotic genes TREM2, TGFB1, SPP1. Group 4 expressed typical AM genes, such as FABP4, FABP5, INHBA, MACRO, TFRC, MRC1, etc.", "line": 117, "relation": "positiveCorrelation"}
surf(p(HGNC:FASLG))	positiveCorrelation	a(MESH:"CD8-Positive T-Lymphocytes")	{"annotations": {"Assay": {"gene expression analysis": true}, "Custom_Disease": {"COVID-19": true}, "PublicationStatus": {"Preprint": true}, "PublicationType": {"Research": true}, "Section": {"Results": true}, "Species": {"9606": true}}, "citation": {"db": "DOI", "db_id": "10.1101/2020.02.23.20026690"}, "evidence": "GEX analysis showed that CD8+ T cells expressed high levels of effector molecules, including GZMA, GZMK, FASLG, CCL5, etc., and resident T cell markers ITGA1, CXCR6, JAML, etc., likely played crucial roles in immune defense (Figure S4).", "line": 143, "relation": "positiveCorrelation", "subject": {"effect": {"fromLoc": {"name": "intracellular", "namespace": "bel"}, "toLoc": {"name": "cell surface", "namespace": "bel"}}, "modifier": "Translocation"}}
p(HGNC:FCN1)	positiveCorrelation	a(TAX:"Severe acute respiratory syndrome coronavirus 2")	{"annotations": {"Custom_Disease": {"COVID-19": true}, "Disease_Stage": {"mild": true}, "PublicationStatus": {"Preprint": true}, "PublicationType": {"Research": true}, "Section": {"Results": true}, "Species": {"9606": true}}, "citation": {"db": "DOI", "db_id": "10.1101/2020.02.23.20026690"}, "evidence": "We further confirmed that FCN1 was preferentially expressed by individual controls and mild COVID-19 patients, while SPP1 and FABP4 were highly expressed by severe COVID-19 patients (Figure 2E).", "line": 74, "relation": "positiveCorrelation"}
p(HGNC:FCN1)	positiveCorrelation	a(TAX:"Severe acute respiratory syndrome coronavirus 2")	{"annotations": {"Custom_Disease": {"COVID-19": true}, "MeSHAnatomy": {"Lung": true}, "PublicationStatus": {"Preprint": true}, "PublicationType": {"Research": true}, "Section": {"Results": true}, "Species": {"9606": true}}, "citation": {"db": "DOI", "db_id": "10.1101/2020.02.23.20026690"}, "evidence": "Group 1 expressed S100A8, S100A9, VCAN, FCN1, CD14, SELL associated with inflammatory monocytes. Group 2 expressed chemokines CCL2, CCL3, CCL4, CXCL9, CXCL10, CXCL11 and ISGs APOBEC3A, ISG15, ISG20, GBP1, ITITM3, MX1, etc.", "line": 88, "relation": "positiveCorrelation"}
p(HGNC:GBP1)	positiveCorrelation	a(TAX:"Severe acute respiratory syndrome coronavirus 2")	{"annotations": {"Custom_Disease": {"COVID-19": true}, "MeSHAnatomy": {"Lung": true}, "PublicationStatus": {"Preprint": true}, "PublicationType": {"Research": true}, "Section": {"Results": true}, "Species": {"9606": true}}, "citation": {"db": "DOI", "db_id": "10.1101/2020.02.23.20026690"}, "evidence": "Group 1 expressed S100A8, S100A9, VCAN, FCN1, CD14, SELL associated with inflammatory monocytes. Group 2 expressed chemokines CCL2, CCL3, CCL4, CXCL9, CXCL10, CXCL11 and ISGs APOBEC3A, ISG15, ISG20, GBP1, ITITM3, MX1, etc.", "line": 101, "relation": "positiveCorrelation"}
p(HGNC:GPR183)	positiveCorrelation	a(TAX:"Severe acute respiratory syndrome coronavirus 2")	{"annotations": {"Custom_Disease": {"COVID-19": true}, "MeSHAnatomy": {"Lung": true}, "PublicationStatus": {"Preprint": true}, "PublicationType": {"Research": true}, "Section": {"Results": true}, "Species": {"9606": true}}, "citation": {"db": "DOI", "db_id": "10.1101/2020.02.23.20026690"}, "evidence": "Group 3 expressed immune regulatory genes A2M, GPR183, CCL13 etc. and pro-fibrotic genes TREM2, TGFB1, SPP1. Group 4 expressed typical AM genes, such as FABP4, FABP5, INHBA, MACRO, TFRC, MRC1, etc.", "line": 110, "relation": "positiveCorrelation"}
surf(p(HGNC:GZMA))	positiveCorrelation	a(MESH:"CD8-Positive T-Lymphocytes")	{"annotations": {"Assay": {"gene expression analysis": true}, "Custom_Disease": {"COVID-19": true}, "PublicationStatus": {"Preprint": true}, "PublicationType": {"Research": true}, "Section": {"Results": true}, "Species": {"9606": true}}, "citation": {"db": "DOI", "db_id": "10.1101/2020.02.23.20026690"}, "evidence": "GEX analysis showed that CD8+ T cells expressed high levels of effector molecules, including GZMA, GZMK, FASLG, CCL5, etc., and resident T cell markers ITGA1, CXCR6, JAML, etc., likely played crucial roles in immune defense (Figure S4).", "line": 141, "relation": "positiveCorrelation", "subject": {"effect": {"fromLoc": {"name": "intracellular", "namespace": "bel"}, "toLoc": {"name": "cell surface", "namespace": "bel"}}, "modifier": "Translocation"}}
surf(p(HGNC:GZMK))	positiveCorrelation	a(MESH:"CD8-Positive T-Lymphocytes")	{"annotations": {"Assay": {"gene expression analysis": true}, "Custom_Disease": {"COVID-19": true}, "PublicationStatus": {"Preprint": true}, "PublicationType": {"Research": true}, "Section": {"Results": true}, "Species": {"9606": true}}, "citation": {"db": "DOI", "db_id": "10.1101/2020.02.23.20026690"}, "evidence": "GEX analysis showed that CD8+ T cells expressed high levels of effector molecules, including GZMA, GZMK, FASLG, CCL5, etc., and resident T cell markers ITGA1, CXCR6, JAML, etc., likely played crucial roles in immune defense (Figure S4).", "line": 142, "relation": "positiveCorrelation", "subject": {"effect": {"fromLoc": {"name": "intracellular", "namespace": "bel"}, "toLoc": {"name": "cell surface", "namespace": "bel"}}, "modifier": "Translocation"}}
p(HGNC:IFITM3)	positiveCorrelation	a(TAX:"Severe acute respiratory syndrome coronavirus 2")	{"annotations": {"Custom_Disease": {"COVID-19": true}, "MeSHAnatomy": {"Lung": true}, "PublicationStatus": {"Preprint": true}, "PublicationType": {"Research": true}, "Section": {"Results": true}, "Species": {"9606": true}}, "citation": {"db": "DOI", "db_id": "10.1101/2020.02.23.20026690"}, "evidence": "Group 1 expressed S100A8, S100A9, VCAN, FCN1, CD14, SELL associated with inflammatory monocytes. Group 2 expressed chemokines CCL2, CCL3, CCL4, CXCL9, CXCL10, CXCL11 and ISGs APOBEC3A, ISG15, ISG20, GBP1, ITITM3, MX1, etc.", "line": 102, "relation": "positiveCorrelation"}
p(HGNC:INHBA)	positiveCorrelation	a(TAX:"Severe acute respiratory syndrome coronavirus 2")	{"annotations": {"Custom_Disease": {"COVID-19": true}, "MeSHAnatomy": {"Lung": true}, "PublicationStatus": {"Preprint": true}, "PublicationType": {"Research": true}, "Section": {"Results": true}, "Species": {"9606": true}}, "citation": {"db": "DOI", "db_id": "10.1101/2020.02.23.20026690"}, "evidence": "Group 3 expressed immune regulatory genes A2M, GPR183, CCL13 etc. and pro-fibrotic genes TREM2, TGFB1, SPP1. Group 4 expressed typical AM genes, such as FABP4, FABP5, INHBA, MACRO, TFRC, MRC1, etc.", "line": 118, "relation": "positiveCorrelation"}
p(HGNC:ISG15)	positiveCorrelation	a(TAX:"Severe acute respiratory syndrome coronavirus 2")	{"annotations": {"Custom_Disease": {"COVID-19": true}, "MeSHAnatomy": {"Lung": true}, "PublicationStatus": {"Preprint": true}, "PublicationType": {"Research": true}, "Section": {"Results": true}, "Species": {"9606": true}}, "citation": {"db": "DOI", "db_id": "10.1101/2020.02.23.20026690"}, "evidence": "Group 1 expressed S100A8, S100A9, VCAN, FCN1, CD14, SELL associated with inflammatory monocytes. Group 2 expressed chemokines CCL2, CCL3, CCL4, CXCL9, CXCL10, CXCL11 and ISGs APOBEC3A, ISG15, ISG20, GBP1, ITITM3, MX1, etc.", "line": 99, "relation": "positiveCorrelation"}
p(HGNC:ISG20)	positiveCorrelation	a(TAX:"Severe acute respiratory syndrome coronavirus 2")	{"annotations": {"Custom_Disease": {"COVID-19": true}, "MeSHAnatomy": {"Lung": true}, "PublicationStatus": {"Preprint": true}, "PublicationType": {"Research": true}, "Section": {"Results": true}, "Species": {"9606": true}}, "citation": {"db": "DOI", "db_id": "10.1101/2020.02.23.20026690"}, "evidence": "Group 1 expressed S100A8, S100A9, VCAN, FCN1, CD14, SELL associated with inflammatory monocytes. Group 2 expressed chemokines CCL2, CCL3, CCL4, CXCL9, CXCL10, CXCL11 and ISGs APOBEC3A, ISG15, ISG20, GBP1, ITITM3, MX1, etc.", "line": 100, "relation": "positiveCorrelation"}
surf(p(HGNC:ITGA1))	positiveCorrelation	a(MESH:"CD8-Positive T-Lymphocytes")	{"annotations": {"Assay": {"gene expression analysis": true}, "Custom_Disease": {"COVID-19": true}, "PublicationStatus": {"Preprint": true}, "PublicationType": {"Research": true}, "Section": {"Results": true}, "Species": {"9606": true}}, "citation": {"db": "DOI", "db_id": "10.1101/2020.02.23.20026690"}, "evidence": "GEX analysis showed that CD8+ T cells expressed high levels of effector molecules, including GZMA, GZMK, FASLG, CCL5, etc., and resident T cell markers ITGA1, CXCR6, JAML, etc., likely played crucial roles in immune defense (Figure S4).", "line": 145, "relation": "positiveCorrelation", "subject": {"effect": {"fromLoc": {"name": "intracellular", "namespace": "bel"}, "toLoc": {"name": "cell surface", "namespace": "bel"}}, "modifier": "Translocation"}}
surf(p(HGNC:JAML))	positiveCorrelation	a(MESH:"CD8-Positive T-Lymphocytes")	{"annotations": {"Assay": {"gene expression analysis": true}, "Custom_Disease": {"COVID-19": true}, "PublicationStatus": {"Preprint": true}, "PublicationType": {"Research": true}, "Section": {"Results": true}, "Species": {"9606": true}}, "citation": {"db": "DOI", "db_id": "10.1101/2020.02.23.20026690"}, "evidence": "GEX analysis showed that CD8+ T cells expressed high levels of effector molecules, including GZMA, GZMK, FASLG, CCL5, etc., and resident T cell markers ITGA1, CXCR6, JAML, etc., likely played crucial roles in immune defense (Figure S4).", "line": 147, "relation": "positiveCorrelation", "subject": {"effect": {"fromLoc": {"name": "intracellular", "namespace": "bel"}, "toLoc": {"name": "cell surface", "namespace": "bel"}}, "modifier": "Translocation"}}
surf(p(HGNC:KLRC1))	positiveCorrelation	a(MESH:"Killer Cells, Natural")	{"annotations": {"Custom_Disease": {"COVID-19": true}, "PublicationStatus": {"Preprint": true}, "PublicationType": {"Research": true}, "Section": {"Results": true}, "Species": {"9606": true}}, "citation": {"db": "DOI", "db_id": "10.1101/2020.02.23.20026690"}, "evidence": "NK cells highly expressed KLRF1, KLRC1 and KLRD1. CD8+ T cells expressed CD8A and CD8B.", "line": 127, "relation": "positiveCorrelation", "subject": {"effect": {"fromLoc": {"name": "intracellular", "namespace": "bel"}, "toLoc": {"name": "cell surface", "namespace": "bel"}}, "modifier": "Translocation"}}
surf(p(HGNC:KLRD1))	positiveCorrelation	a(MESH:"Killer Cells, Natural")	{"annotations": {"Custom_Disease": {"COVID-19": true}, "PublicationStatus": {"Preprint": true}, "PublicationType": {"Research": true}, "Section": {"Results": true}, "Species": {"9606": true}}, "citation": {"db": "DOI", "db_id": "10.1101/2020.02.23.20026690"}, "evidence": "NK cells highly expressed KLRF1, KLRC1 and KLRD1. CD8+ T cells expressed CD8A and CD8B.", "line": 128, "relation": "positiveCorrelation", "subject": {"effect": {"fromLoc": {"name": "intracellular", "namespace": "bel"}, "toLoc": {"name": "cell surface", "namespace": "bel"}}, "modifier": "Translocation"}}
surf(p(HGNC:KLRF1))	positiveCorrelation	a(MESH:"Killer Cells, Natural")	{"annotations": {"Custom_Disease": {"COVID-19": true}, "PublicationStatus": {"Preprint": true}, "PublicationType": {"Research": true}, "Section": {"Results": true}, "Species": {"9606": true}}, "citation": {"db": "DOI", "db_id": "10.1101/2020.02.23.20026690"}, "evidence": "NK cells highly expressed KLRF1, KLRC1 and KLRD1. CD8+ T cells expressed CD8A and CD8B.", "line": 126, "relation": "positiveCorrelation", "subject": {"effect": {"fromLoc": {"name": "intracellular", "namespace": "bel"}, "toLoc": {"name": "cell surface", "namespace": "bel"}}, "modifier": "Translocation"}}
p(HGNC:MACROD1)	positiveCorrelation	a(TAX:"Severe acute respiratory syndrome coronavirus 2")	{"annotations": {"Custom_Disease": {"COVID-19": true}, "MeSHAnatomy": {"Lung": true}, "PublicationStatus": {"Preprint": true}, "PublicationType": {"Research": true}, "Section": {"Results": true}, "Species": {"9606": true}}, "citation": {"db": "DOI", "db_id": "10.1101/2020.02.23.20026690"}, "evidence": "Group 3 expressed immune regulatory genes A2M, GPR183, CCL13 etc. and pro-fibrotic genes TREM2, TGFB1, SPP1. Group 4 expressed typical AM genes, such as FABP4, FABP5, INHBA, MACRO, TFRC, MRC1, etc.", "line": 119, "relation": "positiveCorrelation"}
p(HGNC:MRC1)	positiveCorrelation	a(TAX:"Severe acute respiratory syndrome coronavirus 2")	{"annotations": {"Custom_Disease": {"COVID-19": true}, "MeSHAnatomy": {"Lung": true}, "PublicationStatus": {"Preprint": true}, "PublicationType": {"Research": true}, "Section": {"Results": true}, "Species": {"9606": true}}, "citation": {"db": "DOI", "db_id": "10.1101/2020.02.23.20026690"}, "evidence": "Group 3 expressed immune regulatory genes A2M, GPR183, CCL13 etc. and pro-fibrotic genes TREM2, TGFB1, SPP1. Group 4 expressed typical AM genes, such as FABP4, FABP5, INHBA, MACRO, TFRC, MRC1, etc.", "line": 121, "relation": "positiveCorrelation"}
p(HGNC:MX1)	positiveCorrelation	a(TAX:"Severe acute respiratory syndrome coronavirus 2")	{"annotations": {"Custom_Disease": {"COVID-19": true}, "MeSHAnatomy": {"Lung": true}, "PublicationStatus": {"Preprint": true}, "PublicationType": {"Research": true}, "Section": {"Results": true}, "Species": {"9606": true}}, "citation": {"db": "DOI", "db_id": "10.1101/2020.02.23.20026690"}, "evidence": "Group 1 expressed S100A8, S100A9, VCAN, FCN1, CD14, SELL associated with inflammatory monocytes. Group 2 expressed chemokines CCL2, CCL3, CCL4, CXCL9, CXCL10, CXCL11 and ISGs APOBEC3A, ISG15, ISG20, GBP1, ITITM3, MX1, etc.", "line": 103, "relation": "positiveCorrelation"}
p(HGNC:S100A8)	positiveCorrelation	a(TAX:"Severe acute respiratory syndrome coronavirus 2")	{"annotations": {"Custom_Disease": {"COVID-19": true}, "MeSHAnatomy": {"Lung": true}, "PublicationStatus": {"Preprint": true}, "PublicationType": {"Research": true}, "Section": {"Results": true}, "Species": {"9606": true}}, "citation": {"db": "DOI", "db_id": "10.1101/2020.02.23.20026690"}, "evidence": "Group 1 expressed S100A8, S100A9, VCAN, FCN1, CD14, SELL associated with inflammatory monocytes. Group 2 expressed chemokines CCL2, CCL3, CCL4, CXCL9, CXCL10, CXCL11 and ISGs APOBEC3A, ISG15, ISG20, GBP1, ITITM3, MX1, etc.", "line": 85, "relation": "positiveCorrelation"}
p(HGNC:S100A9)	positiveCorrelation	a(TAX:"Severe acute respiratory syndrome coronavirus 2")	{"annotations": {"Custom_Disease": {"COVID-19": true}, "MeSHAnatomy": {"Lung": true}, "PublicationStatus": {"Preprint": true}, "PublicationType": {"Research": true}, "Section": {"Results": true}, "Species": {"9606": true}}, "citation": {"db": "DOI", "db_id": "10.1101/2020.02.23.20026690"}, "evidence": "Group 1 expressed S100A8, S100A9, VCAN, FCN1, CD14, SELL associated with inflammatory monocytes. Group 2 expressed chemokines CCL2, CCL3, CCL4, CXCL9, CXCL10, CXCL11 and ISGs APOBEC3A, ISG15, ISG20, GBP1, ITITM3, MX1, etc.", "line": 86, "relation": "positiveCorrelation"}
p(HGNC:SELL)	positiveCorrelation	a(TAX:"Severe acute respiratory syndrome coronavirus 2")	{"annotations": {"Custom_Disease": {"COVID-19": true}, "MeSHAnatomy": {"Lung": true}, "PublicationStatus": {"Preprint": true}, "PublicationType": {"Research": true}, "Section": {"Results": true}, "Species": {"9606": true}}, "citation": {"db": "DOI", "db_id": "10.1101/2020.02.23.20026690"}, "evidence": "Group 1 expressed S100A8, S100A9, VCAN, FCN1, CD14, SELL associated with inflammatory monocytes. Group 2 expressed chemokines CCL2, CCL3, CCL4, CXCL9, CXCL10, CXCL11 and ISGs APOBEC3A, ISG15, ISG20, GBP1, ITITM3, MX1, etc.", "line": 90, "relation": "positiveCorrelation"}
p(HGNC:SPP1)	positiveCorrelation	a(TAX:"Severe acute respiratory syndrome coronavirus 2")	{"annotations": {"Custom_Disease": {"COVID-19": true}, "Disease_Stage": {"severe": true}, "PublicationStatus": {"Preprint": true}, "PublicationType": {"Research": true}, "Section": {"Results": true}, "Species": {"9606": true}}, "citation": {"db": "DOI", "db_id": "10.1101/2020.02.23.20026690"}, "evidence": "We further confirmed that FCN1 was preferentially expressed by individual controls and mild COVID-19 patients, while SPP1 and FABP4 were highly expressed by severe COVID-19 patients (Figure 2E).", "line": 77, "relation": "positiveCorrelation"}
p(HGNC:SPP1)	positiveCorrelation	a(TAX:"Severe acute respiratory syndrome coronavirus 2")	{"annotations": {"Custom_Disease": {"COVID-19": true}, "MeSHAnatomy": {"Lung": true}, "PublicationStatus": {"Preprint": true}, "PublicationType": {"Research": true}, "Section": {"Results": true}, "Species": {"9606": true}}, "citation": {"db": "DOI", "db_id": "10.1101/2020.02.23.20026690"}, "evidence": "Group 3 expressed immune regulatory genes A2M, GPR183, CCL13 etc. and pro-fibrotic genes TREM2, TGFB1, SPP1. Group 4 expressed typical AM genes, such as FABP4, FABP5, INHBA, MACRO, TFRC, MRC1, etc.", "line": 114, "relation": "positiveCorrelation"}
p(HGNC:TFRC)	positiveCorrelation	a(TAX:"Severe acute respiratory syndrome coronavirus 2")	{"annotations": {"Custom_Disease": {"COVID-19": true}, "MeSHAnatomy": {"Lung": true}, "PublicationStatus": {"Preprint": true}, "PublicationType": {"Research": true}, "Section": {"Results": true}, "Species": {"9606": true}}, "citation": {"db": "DOI", "db_id": "10.1101/2020.02.23.20026690"}, "evidence": "Group 3 expressed immune regulatory genes A2M, GPR183, CCL13 etc. and pro-fibrotic genes TREM2, TGFB1, SPP1. Group 4 expressed typical AM genes, such as FABP4, FABP5, INHBA, MACRO, TFRC, MRC1, etc.", "line": 120, "relation": "positiveCorrelation"}
p(HGNC:TGFB1)	positiveCorrelation	a(TAX:"Severe acute respiratory syndrome coronavirus 2")	{"annotations": {"Custom_Disease": {"COVID-19": true}, "MeSHAnatomy": {"Lung": true}, "PublicationStatus": {"Preprint": true}, "PublicationType": {"Research": true}, "Section": {"Results": true}, "Species": {"9606": true}}, "citation": {"db": "DOI", "db_id": "10.1101/2020.02.23.20026690"}, "evidence": "Group 3 expressed immune regulatory genes A2M, GPR183, CCL13 etc. and pro-fibrotic genes TREM2, TGFB1, SPP1. Group 4 expressed typical AM genes, such as FABP4, FABP5, INHBA, MACRO, TFRC, MRC1, etc.", "line": 113, "relation": "positiveCorrelation"}
p(HGNC:TREM2)	positiveCorrelation	a(TAX:"Severe acute respiratory syndrome coronavirus 2")	{"annotations": {"Custom_Disease": {"COVID-19": true}, "MeSHAnatomy": {"Lung": true}, "PublicationStatus": {"Preprint": true}, "PublicationType": {"Research": true}, "Section": {"Results": true}, "Species": {"9606": true}}, "citation": {"db": "DOI", "db_id": "10.1101/2020.02.23.20026690"}, "evidence": "Group 3 expressed immune regulatory genes A2M, GPR183, CCL13 etc. and pro-fibrotic genes TREM2, TGFB1, SPP1. Group 4 expressed typical AM genes, such as FABP4, FABP5, INHBA, MACRO, TFRC, MRC1, etc.", "line": 112, "relation": "positiveCorrelation"}
p(HGNC:VCAN)	positiveCorrelation	a(TAX:"Severe acute respiratory syndrome coronavirus 2")	{"annotations": {"Custom_Disease": {"COVID-19": true}, "MeSHAnatomy": {"Lung": true}, "PublicationStatus": {"Preprint": true}, "PublicationType": {"Research": true}, "Section": {"Results": true}, "Species": {"9606": true}}, "citation": {"db": "DOI", "db_id": "10.1101/2020.02.23.20026690"}, "evidence": "Group 1 expressed S100A8, S100A9, VCAN, FCN1, CD14, SELL associated with inflammatory monocytes. Group 2 expressed chemokines CCL2, CCL3, CCL4, CXCL9, CXCL10, CXCL11 and ISGs APOBEC3A, ISG15, ISG20, GBP1, ITITM3, MX1, etc.", "line": 87, "relation": "positiveCorrelation"}
