a(MESH:"Killer Cells, Natural")	increases	p(HGNC:IFNG)	{"annotations": {"PublicationStatus": {"Preprint": true}, "PublicationType": {"Research": true}, "Section": {"Results": true}, "Species": {"9606": true}}, "citation": {"db": "DOI", "db_id": "doi:10.20944/preprints202003.0206.v1"}, "evidence": "Considering the immunologic differences between adults and children, the IFN-\u03b3 induction by NK cells are higher in adults but has a lower threshold in children (11,37).", "line": 95, "relation": "increases"}
a(TAX:"Severe acute respiratory syndrome-related coronavirus")	partOf	complex(a(TAX:"Severe acute respiratory syndrome-related coronavirus"), p(HGNC:ISG15))	{"relation": "partOf"}
a(TAX:"Severe acute respiratory syndrome-related coronavirus")	increases	bp(GO:"type I interferon signaling pathway")	{"annotations": {"PublicationStatus": {"Preprint": true}, "PublicationType": {"Research": true}, "Section": {"Results": true}, "Species": {"9606": true}}, "citation": {"db": "DOI", "db_id": "doi:10.20944/preprints202003.0206.v1"}, "evidence": "Several studies revealed that CoV implements some strategies to evade the immune response by antagonizing the arms of IFN signaling pathway (32).In this regard, Frieman et al. indicated that SARS-CoV ORF6 protein blocks the expression of STAT1-activated genes and finally acts as an IFN antagonist (33).", "line": 78, "relation": "increases"}
a(TAX:"Severe acute respiratory syndrome-related coronavirus")	increases	bp(GO:"innate immune response")	{"annotations": {"PublicationStatus": {"Preprint": true}, "PublicationType": {"Research": true}, "Section": {"Results": true}, "Species": {"9606": true}}, "citation": {"db": "DOI", "db_id": "doi:10.20944/preprints202003.0206.v1"}, "evidence": "It was concluded that the immune response of SARS-affected patients is mainly innate immune response rather than specific antiviral responses.", "line": 99, "relation": "increases"}
bp(GO:"type I interferon signaling pathway")	decreases	bp(GO:"viral genome replication")	{"annotations": {"PublicationStatus": {"Preprint": true}, "PublicationType": {"Research": true}, "Section": {"Results": true}, "Species": {"9606": true}}, "citation": {"db": "DOI", "db_id": "doi:10.20944/preprints202003.0206.v1"}, "evidence": "Thus, it can be concluded that a delayed IFN-related antiviral response could debilitate the host immunity to inhibit rapid virus replication at the early stages of infection.", "line": 103, "relation": "decreases"}
bp(GO:"type I interferon signaling pathway")	decreases	bp(GO:"viral genome replication")	{"annotations": {"PublicationStatus": {"Preprint": true}, "PublicationType": {"Research": true}, "Section": {"Results": true}, "Species": {"9606": true}}, "citation": {"db": "DOI", "db_id": "doi:10.20944/preprints202003.0206.v1"}, "evidence": "A combination of type I IFN and either IFN-\u03b3 or IFN-\u03bb, was shown to synergistically inhibit the virus replication in vitro (40,53,54).", "line": 125, "relation": "decreases"}
bp(GO:"type I interferon signaling pathway")	regulates	p(HGNC:STAT1)	{"annotations": {"PublicationStatus": {"Preprint": true}, "PublicationType": {"Research": true}, "Section": {"Results": true}, "Species": {"9606": true}}, "citation": {"db": "DOI", "db_id": "doi:10.20944/preprints202003.0206.v1"}, "evidence": "This immune system inhibition might happen through affecting STAT1 and other important discussed proteins or some other strategies that CoV implement to antagonize IFN signaling (31), which finally compromises effective IFN mediated antiviral immune responses.", "line": 107, "relation": "regulates"}
complex(a(TAX:"Severe acute respiratory syndrome-related coronavirus"), p(HGNC:ISG15))	decreases	bp(GO:"type I interferon signaling pathway")	{"annotations": {"PublicationStatus": {"Preprint": true}, "PublicationType": {"Research": true}, "Section": {"Results": true}, "Species": {"9606": true}}, "citation": {"db": "DOI", "db_id": "doi:10.20944/preprints202003.0206.v1"}, "evidence": "Daczkowski et al. demonstrated that CoV could interact with IFNstimulated gene 15 (ISG15) and antagonize the IFN-mediated antiviral response (36).", "line": 91, "relation": "decreases"}
p(HGNC:ISG15)	partOf	complex(a(TAX:"Severe acute respiratory syndrome-related coronavirus"), p(HGNC:ISG15))	{"relation": "partOf"}
composite(p(HGNC:IFNA1), p(HGNC:IFNG))	increases	act(p(HGNC:IRF1))	{"annotations": {"PublicationStatus": {"Preprint": true}, "PublicationType": {"Research": true}, "Section": {"Results": true}, "Species": {"9606": true}}, "citation": {"db": "DOI", "db_id": "doi:10.20944/preprints202003.0206.v1"}, "evidence": "Another study, demonstrated that IFN-\u03b1 and -\u03b3 co-administration caused hyper-activated IRF-1 and STAT1, which finally led to a more robust antiviral symphony against virus replication (59).", "line": 130, "object": {"modifier": "Activity"}, "relation": "increases"}
composite(p(HGNC:IFNA1), p(HGNC:IFNG))	increases	act(p(HGNC:STAT1))	{"annotations": {"PublicationStatus": {"Preprint": true}, "PublicationType": {"Research": true}, "Section": {"Results": true}, "Species": {"9606": true}}, "citation": {"db": "DOI", "db_id": "doi:10.20944/preprints202003.0206.v1"}, "evidence": "Another study, demonstrated that IFN-\u03b1 and -\u03b3 co-administration caused hyper-activated IRF-1 and STAT1, which finally led to a more robust antiviral symphony against virus replication (59).", "line": 131, "object": {"modifier": "Activity"}, "relation": "increases"}
p(HGNC:IFNA1)	partOf	composite(p(HGNC:IFNA1), p(HGNC:IFNG))	{"relation": "partOf"}
p(HGNC:IFNA1)	decreases	bp(GO:"viral genome replication")	{"annotations": {"PublicationStatus": {"Preprint": true}, "PublicationType": {"Research": true}, "Section": {"Results": true}, "Species": {"9606": true}}, "citation": {"db": "DOI", "db_id": "doi:10.20944/preprints202003.0206.v1"}, "evidence": "A combination of type I IFN and either IFN-\u03b3 or IFN-\u03bb, was shown to synergistically inhibit the virus replication in vitro (40,53,54).", "line": 127, "relation": "decreases"}
p(HGNC:IFNG)	partOf	composite(p(HGNC:IFNA1), p(HGNC:IFNG))	{"relation": "partOf"}
p(HGNC:IFNG)	decreases	bp(GO:"viral genome replication")	{"annotations": {"PublicationStatus": {"Preprint": true}, "PublicationType": {"Research": true}, "Section": {"Results": true}, "Species": {"9606": true}}, "citation": {"db": "DOI", "db_id": "doi:10.20944/preprints202003.0206.v1"}, "evidence": "A combination of type I IFN and either IFN-\u03b3 or IFN-\u03bb, was shown to synergistically inhibit the virus replication in vitro (40,53,54).", "line": 126, "relation": "decreases"}
p(HGNC:IRF1)	decreases	bp(GO:"viral genome replication")	{"annotations": {"PublicationStatus": {"Preprint": true}, "PublicationType": {"Research": true}, "Section": {"Results": true}, "Species": {"9606": true}}, "citation": {"db": "DOI", "db_id": "doi:10.20944/preprints202003.0206.v1"}, "evidence": "Another study, demonstrated that IFN-\u03b1 and -\u03b3 co-administration caused hyper-activated IRF-1 and STAT1, which finally led to a more robust antiviral symphony against virus replication (59).", "line": 133, "relation": "decreases"}
p(HGNC:IRF3)	increases	p(HGNC:IFNB1)	{"annotations": {"PublicationStatus": {"Preprint": true}, "PublicationType": {"Research": true}, "Section": {"Results": true}, "Species": {"9606": true}}, "citation": {"db": "DOI", "db_id": "doi:10.20944/preprints202003.0206.v1"}, "evidence": "Yang and colleagues indicated that MERS-CoV ORF4b antagonizes the antiviral IFN-\u03b2 response by inhibiting IRF3 and IRF7 (34).", "line": 86, "relation": "increases"}
p(HGNC:IRF7)	increases	p(HGNC:IFNB1)	{"annotations": {"PublicationStatus": {"Preprint": true}, "PublicationType": {"Research": true}, "Section": {"Results": true}, "Species": {"9606": true}}, "citation": {"db": "DOI", "db_id": "doi:10.20944/preprints202003.0206.v1"}, "evidence": "Yang and colleagues indicated that MERS-CoV ORF4b antagonizes the antiviral IFN-\u03b2 response by inhibiting IRF3 and IRF7 (34).", "line": 87, "relation": "increases"}
p(HGNC:STAT1)	hasVariant	p(HGNC:STAT1, pmod(Ph))	{"relation": "hasVariant"}
p(HGNC:STAT1)	decreases	bp(GO:"viral genome replication")	{"annotations": {"PublicationStatus": {"Preprint": true}, "PublicationType": {"Research": true}, "Section": {"Results": true}, "Species": {"9606": true}}, "citation": {"db": "DOI", "db_id": "doi:10.20944/preprints202003.0206.v1"}, "evidence": "Another study, demonstrated that IFN-\u03b1 and -\u03b3 co-administration caused hyper-activated IRF-1 and STAT1, which finally led to a more robust antiviral symphony against virus replication (59).", "line": 132, "relation": "decreases"}
p(HGNC:STAT5A)	hasVariant	p(HGNC:STAT5A, pmod(Ph))	{"relation": "hasVariant"}
p(HGNC:TLR3)	increases	p(HGNC:IFNG)	{"annotations": {"PublicationStatus": {"Preprint": true}, "PublicationType": {"Research": true}, "Section": {"Results": true}, "Species": {"9606": true}}, "citation": {"db": "DOI", "db_id": "doi:10.20944/preprints202003.0206.v1"}, "evidence": "As another approach, the IFN level can be increased indirectly. Noteworthy, toll like receptor (TLR)3 activation, could induce these IFNs (61\u201364).", "line": 137, "relation": "increases"}
p(HGNC:TLR3)	increases	p(HGNC:IFNA1)	{"annotations": {"PublicationStatus": {"Preprint": true}, "PublicationType": {"Research": true}, "Section": {"Results": true}, "Species": {"9606": true}}, "citation": {"db": "DOI", "db_id": "doi:10.20944/preprints202003.0206.v1"}, "evidence": "As another approach, the IFN level can be increased indirectly. Noteworthy, toll like receptor (TLR)3 activation, could induce these IFNs (61\u201364).", "line": 138, "relation": "increases"}
p(UNIPROT:K9N643)	decreases	p(HGNC:IRF3)	{"annotations": {"PublicationStatus": {"Preprint": true}, "PublicationType": {"Research": true}, "Section": {"Results": true}, "Species": {"9606": true}}, "citation": {"db": "DOI", "db_id": "doi:10.20944/preprints202003.0206.v1"}, "evidence": "Yang and colleagues indicated that MERS-CoV ORF4b antagonizes the antiviral IFN-\u03b2 response by inhibiting IRF3 and IRF7 (34).", "line": 84, "relation": "decreases"}
p(UNIPROT:K9N643)	decreases	p(HGNC:IRF7)	{"annotations": {"PublicationStatus": {"Preprint": true}, "PublicationType": {"Research": true}, "Section": {"Results": true}, "Species": {"9606": true}}, "citation": {"db": "DOI", "db_id": "doi:10.20944/preprints202003.0206.v1"}, "evidence": "Yang and colleagues indicated that MERS-CoV ORF4b antagonizes the antiviral IFN-\u03b2 response by inhibiting IRF3 and IRF7 (34).", "line": 85, "relation": "decreases"}
p(UNIPROT:Q19QW5)	decreases	act(p(HGNC:STAT1))	{"annotations": {"PublicationStatus": {"Preprint": true}, "PublicationType": {"Research": true}, "Section": {"Results": true}, "Species": {"9606": true}}, "citation": {"db": "DOI", "db_id": "doi:10.20944/preprints202003.0206.v1"}, "evidence": "Several studies revealed that CoV implements some strategies to evade the immune response by antagonizing the arms of IFN signaling pathway (32).In this regard, Frieman et al. indicated that SARS-CoV ORF6 protein blocks the expression of STAT1-activated genes and finally acts as an IFN antagonist (33).", "line": 79, "object": {"modifier": "Activity"}, "relation": "decreases"}
p(UNIPROT:Q19QW5)	decreases	act(p(HGNC:STAT1))	{"annotations": {"PublicationStatus": {"Preprint": true}, "PublicationType": {"Research": true}, "Section": {"Results": true}, "Species": {"9606": true}}, "citation": {"db": "DOI", "db_id": "doi:10.20944/preprints202003.0206.v1"}, "evidence": "As mentioned above, SARS-CoV ORF6 protein antagonizes the function of STAT1.", "line": 121, "object": {"modifier": "Activity"}, "relation": "decreases"}
p(UNIPROT:Q19QW5)	decreases	bp(GO:"type I interferon signaling pathway")	{"annotations": {"PublicationStatus": {"Preprint": true}, "PublicationType": {"Research": true}, "Section": {"Results": true}, "Species": {"9606": true}}, "citation": {"db": "DOI", "db_id": "doi:10.20944/preprints202003.0206.v1"}, "evidence": "Several studies revealed that CoV implements some strategies to evade the immune response by antagonizing the arms of IFN signaling pathway (32).In this regard, Frieman et al. indicated that SARS-CoV ORF6 protein blocks the expression of STAT1-activated genes and finally acts as an IFN antagonist (33).", "line": 80, "relation": "decreases"}
path(DO:"COVID-19")	decreases	a(MESH:"T-Lymphocytes")	{"annotations": {"PublicationStatus": {"Preprint": true}, "PublicationType": {"Research": true}, "Section": {"Results": true}, "Species": {"9606": true}}, "citation": {"db": "DOI", "db_id": "doi:10.20944/preprints202003.0206.v1"}, "evidence": "This result is consistent with the recent study, which represented that the number of T cells in patients with COVID-19 were reduced and functionally exhausted, especially among elderly patients (\u226560) and in patients requiring Intensive Care Unit (ICU) (47).", "line": 111, "relation": "decreases"}
path(DO:"COVID-19")	increases	p(HGNC:STAT1, pmod(Ph))	{"annotations": {"MeSHAnatomy": {"CD4-Positive T-Lymphocytes": true}, "PublicationStatus": {"Preprint": true}, "PublicationType": {"Research": true}, "Section": {"Results": true}, "Species": {"9606": true}}, "citation": {"db": "DOI", "db_id": "doi:10.20944/preprints202003.0206.v1"}, "evidence": "Moreover, the phosphorylation of STAT1 and STAT5 was increased in the activated na\u00efve CD4+ T cells taken from young adults in order to lower their response threshold to type I IFN stimulation", "line": 115, "relation": "increases"}
path(DO:"COVID-19")	increases	p(HGNC:STAT5A, pmod(Ph))	{"annotations": {"MeSHAnatomy": {"CD4-Positive T-Lymphocytes": true}, "PublicationStatus": {"Preprint": true}, "PublicationType": {"Research": true}, "Section": {"Results": true}, "Species": {"9606": true}}, "citation": {"db": "DOI", "db_id": "doi:10.20944/preprints202003.0206.v1"}, "evidence": "Moreover, the phosphorylation of STAT1 and STAT5 was increased in the activated na\u00efve CD4+ T cells taken from young adults in order to lower their response threshold to type I IFN stimulation", "line": 116, "relation": "increases"}
