a(PUBCHEM:68748835)	decreases	p(COVID:S, frag("319_541"))	{"annotations": {"BioAssay": {"molecular docking": true}, "PublicationStatus": {"Preprint": true}, "PublicationType": {"Research": true}, "Section": {"Results": true}}, "citation": {"db": "DOI", "db_id": "10.20944/preprints202003.0466.v1"}, "evidence": "When ACE-2 and RBD were tested for UBR binding separately, a nearly similar result (Fig. 2B, i&ii) was obtained strongly indicating that UBR binding is predominantly driven by ACE-2. The estimated energy of binding supports this conclusion as RBD/UBR, ACE-2/UBR and RBD/ACE-2/UBR binding energies were estimated as -45.93 \u00b1 2.89, -50.19 \u00b1 4.32 and -72.16 \u00b1 4.09 kcal/mol (Table 1.0). By implication, UBR has the highest affinity for RBD/ACE-2 complex but can also bind to unoccupied receptor.", "line": 43, "relation": "decreases"}
a(PUBCHEM:68748835)	decreases	p(HGNC:ACE2)	{"annotations": {"BioAssay": {"molecular docking": true}, "PublicationStatus": {"Preprint": true}, "PublicationType": {"Research": true}, "Section": {"Results": true}}, "citation": {"db": "DOI", "db_id": "10.20944/preprints202003.0466.v1"}, "evidence": "When ACE-2 and RBD were tested for UBR binding separately, a nearly similar result (Fig. 2B, i&ii) was obtained strongly indicating that UBR binding is predominantly driven by ACE-2. The estimated energy of binding supports this conclusion as RBD/UBR, ACE-2/UBR and RBD/ACE-2/UBR binding energies were estimated as -45.93 \u00b1 2.89, -50.19 \u00b1 4.32 and -72.16 \u00b1 4.09 kcal/mol (Table 1.0). By implication, UBR has the highest affinity for RBD/ACE-2 complex but can also bind to unoccupied receptor.", "line": 44, "relation": "decreases"}
a(PUBCHEM:68748835)	decreases	p(HGNC:ACE2)	{"annotations": {"PublicationStatus": {"Preprint": true}, "PublicationType": {"Research": true}, "Section": {"Conclusion": true}}, "citation": {"db": "DOI", "db_id": "10.20944/preprints202003.0466.v1"}, "evidence": "The ability of ubrogepant to rupture the interaction at the RBD/ACE-2 interface residues of SARS-CoV-2 RBD/ACE-2 complex may result in loss of protein function with direct implication on oligomerization formation in RBD and loss of function in ACE-2 thus, making binding, cellular receptor recognition impossible.", "line": 55, "relation": "decreases"}
a(PUBCHEM:68748835)	decreases	complex(p(COVID:S, frag("319_541")), p(HGNC:ACE2))	{"annotations": {"BioAssay": {"molecular docking": true}, "PublicationStatus": {"Preprint": true}, "PublicationType": {"Research": true}, "Section": {"Results": true}}, "citation": {"db": "DOI", "db_id": "10.20944/preprints202003.0466.v1"}, "evidence": "When ACE-2 and RBD were tested for UBR binding separately, a nearly similar result (Fig. 2B, i&ii) was obtained strongly indicating that UBR binding is predominantly driven by ACE-2. The estimated energy of binding supports this conclusion as RBD/UBR, ACE-2/UBR and RBD/ACE-2/UBR binding energies were estimated as -45.93 \u00b1 2.89, -50.19 \u00b1 4.32 and -72.16 \u00b1 4.09 kcal/mol (Table 1.0). By implication, UBR has the highest affinity for RBD/ACE-2 complex but can also bind to unoccupied receptor.", "line": 45, "relation": "decreases"}
a(PUBCHEM:68748835)	decreases	complex(p(COVID:S, frag("319_541")), p(HGNC:ACE2))	{"annotations": {"PublicationStatus": {"Preprint": true}, "PublicationType": {"Research": true}, "Section": {"Conclusion": true}}, "citation": {"db": "DOI", "db_id": "10.20944/preprints202003.0466.v1"}, "evidence": "The ability of ubrogepant to rupture the interaction at the RBD/ACE-2 interface residues of SARS-CoV-2 RBD/ACE-2 complex may result in loss of protein function with direct implication on oligomerization formation in RBD and loss of function in ACE-2 thus, making binding, cellular receptor recognition impossible.", "line": 52, "relation": "decreases"}
a(PUBCHEM:68748835)	decreases	bp(GO:"protein oligomerization")	{"annotations": {"PublicationStatus": {"Preprint": true}, "PublicationType": {"Research": true}, "Section": {"Conclusion": true}}, "citation": {"db": "DOI", "db_id": "10.20944/preprints202003.0466.v1"}, "evidence": "The ability of ubrogepant to rupture the interaction at the RBD/ACE-2 interface residues of SARS-CoV-2 RBD/ACE-2 complex may result in loss of protein function with direct implication on oligomerization formation in RBD and loss of function in ACE-2 thus, making binding, cellular receptor recognition impossible.", "line": 54, "relation": "decreases"}
p(COVID:S, frag("319_541"))	partOf	complex(p(COVID:S, frag("319_541")), p(HGNC:ACE2))	{"relation": "partOf"}
p(COVID:S, frag("319_541"))	increases	bp(GO:"protein oligomerization")	{"annotations": {"PublicationStatus": {"Preprint": true}, "PublicationType": {"Research": true}, "Section": {"Conclusion": true}}, "citation": {"db": "DOI", "db_id": "10.20944/preprints202003.0466.v1"}, "evidence": "The ability of ubrogepant to rupture the interaction at the RBD/ACE-2 interface residues of SARS-CoV-2 RBD/ACE-2 complex may result in loss of protein function with direct implication on oligomerization formation in RBD and loss of function in ACE-2 thus, making binding, cellular receptor recognition impossible.", "line": 53, "relation": "increases"}
p(COVID:S)	hasVariant	p(COVID:S, frag("319_541"))	{"relation": "hasVariant"}
p(HGNC:ACE2)	partOf	complex(p(COVID:S, frag("319_541")), p(HGNC:ACE2))	{"relation": "partOf"}
