a(CHEBI:atazanavir)	partOf	complex(a(CHEBI:atazanavir), p(COVID:ORF1ab, frag("3264_3569")))	{"relation": "partOf"}
a(CHEBI:atazanavir)	partOf	composite(a(CHEBI:atazanavir), a(CHEBI:ritonavir))	{"relation": "partOf"}
a(CHEBI:atazanavir)	decreases	a(TAX:"Severe acute respiratory syndrome coronavirus 2")	{"annotations": {"Custom_CellLine": {"Vero E6 cell": true}, "PublicationStatus": {"Preprint": true}, "PublicationType": {"Research": true}, "Section": {"Results": true}}, "citation": {"db": "DOI", "db_id": "10.1101/2020.04.04.020925v2"}, "evidence": "ATV alone, or in combination with RTV, inhibited infectious virus production and SARS-CoV RNA levels in Vero cells (Figure 6A and B, respectively).", "line": 69, "relation": "decreases"}
a(CHEBI:atazanavir)	decreases	p(HGNC:IL6)	{"annotations": {"Concentration": {"1 \u03bcM": true}, "Custom_Disease": {"COVID-19": true}, "PublicationStatus": {"Preprint": true}, "PublicationType": {"Research": true}, "Section": {"Results": true}}, "citation": {"db": "DOI", "db_id": "10.1101/2020.04.04.020925v2"}, "evidence": "Moreover, we observed that infections by SARS-CoV-2 triggered the expected increase in the IL-6 levels in the culture supernatant, which ranged from 20- to 60-fold depending on the cell donor (Figure 7C, open circles in nil-treated cells). The virus-induced enhancement of IL-6 levels were significantly prevented by treatment with ATV at 10 \u00b5M, ATV/RTV at both 1 and 10 \u00b5M and CQ at 10 \u00b5M (Figure 7C).", "line": 101, "relation": "decreases"}
a(CHEBI:chloroquine)	decreases	bp(MESH:"Virus Replication")	{"annotations": {"CellLine": {"A549 cell": true}, "Custom_CellLine": {"Vero E6 cell": true}, "PublicationStatus": {"Preprint": true}, "PublicationType": {"Research": true}, "Section": {"Results": true}}, "citation": {"db": "DOI", "db_id": "10.1101/2020.04.04.020925v2"}, "evidence": "ATV alone showed a nearly 10-fold increase in potency for inhibiting SARS-CoV-2 replication in A549 (Figure 6C) compared to Vero cells (Figure 6B). ATV/RTV and CQ were similarly potent in inhibiting virus replication in both cell types (Figure 6B and C).", "line": 82, "relation": "decreases"}
a(CHEBI:chloroquine)	decreases	bp(MESH:"Virus Replication")	{"annotations": {"Cell": {"monocyte": true}, "PublicationStatus": {"Preprint": true}, "PublicationType": {"Research": true}, "Section": {"Results": true}, "Species": {"9606": true}}, "citation": {"db": "DOI", "db_id": "10.1101/2020.04.04.020925v2"}, "evidence": "ATV/RTV and CQ were similarly efficient to inhibit viral replication in the human monocytes (Figure 7A).", "line": 92, "relation": "decreases"}
a(CHEBI:chloroquine)	decreases	p(HGNC:IL6)	{"annotations": {"Concentration": {"10 \u03bcM": true}, "Custom_Disease": {"COVID-19": true}, "PublicationStatus": {"Preprint": true}, "PublicationType": {"Research": true}, "Section": {"Results": true}}, "citation": {"db": "DOI", "db_id": "10.1101/2020.04.04.020925v2"}, "evidence": "Moreover, we observed that infections by SARS-CoV-2 triggered the expected increase in the IL-6 levels in the culture supernatant, which ranged from 20- to 60-fold depending on the cell donor (Figure 7C, open circles in nil-treated cells). The virus-induced enhancement of IL-6 levels were significantly prevented by treatment with ATV at 10 \u00b5M, ATV/RTV at both 1 and 10 \u00b5M and CQ at 10 \u00b5M (Figure 7C).", "line": 104, "relation": "decreases"}
a(CHEBI:ritonavir)	partOf	complex(a(CHEBI:ritonavir), p(COVID:ORF1ab, frag("3264_3569")))	{"relation": "partOf"}
a(CHEBI:ritonavir)	partOf	composite(a(CHEBI:atazanavir), a(CHEBI:ritonavir))	{"relation": "partOf"}
a(CHEBI:ritonavir)	decreases	a(GO:"RNA viral genome")	{"annotations": {"Custom_CellLine": {"Vero E6 cell": true}, "PublicationStatus": {"Preprint": true}, "PublicationType": {"Research": true}, "Section": {"Results": true}}, "citation": {"db": "DOI", "db_id": "10.1101/2020.04.04.020925v2"}, "evidence": "ATV alone, or in combination with RTV, inhibited infectious virus production and SARS-CoV RNA levels in Vero cells (Figure 6A and B, respectively).", "line": 71, "relation": "decreases"}
a(CHEBI:ritonavir)	decreases	bp(MESH:"Virus Replication")	{"annotations": {"CellLine": {"A549 cell": true}, "PublicationStatus": {"Preprint": true}, "PublicationType": {"Research": true}, "Section": {"Results": true}}, "citation": {"db": "DOI", "db_id": "10.1101/2020.04.04.020925v2"}, "evidence": "ATV alone showed a nearly 10-fold increase in potency for inhibiting SARS-CoV-2 replication in A549 (Figure 6C) compared to Vero cells (Figure 6B). ATV/RTV and CQ were similarly potent in inhibiting virus replication in both cell types (Figure 6B and C).", "line": 79, "relation": "decreases"}
a(GO:"RNA viral genome")	association	a(TAX:"Severe acute respiratory syndrome coronavirus 2")	{"annotations": {"Custom_CellLine": {"Vero E6 cell": true}, "PublicationStatus": {"Preprint": true}, "PublicationType": {"Research": true}, "Section": {"Results": true}}, "citation": {"db": "DOI", "db_id": "10.1101/2020.04.04.020925v2"}, "evidence": "ATV alone, or in combination with RTV, inhibited infectious virus production and SARS-CoV RNA levels in Vero cells (Figure 6A and B, respectively).", "line": 73, "relation": "association"}
a(TAX:"Severe acute respiratory syndrome coronavirus 2")	association	a(GO:"RNA viral genome")	{"annotations": {"Custom_CellLine": {"Vero E6 cell": true}, "PublicationStatus": {"Preprint": true}, "PublicationType": {"Research": true}, "Section": {"Results": true}}, "citation": {"db": "DOI", "db_id": "10.1101/2020.04.04.020925v2"}, "evidence": "ATV alone, or in combination with RTV, inhibited infectious virus production and SARS-CoV RNA levels in Vero cells (Figure 6A and B, respectively).", "line": 73, "relation": "association"}
a(TAX:"Severe acute respiratory syndrome coronavirus 2")	association	bp(MESH:"Virus Replication")	{"annotations": {"CellLine": {"A549 cell": true}, "Custom_CellLine": {"Vero E6 cell": true}, "PublicationStatus": {"Preprint": true}, "PublicationType": {"Research": true}, "Section": {"Results": true}}, "citation": {"db": "DOI", "db_id": "10.1101/2020.04.04.020925v2"}, "evidence": "ATV alone showed a nearly 10-fold increase in potency for inhibiting SARS-CoV-2 replication in A549 (Figure 6C) compared to Vero cells (Figure 6B). ATV/RTV and CQ were similarly potent in inhibiting virus replication in both cell types (Figure 6B and C).", "line": 83, "relation": "association"}
a(TAX:"Severe acute respiratory syndrome coronavirus 2")	positiveCorrelation	path(DO:"COVID-19")	{"annotations": {"Custom_Disease": {"COVID-19": true}, "PublicationStatus": {"Preprint": true}, "PublicationType": {"Research": true}, "Section": {"Results": true}}, "citation": {"db": "DOI", "db_id": "10.1101/2020.04.04.020925v2"}, "evidence": "Another biomarker of uncontrolled pro-inflammatory cytokine response, TNF-\u03b1, was up-regulated 40-fold during virus infection (Figure 7D). Only the combination of ATV/RTV could significantly prevent the induction of TNF-\u03b1 release (Figure 7D).", "line": 110, "relation": "positiveCorrelation"}
bp(MESH:"Hydrogen Bonding")	association	complex(a(CHEBI:atazanavir), p(COVID:ORF1ab, frag("3264_3569")))	{"annotations": {"PublicationStatus": {"Preprint": true}, "PublicationType": {"Research": true}, "Section": {"Results": true}}, "citation": {"db": "DOI", "db_id": "10.1101/2020.04.04.020925v2"}, "evidence": "The more spontaneous binding of ATV, suggested by its lower energy score, may be related to its projected ability to form hydrogens bonds with the amino acid residues Asn142, His164, and Glu166 in Mpro, whereas the binding of LPV depends on hydrophobic interactions (Figure 2).", "line": 50, "relation": "association"}
bp(MESH:"Virus Replication")	association	a(TAX:"Severe acute respiratory syndrome coronavirus 2")	{"annotations": {"CellLine": {"A549 cell": true}, "Custom_CellLine": {"Vero E6 cell": true}, "PublicationStatus": {"Preprint": true}, "PublicationType": {"Research": true}, "Section": {"Results": true}}, "citation": {"db": "DOI", "db_id": "10.1101/2020.04.04.020925v2"}, "evidence": "ATV alone showed a nearly 10-fold increase in potency for inhibiting SARS-CoV-2 replication in A549 (Figure 6C) compared to Vero cells (Figure 6B). ATV/RTV and CQ were similarly potent in inhibiting virus replication in both cell types (Figure 6B and C).", "line": 83, "relation": "association"}
complex(a(CHEBI:atazanavir), p(COVID:ORF1ab, frag("3264_3569")))	association	bp(MESH:"Hydrogen Bonding")	{"annotations": {"PublicationStatus": {"Preprint": true}, "PublicationType": {"Research": true}, "Section": {"Results": true}}, "citation": {"db": "DOI", "db_id": "10.1101/2020.04.04.020925v2"}, "evidence": "The more spontaneous binding of ATV, suggested by its lower energy score, may be related to its projected ability to form hydrogens bonds with the amino acid residues Asn142, His164, and Glu166 in Mpro, whereas the binding of LPV depends on hydrophobic interactions (Figure 2).", "line": 50, "relation": "association"}
complex(a(CHEBI:atazanavir), p(COVID:ORF1ab, frag("3264_3569")))	decreases	act(p(COVID:ORF1ab, frag("3264_3569")))	{"annotations": {"Assay": {"zymographic assay": true}, "Concentration": {"10 \u03bcM": true}, "PublicationStatus": {"Preprint": true}, "PublicationType": {"Research": true}, "Section": {"Results": true}}, "citation": {"db": "DOI", "db_id": "10.1101/2020.04.04.020925v2"}, "evidence": "In the infected cells, a region of activity was observed between 31 and 38 kDa that was not present in the mock fraction. This zone of molecular weight is consistent with expected size of SARS-CoV-2 Mpro as was the inhibition of activity in this region by exposure of the gels to 10 \u03bcM of ATV, which did not affect the cellular cysteine proteinase at 70 kDa (Figure 5, lanes ATV).", "line": 56, "object": {"modifier": "Activity"}, "relation": "decreases"}
p(COVID:ORF1ab, frag("3264_3569"))	partOf	complex(a(CHEBI:atazanavir), p(COVID:ORF1ab, frag("3264_3569")))	{"relation": "partOf"}
p(COVID:ORF1ab, frag("3264_3569"))	partOf	complex(a(CHEBI:ritonavir), p(COVID:ORF1ab, frag("3264_3569")))	{"relation": "partOf"}
p(COVID:ORF1ab)	hasVariant	p(COVID:ORF1ab, frag("3264_3569"))	{"relation": "hasVariant"}
complex(a(CHEBI:ritonavir), p(COVID:ORF1ab, frag("3264_3569")))	decreases	act(p(COVID:ORF1ab, frag("3264_3569")))	{"annotations": {"Assay": {"zymographic assay": true}, "PublicationStatus": {"Preprint": true}, "PublicationType": {"Research": true}, "Section": {"Results": true}}, "citation": {"db": "DOI", "db_id": "10.1101/2020.04.04.020925v2"}, "evidence": "Further confirmation of the presence and activity of SARS-CoV-2 Mpro in fractions from infected cells was obtained by treatment with RTV, which inhibited activity in the molecular range of 31-38 kDa without a change in the 70 kDa region (Figure 5, lanes RTV).", "line": 63, "object": {"modifier": "Activity"}, "relation": "decreases"}
composite(a(CHEBI:atazanavir), a(CHEBI:ritonavir))	decreases	a(TAX:"Severe acute respiratory syndrome coronavirus 2")	{"annotations": {"Custom_CellLine": {"Vero E6 cell": true}, "PublicationStatus": {"Preprint": true}, "PublicationType": {"Research": true}, "Section": {"Results": true}}, "citation": {"db": "DOI", "db_id": "10.1101/2020.04.04.020925v2"}, "evidence": "ATV alone, or in combination with RTV, inhibited infectious virus production and SARS-CoV RNA levels in Vero cells (Figure 6A and B, respectively).", "line": 70, "relation": "decreases"}
composite(a(CHEBI:atazanavir), a(CHEBI:ritonavir))	decreases	a(GO:"RNA viral genome")	{"annotations": {"Custom_CellLine": {"Vero E6 cell": true}, "PublicationStatus": {"Preprint": true}, "PublicationType": {"Research": true}, "Section": {"Results": true}}, "citation": {"db": "DOI", "db_id": "10.1101/2020.04.04.020925v2"}, "evidence": "ATV alone, or in combination with RTV, inhibited infectious virus production and SARS-CoV RNA levels in Vero cells (Figure 6A and B, respectively).", "line": 72, "relation": "decreases"}
composite(a(CHEBI:atazanavir), a(CHEBI:ritonavir))	decreases	bp(MESH:"Virus Replication")	{"annotations": {"CellLine": {"A549 cell": true}, "Custom_CellLine": {"Vero E6 cell": true}, "PublicationStatus": {"Preprint": true}, "PublicationType": {"Research": true}, "Section": {"Results": true}}, "citation": {"db": "DOI", "db_id": "10.1101/2020.04.04.020925v2"}, "evidence": "ATV alone showed a nearly 10-fold increase in potency for inhibiting SARS-CoV-2 replication in A549 (Figure 6C) compared to Vero cells (Figure 6B). ATV/RTV and CQ were similarly potent in inhibiting virus replication in both cell types (Figure 6B and C).", "line": 81, "relation": "decreases"}
composite(a(CHEBI:atazanavir), a(CHEBI:ritonavir))	decreases	bp(MESH:"Virus Replication")	{"annotations": {"Cell": {"monocyte": true}, "PublicationStatus": {"Preprint": true}, "PublicationType": {"Research": true}, "Section": {"Results": true}, "Species": {"9606": true}}, "citation": {"db": "DOI", "db_id": "10.1101/2020.04.04.020925v2"}, "evidence": "ATV/RTV and CQ were similarly efficient to inhibit viral replication in the human monocytes (Figure 7A).", "line": 91, "relation": "decreases"}
composite(a(CHEBI:atazanavir), a(CHEBI:ritonavir))	decreases	p(HGNC:IL6)	{"annotations": {"Custom_Disease": {"COVID-19": true}, "PublicationStatus": {"Preprint": true}, "PublicationType": {"Research": true}, "Section": {"Results": true}}, "citation": {"db": "DOI", "db_id": "10.1101/2020.04.04.020925v2"}, "evidence": "Moreover, we observed that infections by SARS-CoV-2 triggered the expected increase in the IL-6 levels in the culture supernatant, which ranged from 20- to 60-fold depending on the cell donor (Figure 7C, open circles in nil-treated cells). The virus-induced enhancement of IL-6 levels were significantly prevented by treatment with ATV at 10 \u00b5M, ATV/RTV at both 1 and 10 \u00b5M and CQ at 10 \u00b5M (Figure 7C).", "line": 106, "relation": "decreases"}
composite(a(CHEBI:atazanavir), a(CHEBI:ritonavir))	decreases	p(HGNC:TNF)	{"annotations": {"Custom_Disease": {"COVID-19": true}, "PublicationStatus": {"Preprint": true}, "PublicationType": {"Research": true}, "Section": {"Results": true}}, "citation": {"db": "DOI", "db_id": "10.1101/2020.04.04.020925v2"}, "evidence": "Another biomarker of uncontrolled pro-inflammatory cytokine response, TNF-\u03b1, was up-regulated 40-fold during virus infection (Figure 7D). Only the combination of ATV/RTV could significantly prevent the induction of TNF-\u03b1 release (Figure 7D).", "line": 112, "relation": "decreases"}
p(HGNC:IL6)	positiveCorrelation	path(DO:"COVID-19")	{"annotations": {"Custom_Disease": {"COVID-19": true}, "PublicationStatus": {"Preprint": true}, "PublicationType": {"Research": true}, "Section": {"Results": true}}, "citation": {"db": "DOI", "db_id": "10.1101/2020.04.04.020925v2"}, "evidence": "Moreover, we observed that infections by SARS-CoV-2 triggered the expected increase in the IL-6 levels in the culture supernatant, which ranged from 20- to 60-fold depending on the cell donor (Figure 7C, open circles in nil-treated cells). The virus-induced enhancement of IL-6 levels were significantly prevented by treatment with ATV at 10 \u00b5M, ATV/RTV at both 1 and 10 \u00b5M and CQ at 10 \u00b5M (Figure 7C).", "line": 99, "relation": "positiveCorrelation"}
p(HGNC:TNF)	positiveCorrelation	path(DO:"COVID-19")	{"annotations": {"Custom_Disease": {"COVID-19": true}, "PublicationStatus": {"Preprint": true}, "PublicationType": {"Research": true}, "Section": {"Results": true}}, "citation": {"db": "DOI", "db_id": "10.1101/2020.04.04.020925v2"}, "evidence": "Another biomarker of uncontrolled pro-inflammatory cytokine response, TNF-\u03b1, was up-regulated 40-fold during virus infection (Figure 7D). Only the combination of ATV/RTV could significantly prevent the induction of TNF-\u03b1 release (Figure 7D).", "line": 111, "relation": "positiveCorrelation"}
path(DO:"COVID-19")	positiveCorrelation	p(HGNC:IL6)	{"annotations": {"Custom_Disease": {"COVID-19": true}, "PublicationStatus": {"Preprint": true}, "PublicationType": {"Research": true}, "Section": {"Results": true}}, "citation": {"db": "DOI", "db_id": "10.1101/2020.04.04.020925v2"}, "evidence": "Moreover, we observed that infections by SARS-CoV-2 triggered the expected increase in the IL-6 levels in the culture supernatant, which ranged from 20- to 60-fold depending on the cell donor (Figure 7C, open circles in nil-treated cells). The virus-induced enhancement of IL-6 levels were significantly prevented by treatment with ATV at 10 \u00b5M, ATV/RTV at both 1 and 10 \u00b5M and CQ at 10 \u00b5M (Figure 7C).", "line": 99, "relation": "positiveCorrelation"}
path(DO:"COVID-19")	positiveCorrelation	a(TAX:"Severe acute respiratory syndrome coronavirus 2")	{"annotations": {"Custom_Disease": {"COVID-19": true}, "PublicationStatus": {"Preprint": true}, "PublicationType": {"Research": true}, "Section": {"Results": true}}, "citation": {"db": "DOI", "db_id": "10.1101/2020.04.04.020925v2"}, "evidence": "Another biomarker of uncontrolled pro-inflammatory cytokine response, TNF-\u03b1, was up-regulated 40-fold during virus infection (Figure 7D). Only the combination of ATV/RTV could significantly prevent the induction of TNF-\u03b1 release (Figure 7D).", "line": 110, "relation": "positiveCorrelation"}
path(DO:"COVID-19")	positiveCorrelation	p(HGNC:TNF)	{"annotations": {"Custom_Disease": {"COVID-19": true}, "PublicationStatus": {"Preprint": true}, "PublicationType": {"Research": true}, "Section": {"Results": true}}, "citation": {"db": "DOI", "db_id": "10.1101/2020.04.04.020925v2"}, "evidence": "Another biomarker of uncontrolled pro-inflammatory cytokine response, TNF-\u03b1, was up-regulated 40-fold during virus infection (Figure 7D). Only the combination of ATV/RTV could significantly prevent the induction of TNF-\u03b1 release (Figure 7D).", "line": 111, "relation": "positiveCorrelation"}
