a(DRUGBANK:DB06612)	decreases	complex(p(COVID:S), p(UNIPROT:A0A0D9RKP4))	{"annotations": {"BioAssay": {"ELISA": true}, "CellLine": {"Vero cell": true}, "CellLine_Infection_Type": {"Severe acute respiratory syndrome coronavirus 2": true}, "PublicationStatus": {"Preprint": true}, "PublicationType": {"Research": true}, "Section": {"Results": true}}, "citation": {"db": "DOI", "db_id": "https://doi.org/10.1101/2020.03.14.988345"}, "evidence": "In the meanwhile, competitive inhibition assay showed that Meplazumab could competitively inhibit the binding of SP and CD147, with an IC50 of 16.44 \u03bcg/mL (Figure 2D).", "line": 129, "relation": "decreases"}
bp(GOBP:"viral entry into host cell")	association	p(HGNC:BSG)	{"annotations": {"Cells": {"Vero E6": true}, "PublicationStatus": {"Preprint": true}, "PublicationType": {"Research": true}, "Section": {"Results": true}}, "citation": {"db": "DOI", "db_id": "https://doi.org/10.1101/2020.03.14.988345"}, "evidence": "These results show that blocking CD147 on the host cells has an inhibitory effect on SARS-CoV-2, suggesting an essential role of CD147 in facilitating SARS-CoV-2 invasion for host cells.", "line": 149, "relation": "association"}
bp(GOBP:"viral entry into host cell")	positiveCorrelation	complex(p(HGNC:BSG), p(NCBIGENE:43740568))	{"annotations": {"Cells": {"Vero E6": true}, "PublicationStatus": {"Preprint": true}, "PublicationType": {"Research": true}, "Section": {"Results": true}}, "citation": {"db": "DOI", "db_id": "https://doi.org/10.1101/2020.03.14.988345"}, "evidence": "After traced by 10 nm (CD147) and 20 nm (SP) gold colloid-labeled antibodies, we found that the two proteins mainly presented in viral inclusion bodies of Vero E6 cells (Figure 3A-C). These results reinforce the finding that the CD147-SP interaction enhances viral invasion for host cells.", "line": 157, "relation": "positiveCorrelation"}
complex(p(COVID:S), p(UNIPROT:A0A0D9RKP4))	increases	bp(GO:"viral entry into host cell")	{"annotations": {"CellLine": {"Vero cell": true}, "CellLine_Infection_Type": {"Severe acute respiratory syndrome coronavirus 2": true}, "PublicationStatus": {"Preprint": true}, "PublicationType": {"Research": true}, "Section": {"Results": true}}, "citation": {"db": "DOI", "db_id": "https://doi.org/10.1101/2020.03.14.988345"}, "evidence": "These results confirm the interaction of CD147 and SP, indicating a novel potential route for SARS-CoV-2 to invade host cells.", "line": 135, "relation": "increases"}
p(COVID:S)	partOf	complex(p(COVID:S), p(UNIPROT:A0A0D9RKP4))	{"relation": "partOf"}
p(UNIPROT:A0A0D9RKP4)	partOf	complex(p(COVID:S), p(UNIPROT:A0A0D9RKP4))	{"relation": "partOf"}
act(p(UNIPROT:A0A0D9RKP4))	increases	bp(GO:"viral entry into host cell")	{"annotations": {"CellLine": {"Vero cell": true}, "CellLine_Infection_Type": {"Severe acute respiratory syndrome coronavirus 2": true}, "PublicationStatus": {"Preprint": true}, "PublicationType": {"Research": true}, "Section": {"Results": true}}, "citation": {"db": "DOI", "db_id": "https://doi.org/10.1101/2020.03.14.988345"}, "evidence": "These results show that blocking CD147 on the host cells has an inhibitory effect on SARS-CoV-2, suggesting an essential role of CD147 in facilitating SARS-CoV-2 invasion for host cells.", "line": 102, "relation": "increases", "subject": {"modifier": "Activity"}}
complex(p(HGNC:BSG), p(NCBIGENE:43740568))	increases	bp(GOBP:"viral entry into host cell")	{"annotations": {"Cells": {"Vero E6": true}, "PublicationStatus": {"Preprint": true}, "PublicationType": {"Research": true}, "Section": {"Results": true}}, "citation": {"db": "DOI", "db_id": "https://doi.org/10.1101/2020.03.14.988345"}, "evidence": "The result showed that there was an interaction between CD147 and SP (RBD), which was consistent with the SPR assay (Figure 2B). In addition, the interaction of CD147-SP (RBD) was also confirmed by ELISA assay (Figure 2C). In the meanwhile, competitive inhibition assay showed that Meplazumab could competitively inhibit the binding of SP and CD147, with an IC50 of 16.44 \u03bcg/mL (Figure 2D). These results confirm the interaction of CD147 and SP, indicating a novel potential route for SARS-CoV-2 to invade host cells.", "line": 153, "relation": "increases"}
complex(p(HGNC:BSG), p(NCBIGENE:43740568))	positiveCorrelation	bp(GOBP:"viral entry into host cell")	{"annotations": {"Cells": {"Vero E6": true}, "PublicationStatus": {"Preprint": true}, "PublicationType": {"Research": true}, "Section": {"Results": true}}, "citation": {"db": "DOI", "db_id": "https://doi.org/10.1101/2020.03.14.988345"}, "evidence": "After traced by 10 nm (CD147) and 20 nm (SP) gold colloid-labeled antibodies, we found that the two proteins mainly presented in viral inclusion bodies of Vero E6 cells (Figure 3A-C). These results reinforce the finding that the CD147-SP interaction enhances viral invasion for host cells.", "line": 157, "relation": "positiveCorrelation"}
complex(p(HGNC:BSG), p(NCBIGENE:43740568))	increases	complex(p(HGNC:BSG), p(NCBIGENE:43740568))	{"annotations": {"Cells": {"Vero E6": true}, "PublicationStatus": {"Preprint": true}, "PublicationType": {"Research": true}, "Section": {"Results": true}}, "citation": {"db": "DOI", "db_id": "https://doi.org/10.1101/2020.03.14.988345"}, "evidence": "After traced by 10 nm (CD147) and 20 nm (SP) gold colloid-labeled antibodies, we found that the two proteins mainly presented in viral inclusion bodies of Vero E6 cells (Figure 3A-C). These results reinforce the finding that the CD147-SP interaction enhances viral invasion for host cells.", "line": 156, "relation": "increases"}
p(HGNC:BSG)	partOf	complex(p(HGNC:BSG), p(NCBIGENE:43740568))	{"relation": "partOf"}
p(HGNC:BSG)	positiveCorrelation	path(DO:"COVID-19")	{"annotations": {"Cells": {"Vero E6": true}, "PublicationStatus": {"Preprint": true}, "PublicationType": {"Research": true}, "Section": {"Results": true}}, "citation": {"db": "DOI", "db_id": "https://doi.org/10.1101/2020.03.14.988345"}, "evidence": "These results show that blocking CD147 on the host cells has an inhibitory effect on SARS-CoV-2, suggesting an essential role of CD147 in facilitating SARS-CoV-2 invasion for host cells.", "line": 148, "relation": "positiveCorrelation"}
p(HGNC:BSG)	association	bp(GOBP:"viral entry into host cell")	{"annotations": {"Cells": {"Vero E6": true}, "PublicationStatus": {"Preprint": true}, "PublicationType": {"Research": true}, "Section": {"Results": true}}, "citation": {"db": "DOI", "db_id": "https://doi.org/10.1101/2020.03.14.988345"}, "evidence": "These results show that blocking CD147 on the host cells has an inhibitory effect on SARS-CoV-2, suggesting an essential role of CD147 in facilitating SARS-CoV-2 invasion for host cells.", "line": 149, "relation": "association"}
p(NCBIGENE:43740568)	partOf	complex(p(HGNC:BSG), p(NCBIGENE:43740568))	{"relation": "partOf"}
path(DO:"COVID-19")	positiveCorrelation	p(HGNC:BSG)	{"annotations": {"Cells": {"Vero E6": true}, "PublicationStatus": {"Preprint": true}, "PublicationType": {"Research": true}, "Section": {"Results": true}}, "citation": {"db": "DOI", "db_id": "https://doi.org/10.1101/2020.03.14.988345"}, "evidence": "These results show that blocking CD147 on the host cells has an inhibitory effect on SARS-CoV-2, suggesting an essential role of CD147 in facilitating SARS-CoV-2 invasion for host cells.", "line": 148, "relation": "positiveCorrelation"}
