a(CHEBI:"Sodium salicylate")	partOf	composite(a(CHEBI:"Sodium salicylate"), p(UNIPROT:P0C6X7, frag("1_180")))	{"relation": "partOf"}
a(TAX:"Murine respirovirus")	increases	r(MGI:Ifnb1)	{"annotations": {"PublicationStatus": {"Published": true}, "PublicationType": {"Research": true}, "Section": {"Results": true}, "Species": {"10090": true}}, "citation": {"authors": ["Denison MR", "Eckerle LD", "Graham RL", "Sims AC", "Sparks JS"], "date": "2008-04-01", "db": "PubMed", "db_id": "17397959", "db_name": "Virus research", "first": "Graham RL", "last": "Denison MR", "pages": "88-100", "volume": "133"}, "evidence": "Further analysis showed that SARS-CoV nsp 1 suppressed Sendai virus- induced IFN-\u03b2 mRNA accumulation, and suppressed reporter mRNA accumulation in cells.", "line": 80, "relation": "increases"}
a(TAX:"Severe acute respiratory syndrome-related coronavirus")	association	p(UNIPROT:P0C6X7)	{"annotations": {"PublicationStatus": {"Published": true}, "PublicationType": {"Research": true}, "Section": {"Results": true}}, "citation": {"authors": ["Denison MR", "Eckerle LD", "Graham RL", "Sims AC", "Sparks JS"], "date": "2008-04-01", "db": "PubMed", "db_id": "17397959", "db_name": "Virus research", "first": "Graham RL", "last": "Denison MR", "pages": "88-100", "volume": "133"}, "evidence": "When the variability between nsp 3 isolates of the SARS epidemic are compared, the results suggest that nsps 1-3 perform cell- and host- specific roles in replication and/or virulence. Additionally, they have demonstrated high capacity for adaptation to new environments and selective pressures.", "line": 53, "relation": "association"}
a(TAX:"Severe acute respiratory syndrome-related coronavirus")	decreases	r(HGNC:IFNB1)	{"annotations": {"CellLine": {"HEK293": true}, "PublicationStatus": {"Published": true}, "PublicationType": {"Research": true}, "Section": {"Results": true}, "Species": {"9606": true}}, "citation": {"authors": ["Denison MR", "Eckerle LD", "Graham RL", "Sims AC", "Sparks JS"], "date": "2008-04-01", "db": "PubMed", "db_id": "17397959", "db_name": "Virus research", "first": "Graham RL", "last": "Denison MR", "pages": "88-100", "volume": "133"}, "evidence": "Kamitami et al. observed that SARS-CoV replication in human 293 cells suppresses IFN-\u03b2 mRNA accumulation (Kamitani et al., 2006). Plasmid- based overexpression of nsp 1 resulted in the inhibition of host gene expression by promoting degradation of host mRNA, and that IFN-\u03b2 mRNA accumulation was decreased without alteration of IRF-3 phosphorylation, dimerization, or translocation.", "line": 70, "relation": "decreases"}
a(TAX:"Severe acute respiratory syndrome-related coronavirus")	association	bp(GO:"RNA biosynthetic process")	{"annotations": {"PublicationStatus": {"Published": true}, "PublicationType": {"Research": true}, "Section": {"Results": true}}, "citation": {"authors": ["Denison MR", "Eckerle LD", "Graham RL", "Sims AC", "Sparks JS"], "date": "2008-04-01", "db": "PubMed", "db_id": "17397959", "db_name": "Virus research", "first": "Graham RL", "last": "Denison MR", "pages": "88-100", "volume": "133"}, "evidence": "The Appr-1\u2033-p domain of nsp 3 is proposed to have functions in viral RNA synthesis (Snijder et al., 2003).", "line": 122, "relation": "association"}
bp(GO:"RNA biosynthetic process")	association	a(TAX:"Severe acute respiratory syndrome-related coronavirus")	{"annotations": {"PublicationStatus": {"Published": true}, "PublicationType": {"Research": true}, "Section": {"Results": true}}, "citation": {"authors": ["Denison MR", "Eckerle LD", "Graham RL", "Sims AC", "Sparks JS"], "date": "2008-04-01", "db": "PubMed", "db_id": "17397959", "db_name": "Virus research", "first": "Graham RL", "last": "Denison MR", "pages": "88-100", "volume": "133"}, "evidence": "The Appr-1\u2033-p domain of nsp 3 is proposed to have functions in viral RNA synthesis (Snijder et al., 2003).", "line": 122, "relation": "association"}
bp(MESH:"Virus Replication")	association	p(UNIPROT:P0C6X7, frag("1_180"))	{"annotations": {"PublicationStatus": {"Published": true}, "PublicationType": {"Research": true}, "Section": {"Results": true}}, "citation": {"authors": ["Denison MR", "Eckerle LD", "Graham RL", "Sims AC", "Sparks JS"], "date": "2008-04-01", "db": "PubMed", "db_id": "17397959", "db_name": "Virus research", "first": "Graham RL", "last": "Denison MR", "pages": "88-100", "volume": "133"}, "evidence": "When the variability between nsp 3 isolates of the SARS epidemic are compared, the results suggest that nsps 1-3 perform cell- and host- specific roles in replication and/or virulence. Additionally, they have demonstrated high capacity for adaptation to new environments and selective pressures.", "line": 54, "relation": "association"}
bp(MESH:"Virus Replication")	association	p(UNIPROT:P0C6X7, frag("181_818"))	{"annotations": {"PublicationStatus": {"Published": true}, "PublicationType": {"Research": true}, "Section": {"Results": true}}, "citation": {"authors": ["Denison MR", "Eckerle LD", "Graham RL", "Sims AC", "Sparks JS"], "date": "2008-04-01", "db": "PubMed", "db_id": "17397959", "db_name": "Virus research", "first": "Graham RL", "last": "Denison MR", "pages": "88-100", "volume": "133"}, "evidence": "When the variability between nsp 3 isolates of the SARS epidemic are compared, the results suggest that nsps 1-3 perform cell- and host- specific roles in replication and/or virulence. Additionally, they have demonstrated high capacity for adaptation to new environments and selective pressures.", "line": 56, "relation": "association"}
bp(MESH:"Virus Replication")	association	p(UNIPROT:P0C6X7, frag("819_2740"))	{"annotations": {"PublicationStatus": {"Published": true}, "PublicationType": {"Research": true}, "Section": {"Results": true}}, "citation": {"authors": ["Denison MR", "Eckerle LD", "Graham RL", "Sims AC", "Sparks JS"], "date": "2008-04-01", "db": "PubMed", "db_id": "17397959", "db_name": "Virus research", "first": "Graham RL", "last": "Denison MR", "pages": "88-100", "volume": "133"}, "evidence": "When the variability between nsp 3 isolates of the SARS epidemic are compared, the results suggest that nsps 1-3 perform cell- and host- specific roles in replication and/or virulence. Additionally, they have demonstrated high capacity for adaptation to new environments and selective pressures.", "line": 58, "relation": "association"}
complex(GO:"viral replication complex")	partOf	complex(complex(GO:"viral replication complex"), p(UNIPROT:P0C6X7, frag("181_818")))	{"relation": "partOf"}
p(UNIPROT:P0C6X7, frag("181_818"))	partOf	complex(complex(GO:"viral replication complex"), p(UNIPROT:P0C6X7, frag("181_818")))	{"relation": "partOf"}
p(UNIPROT:P0C6X7, frag("181_818"))	association	bp(MESH:"Virus Replication")	{"annotations": {"PublicationStatus": {"Published": true}, "PublicationType": {"Research": true}, "Section": {"Results": true}}, "citation": {"authors": ["Denison MR", "Eckerle LD", "Graham RL", "Sims AC", "Sparks JS"], "date": "2008-04-01", "db": "PubMed", "db_id": "17397959", "db_name": "Virus research", "first": "Graham RL", "last": "Denison MR", "pages": "88-100", "volume": "133"}, "evidence": "When the variability between nsp 3 isolates of the SARS epidemic are compared, the results suggest that nsps 1-3 perform cell- and host- specific roles in replication and/or virulence. Additionally, they have demonstrated high capacity for adaptation to new environments and selective pressures.", "line": 56, "relation": "association"}
p(UNIPROT:P0C6X7, frag("181_818"))	increases	a(MESH:Punctures, loc(GO:"nuclear outer membrane"))	{"annotations": {"Custom_CellLine": {"Vero E6 cell": true}, "PublicationStatus": {"Published": true}, "PublicationType": {"Research": true}, "Section": {"Results": true}, "Timeline": {"12 hours postinfection": true}}, "citation": {"authors": ["Denison MR", "Eckerle LD", "Graham RL", "Sims AC", "Sparks JS"], "date": "2008-04-01", "db": "PubMed", "db_id": "17397959", "db_name": "Virus research", "first": "Graham RL", "last": "Denison MR", "pages": "88-100", "volume": "133"}, "evidence": "At 12 h post-infection (p.i.), wildtype nsps 1 and 2 both displayed bright, punctate perinuclear localization, similar to that observed in MHV infection (Fig. 4A).", "line": 137, "object": {"location": {"name": "nuclear outer membrane", "namespace": "GO"}}, "relation": "increases"}
p(UNIPROT:P0C6X7)	hasVariant	p(UNIPROT:P0C6X7, frag("181_818"))	{"relation": "hasVariant"}
p(UNIPROT:P0C6X7)	hasVariant	p(UNIPROT:P0C6X7, frag("1_180"))	{"relation": "hasVariant"}
p(UNIPROT:P0C6X7)	hasVariant	p(UNIPROT:P0C6X7, frag("2741_3240"))	{"relation": "hasVariant"}
p(UNIPROT:P0C6X7)	hasVariant	p(UNIPROT:P0C6X7, frag("3547_3836"))	{"relation": "hasVariant"}
p(UNIPROT:P0C6X7)	hasVariant	p(UNIPROT:P0C6X7, frag("819_2740"))	{"relation": "hasVariant"}
p(UNIPROT:P0C6X7)	hasVariant	p(UNIPROT:P0C6X7, frag("5903_6429"))	{"relation": "hasVariant"}
p(UNIPROT:P0C6X7)	hasVariant	p(UNIPROT:P0C6X7, frag("6430_6775"))	{"relation": "hasVariant"}
p(UNIPROT:P0C6X7)	hasVariant	p(UNIPROT:P0C6X7, frag("6776_7073"))	{"relation": "hasVariant"}
p(UNIPROT:P0C6X7)	hasVariant	p(UNIPROT:P0C6X7, frag("2741_?"))	{"relation": "hasVariant"}
p(UNIPROT:P0C6X7)	hasVariant	p(UNIPROT:P0C6X7, frag("?_3240"))	{"relation": "hasVariant"}
p(UNIPROT:P0C6X7)	hasVariant	p(UNIPROT:P0C6X7, var("p.226_228delRGV"))	{"relation": "hasVariant"}
p(UNIPROT:P0C6X7)	hasVariant	p(UNIPROT:P0C6X7, var("p.Tyr414His"))	{"relation": "hasVariant"}
p(UNIPROT:P0C6X7)	association	a(TAX:"Severe acute respiratory syndrome-related coronavirus")	{"annotations": {"PublicationStatus": {"Published": true}, "PublicationType": {"Research": true}, "Section": {"Results": true}}, "citation": {"authors": ["Denison MR", "Eckerle LD", "Graham RL", "Sims AC", "Sparks JS"], "date": "2008-04-01", "db": "PubMed", "db_id": "17397959", "db_name": "Virus research", "first": "Graham RL", "last": "Denison MR", "pages": "88-100", "volume": "133"}, "evidence": "When the variability between nsp 3 isolates of the SARS epidemic are compared, the results suggest that nsps 1-3 perform cell- and host- specific roles in replication and/or virulence. Additionally, they have demonstrated high capacity for adaptation to new environments and selective pressures.", "line": 53, "relation": "association"}
composite(a(CHEBI:"Sodium salicylate"), p(UNIPROT:P0C6X7, frag("1_180")))	decreases	p(HGNC:CCL5)	{"annotations": {"CellLine": {"Hep G2 cell": true}, "PublicationStatus": {"Published": true}, "PublicationType": {"Research": true}, "Section": {"Results": true}, "Species": {"9606": true}, "Timeline": {"10-14 hours": true}}, "citation": {"authors": ["Denison MR", "Eckerle LD", "Graham RL", "Sims AC", "Sparks JS"], "date": "2008-04-01", "db": "PubMed", "db_id": "17397959", "db_name": "Virus research", "first": "Graham RL", "last": "Denison MR", "pages": "88-100", "volume": "133"}, "evidence": "NF\u03ba-B expression increased 10-14 h post-nsp 1 transfection, suggesting that cytokine induction occurred via an NF\u03ba-B-dependent pathway. In support of this hypothesis, expression of CCL5, CCL3 and CXCL10 was reduced up to 60% in nsp 1-expressing cells in the presence of the IKK-\u03b2 inhibitor, sodium salicylate.", "line": 111, "relation": "decreases"}
composite(a(CHEBI:"Sodium salicylate"), p(UNIPROT:P0C6X7, frag("1_180")))	decreases	p(HGNC:CXCL10)	{"annotations": {"CellLine": {"Hep G2 cell": true}, "PublicationStatus": {"Published": true}, "PublicationType": {"Research": true}, "Section": {"Results": true}, "Species": {"9606": true}, "Timeline": {"10-14 hours": true}}, "citation": {"authors": ["Denison MR", "Eckerle LD", "Graham RL", "Sims AC", "Sparks JS"], "date": "2008-04-01", "db": "PubMed", "db_id": "17397959", "db_name": "Virus research", "first": "Graham RL", "last": "Denison MR", "pages": "88-100", "volume": "133"}, "evidence": "NF\u03ba-B expression increased 10-14 h post-nsp 1 transfection, suggesting that cytokine induction occurred via an NF\u03ba-B-dependent pathway. In support of this hypothesis, expression of CCL5, CCL3 and CXCL10 was reduced up to 60% in nsp 1-expressing cells in the presence of the IKK-\u03b2 inhibitor, sodium salicylate.", "line": 112, "relation": "decreases"}
composite(a(CHEBI:"Sodium salicylate"), p(UNIPROT:P0C6X7, frag("1_180")))	decreases	p(HGNC:CCL3)	{"annotations": {"CellLine": {"Hep G2 cell": true}, "PublicationStatus": {"Published": true}, "PublicationType": {"Research": true}, "Section": {"Results": true}, "Species": {"9606": true}, "Timeline": {"10-14 hours": true}}, "citation": {"authors": ["Denison MR", "Eckerle LD", "Graham RL", "Sims AC", "Sparks JS"], "date": "2008-04-01", "db": "PubMed", "db_id": "17397959", "db_name": "Virus research", "first": "Graham RL", "last": "Denison MR", "pages": "88-100", "volume": "133"}, "evidence": "NF\u03ba-B expression increased 10-14 h post-nsp 1 transfection, suggesting that cytokine induction occurred via an NF\u03ba-B-dependent pathway. In support of this hypothesis, expression of CCL5, CCL3 and CXCL10 was reduced up to 60% in nsp 1-expressing cells in the presence of the IKK-\u03b2 inhibitor, sodium salicylate.", "line": 113, "relation": "decreases"}
p(UNIPROT:P0C6X7, frag("1_180"))	partOf	composite(a(CHEBI:"Sodium salicylate"), p(UNIPROT:P0C6X7, frag("1_180")))	{"relation": "partOf"}
p(UNIPROT:P0C6X7, frag("1_180"))	association	bp(MESH:"Virus Replication")	{"annotations": {"PublicationStatus": {"Published": true}, "PublicationType": {"Research": true}, "Section": {"Results": true}}, "citation": {"authors": ["Denison MR", "Eckerle LD", "Graham RL", "Sims AC", "Sparks JS"], "date": "2008-04-01", "db": "PubMed", "db_id": "17397959", "db_name": "Virus research", "first": "Graham RL", "last": "Denison MR", "pages": "88-100", "volume": "133"}, "evidence": "When the variability between nsp 3 isolates of the SARS epidemic are compared, the results suggest that nsps 1-3 perform cell- and host- specific roles in replication and/or virulence. Additionally, they have demonstrated high capacity for adaptation to new environments and selective pressures.", "line": 54, "relation": "association"}
p(UNIPROT:P0C6X7, frag("1_180"))	decreases	r(HGNC:IFNB1)	{"annotations": {"CellLine": {"HEK293": true}, "PublicationStatus": {"Published": true}, "PublicationType": {"Research": true}, "Section": {"Results": true}, "Species": {"9606": true}}, "citation": {"authors": ["Denison MR", "Eckerle LD", "Graham RL", "Sims AC", "Sparks JS"], "date": "2008-04-01", "db": "PubMed", "db_id": "17397959", "db_name": "Virus research", "first": "Graham RL", "last": "Denison MR", "pages": "88-100", "volume": "133"}, "evidence": "Kamitami et al. observed that SARS-CoV replication in human 293 cells suppresses IFN-\u03b2 mRNA accumulation (Kamitani et al., 2006). Plasmid- based overexpression of nsp 1 resulted in the inhibition of host gene expression by promoting degradation of host mRNA, and that IFN-\u03b2 mRNA accumulation was decreased without alteration of IRF-3 phosphorylation, dimerization, or translocation.", "line": 71, "relation": "decreases"}
p(UNIPROT:P0C6X7, frag("1_180"))	decreases	r(MGI:Ifnb1)	{"annotations": {"PublicationStatus": {"Published": true}, "PublicationType": {"Research": true}, "Section": {"Results": true}, "Species": {"10090": true}}, "citation": {"authors": ["Denison MR", "Eckerle LD", "Graham RL", "Sims AC", "Sparks JS"], "date": "2008-04-01", "db": "PubMed", "db_id": "17397959", "db_name": "Virus research", "first": "Graham RL", "last": "Denison MR", "pages": "88-100", "volume": "133"}, "evidence": "Further analysis showed that SARS-CoV nsp 1 suppressed Sendai virus- induced IFN-\u03b2 mRNA accumulation, and suppressed reporter mRNA accumulation in cells.", "line": 81, "relation": "decreases"}
p(UNIPROT:P0C6X7, frag("1_180"))	increases	p(HGNC:CCL5)	{"annotations": {"CellLine": {"A549 cell": true, "Hep G2 cell": true}, "PublicationStatus": {"Published": true}, "PublicationType": {"Research": true}, "Section": {"Results": true}, "Species": {"9606": true}}, "citation": {"authors": ["Denison MR", "Eckerle LD", "Graham RL", "Sims AC", "Sparks JS"], "date": "2008-04-01", "db": "PubMed", "db_id": "17397959", "db_name": "Virus research", "first": "Graham RL", "last": "Denison MR", "pages": "88-100", "volume": "133"}, "evidence": "Overexpression of nsp 1 in the lung epithelial cell line A549 increases the production of CCL5, CXCL10 and CCL3 cytokines 30-200-fold compared with mock-transfected cells or cells expressing nsp 5 (Law et al., 2006). Similar results were detected with CCL5 and CXCL10 in HepG2 cells, suggesting that this was not a cell line- specific induction.", "line": 93, "relation": "increases"}
p(UNIPROT:P0C6X7, frag("1_180"))	increases	p(HGNC:CXCL10)	{"annotations": {"CellLine": {"A549 cell": true, "Hep G2 cell": true}, "PublicationStatus": {"Published": true}, "PublicationType": {"Research": true}, "Section": {"Results": true}, "Species": {"9606": true}}, "citation": {"authors": ["Denison MR", "Eckerle LD", "Graham RL", "Sims AC", "Sparks JS"], "date": "2008-04-01", "db": "PubMed", "db_id": "17397959", "db_name": "Virus research", "first": "Graham RL", "last": "Denison MR", "pages": "88-100", "volume": "133"}, "evidence": "Overexpression of nsp 1 in the lung epithelial cell line A549 increases the production of CCL5, CXCL10 and CCL3 cytokines 30-200-fold compared with mock-transfected cells or cells expressing nsp 5 (Law et al., 2006). Similar results were detected with CCL5 and CXCL10 in HepG2 cells, suggesting that this was not a cell line- specific induction.", "line": 94, "relation": "increases"}
p(UNIPROT:P0C6X7, frag("1_180"))	increases	p(HGNC:CCL3)	{"annotations": {"CellLine": {"A549 cell": true}, "PublicationStatus": {"Published": true}, "PublicationType": {"Research": true}, "Section": {"Results": true}, "Species": {"9606": true}}, "citation": {"authors": ["Denison MR", "Eckerle LD", "Graham RL", "Sims AC", "Sparks JS"], "date": "2008-04-01", "db": "PubMed", "db_id": "17397959", "db_name": "Virus research", "first": "Graham RL", "last": "Denison MR", "pages": "88-100", "volume": "133"}, "evidence": "Overexpression of nsp 1 in the lung epithelial cell line A549 increases the production of CCL5, CXCL10 and CCL3 cytokines 30-200-fold compared with mock-transfected cells or cells expressing nsp 5 (Law et al., 2006). Similar results were detected with CCL5 and CXCL10 in HepG2 cells, suggesting that this was not a cell line- specific induction.", "line": 97, "relation": "increases"}
p(UNIPROT:P0C6X7, frag("1_180"))	increases	p(GFAM:"NF-kappa B complex subunits")	{"annotations": {"CellLine": {"Hep G2 cell": true}, "PublicationStatus": {"Published": true}, "PublicationType": {"Research": true}, "Section": {"Results": true}, "Species": {"9606": true}, "Timeline": {"10-14 hours": true}}, "citation": {"authors": ["Denison MR", "Eckerle LD", "Graham RL", "Sims AC", "Sparks JS"], "date": "2008-04-01", "db": "PubMed", "db_id": "17397959", "db_name": "Virus research", "first": "Graham RL", "last": "Denison MR", "pages": "88-100", "volume": "133"}, "evidence": "NF\u03ba-B expression increased 10-14 h post-nsp 1 transfection, suggesting that cytokine induction occurred via an NF\u03ba-B-dependent pathway. In support of this hypothesis, expression of CCL5, CCL3 and CXCL10 was reduced up to 60% in nsp 1-expressing cells in the presence of the IKK-\u03b2 inhibitor, sodium salicylate.", "line": 110, "relation": "increases"}
p(UNIPROT:P0C6X7, frag("1_180"))	increases	a(MESH:Punctures, loc(GO:"nuclear outer membrane"))	{"annotations": {"Custom_CellLine": {"Vero E6 cell": true}, "PublicationStatus": {"Published": true}, "PublicationType": {"Research": true}, "Section": {"Results": true}, "Timeline": {"12 hours postinfection": true}}, "citation": {"authors": ["Denison MR", "Eckerle LD", "Graham RL", "Sims AC", "Sparks JS"], "date": "2008-04-01", "db": "PubMed", "db_id": "17397959", "db_name": "Virus research", "first": "Graham RL", "last": "Denison MR", "pages": "88-100", "volume": "133"}, "evidence": "At 12 h post-infection (p.i.), wildtype nsps 1 and 2 both displayed bright, punctate perinuclear localization, similar to that observed in MHV infection (Fig. 4A).", "line": 136, "object": {"location": {"name": "nuclear outer membrane", "namespace": "GO"}}, "relation": "increases"}
composite(p(UNIPROT:P0C6X7, frag("2741_3240")), p(UNIPROT:P0C6X7, frag("3547_3836")), p(UNIPROT:P0C6X7, frag("819_2740")))	increases	bp(GO:enucleation)	{"annotations": {"PublicationStatus": {"Published": true}, "PublicationType": {"Research": true}, "Section": {"Results": true}}, "citation": {"authors": ["Denison MR", "Eckerle LD", "Graham RL", "Sims AC", "Sparks JS"], "date": "2008-04-01", "db": "PubMed", "db_id": "17397959", "db_name": "Virus research", "first": "Graham RL", "last": "Denison MR", "pages": "88-100", "volume": "133"}, "evidence": "Together, nsps 3, 4, and 6 are predicted to function to nucleate and anchor viral replication complexes on double-membrane vesicles in the cytoplasm (Gosert et al., 2002;Prentice et al., 2004a;van der Meer et al., 1999).", "line": 154, "relation": "increases"}
composite(p(UNIPROT:P0C6X7, frag("2741_3240")), p(UNIPROT:P0C6X7, frag("3547_3836")), p(UNIPROT:P0C6X7, frag("819_2740")))	increases	bp(GO:"viral replication complex formation and maintenance")	{"annotations": {"PublicationStatus": {"Published": true}, "PublicationType": {"Research": true}, "Section": {"Results": true}}, "citation": {"authors": ["Denison MR", "Eckerle LD", "Graham RL", "Sims AC", "Sparks JS"], "date": "2008-04-01", "db": "PubMed", "db_id": "17397959", "db_name": "Virus research", "first": "Graham RL", "last": "Denison MR", "pages": "88-100", "volume": "133"}, "evidence": "Together, nsps 3, 4, and 6 are predicted to function to nucleate and anchor viral replication complexes on double-membrane vesicles in the cytoplasm (Gosert et al., 2002;Prentice et al., 2004a;van der Meer et al., 1999).", "line": 155, "relation": "increases"}
p(UNIPROT:P0C6X7, frag("2741_3240"))	partOf	composite(p(UNIPROT:P0C6X7, frag("2741_3240")), p(UNIPROT:P0C6X7, frag("3547_3836")), p(UNIPROT:P0C6X7, frag("819_2740")))	{"relation": "partOf"}
p(UNIPROT:P0C6X7, frag("3547_3836"))	partOf	composite(p(UNIPROT:P0C6X7, frag("2741_3240")), p(UNIPROT:P0C6X7, frag("3547_3836")), p(UNIPROT:P0C6X7, frag("819_2740")))	{"relation": "partOf"}
act(p(UNIPROT:P0C6X7, frag("3547_3836")))	increases	p(UNIPROT:P0C6X7, frag("?_3240"))	{"annotations": {"PublicationStatus": {"Published": true}, "PublicationType": {"Research": true}, "Section": {"Results": true}}, "citation": {"authors": ["Denison MR", "Eckerle LD", "Graham RL", "Sims AC", "Sparks JS"], "date": "2008-04-01", "db": "PubMed", "db_id": "17397959", "db_name": "Virus research", "first": "Graham RL", "last": "Denison MR", "pages": "88-100", "volume": "133"}, "evidence": "It was discovered that SARS-CoV nsp 4 is cleaved first at its amino terminus by the PLP (PLP2 for MHV) and at its carboxy terminus by 3CLPro (Harcourt et al., 2004;Kanjanahaluethai et al., 2003;Prentice et al., 2004b).", "line": 163, "relation": "increases", "subject": {"modifier": "Activity"}}
p(UNIPROT:P0C6X7, frag("819_2740"))	partOf	composite(p(UNIPROT:P0C6X7, frag("2741_3240")), p(UNIPROT:P0C6X7, frag("3547_3836")), p(UNIPROT:P0C6X7, frag("819_2740")))	{"relation": "partOf"}
p(UNIPROT:P0C6X7, frag("819_2740"))	association	bp(MESH:"Virus Replication")	{"annotations": {"PublicationStatus": {"Published": true}, "PublicationType": {"Research": true}, "Section": {"Results": true}}, "citation": {"authors": ["Denison MR", "Eckerle LD", "Graham RL", "Sims AC", "Sparks JS"], "date": "2008-04-01", "db": "PubMed", "db_id": "17397959", "db_name": "Virus research", "first": "Graham RL", "last": "Denison MR", "pages": "88-100", "volume": "133"}, "evidence": "When the variability between nsp 3 isolates of the SARS epidemic are compared, the results suggest that nsps 1-3 perform cell- and host- specific roles in replication and/or virulence. Additionally, they have demonstrated high capacity for adaptation to new environments and selective pressures.", "line": 58, "relation": "association"}
p(UNIPROT:P0C6X7, frag("819_2740"))	increases	bp(GO:"RNA biosynthetic process")	{"annotations": {"PublicationStatus": {"Published": true}, "PublicationType": {"Research": true}, "Section": {"Results": true}}, "citation": {"authors": ["Denison MR", "Eckerle LD", "Graham RL", "Sims AC", "Sparks JS"], "date": "2008-04-01", "db": "PubMed", "db_id": "17397959", "db_name": "Virus research", "first": "Graham RL", "last": "Denison MR", "pages": "88-100", "volume": "133"}, "evidence": "The Appr-1\u2033-p domain of nsp 3 is proposed to have functions in viral RNA synthesis (Snijder et al., 2003).", "line": 121, "relation": "increases"}
act(p(UNIPROT:P0C6X7, frag("819_2740")))	increases	bp(GO:"protein deubiquitination")	{"annotations": {"PublicationStatus": {"Published": true}, "PublicationType": {"Research": true}, "Section": {"Results": true}}, "citation": {"authors": ["Denison MR", "Eckerle LD", "Graham RL", "Sims AC", "Sparks JS"], "date": "2008-04-01", "db": "PubMed", "db_id": "17397959", "db_name": "Virus research", "first": "Graham RL", "last": "Denison MR", "pages": "88-100", "volume": "133"}, "evidence": "Two groups subsequently demonstrated that expressed and purified SARS PLP possesses deubiquitinating activity (Barretto et al., 2005; Lindner et al., 2005).", "line": 128, "relation": "increases", "subject": {"modifier": "Activity"}}
act(p(UNIPROT:P0C6X7, frag("819_2740")))	increases	p(UNIPROT:P0C6X7, frag("2741_?"))	{"annotations": {"PublicationStatus": {"Published": true}, "PublicationType": {"Research": true}, "Section": {"Results": true}}, "citation": {"authors": ["Denison MR", "Eckerle LD", "Graham RL", "Sims AC", "Sparks JS"], "date": "2008-04-01", "db": "PubMed", "db_id": "17397959", "db_name": "Virus research", "first": "Graham RL", "last": "Denison MR", "pages": "88-100", "volume": "133"}, "evidence": "It was discovered that SARS-CoV nsp 4 is cleaved first at its amino terminus by the PLP (PLP2 for MHV) and at its carboxy terminus by 3CLPro (Harcourt et al., 2004;Kanjanahaluethai et al., 2003;Prentice et al., 2004b).", "line": 162, "relation": "increases", "subject": {"modifier": "Activity"}}
composite(p(UNIPROT:P0C6X7, frag("5903_6429")), p(UNIPROT:P0C6X7, frag("6430_6775")))	increases	bp(GO:"viral RNA genome packaging")	{"annotations": {"PublicationStatus": {"Published": true}, "PublicationType": {"Research": true}, "Section": {"Results": true}}, "citation": {"authors": ["Denison MR", "Eckerle LD", "Graham RL", "Sims AC", "Sparks JS"], "date": "2008-04-01", "db": "PubMed", "db_id": "17397959", "db_name": "Virus research", "first": "Graham RL", "last": "Denison MR", "pages": "88-100", "volume": "133"}, "evidence": "Nsp 14 likely functions coordinately with nsps 15 and 16 in processing and modification of viral or cellular RNAs.", "line": 168, "relation": "increases"}
p(UNIPROT:P0C6X7, frag("5903_6429"))	partOf	composite(p(UNIPROT:P0C6X7, frag("5903_6429")), p(UNIPROT:P0C6X7, frag("6430_6775")))	{"relation": "partOf"}
p(UNIPROT:P0C6X7, frag("5903_6429"))	partOf	composite(p(UNIPROT:P0C6X7, frag("5903_6429")), p(UNIPROT:P0C6X7, frag("6776_7073")))	{"relation": "partOf"}
p(UNIPROT:P0C6X7, frag("5903_6429"))	increases	bp(GO:"viral process")	{"annotations": {"PublicationStatus": {"Published": true}, "PublicationType": {"Research": true}, "Section": {"Results": true}, "Species": {"10090": true}}, "citation": {"authors": ["Denison MR", "Eckerle LD", "Graham RL", "Sims AC", "Sparks JS"], "date": "2008-04-01", "db": "PubMed", "db_id": "17397959", "db_name": "Virus research", "first": "Graham RL", "last": "Denison MR", "pages": "88-100", "volume": "133"}, "evidence": "However, the Y414 virus was virulent in mice, whereas the Y414H mutant was completely attenuated, even in the absence of the mutation in the 2a protein (Sperry et al., 2005).", "line": 176, "relation": "increases"}
p(UNIPROT:P0C6X7, frag("6430_6775"))	partOf	composite(p(UNIPROT:P0C6X7, frag("5903_6429")), p(UNIPROT:P0C6X7, frag("6430_6775")))	{"relation": "partOf"}
composite(p(UNIPROT:P0C6X7, frag("5903_6429")), p(UNIPROT:P0C6X7, frag("6776_7073")))	increases	bp(GO:"viral RNA genome packaging")	{"annotations": {"PublicationStatus": {"Published": true}, "PublicationType": {"Research": true}, "Section": {"Results": true}}, "citation": {"authors": ["Denison MR", "Eckerle LD", "Graham RL", "Sims AC", "Sparks JS"], "date": "2008-04-01", "db": "PubMed", "db_id": "17397959", "db_name": "Virus research", "first": "Graham RL", "last": "Denison MR", "pages": "88-100", "volume": "133"}, "evidence": "Nsp 14 likely functions coordinately with nsps 15 and 16 in processing and modification of viral or cellular RNAs.", "line": 169, "relation": "increases"}
p(UNIPROT:P0C6X7, frag("6776_7073"))	partOf	composite(p(UNIPROT:P0C6X7, frag("5903_6429")), p(UNIPROT:P0C6X7, frag("6776_7073")))	{"relation": "partOf"}
p(UNIPROT:P0C6X7, var("p.226_228delRGV"))	decreases	complex(complex(GO:"viral replication complex"), p(UNIPROT:P0C6X7, frag("181_818")))	{"annotations": {"PublicationStatus": {"Published": true}, "PublicationType": {"Research": true}, "Section": {"Results": true}}, "citation": {"authors": ["Denison MR", "Eckerle LD", "Graham RL", "Sims AC", "Sparks JS"], "date": "2008-04-01", "db": "PubMed", "db_id": "17397959", "db_name": "Virus research", "first": "Graham RL", "last": "Denison MR", "pages": "88-100", "volume": "133"}, "evidence": "This data suggests that the deletion of the 226 RGV 228 in the A4 mutant may disrupt a domain of nsp 2 required for proper replication complex interaction, though the formation of the replication complexes is apparently not hindered, as evidenced by the localization of nsps 1 and 8.", "line": 147, "relation": "decreases"}
p(UNIPROT:P0C6X7, var("p.Tyr414His"))	decreases	bp(GO:"viral process")	{"annotations": {"PublicationStatus": {"Published": true}, "PublicationType": {"Research": true}, "Section": {"Results": true}, "Species": {"10090": true}}, "citation": {"authors": ["Denison MR", "Eckerle LD", "Graham RL", "Sims AC", "Sparks JS"], "date": "2008-04-01", "db": "PubMed", "db_id": "17397959", "db_name": "Virus research", "first": "Graham RL", "last": "Denison MR", "pages": "88-100", "volume": "133"}, "evidence": "However, the Y414 virus was virulent in mice, whereas the Y414H mutant was completely attenuated, even in the absence of the mutation in the 2a protein (Sperry et al., 2005).", "line": 177, "relation": "decreases"}
