a(TAX:"Severe acute respiratory syndrome-related coronavirus")	association	p(UNIPROT:P59636)	{"annotations": {"BioAssay": {"western blot": true}, "PublicationStatus": {"Published": true}, "PublicationType": {"Research": true}, "Section": {"Results": true}}, "citation": {"authors": ["Dai J", "Dong QX", "Li L", "Li Q", "Lin YP", "Lu W", "Sun B", "Wang F", "Wu JR", "Xu C", "Xu K", "Xue L", "Yang LL", "Yang RF", "Zeng R", "Zheng BJ"], "date": "2009-06-05", "db": "PubMed", "db_id": "19394665", "db_name": "Virology", "first": "Xu K", "last": "Sun B", "pages": "279-85", "volume": "388"}, "evidence": "The expression of 9b protein in SARS-CoV infected cells was confirmed by Western blot analysis with anti-9b monoclonal antibody.", "line": 48, "relation": "association"}
act(p(COVID:E))	increases	sec(p(UNIPROT:P59636))	{"annotations": {"BioAssay": {"western blot": true}, "CellLine": {"HEK293": true}, "Plasmid_Transfected": {"pCAGGS-E-pCAGGS-9b": true}, "PublicationStatus": {"Published": true}, "PublicationType": {"Research": true}, "Sample": {"Cell lysates": true, "Medium": true}, "Section": {"Results": true}}, "citation": {"authors": ["Dai J", "Dong QX", "Li L", "Li Q", "Lin YP", "Lu W", "Sun B", "Wang F", "Wu JR", "Xu C", "Xu K", "Xue L", "Yang LL", "Yang RF", "Zeng R", "Zheng BJ"], "date": "2009-06-05", "db": "PubMed", "db_id": "19394665", "db_name": "Virology", "first": "Xu K", "last": "Sun B", "pages": "279-85", "volume": "388"}, "evidence": "As shown in Fig. 5 , in the pellets of the culture medium collected from cells co-transfected with pCAGGS-E and pCAGGS-9b, a low level of 9b protein was detected suggesting that 9b protein is able to be released when only E protein is available.", "line": 89, "object": {"effect": {"fromLoc": {"name": "intracellular", "namespace": "bel"}, "toLoc": {"name": "extracellular space", "namespace": "bel"}}, "modifier": "Translocation"}, "relation": "increases", "subject": {"modifier": "Activity"}}
act(p(COVID:N))	increases	p(UNIPROT:P59636)	{"annotations": {"CellLine": {"HEK293": true}, "PublicationStatus": {"Published": true}, "PublicationType": {"Research": true}, "Section": {"Results": true}}, "citation": {"authors": ["Dai J", "Dong QX", "Li L", "Li Q", "Lin YP", "Lu W", "Sun B", "Wang F", "Wu JR", "Xu C", "Xu K", "Xue L", "Yang LL", "Yang RF", "Zeng R", "Zheng BJ"], "date": "2009-06-05", "db": "PubMed", "db_id": "19394665", "db_name": "Virology", "first": "Xu K", "last": "Sun B", "pages": "279-85", "volume": "388"}, "evidence": "The results showed that 9b protein was able to be expressed in cells transfected with plasmids containing the N gene coding region (Fig. 1C ORFN), but that the expression level was relatively weaker compared with that of cells transfected with ORF9b alone (Fig. 1C ORF9b).", "line": 57, "relation": "increases", "subject": {"modifier": "Activity"}}
act(p(COVID:ORF3a))	increases	sec(p(COVID:ORF3a))	{"annotations": {"BioAssay": {"western blot": true}, "CellLine": {"HEK293": true}, "Plasmid_Transfected": {"pCAGGS-3a-HA": true}, "PublicationStatus": {"Published": true}, "PublicationType": {"Research": true}, "Sample": {"Supernatant": true}, "Section": {"Results": true}}, "citation": {"authors": ["Dai J", "Dong QX", "Li L", "Li Q", "Lin YP", "Lu W", "Sun B", "Wang F", "Wu JR", "Xu C", "Xu K", "Xue L", "Yang LL", "Yang RF", "Zeng R", "Zheng BJ"], "date": "2009-06-05", "db": "PubMed", "db_id": "19394665", "db_name": "Virology", "first": "Xu K", "last": "Sun B", "pages": "279-85", "volume": "388"}, "evidence": "Western blot analysis of the pellets demonstrated that 9b protein was not released into the culture medium of 9b-expressing cells, while 3a protein was released as previously described (Huang et al., 2006b). The abundant host protein, actin, was not detectable in the supernatants from any group of cells (Fig. 2).", "line": 70, "object": {"effect": {"fromLoc": {"name": "intracellular", "namespace": "bel"}, "toLoc": {"name": "extracellular space", "namespace": "bel"}}, "modifier": "Translocation"}, "relation": "increases", "subject": {"modifier": "Activity"}}
p(COVID:ORF3a)	decreases	sec(p(PFAM:Actin))	{"annotations": {"BioAssay": {"western blot": true}, "CellLine": {"HEK293": true}, "Plasmid_Transfected": {"pCAGGS-3a-HA": true}, "PublicationStatus": {"Published": true}, "PublicationType": {"Research": true}, "Sample": {"Supernatant": true}, "Section": {"Results": true}}, "citation": {"authors": ["Dai J", "Dong QX", "Li L", "Li Q", "Lin YP", "Lu W", "Sun B", "Wang F", "Wu JR", "Xu C", "Xu K", "Xue L", "Yang LL", "Yang RF", "Zeng R", "Zheng BJ"], "date": "2009-06-05", "db": "PubMed", "db_id": "19394665", "db_name": "Virology", "first": "Xu K", "last": "Sun B", "pages": "279-85", "volume": "388"}, "evidence": "Western blot analysis of the pellets demonstrated that 9b protein was not released into the culture medium of 9b-expressing cells, while 3a protein was released as previously described (Huang et al., 2006b). The abundant host protein, actin, was not detectable in the supernatants from any group of cells (Fig. 2).", "line": 71, "object": {"effect": {"fromLoc": {"name": "intracellular", "namespace": "bel"}, "toLoc": {"name": "extracellular space", "namespace": "bel"}}, "modifier": "Translocation"}, "relation": "decreases"}
p(UNIPROT:P59636)	association	a(TAX:"Severe acute respiratory syndrome-related coronavirus")	{"annotations": {"BioAssay": {"western blot": true}, "PublicationStatus": {"Published": true}, "PublicationType": {"Research": true}, "Section": {"Results": true}}, "citation": {"authors": ["Dai J", "Dong QX", "Li L", "Li Q", "Lin YP", "Lu W", "Sun B", "Wang F", "Wu JR", "Xu C", "Xu K", "Xue L", "Yang LL", "Yang RF", "Zeng R", "Zheng BJ"], "date": "2009-06-05", "db": "PubMed", "db_id": "19394665", "db_name": "Virology", "first": "Xu K", "last": "Sun B", "pages": "279-85", "volume": "388"}, "evidence": "The expression of 9b protein in SARS-CoV infected cells was confirmed by Western blot analysis with anti-9b monoclonal antibody.", "line": 48, "relation": "association"}
p(UNIPROT:P59636)	decreases	sec(p(PFAM:Actin))	{"annotations": {"BioAssay": {"western blot": true}, "CellLine": {"HEK293": true}, "Plasmid_Transfected": {"pCAGGS-9b": true}, "PublicationStatus": {"Published": true}, "PublicationType": {"Research": true}, "Sample": {"Supernatant": true}, "Section": {"Results": true}}, "citation": {"authors": ["Dai J", "Dong QX", "Li L", "Li Q", "Lin YP", "Lu W", "Sun B", "Wang F", "Wu JR", "Xu C", "Xu K", "Xue L", "Yang LL", "Yang RF", "Zeng R", "Zheng BJ"], "date": "2009-06-05", "db": "PubMed", "db_id": "19394665", "db_name": "Virology", "first": "Xu K", "last": "Sun B", "pages": "279-85", "volume": "388"}, "evidence": "Western blot analysis of the pellets demonstrated that 9b protein was not released into the culture medium of 9b-expressing cells, while 3a protein was released as previously described (Huang et al., 2006b). The abundant host protein, actin, was not detectable in the supernatants from any group of cells (Fig. 2).", "line": 74, "object": {"effect": {"fromLoc": {"name": "intracellular", "namespace": "bel"}, "toLoc": {"name": "extracellular space", "namespace": "bel"}}, "modifier": "Translocation"}, "relation": "decreases"}
