a(CHEBI:emodin)	decreases	path(MESH:"Cytopathogenic Effect, Viral")	{"annotations": {"CellLine_Infection_Type": {"Human coronavirus OC43": true}, "Custom_CellLine": {"RD cell": true}, "PublicationStatus": {"Published": true}, "PublicationType": {"Research": true}, "Section": {"Results": true}, "Timeline": {"3 day": true}, "concentration": {"8\u00b5M": true}}, "citation": {"authors": ["Schwarz S", "Schwarz W", "Sun B", "Wang K", "Yu W"], "date": "2011-04-01", "db": "PubMed", "db_id": "21356245", "db_name": "Antiviral research", "first": "Schwarz S", "last": "Schwarz W", "pages": "64-9", "volume": "90"}, "evidence": "Three days post infection, the typical cytopathic effect(CPE) was observed under a light microscope; the virus-induced CPE was obviously reduce in the presence of 8\u0002M emodin (Fig. 5A).", "line": 52, "relation": "decreases"}
a(CHEBI:emodin)	decreases	a(TAX:"Human coronavirus OC43")	{"annotations": {"CellLine_Infection_Type": {"Human coronavirus OC43": true}, "Custom_CellLine": {"RD cell": true}, "PublicationStatus": {"Published": true}, "PublicationType": {"Research": true}, "Section": {"Results": true}, "Timeline": {"3 day": true}, "concentration": {"8\u00b5M": true}}, "citation": {"authors": ["Schwarz S", "Schwarz W", "Sun B", "Wang K", "Yu W"], "date": "2011-04-01", "db": "PubMed", "db_id": "21356245", "db_name": "Antiviral research", "first": "Schwarz S", "last": "Schwarz W", "pages": "64-9", "volume": "90"}, "evidence": "In addition, the plaque reduction assay showed that emodin decreased the number and size of plaques in a dose-dependentmanner; plaques were hardly detectable at 8\u0002M(Fig. 5B).", "line": 58, "relation": "decreases"}
a(CHEBI:emodin)	decreases	act(p(UNIPROT:J9TEM7))	{"annotations": {"PublicationStatus": {"Published": true}, "PublicationType": {"Research": true}, "Section": {"Discussion": true}}, "citation": {"authors": ["Schwarz S", "Schwarz W", "Sun B", "Wang K", "Yu W"], "date": "2011-04-01", "db": "PubMed", "db_id": "21356245", "db_name": "Antiviral research", "first": "Schwarz S", "last": "Schwarz W", "pages": "64-9", "volume": "90"}, "evidence": "Therefore, we suggest that emodin may contribute to reduced virus release from the SARS-CoV-infected cell through inhibition of the current medi-ated by 3a protein.", "line": 70, "object": {"modifier": "Activity"}, "relation": "decreases"}
a(TAX:"Severe acute respiratory syndrome-related coronavirus")	association	p(UNIPROT:J9TEM7)	{"annotations": {"PublicationStatus": {"Published": true}, "PublicationType": {"Research": true}, "Section": {"Discussion": true}}, "citation": {"authors": ["Schwarz S", "Schwarz W", "Sun B", "Wang K", "Yu W"], "date": "2011-04-01", "db": "PubMed", "db_id": "21356245", "db_name": "Antiviral research", "first": "Schwarz S", "last": "Schwarz W", "pages": "64-9", "volume": "90"}, "evidence": "Therefore, we suggest that emodin may contribute to reduced virus release from the SARS-CoV-infected cell through inhibition of the current medi-ated by 3a protein.", "line": 69, "relation": "association"}
p(UNIPROT:J9TEM7)	association	a(TAX:"Severe acute respiratory syndrome-related coronavirus")	{"annotations": {"PublicationStatus": {"Published": true}, "PublicationType": {"Research": true}, "Section": {"Discussion": true}}, "citation": {"authors": ["Schwarz S", "Schwarz W", "Sun B", "Wang K", "Yu W"], "date": "2011-04-01", "db": "PubMed", "db_id": "21356245", "db_name": "Antiviral research", "first": "Schwarz S", "last": "Schwarz W", "pages": "64-9", "volume": "90"}, "evidence": "Therefore, we suggest that emodin may contribute to reduced virus release from the SARS-CoV-infected cell through inhibition of the current medi-ated by 3a protein.", "line": 69, "relation": "association"}
act(p(UNIPROT:J9TEM7))	increases	bp(GO:"viral release from host cell")	{"annotations": {"PublicationStatus": {"Published": true}, "PublicationType": {"Research": true}, "Section": {"Discussion": true}}, "citation": {"authors": ["Schwarz S", "Schwarz W", "Sun B", "Wang K", "Yu W"], "date": "2011-04-01", "db": "PubMed", "db_id": "21356245", "db_name": "Antiviral research", "first": "Schwarz S", "last": "Schwarz W", "pages": "64-9", "volume": "90"}, "evidence": "Therefore, we suggest that emodin may contribute to reduced virus release from the SARS-CoV-infected cell through inhibition of the current medi-ated by 3a protein.", "line": 71, "relation": "increases", "subject": {"modifier": "Activity"}}
