a(TAX:"recombinant SARS coronavirus")	association	g(NCBIGENE:43740577)	{"annotations": {"CellLine": {"Vero cell": true}, "PublicationStatus": {"Published": true}, "PublicationType": {"Research": true}, "Section": {"Results": true}, "Timeline": {"72 hours": true}}, "citation": {"authors": ["Ameneiros RS", "Balboni A", "Battilani M", "Binger T", "Corman VM", "Dijkman R", "Drexler JF", "Drosten C", "Gloza-Rausch F", "Gottula LT", "Muth D", "M\u00fcller MA", "Pfeifer A", "Rihtari\u010d D", "Roth H", "Thiel V", "Toplak I"], "date": "2018-10-11", "db": "PubMed", "db_id": "30310104", "db_name": "Scientific reports", "first": "Muth D", "last": "Drosten C", "pages": "15177", "volume": "8"}, "evidence": "72 h post infection (hpi), rSCV8full, rSCVepi and rSCVdel8\u20132 gave evidence of replication by real-time RT-PCR, while rSCVdel8\u20131 RNA increased more slowly, reaching a plateau level only by 96 hpi.", "line": 58, "relation": "association"}
a(TAX:"recombinant SARS coronavirus")	increases	path(MESH:"Virus Replication")	{"annotations": {"BioAssay": {"titration method": true}, "CellLine": {"Vero cell": true}, "PublicationStatus": {"Published": true}, "PublicationType": {"Research": true}, "Section": {"Results": true}, "Timeline": {"24 hours": true}, "Treatment": {"Type 1 IFN alpha": true}}, "citation": {"authors": ["Ameneiros RS", "Balboni A", "Battilani M", "Binger T", "Corman VM", "Dijkman R", "Drexler JF", "Drosten C", "Gloza-Rausch F", "Gottula LT", "Muth D", "M\u00fcller MA", "Pfeifer A", "Rihtari\u010d D", "Roth H", "Thiel V", "Toplak I"], "date": "2018-10-11", "db": "PubMed", "db_id": "30310104", "db_name": "Scientific reports", "first": "Muth D", "last": "Drosten C", "pages": "15177", "volume": "8"}, "evidence": "At 24 h p.i., rSCV8full grew to titers 30 times higher than rSCVdel8 (Fig. 2b)", "line": 78, "relation": "increases"}
g(NCBIGENE:43740577)	increases	bp(GO:"viral RNA genome replication")	{"annotations": {"CellLine": {"Vero cell": true}, "PublicationStatus": {"Published": true}, "PublicationType": {"Research": true}, "Section": {"Results": true}, "Timeline": {"72 hours": true}}, "citation": {"authors": ["Ameneiros RS", "Balboni A", "Battilani M", "Binger T", "Corman VM", "Dijkman R", "Drexler JF", "Drosten C", "Gloza-Rausch F", "Gottula LT", "Muth D", "M\u00fcller MA", "Pfeifer A", "Rihtari\u010d D", "Roth H", "Thiel V", "Toplak I"], "date": "2018-10-11", "db": "PubMed", "db_id": "30310104", "db_name": "Scientific reports", "first": "Muth D", "last": "Drosten C", "pages": "15177", "volume": "8"}, "evidence": "72 h post infection (hpi), rSCV8full, rSCVepi and rSCVdel8\u20132 gave evidence of replication by real-time RT-PCR, while rSCVdel8\u20131 RNA increased more slowly, reaching a plateau level only by 96 hpi.", "line": 56, "relation": "increases"}
g(NCBIGENE:43740577)	association	a(TAX:"recombinant SARS coronavirus")	{"annotations": {"CellLine": {"Vero cell": true}, "PublicationStatus": {"Published": true}, "PublicationType": {"Research": true}, "Section": {"Results": true}, "Timeline": {"72 hours": true}}, "citation": {"authors": ["Ameneiros RS", "Balboni A", "Battilani M", "Binger T", "Corman VM", "Dijkman R", "Drexler JF", "Drosten C", "Gloza-Rausch F", "Gottula LT", "Muth D", "M\u00fcller MA", "Pfeifer A", "Rihtari\u010d D", "Roth H", "Thiel V", "Toplak I"], "date": "2018-10-11", "db": "PubMed", "db_id": "30310104", "db_name": "Scientific reports", "first": "Muth D", "last": "Drosten C", "pages": "15177", "volume": "8"}, "evidence": "72 h post infection (hpi), rSCV8full, rSCVepi and rSCVdel8\u20132 gave evidence of replication by real-time RT-PCR, while rSCVdel8\u20131 RNA increased more slowly, reaching a plateau level only by 96 hpi.", "line": 58, "relation": "association"}
g(NCBIGENE:43740577)	increases	a(MESH:"Nucleocapsid Proteins")	{"annotations": {"BioAssay": {"western blot": true}, "CellLine": {"Vero cell": true}, "PublicationStatus": {"Published": true}, "PublicationType": {"Research": true}, "Section": {"Results": true}}, "citation": {"authors": ["Ameneiros RS", "Balboni A", "Battilani M", "Binger T", "Corman VM", "Dijkman R", "Drexler JF", "Drosten C", "Gloza-Rausch F", "Gottula LT", "Muth D", "M\u00fcller MA", "Pfeifer A", "Rihtari\u010d D", "Roth H", "Thiel V", "Toplak I"], "date": "2018-10-11", "db": "PubMed", "db_id": "30310104", "db_name": "Scientific reports", "first": "Muth D", "last": "Drosten C", "pages": "15177", "volume": "8"}, "evidence": "Western blot analyses showed that rSCV8full, rSCVepi, as well as rSCVdel8\u20132 expressed similar amounts of the nucleocapsid protein, while no expression was seen in cells infected with rSCVdel8\u20131 (Fig. 1b).", "line": 63, "relation": "increases"}
g(NCBIGENE:43740577)	increases	path(MESH:"Virus Replication")	{"annotations": {"BioAssay": {"titration method": true}, "CellLine": {"Vero cell": true}, "PublicationStatus": {"Published": true}, "PublicationType": {"Research": true}, "Section": {"Results": true}}, "citation": {"authors": ["Ameneiros RS", "Balboni A", "Battilani M", "Binger T", "Corman VM", "Dijkman R", "Drexler JF", "Drosten C", "Gloza-Rausch F", "Gottula LT", "Muth D", "M\u00fcller MA", "Pfeifer A", "Rihtari\u010d D", "Roth H", "Thiel V", "Toplak I"], "date": "2018-10-11", "db": "PubMed", "db_id": "30310104", "db_name": "Scientific reports", "first": "Muth D", "last": "Drosten C", "pages": "15177", "volume": "8"}, "evidence": "rSCV8full grew significantly more efficiently than both other variants at 24 hpi (p < 0.05 and p < 0.001 comparing to rSCVepi and rSCVdel8, respectively, using t-Test)", "line": 68, "relation": "increases"}
g(NCBIGENE:43740577)	increases	path(MESH:"Virus Replication")	{"annotations": {"BioAssay": {"titration method": true}, "Custom_CellLine": {"RhiLu-ACE2 cell": true}, "PublicationStatus": {"Published": true}, "PublicationType": {"Research": true}, "Section": {"Results": true}}, "citation": {"authors": ["Ameneiros RS", "Balboni A", "Battilani M", "Binger T", "Corman VM", "Dijkman R", "Drexler JF", "Drosten C", "Gloza-Rausch F", "Gottula LT", "Muth D", "M\u00fcller MA", "Pfeifer A", "Rihtari\u010d D", "Roth H", "Thiel V", "Toplak I"], "date": "2018-10-11", "db": "PubMed", "db_id": "30310104", "db_name": "Scientific reports", "first": "Muth D", "last": "Drosten C", "pages": "15177", "volume": "8"}, "evidence": "As shown in Fig. 3g, the same hierarchy of viral replication levels as in VeroFM cells was observed (rSCV8full > rSCVepi > rSCVdel8)", "line": 85, "relation": "increases"}
g(NCBIGENE:43740577)	increases	path(MESH:"Virus Replication")	{"annotations": {"BioAssay": {"titration method": true}, "Cell": {"bronchial epithelial cell": true}, "Custom_Species": {"42415": true}, "PublicationStatus": {"Published": true}, "PublicationType": {"Research": true}, "Section": {"Results": true}}, "citation": {"authors": ["Ameneiros RS", "Balboni A", "Battilani M", "Binger T", "Corman VM", "Dijkman R", "Drexler JF", "Drosten C", "Gloza-Rausch F", "Gottula LT", "Muth D", "M\u00fcller MA", "Pfeifer A", "Rihtari\u010d D", "Roth H", "Thiel V", "Toplak I"], "date": "2018-10-11", "db": "PubMed", "db_id": "30310104", "db_name": "Scientific reports", "first": "Muth D", "last": "Drosten C", "pages": "15177", "volume": "8"}, "evidence": "Again the same hierarchy of viral replication levels, namely rSCV8full > rSCVepi > rSCVdel8, was observed at 24 hpi (Fig. 4b).", "line": 91, "relation": "increases"}
g(NCBIGENE:43740577)	increases	path(MESH:"Virus Replication")	{"annotations": {"BioAssay": {"titration method": true}, "Cell": {"bronchial epithelial cell": true}, "PublicationStatus": {"Published": true}, "PublicationType": {"Research": true}, "Section": {"Results": true}, "Species": {"9606": true}}, "citation": {"authors": ["Ameneiros RS", "Balboni A", "Battilani M", "Binger T", "Corman VM", "Dijkman R", "Drexler JF", "Drosten C", "Gloza-Rausch F", "Gottula LT", "Muth D", "M\u00fcller MA", "Pfeifer A", "Rihtari\u010d D", "Roth H", "Thiel V", "Toplak I"], "date": "2018-10-11", "db": "PubMed", "db_id": "30310104", "db_name": "Scientific reports", "first": "Muth D", "last": "Drosten C", "pages": "15177", "volume": "8"}, "evidence": "At both time points rSCV8full replicated to significantly higher titers than rSCVepi or rSCVdel8 in HAE (Fig. 4c).", "line": 103, "relation": "increases"}
path(HP:"type I interferon")	decreases	path(MESH:"Virus Replication")	{"annotations": {"CellLine": {"Vero cell": true}, "PublicationStatus": {"Published": true}, "PublicationType": {"Research": true}, "Section": {"Results": true}}, "citation": {"authors": ["Ameneiros RS", "Balboni A", "Battilani M", "Binger T", "Corman VM", "Dijkman R", "Drexler JF", "Drosten C", "Gloza-Rausch F", "Gottula LT", "Muth D", "M\u00fcller MA", "Pfeifer A", "Rihtari\u010d D", "Roth H", "Thiel V", "Toplak I"], "date": "2018-10-11", "db": "PubMed", "db_id": "30310104", "db_name": "Scientific reports", "first": "Muth D", "last": "Drosten C", "pages": "15177", "volume": "8"}, "evidence": "Due to the essential role of the type I IFN system in the restriction of virus infection, it was tested whether the ORF8-dependent replication phenotype might be linked to the type I IFN response.", "line": 72, "relation": "decreases"}
