a(CHEBI:"angiotensin II")	partOf	complex(a(CHEBI:"angiotensin II"), p(HGNC:AGTR1))	{"relation": "partOf"}
a(CHEBI:"angiotensin II")	increases	act(p(HGNC:AGTR1))	{"annotations": {"Custom_Disease": {"COVID-19": true}, "MeSHAnatomy": {"Lung": true}, "PublicationStatus": {"Published": true}, "PublicationType": {"Commentary": true}, "Section": {"Full Text": true}, "Species": {"9606": true}}, "citation": {"authors": ["Gurwitz D"], "date": "2020-03-04", "db": "PubMed", "db_id": "32129518", "db_name": "Drug development research", "first": "Gurwitz D", "last": "Gurwitz D"}, "evidence": "This in turn contributes to lung injury, as angiotensin-stimulated AT1R results in increased pulmonary vascular permeability, thereby mediating increased lung pathology (Imai et al., 2005; Kuba et al., 2005).", "line": 141, "object": {"modifier": "Activity"}, "relation": "increases"}
a(CHEBI:"angiotensin II")	increases	act(p(HGNC:AGTR1))	{"annotations": {"Custom_Disease": {"COVID-19": true}, "PublicationStatus": {"Published": true}, "PublicationType": {"Commentary": true}, "Section": {"Full Text": true}, "Species": {"9606": true}}, "citation": {"authors": ["Gurwitz D"], "date": "2020-03-04", "db": "PubMed", "db_id": "32129518", "db_name": "Drug development research", "first": "Gurwitz D", "last": "Gurwitz D"}, "evidence": "This may be accounted for by two complementary mechanisms: blocking the excessive angiotensin-mediated AT1R activation caused by the viral infection, as well as upregulating ACE2, thereby reducing angiotensin production by ACE and increasing the production of the vasodilator angiotensin 1\u20137.", "line": 154, "object": {"modifier": "Activity"}, "relation": "increases"}
a(CHEBI:"angiotensin II")	positiveCorrelation	path(DO:"COVID-19")	{"annotations": {"Custom_Disease": {"COVID-19": true}, "PublicationStatus": {"Published": true}, "PublicationType": {"Commentary": true}, "Section": {"Full Text": true}, "Species": {"9606": true}}, "citation": {"authors": ["Gurwitz D"], "date": "2020-03-04", "db": "PubMed", "db_id": "32129518", "db_name": "Drug development research", "first": "Gurwitz D", "last": "Gurwitz D"}, "evidence": "This may be accounted for by two complementary mechanisms: blocking the excessive angiotensin-mediated AT1R activation caused by the viral infection, as well as upregulating ACE2, thereby reducing angiotensin production by ACE and increasing the production of the vasodilator angiotensin 1\u20137.", "line": 153, "relation": "positiveCorrelation"}
a(CHEBI:"angiotensin receptor antagonist")	decreases	path(DO:pneumonia)	{"annotations": {"PublicationStatus": {"Published": true}, "PublicationType": {"Commentary": true}, "Section": {"Full Text": true}, "Species": {"9606": true}}, "citation": {"authors": ["Gurwitz D"], "date": "2020-03-04", "db": "PubMed", "db_id": "32129518", "db_name": "Drug development research", "first": "Gurwitz D", "last": "Gurwitz D"}, "evidence": "A recent hypothesis suggested that angiotensin receptor 1 (AT1R) inhibitors might be beneficial for patients infected by COVID-19 who experience pneumonia (Sun, Yang, Sun, & Su, 2020).", "line": 65, "relation": "decreases"}
a(CHEBI:"angiotensin receptor antagonist")	increases	p(HGNC:ACE2)	{"annotations": {"Custom_Disease": {"COVID-19": true}, "MeSHAnatomy": {"Lung": true}, "PublicationStatus": {"Published": true}, "PublicationType": {"Commentary": true}, "Section": {"Full Text": true}, "Species": {"9606": true}}, "citation": {"authors": ["Gurwitz D"], "date": "2020-03-04", "db": "PubMed", "db_id": "32129518", "db_name": "Drug development research", "first": "Gurwitz D", "last": "Gurwitz D"}, "evidence": "Therefore, higher ACE2 expression following chronically medicating SARS-CoV-2 infected patients with AT1R blockers, while seemingly paradoxical, may protect them against acute lung injury rather than putting them at higher risk to develop SARS.", "line": 147, "relation": "increases"}
a(CHEBI:"angiotensin receptor antagonist")	negativeCorrelation	path(DO:"COVID-19")	{"annotations": {"Custom_Disease": {"COVID-19": true}, "PublicationStatus": {"Published": true}, "PublicationType": {"Commentary": true}, "Section": {"Full Text": true}, "Species": {"9606": true}}, "citation": {"authors": ["Gurwitz D"], "date": "2020-03-04", "db": "PubMed", "db_id": "32129518", "db_name": "Drug development research", "first": "Gurwitz D", "last": "Gurwitz D"}, "evidence": "If the latter percentage would be found to be significantly smaller, this would support the notion that AT1R antagonists confer protection from severe symptoms among SARS-CoV-2 infected individuals.", "line": 171, "relation": "negativeCorrelation"}
a(CHEBI:losartan)	decreases	act(p(HGNC:AGTR1))	{"annotations": {"PublicationStatus": {"Published": true}, "PublicationType": {"Commentary": true}, "Section": {"Abstract": true}, "Species": {"9606": true}}, "citation": {"authors": ["Gurwitz D"], "date": "2020-03-04", "db": "PubMed", "db_id": "32129518", "db_name": "Drug development research", "first": "Gurwitz D", "last": "Gurwitz D"}, "evidence": "A tentative suggestion based on existing therapeutics, which would likely be resistant to new coronavirus mutations, is to use available angiotensin receptor 1 (AT1R) blockers, such as losartan, as therapeutics for reducing the aggressiveness and mortality from SARS-CoV-2 virus infections.", "line": 53, "object": {"modifier": "Activity"}, "relation": "decreases"}
a(CHEBI:losartan)	decreases	act(p(HGNC:AGTR1))	{"annotations": {"MeSHDisease": {"Hypertension": true}, "PublicationStatus": {"Published": true}, "PublicationType": {"Commentary": true}, "Section": {"Full Text": true}, "Species": {"9606": true}}, "citation": {"authors": ["Gurwitz D"], "date": "2020-03-04", "db": "PubMed", "db_id": "32129518", "db_name": "Drug development research", "first": "Gurwitz D", "last": "Gurwitz D"}, "evidence": "The AT1R antagonists losartan and olmesartan, commonly applied for reducing blood pressure in hypertensive patients, were shown to increase cardiac ACE2 expression about three-fold following chronic treatment (28 days) after myocardial infarction induced by coronary artery ligation of rats (Ishiyama et al., 2004).", "line": 93, "object": {"modifier": "Activity"}, "relation": "decreases"}
a(CHEBI:losartan)	isA	a(CHEBI:"angiotensin receptor antagonist")	{"annotations": {"PublicationStatus": {"Published": true}, "PublicationType": {"Commentary": true}, "Section": {"Abstract": true}, "Species": {"9606": true}}, "citation": {"authors": ["Gurwitz D"], "date": "2020-03-04", "db": "PubMed", "db_id": "32129518", "db_name": "Drug development research", "first": "Gurwitz D", "last": "Gurwitz D"}, "evidence": "A tentative suggestion based on existing therapeutics, which would likely be resistant to new coronavirus mutations, is to use available angiotensin receptor 1 (AT1R) blockers, such as losartan, as therapeutics for reducing the aggressiveness and mortality from SARS-CoV-2 virus infections.", "line": 54, "relation": "isA"}
a(CHEBI:losartan)	increases	p(RGD:Ace2)	{"annotations": {"MeSHAnatomy": {"Heart": true}, "MeSHDisease": {"Myocardial Infarction": true}, "PublicationStatus": {"Published": true}, "PublicationType": {"Commentary": true}, "Section": {"Full Text": true}, "Species": {"10116": true}, "Timeline": {"28 days": true}}, "citation": {"authors": ["Gurwitz D"], "date": "2020-03-04", "db": "PubMed", "db_id": "32129518", "db_name": "Drug development research", "first": "Gurwitz D", "last": "Gurwitz D"}, "evidence": "The AT1R antagonists losartan and olmesartan, commonly applied for reducing blood pressure in hypertensive patients, were shown to increase cardiac ACE2 expression about three-fold following chronic treatment (28 days) after myocardial infarction induced by coronary artery ligation of rats (Ishiyama et al., 2004).", "line": 101, "relation": "increases"}
a(CHEBI:losartan)	increases	p(RGD:Ace2)	{"annotations": {"MeSHAnatomy": {"Kidney": true}, "PublicationStatus": {"Published": true}, "PublicationType": {"Commentary": true}, "Section": {"Full Text": true}, "Species": {"10116": true}}, "citation": {"authors": ["Gurwitz D"], "date": "2020-03-04", "db": "PubMed", "db_id": "32129518", "db_name": "Drug development research", "first": "Gurwitz D", "last": "Gurwitz D"}, "evidence": "Losartan was also shown to upregulate renal ACE2 expression in chronically treated rats (Klimas et al., 2015). In agreement with these observations, higher urinary ACE2 levels were observed in hypertensive patients treated with the AT1R antagonist olmesartan (Furuhashi et al., 2015).", "line": 112, "relation": "increases"}
a(CHEBI:losartan)	decreases	path(DO:hypertension)	{"annotations": {"Custom_Disease": {"COVID-19": true}, "PublicationStatus": {"Published": true}, "PublicationType": {"Commentary": true}, "Section": {"Full Text": true}, "Species": {"9606": true}}, "citation": {"authors": ["Gurwitz D"], "date": "2020-03-04", "db": "PubMed", "db_id": "32129518", "db_name": "Drug development research", "first": "Gurwitz D", "last": "Gurwitz D"}, "evidence": "Losartan, telmisartan, olmesartan (and additional AT1R antagonists) are widely applied in the clinic since the 1990s for control of hypertension and kidney disorders, and are known as safe drugs that are rarely implicated in adverse drugs events (Deppe, B\u00f6ger, Weiss, & Benndorf, 2010; McIntyre, Caffe, Michalak, & Reid, 1997).", "line": 163, "relation": "decreases"}
a(CHEBI:losartan)	decreases	path(DO:"kidney disease")	{"annotations": {"Custom_Disease": {"COVID-19": true}, "PublicationStatus": {"Published": true}, "PublicationType": {"Commentary": true}, "Section": {"Full Text": true}, "Species": {"9606": true}}, "citation": {"authors": ["Gurwitz D"], "date": "2020-03-04", "db": "PubMed", "db_id": "32129518", "db_name": "Drug development research", "first": "Gurwitz D", "last": "Gurwitz D"}, "evidence": "Losartan, telmisartan, olmesartan (and additional AT1R antagonists) are widely applied in the clinic since the 1990s for control of hypertension and kidney disorders, and are known as safe drugs that are rarely implicated in adverse drugs events (Deppe, B\u00f6ger, Weiss, & Benndorf, 2010; McIntyre, Caffe, Michalak, & Reid, 1997).", "line": 164, "relation": "decreases"}
a(CHEBI:olmesartan)	decreases	act(p(HGNC:AGTR1))	{"annotations": {"MeSHDisease": {"Hypertension": true}, "PublicationStatus": {"Published": true}, "PublicationType": {"Commentary": true}, "Section": {"Full Text": true}, "Species": {"9606": true}}, "citation": {"authors": ["Gurwitz D"], "date": "2020-03-04", "db": "PubMed", "db_id": "32129518", "db_name": "Drug development research", "first": "Gurwitz D", "last": "Gurwitz D"}, "evidence": "The AT1R antagonists losartan and olmesartan, commonly applied for reducing blood pressure in hypertensive patients, were shown to increase cardiac ACE2 expression about three-fold following chronic treatment (28 days) after myocardial infarction induced by coronary artery ligation of rats (Ishiyama et al., 2004).", "line": 94, "object": {"modifier": "Activity"}, "relation": "decreases"}
a(CHEBI:olmesartan)	increases	p(RGD:Ace2)	{"annotations": {"MeSHAnatomy": {"Heart": true}, "MeSHDisease": {"Myocardial Infarction": true}, "PublicationStatus": {"Published": true}, "PublicationType": {"Commentary": true}, "Section": {"Full Text": true}, "Species": {"10116": true}, "Timeline": {"28 days": true}}, "citation": {"authors": ["Gurwitz D"], "date": "2020-03-04", "db": "PubMed", "db_id": "32129518", "db_name": "Drug development research", "first": "Gurwitz D", "last": "Gurwitz D"}, "evidence": "The AT1R antagonists losartan and olmesartan, commonly applied for reducing blood pressure in hypertensive patients, were shown to increase cardiac ACE2 expression about three-fold following chronic treatment (28 days) after myocardial infarction induced by coronary artery ligation of rats (Ishiyama et al., 2004).", "line": 102, "relation": "increases"}
a(CHEBI:olmesartan)	increases	p(HGNC:ACE2)	{"annotations": {"MeSHAnatomy": {"Urine": true}, "PublicationStatus": {"Published": true}, "PublicationType": {"Commentary": true}, "Section": {"Full Text": true}, "Species": {"9606": true}}, "citation": {"authors": ["Gurwitz D"], "date": "2020-03-04", "db": "PubMed", "db_id": "32129518", "db_name": "Drug development research", "first": "Gurwitz D", "last": "Gurwitz D"}, "evidence": "Losartan was also shown to upregulate renal ACE2 expression in chronically treated rats (Klimas et al., 2015). In agreement with these observations, higher urinary ACE2 levels were observed in hypertensive patients treated with the AT1R antagonist olmesartan (Furuhashi et al., 2015).", "line": 117, "relation": "increases"}
a(CHEBI:olmesartan)	decreases	path(DO:hypertension)	{"annotations": {"Custom_Disease": {"COVID-19": true}, "PublicationStatus": {"Published": true}, "PublicationType": {"Commentary": true}, "Section": {"Full Text": true}, "Species": {"9606": true}}, "citation": {"authors": ["Gurwitz D"], "date": "2020-03-04", "db": "PubMed", "db_id": "32129518", "db_name": "Drug development research", "first": "Gurwitz D", "last": "Gurwitz D"}, "evidence": "Losartan, telmisartan, olmesartan (and additional AT1R antagonists) are widely applied in the clinic since the 1990s for control of hypertension and kidney disorders, and are known as safe drugs that are rarely implicated in adverse drugs events (Deppe, B\u00f6ger, Weiss, & Benndorf, 2010; McIntyre, Caffe, Michalak, & Reid, 1997).", "line": 167, "relation": "decreases"}
a(CHEBI:olmesartan)	decreases	path(DO:"kidney disease")	{"annotations": {"Custom_Disease": {"COVID-19": true}, "PublicationStatus": {"Published": true}, "PublicationType": {"Commentary": true}, "Section": {"Full Text": true}, "Species": {"9606": true}}, "citation": {"authors": ["Gurwitz D"], "date": "2020-03-04", "db": "PubMed", "db_id": "32129518", "db_name": "Drug development research", "first": "Gurwitz D", "last": "Gurwitz D"}, "evidence": "Losartan, telmisartan, olmesartan (and additional AT1R antagonists) are widely applied in the clinic since the 1990s for control of hypertension and kidney disorders, and are known as safe drugs that are rarely implicated in adverse drugs events (Deppe, B\u00f6ger, Weiss, & Benndorf, 2010; McIntyre, Caffe, Michalak, & Reid, 1997).", "line": 168, "relation": "decreases"}
a(CHEBI:telmisartan)	decreases	path(DO:hypertension)	{"annotations": {"Custom_Disease": {"COVID-19": true}, "PublicationStatus": {"Published": true}, "PublicationType": {"Commentary": true}, "Section": {"Full Text": true}, "Species": {"9606": true}}, "citation": {"authors": ["Gurwitz D"], "date": "2020-03-04", "db": "PubMed", "db_id": "32129518", "db_name": "Drug development research", "first": "Gurwitz D", "last": "Gurwitz D"}, "evidence": "Losartan, telmisartan, olmesartan (and additional AT1R antagonists) are widely applied in the clinic since the 1990s for control of hypertension and kidney disorders, and are known as safe drugs that are rarely implicated in adverse drugs events (Deppe, B\u00f6ger, Weiss, & Benndorf, 2010; McIntyre, Caffe, Michalak, & Reid, 1997).", "line": 165, "relation": "decreases"}
a(CHEBI:telmisartan)	decreases	path(DO:"kidney disease")	{"annotations": {"Custom_Disease": {"COVID-19": true}, "PublicationStatus": {"Published": true}, "PublicationType": {"Commentary": true}, "Section": {"Full Text": true}, "Species": {"9606": true}}, "citation": {"authors": ["Gurwitz D"], "date": "2020-03-04", "db": "PubMed", "db_id": "32129518", "db_name": "Drug development research", "first": "Gurwitz D", "last": "Gurwitz D"}, "evidence": "Losartan, telmisartan, olmesartan (and additional AT1R antagonists) are widely applied in the clinic since the 1990s for control of hypertension and kidney disorders, and are known as safe drugs that are rarely implicated in adverse drugs events (Deppe, B\u00f6ger, Weiss, & Benndorf, 2010; McIntyre, Caffe, Michalak, & Reid, 1997).", "line": 166, "relation": "decreases"}
a(PUBCHEM:123805)	increases	act(p(HGNC:MAS1))	{"annotations": {"PublicationStatus": {"Published": true}, "PublicationType": {"Commentary": true}, "Section": {"Full Text": true}, "Species": {"9606": true}}, "citation": {"authors": ["Gurwitz D"], "date": "2020-03-04", "db": "PubMed", "db_id": "32129518", "db_name": "Drug development research", "first": "Gurwitz D", "last": "Gurwitz D"}, "evidence": "By contract, ACE2 inactivates angiotensin II while generating angiotensin 1\u20137, a heptapeptide having a potent vasodilator function via activation of its Mas receptor (Santos et al., 2003), and thus serving as a negative regulator of the renin\u2013angiotensin system.", "line": 86, "object": {"modifier": "Activity"}, "relation": "increases"}
a(PUBCHEM:123805)	increases	bp(GO:vasodilation)	{"annotations": {"Custom_Disease": {"COVID-19": true}, "PublicationStatus": {"Published": true}, "PublicationType": {"Commentary": true}, "Section": {"Full Text": true}, "Species": {"9606": true}}, "citation": {"authors": ["Gurwitz D"], "date": "2020-03-04", "db": "PubMed", "db_id": "32129518", "db_name": "Drug development research", "first": "Gurwitz D", "last": "Gurwitz D"}, "evidence": "This may be accounted for by two complementary mechanisms: blocking the excessive angiotensin-mediated AT1R activation caused by the viral infection, as well as upregulating ACE2, thereby reducing angiotensin production by ACE and increasing the production of the vasodilator angiotensin 1\u20137.", "line": 159, "relation": "increases"}
a(TAX:"Severe acute respiratory syndrome coronavirus 2")	partOf	complex(a(TAX:"Severe acute respiratory syndrome coronavirus 2"), p(HGNC:ACE2))	{"relation": "partOf"}
a(TAX:"Severe acute respiratory syndrome coronavirus 2")	association	p(COVID:S)	{"annotations": {"PublicationStatus": {"Published": true}, "PublicationType": {"Commentary": true}, "Section": {"Full Text": true}, "Species": {"9606": true}}, "citation": {"authors": ["Gurwitz D"], "date": "2020-03-04", "db": "PubMed", "db_id": "32129518", "db_name": "Drug development research", "first": "Gurwitz D", "last": "Gurwitz D"}, "evidence": "These tentative suggestions were based on the observation that SARS-CoV-2 uses angiotensin-converting enzyme 2 (ACE2) as the receptor binding domain for its spike protein (Lu et al., 2020; Wan, Shang, Graham, Baric, & Li, 2020), similarly to the coronavirus strain implicated in the 2002\u20132003 SARS epidemic (Dimitrov, 2003; Ge et al., 2013; Li et al., 2003; Prabakaran et al 2004; Turner, Hiscox, & Hooper, 2004).", "line": 71, "relation": "association"}
a(TAX:"Severe acute respiratory syndrome-related coronavirus")	partOf	complex(a(TAX:"Severe acute respiratory syndrome-related coronavirus"), p(HGNC:ACE2))	{"relation": "partOf"}
a(TAX:"Severe acute respiratory syndrome-related coronavirus")	association	p(UNIPROT:P59594)	{"annotations": {"PublicationStatus": {"Published": true}, "PublicationType": {"Commentary": true}, "Section": {"Full Text": true}, "Species": {"9606": true}}, "citation": {"authors": ["Gurwitz D"], "date": "2020-03-04", "db": "PubMed", "db_id": "32129518", "db_name": "Drug development research", "first": "Gurwitz D", "last": "Gurwitz D"}, "evidence": "These tentative suggestions were based on the observation that SARS-CoV-2 uses angiotensin-converting enzyme 2 (ACE2) as the receptor binding domain for its spike protein (Lu et al., 2020; Wan, Shang, Graham, Baric, & Li, 2020), similarly to the coronavirus strain implicated in the 2002\u20132003 SARS epidemic (Dimitrov, 2003; Ge et al., 2013; Li et al., 2003; Prabakaran et al 2004; Turner, Hiscox, & Hooper, 2004).", "line": 73, "relation": "association"}
bp(GO:"lung epithelium development")	negativeCorrelation	path(MESH:"Lung Injury")	{"annotations": {"Custom_Disease": {"COVID-19": true}, "MeSHAnatomy": {"Lung": true}, "PublicationStatus": {"Published": true}, "PublicationType": {"Commentary": true}, "Section": {"Full Text": true}, "Species": {"9606": true}}, "citation": {"authors": ["Gurwitz D"], "date": "2020-03-04", "db": "PubMed", "db_id": "32129518", "db_name": "Drug development research", "first": "Gurwitz D", "last": "Gurwitz D"}, "evidence": "This in turn contributes to lung injury, as angiotensin-stimulated AT1R results in increased pulmonary vascular permeability, thereby mediating increased lung pathology (Imai et al., 2005; Kuba et al., 2005).", "line": 143, "relation": "negativeCorrelation"}
bp(GO:vasoconstriction)	increases	bp(MESH:"Blood Pressure")	{"annotations": {"PublicationStatus": {"Published": true}, "PublicationType": {"Commentary": true}, "Section": {"Full Text": true}, "Species": {"9606": true}}, "citation": {"authors": ["Gurwitz D"], "date": "2020-03-04", "db": "PubMed", "db_id": "32129518", "db_name": "Drug development research", "first": "Gurwitz D", "last": "Gurwitz D"}, "evidence": "ACE cleaves angiotensin I to generate angiotensin II, the peptide which binds to and activates AT1R to constrict blood vessels, thereby elevating blood pressure.", "line": 80, "relation": "increases"}
bp(MESH:"Renin-Angiotensin System")	negativeCorrelation	act(p(HGNC:ACE2))	{"annotations": {"PublicationStatus": {"Published": true}, "PublicationType": {"Commentary": true}, "Section": {"Full Text": true}, "Species": {"9606": true}}, "citation": {"authors": ["Gurwitz D"], "date": "2020-03-04", "db": "PubMed", "db_id": "32129518", "db_name": "Drug development research", "first": "Gurwitz D", "last": "Gurwitz D"}, "evidence": "By contract, ACE2 inactivates angiotensin II while generating angiotensin 1\u20137, a heptapeptide having a potent vasodilator function via activation of its Mas receptor (Santos et al., 2003), and thus serving as a negative regulator of the renin\u2013angiotensin system.", "line": 88, "object": {"modifier": "Activity"}, "relation": "negativeCorrelation"}
complex(a(CHEBI:"angiotensin II"), p(HGNC:AGTR1))	increases	act(p(HGNC:AGTR1))	{"annotations": {"PublicationStatus": {"Published": true}, "PublicationType": {"Commentary": true}, "Section": {"Full Text": true}, "Species": {"9606": true}}, "citation": {"authors": ["Gurwitz D"], "date": "2020-03-04", "db": "PubMed", "db_id": "32129518", "db_name": "Drug development research", "first": "Gurwitz D", "last": "Gurwitz D"}, "evidence": "ACE cleaves angiotensin I to generate angiotensin II, the peptide which binds to and activates AT1R to constrict blood vessels, thereby elevating blood pressure.", "line": 78, "object": {"modifier": "Activity"}, "relation": "increases"}
p(HGNC:AGTR1)	partOf	complex(a(CHEBI:"angiotensin II"), p(HGNC:AGTR1))	{"relation": "partOf"}
act(p(HGNC:AGTR1))	positiveCorrelation	path(DO:"COVID-19")	{"annotations": {"PublicationStatus": {"Published": true}, "PublicationType": {"Commentary": true}, "Section": {"Abstract": true}, "Species": {"9606": true}}, "citation": {"authors": ["Gurwitz D"], "date": "2020-03-04", "db": "PubMed", "db_id": "32129518", "db_name": "Drug development research", "first": "Gurwitz D", "last": "Gurwitz D"}, "evidence": "A tentative suggestion based on existing therapeutics, which would likely be resistant to new coronavirus mutations, is to use available angiotensin receptor 1 (AT1R) blockers, such as losartan, as therapeutics for reducing the aggressiveness and mortality from SARS-CoV-2 virus infections.", "line": 55, "relation": "positiveCorrelation", "subject": {"modifier": "Activity"}}
act(p(HGNC:AGTR1))	increases	bp(GO:vasoconstriction)	{"annotations": {"PublicationStatus": {"Published": true}, "PublicationType": {"Commentary": true}, "Section": {"Full Text": true}, "Species": {"9606": true}}, "citation": {"authors": ["Gurwitz D"], "date": "2020-03-04", "db": "PubMed", "db_id": "32129518", "db_name": "Drug development research", "first": "Gurwitz D", "last": "Gurwitz D"}, "evidence": "ACE cleaves angiotensin I to generate angiotensin II, the peptide which binds to and activates AT1R to constrict blood vessels, thereby elevating blood pressure.", "line": 79, "relation": "increases", "subject": {"modifier": "Activity"}}
act(p(HGNC:AGTR1))	negativeCorrelation	act(p(HGNC:ACE2))	{"annotations": {"PublicationStatus": {"Published": true}, "PublicationType": {"Commentary": true}, "Section": {"Full Text": true}, "Species": {"9606": true}}, "citation": {"authors": ["Gurwitz D"], "date": "2020-03-04", "db": "PubMed", "db_id": "32129518", "db_name": "Drug development research", "first": "Gurwitz D", "last": "Gurwitz D"}, "evidence": "Taken together, these observations suggest that chronic AT1R blockade results in ACE2 upregulation in both rats and humans.", "line": 124, "object": {"modifier": "Activity"}, "relation": "negativeCorrelation", "subject": {"modifier": "Activity"}}
act(p(HGNC:AGTR1))	decreases	bp(GO:"lung epithelium development")	{"annotations": {"Custom_Disease": {"COVID-19": true}, "MeSHAnatomy": {"Lung": true}, "PublicationStatus": {"Published": true}, "PublicationType": {"Commentary": true}, "Section": {"Full Text": true}, "Species": {"9606": true}}, "citation": {"authors": ["Gurwitz D"], "date": "2020-03-04", "db": "PubMed", "db_id": "32129518", "db_name": "Drug development research", "first": "Gurwitz D", "last": "Gurwitz D"}, "evidence": "This in turn contributes to lung injury, as angiotensin-stimulated AT1R results in increased pulmonary vascular permeability, thereby mediating increased lung pathology (Imai et al., 2005; Kuba et al., 2005).", "line": 142, "relation": "decreases", "subject": {"modifier": "Activity"}}
complex(a(TAX:"Severe acute respiratory syndrome coronavirus 2"), p(HGNC:ACE2))	increases	path(DO:"COVID-19")	{"annotations": {"PublicationStatus": {"Published": true}, "PublicationType": {"Commentary": true}, "Section": {"Abstract": true}, "Species": {"9606": true}}, "citation": {"authors": ["Gurwitz D"], "date": "2020-03-04", "db": "PubMed", "db_id": "32129518", "db_name": "Drug development research", "first": "Gurwitz D", "last": "Gurwitz D"}, "evidence": "This idea is based on observations that the angiotensin-converting enzyme 2 (ACE2) very likely serves as the binding site for SARS-CoV-2, the strain implicated in the current COVID-19 epidemic, similarly to strain SARS-CoV implicated in the 2002\u20132003 SARS epidemic.", "line": 59, "relation": "increases"}
p(HGNC:ACE2)	partOf	complex(a(TAX:"Severe acute respiratory syndrome coronavirus 2"), p(HGNC:ACE2))	{"relation": "partOf"}
p(HGNC:ACE2)	partOf	complex(a(TAX:"Severe acute respiratory syndrome-related coronavirus"), p(HGNC:ACE2))	{"relation": "partOf"}
p(HGNC:ACE2)	partOf	complex(p(COVID:S), p(HGNC:ACE2))	{"relation": "partOf"}
p(HGNC:ACE2)	partOf	complex(p(HGNC:ACE2), p(UNIPROT:P59594))	{"relation": "partOf"}
act(p(HGNC:ACE2))	decreases	a(CHEBI:"angiotensin II")	{"annotations": {"PublicationStatus": {"Published": true}, "PublicationType": {"Commentary": true}, "Section": {"Full Text": true}, "Species": {"9606": true}}, "citation": {"authors": ["Gurwitz D"], "date": "2020-03-04", "db": "PubMed", "db_id": "32129518", "db_name": "Drug development research", "first": "Gurwitz D", "last": "Gurwitz D"}, "evidence": "By contract, ACE2 inactivates angiotensin II while generating angiotensin 1\u20137, a heptapeptide having a potent vasodilator function via activation of its Mas receptor (Santos et al., 2003), and thus serving as a negative regulator of the renin\u2013angiotensin system.", "line": 84, "relation": "decreases", "subject": {"modifier": "Activity"}}
act(p(HGNC:ACE2))	decreases	a(CHEBI:"angiotensin II")	{"annotations": {"Custom_Disease": {"COVID-19": true}, "PublicationStatus": {"Published": true}, "PublicationType": {"Commentary": true}, "Section": {"Full Text": true}, "Species": {"9606": true}}, "citation": {"authors": ["Gurwitz D"], "date": "2020-03-04", "db": "PubMed", "db_id": "32129518", "db_name": "Drug development research", "first": "Gurwitz D", "last": "Gurwitz D"}, "evidence": "It has been demonstrated that the binding of the coronavirus spike protein to ACE2, its cellular binding site, leads to ACE2 downregulation, which in turn results in excessive production of angiotensin by the related enzyme ACE, while less ACE2 is capable of converting it to the vasodilator heptapeptide angiotensin 1\u20137.", "line": 135, "relation": "decreases", "subject": {"modifier": "Activity"}}
act(p(HGNC:ACE2))	decreases	a(CHEBI:"angiotensin II")	{"annotations": {"Custom_Disease": {"COVID-19": true}, "PublicationStatus": {"Published": true}, "PublicationType": {"Commentary": true}, "Section": {"Full Text": true}, "Species": {"9606": true}}, "citation": {"authors": ["Gurwitz D"], "date": "2020-03-04", "db": "PubMed", "db_id": "32129518", "db_name": "Drug development research", "first": "Gurwitz D", "last": "Gurwitz D"}, "evidence": "This may be accounted for by two complementary mechanisms: blocking the excessive angiotensin-mediated AT1R activation caused by the viral infection, as well as upregulating ACE2, thereby reducing angiotensin production by ACE and increasing the production of the vasodilator angiotensin 1\u20137.", "line": 156, "relation": "decreases", "subject": {"modifier": "Activity"}}
act(p(HGNC:ACE2))	increases	a(PUBCHEM:123805)	{"annotations": {"PublicationStatus": {"Published": true}, "PublicationType": {"Commentary": true}, "Section": {"Full Text": true}, "Species": {"9606": true}}, "citation": {"authors": ["Gurwitz D"], "date": "2020-03-04", "db": "PubMed", "db_id": "32129518", "db_name": "Drug development research", "first": "Gurwitz D", "last": "Gurwitz D"}, "evidence": "By contract, ACE2 inactivates angiotensin II while generating angiotensin 1\u20137, a heptapeptide having a potent vasodilator function via activation of its Mas receptor (Santos et al., 2003), and thus serving as a negative regulator of the renin\u2013angiotensin system.", "line": 85, "relation": "increases", "subject": {"modifier": "Activity"}}
act(p(HGNC:ACE2))	increases	a(PUBCHEM:123805)	{"annotations": {"Custom_Disease": {"COVID-19": true}, "PublicationStatus": {"Published": true}, "PublicationType": {"Commentary": true}, "Section": {"Full Text": true}, "Species": {"9606": true}}, "citation": {"authors": ["Gurwitz D"], "date": "2020-03-04", "db": "PubMed", "db_id": "32129518", "db_name": "Drug development research", "first": "Gurwitz D", "last": "Gurwitz D"}, "evidence": "This may be accounted for by two complementary mechanisms: blocking the excessive angiotensin-mediated AT1R activation caused by the viral infection, as well as upregulating ACE2, thereby reducing angiotensin production by ACE and increasing the production of the vasodilator angiotensin 1\u20137.", "line": 158, "relation": "increases", "subject": {"modifier": "Activity"}}
act(p(HGNC:ACE2))	negativeCorrelation	bp(MESH:"Renin-Angiotensin System")	{"annotations": {"PublicationStatus": {"Published": true}, "PublicationType": {"Commentary": true}, "Section": {"Full Text": true}, "Species": {"9606": true}}, "citation": {"authors": ["Gurwitz D"], "date": "2020-03-04", "db": "PubMed", "db_id": "32129518", "db_name": "Drug development research", "first": "Gurwitz D", "last": "Gurwitz D"}, "evidence": "By contract, ACE2 inactivates angiotensin II while generating angiotensin 1\u20137, a heptapeptide having a potent vasodilator function via activation of its Mas receptor (Santos et al., 2003), and thus serving as a negative regulator of the renin\u2013angiotensin system.", "line": 88, "relation": "negativeCorrelation", "subject": {"modifier": "Activity"}}
act(p(HGNC:ACE2))	negativeCorrelation	act(p(HGNC:AGTR1))	{"annotations": {"PublicationStatus": {"Published": true}, "PublicationType": {"Commentary": true}, "Section": {"Full Text": true}, "Species": {"9606": true}}, "citation": {"authors": ["Gurwitz D"], "date": "2020-03-04", "db": "PubMed", "db_id": "32129518", "db_name": "Drug development research", "first": "Gurwitz D", "last": "Gurwitz D"}, "evidence": "Taken together, these observations suggest that chronic AT1R blockade results in ACE2 upregulation in both rats and humans.", "line": 124, "object": {"modifier": "Activity"}, "relation": "negativeCorrelation", "subject": {"modifier": "Activity"}}
act(p(HGNC:ACE2))	negativeCorrelation	act(p(HGNC:ACE))	{"annotations": {"Custom_Disease": {"COVID-19": true}, "PublicationStatus": {"Published": true}, "PublicationType": {"Commentary": true}, "Section": {"Full Text": true}, "Species": {"9606": true}}, "citation": {"authors": ["Gurwitz D"], "date": "2020-03-04", "db": "PubMed", "db_id": "32129518", "db_name": "Drug development research", "first": "Gurwitz D", "last": "Gurwitz D"}, "evidence": "It has been demonstrated that the binding of the coronavirus spike protein to ACE2, its cellular binding site, leads to ACE2 downregulation, which in turn results in excessive production of angiotensin by the related enzyme ACE, while less ACE2 is capable of converting it to the vasodilator heptapeptide angiotensin 1\u20137.", "line": 136, "object": {"modifier": "Activity"}, "relation": "negativeCorrelation", "subject": {"modifier": "Activity"}}
act(p(HGNC:ACE2))	negativeCorrelation	act(p(HGNC:ACE))	{"annotations": {"Custom_Disease": {"COVID-19": true}, "PublicationStatus": {"Published": true}, "PublicationType": {"Commentary": true}, "Section": {"Full Text": true}, "Species": {"9606": true}}, "citation": {"authors": ["Gurwitz D"], "date": "2020-03-04", "db": "PubMed", "db_id": "32129518", "db_name": "Drug development research", "first": "Gurwitz D", "last": "Gurwitz D"}, "evidence": "This may be accounted for by two complementary mechanisms: blocking the excessive angiotensin-mediated AT1R activation caused by the viral infection, as well as upregulating ACE2, thereby reducing angiotensin production by ACE and increasing the production of the vasodilator angiotensin 1\u20137.", "line": 155, "object": {"modifier": "Activity"}, "relation": "negativeCorrelation", "subject": {"modifier": "Activity"}}
act(p(HGNC:ACE2))	negativeCorrelation	path(MESH:"Lung Injury")	{"annotations": {"Custom_Disease": {"COVID-19": true}, "MeSHAnatomy": {"Lung": true}, "PublicationStatus": {"Published": true}, "PublicationType": {"Commentary": true}, "Section": {"Full Text": true}, "Species": {"9606": true}}, "citation": {"authors": ["Gurwitz D"], "date": "2020-03-04", "db": "PubMed", "db_id": "32129518", "db_name": "Drug development research", "first": "Gurwitz D", "last": "Gurwitz D"}, "evidence": "Therefore, higher ACE2 expression following chronically medicating SARS-CoV-2 infected patients with AT1R blockers, while seemingly paradoxical, may protect them against acute lung injury rather than putting them at higher risk to develop SARS.", "line": 148, "relation": "negativeCorrelation", "subject": {"modifier": "Activity"}}
complex(a(TAX:"Severe acute respiratory syndrome-related coronavirus"), p(HGNC:ACE2))	increases	path(DO:"severe acute respiratory syndrome")	{"annotations": {"PublicationStatus": {"Published": true}, "PublicationType": {"Commentary": true}, "Section": {"Abstract": true}, "Species": {"9606": true}}, "citation": {"authors": ["Gurwitz D"], "date": "2020-03-04", "db": "PubMed", "db_id": "32129518", "db_name": "Drug development research", "first": "Gurwitz D", "last": "Gurwitz D"}, "evidence": "This idea is based on observations that the angiotensin-converting enzyme 2 (ACE2) very likely serves as the binding site for SARS-CoV-2, the strain implicated in the current COVID-19 epidemic, similarly to strain SARS-CoV implicated in the 2002\u20132003 SARS epidemic.", "line": 60, "relation": "increases"}
complex(p(COVID:S), p(HGNC:ACE2))	increases	path(DO:"COVID-19")	{"annotations": {"PublicationStatus": {"Published": true}, "PublicationType": {"Commentary": true}, "Section": {"Full Text": true}, "Species": {"9606": true}}, "citation": {"authors": ["Gurwitz D"], "date": "2020-03-04", "db": "PubMed", "db_id": "32129518", "db_name": "Drug development research", "first": "Gurwitz D", "last": "Gurwitz D"}, "evidence": "These tentative suggestions were based on the observation that SARS-CoV-2 uses angiotensin-converting enzyme 2 (ACE2) as the receptor binding domain for its spike protein (Lu et al., 2020; Wan, Shang, Graham, Baric, & Li, 2020), similarly to the coronavirus strain implicated in the 2002\u20132003 SARS epidemic (Dimitrov, 2003; Ge et al., 2013; Li et al., 2003; Prabakaran et al 2004; Turner, Hiscox, & Hooper, 2004).", "line": 70, "relation": "increases"}
complex(p(COVID:S), p(HGNC:ACE2))	decreases	act(p(HGNC:ACE2))	{"annotations": {"Custom_Disease": {"COVID-19": true}, "PublicationStatus": {"Published": true}, "PublicationType": {"Commentary": true}, "Section": {"Full Text": true}, "Species": {"9606": true}}, "citation": {"authors": ["Gurwitz D"], "date": "2020-03-04", "db": "PubMed", "db_id": "32129518", "db_name": "Drug development research", "first": "Gurwitz D", "last": "Gurwitz D"}, "evidence": "It has been demonstrated that the binding of the coronavirus spike protein to ACE2, its cellular binding site, leads to ACE2 downregulation, which in turn results in excessive production of angiotensin by the related enzyme ACE, while less ACE2 is capable of converting it to the vasodilator heptapeptide angiotensin 1\u20137.", "line": 134, "object": {"modifier": "Activity"}, "relation": "decreases"}
p(COVID:S)	partOf	complex(p(COVID:S), p(HGNC:ACE2))	{"relation": "partOf"}
p(COVID:S)	association	a(TAX:"Severe acute respiratory syndrome coronavirus 2")	{"annotations": {"PublicationStatus": {"Published": true}, "PublicationType": {"Commentary": true}, "Section": {"Full Text": true}, "Species": {"9606": true}}, "citation": {"authors": ["Gurwitz D"], "date": "2020-03-04", "db": "PubMed", "db_id": "32129518", "db_name": "Drug development research", "first": "Gurwitz D", "last": "Gurwitz D"}, "evidence": "These tentative suggestions were based on the observation that SARS-CoV-2 uses angiotensin-converting enzyme 2 (ACE2) as the receptor binding domain for its spike protein (Lu et al., 2020; Wan, Shang, Graham, Baric, & Li, 2020), similarly to the coronavirus strain implicated in the 2002\u20132003 SARS epidemic (Dimitrov, 2003; Ge et al., 2013; Li et al., 2003; Prabakaran et al 2004; Turner, Hiscox, & Hooper, 2004).", "line": 71, "relation": "association"}
complex(p(HGNC:ACE2), p(UNIPROT:P59594))	increases	path(DO:"severe acute respiratory syndrome")	{"annotations": {"PublicationStatus": {"Published": true}, "PublicationType": {"Commentary": true}, "Section": {"Full Text": true}, "Species": {"9606": true}}, "citation": {"authors": ["Gurwitz D"], "date": "2020-03-04", "db": "PubMed", "db_id": "32129518", "db_name": "Drug development research", "first": "Gurwitz D", "last": "Gurwitz D"}, "evidence": "These tentative suggestions were based on the observation that SARS-CoV-2 uses angiotensin-converting enzyme 2 (ACE2) as the receptor binding domain for its spike protein (Lu et al., 2020; Wan, Shang, Graham, Baric, & Li, 2020), similarly to the coronavirus strain implicated in the 2002\u20132003 SARS epidemic (Dimitrov, 2003; Ge et al., 2013; Li et al., 2003; Prabakaran et al 2004; Turner, Hiscox, & Hooper, 2004).", "line": 72, "relation": "increases"}
p(UNIPROT:P59594)	partOf	complex(p(HGNC:ACE2), p(UNIPROT:P59594))	{"relation": "partOf"}
p(UNIPROT:P59594)	association	a(TAX:"Severe acute respiratory syndrome-related coronavirus")	{"annotations": {"PublicationStatus": {"Published": true}, "PublicationType": {"Commentary": true}, "Section": {"Full Text": true}, "Species": {"9606": true}}, "citation": {"authors": ["Gurwitz D"], "date": "2020-03-04", "db": "PubMed", "db_id": "32129518", "db_name": "Drug development research", "first": "Gurwitz D", "last": "Gurwitz D"}, "evidence": "These tentative suggestions were based on the observation that SARS-CoV-2 uses angiotensin-converting enzyme 2 (ACE2) as the receptor binding domain for its spike protein (Lu et al., 2020; Wan, Shang, Graham, Baric, & Li, 2020), similarly to the coronavirus strain implicated in the 2002\u20132003 SARS epidemic (Dimitrov, 2003; Ge et al., 2013; Li et al., 2003; Prabakaran et al 2004; Turner, Hiscox, & Hooper, 2004).", "line": 73, "relation": "association"}
act(p(HGNC:ACE), ma(cat))	increases	rxn(reactants(a(CHEBI:"Angiotensin I")), products(a(CHEBI:"angiotensin II")))	{"annotations": {"PublicationStatus": {"Published": true}, "PublicationType": {"Commentary": true}, "Section": {"Full Text": true}, "Species": {"9606": true}}, "citation": {"authors": ["Gurwitz D"], "date": "2020-03-04", "db": "PubMed", "db_id": "32129518", "db_name": "Drug development research", "first": "Gurwitz D", "last": "Gurwitz D"}, "evidence": "ACE cleaves angiotensin I to generate angiotensin II, the peptide which binds to and activates AT1R to constrict blood vessels, thereby elevating blood pressure.", "line": 77, "relation": "increases", "subject": {"effect": {"name": "cat", "namespace": "bel"}, "modifier": "Activity"}}
act(p(HGNC:ACE))	negativeCorrelation	act(p(HGNC:ACE2))	{"annotations": {"Custom_Disease": {"COVID-19": true}, "PublicationStatus": {"Published": true}, "PublicationType": {"Commentary": true}, "Section": {"Full Text": true}, "Species": {"9606": true}}, "citation": {"authors": ["Gurwitz D"], "date": "2020-03-04", "db": "PubMed", "db_id": "32129518", "db_name": "Drug development research", "first": "Gurwitz D", "last": "Gurwitz D"}, "evidence": "It has been demonstrated that the binding of the coronavirus spike protein to ACE2, its cellular binding site, leads to ACE2 downregulation, which in turn results in excessive production of angiotensin by the related enzyme ACE, while less ACE2 is capable of converting it to the vasodilator heptapeptide angiotensin 1\u20137.", "line": 136, "object": {"modifier": "Activity"}, "relation": "negativeCorrelation", "subject": {"modifier": "Activity"}}
act(p(HGNC:ACE))	negativeCorrelation	act(p(HGNC:ACE2))	{"annotations": {"Custom_Disease": {"COVID-19": true}, "PublicationStatus": {"Published": true}, "PublicationType": {"Commentary": true}, "Section": {"Full Text": true}, "Species": {"9606": true}}, "citation": {"authors": ["Gurwitz D"], "date": "2020-03-04", "db": "PubMed", "db_id": "32129518", "db_name": "Drug development research", "first": "Gurwitz D", "last": "Gurwitz D"}, "evidence": "This may be accounted for by two complementary mechanisms: blocking the excessive angiotensin-mediated AT1R activation caused by the viral infection, as well as upregulating ACE2, thereby reducing angiotensin production by ACE and increasing the production of the vasodilator angiotensin 1\u20137.", "line": 155, "object": {"modifier": "Activity"}, "relation": "negativeCorrelation", "subject": {"modifier": "Activity"}}
act(p(HGNC:ACE))	increases	a(CHEBI:"Angiotensin I")	{"annotations": {"Custom_Disease": {"COVID-19": true}, "PublicationStatus": {"Published": true}, "PublicationType": {"Commentary": true}, "Section": {"Full Text": true}, "Species": {"9606": true}}, "citation": {"authors": ["Gurwitz D"], "date": "2020-03-04", "db": "PubMed", "db_id": "32129518", "db_name": "Drug development research", "first": "Gurwitz D", "last": "Gurwitz D"}, "evidence": "This may be accounted for by two complementary mechanisms: blocking the excessive angiotensin-mediated AT1R activation caused by the viral infection, as well as upregulating ACE2, thereby reducing angiotensin production by ACE and increasing the production of the vasodilator angiotensin 1\u20137.", "line": 157, "relation": "increases", "subject": {"modifier": "Activity"}}
act(p(HGNC:MAS1))	increases	bp(GO:vasodilation)	{"annotations": {"PublicationStatus": {"Published": true}, "PublicationType": {"Commentary": true}, "Section": {"Full Text": true}, "Species": {"9606": true}}, "citation": {"authors": ["Gurwitz D"], "date": "2020-03-04", "db": "PubMed", "db_id": "32129518", "db_name": "Drug development research", "first": "Gurwitz D", "last": "Gurwitz D"}, "evidence": "By contract, ACE2 inactivates angiotensin II while generating angiotensin 1\u20137, a heptapeptide having a potent vasodilator function via activation of its Mas receptor (Santos et al., 2003), and thus serving as a negative regulator of the renin\u2013angiotensin system.", "line": 87, "relation": "increases", "subject": {"modifier": "Activity"}}
act(p(RGD:Ace2))	negativeCorrelation	act(p(RGD:Agtr1a))	{"annotations": {"PublicationStatus": {"Published": true}, "PublicationType": {"Commentary": true}, "Section": {"Full Text": true}, "Species": {"10116": true}}, "citation": {"authors": ["Gurwitz D"], "date": "2020-03-04", "db": "PubMed", "db_id": "32129518", "db_name": "Drug development research", "first": "Gurwitz D", "last": "Gurwitz D"}, "evidence": "Taken together, these observations suggest that chronic AT1R blockade results in ACE2 upregulation in both rats and humans.", "line": 127, "object": {"modifier": "Activity"}, "relation": "negativeCorrelation", "subject": {"modifier": "Activity"}}
act(p(RGD:Agtr1a))	negativeCorrelation	act(p(RGD:Ace2))	{"annotations": {"PublicationStatus": {"Published": true}, "PublicationType": {"Commentary": true}, "Section": {"Full Text": true}, "Species": {"10116": true}}, "citation": {"authors": ["Gurwitz D"], "date": "2020-03-04", "db": "PubMed", "db_id": "32129518", "db_name": "Drug development research", "first": "Gurwitz D", "last": "Gurwitz D"}, "evidence": "Taken together, these observations suggest that chronic AT1R blockade results in ACE2 upregulation in both rats and humans.", "line": 127, "object": {"modifier": "Activity"}, "relation": "negativeCorrelation", "subject": {"modifier": "Activity"}}
path(DO:"COVID-19")	positiveCorrelation	act(p(HGNC:AGTR1))	{"annotations": {"PublicationStatus": {"Published": true}, "PublicationType": {"Commentary": true}, "Section": {"Abstract": true}, "Species": {"9606": true}}, "citation": {"authors": ["Gurwitz D"], "date": "2020-03-04", "db": "PubMed", "db_id": "32129518", "db_name": "Drug development research", "first": "Gurwitz D", "last": "Gurwitz D"}, "evidence": "A tentative suggestion based on existing therapeutics, which would likely be resistant to new coronavirus mutations, is to use available angiotensin receptor 1 (AT1R) blockers, such as losartan, as therapeutics for reducing the aggressiveness and mortality from SARS-CoV-2 virus infections.", "line": 55, "object": {"modifier": "Activity"}, "relation": "positiveCorrelation"}
path(DO:"COVID-19")	association	path(DO:pneumonia)	{"annotations": {"PublicationStatus": {"Published": true}, "PublicationType": {"Commentary": true}, "Section": {"Full Text": true}, "Species": {"9606": true}}, "citation": {"authors": ["Gurwitz D"], "date": "2020-03-04", "db": "PubMed", "db_id": "32129518", "db_name": "Drug development research", "first": "Gurwitz D", "last": "Gurwitz D"}, "evidence": "A recent hypothesis suggested that angiotensin receptor 1 (AT1R) inhibitors might be beneficial for patients infected by COVID-19 who experience pneumonia (Sun, Yang, Sun, & Su, 2020).", "line": 66, "relation": "association"}
path(DO:"COVID-19")	positiveCorrelation	a(CHEBI:"angiotensin II")	{"annotations": {"Custom_Disease": {"COVID-19": true}, "PublicationStatus": {"Published": true}, "PublicationType": {"Commentary": true}, "Section": {"Full Text": true}, "Species": {"9606": true}}, "citation": {"authors": ["Gurwitz D"], "date": "2020-03-04", "db": "PubMed", "db_id": "32129518", "db_name": "Drug development research", "first": "Gurwitz D", "last": "Gurwitz D"}, "evidence": "This may be accounted for by two complementary mechanisms: blocking the excessive angiotensin-mediated AT1R activation caused by the viral infection, as well as upregulating ACE2, thereby reducing angiotensin production by ACE and increasing the production of the vasodilator angiotensin 1\u20137.", "line": 153, "relation": "positiveCorrelation"}
path(DO:"COVID-19")	negativeCorrelation	a(CHEBI:"angiotensin receptor antagonist")	{"annotations": {"Custom_Disease": {"COVID-19": true}, "PublicationStatus": {"Published": true}, "PublicationType": {"Commentary": true}, "Section": {"Full Text": true}, "Species": {"9606": true}}, "citation": {"authors": ["Gurwitz D"], "date": "2020-03-04", "db": "PubMed", "db_id": "32129518", "db_name": "Drug development research", "first": "Gurwitz D", "last": "Gurwitz D"}, "evidence": "If the latter percentage would be found to be significantly smaller, this would support the notion that AT1R antagonists confer protection from severe symptoms among SARS-CoV-2 infected individuals.", "line": 171, "relation": "negativeCorrelation"}
path(DO:pneumonia)	association	path(DO:"COVID-19")	{"annotations": {"PublicationStatus": {"Published": true}, "PublicationType": {"Commentary": true}, "Section": {"Full Text": true}, "Species": {"9606": true}}, "citation": {"authors": ["Gurwitz D"], "date": "2020-03-04", "db": "PubMed", "db_id": "32129518", "db_name": "Drug development research", "first": "Gurwitz D", "last": "Gurwitz D"}, "evidence": "A recent hypothesis suggested that angiotensin receptor 1 (AT1R) inhibitors might be beneficial for patients infected by COVID-19 who experience pneumonia (Sun, Yang, Sun, & Su, 2020).", "line": 66, "relation": "association"}
path(MESH:"Lung Injury")	negativeCorrelation	bp(GO:"lung epithelium development")	{"annotations": {"Custom_Disease": {"COVID-19": true}, "MeSHAnatomy": {"Lung": true}, "PublicationStatus": {"Published": true}, "PublicationType": {"Commentary": true}, "Section": {"Full Text": true}, "Species": {"9606": true}}, "citation": {"authors": ["Gurwitz D"], "date": "2020-03-04", "db": "PubMed", "db_id": "32129518", "db_name": "Drug development research", "first": "Gurwitz D", "last": "Gurwitz D"}, "evidence": "This in turn contributes to lung injury, as angiotensin-stimulated AT1R results in increased pulmonary vascular permeability, thereby mediating increased lung pathology (Imai et al., 2005; Kuba et al., 2005).", "line": 143, "relation": "negativeCorrelation"}
path(MESH:"Lung Injury")	negativeCorrelation	act(p(HGNC:ACE2))	{"annotations": {"Custom_Disease": {"COVID-19": true}, "MeSHAnatomy": {"Lung": true}, "PublicationStatus": {"Published": true}, "PublicationType": {"Commentary": true}, "Section": {"Full Text": true}, "Species": {"9606": true}}, "citation": {"authors": ["Gurwitz D"], "date": "2020-03-04", "db": "PubMed", "db_id": "32129518", "db_name": "Drug development research", "first": "Gurwitz D", "last": "Gurwitz D"}, "evidence": "Therefore, higher ACE2 expression following chronically medicating SARS-CoV-2 infected patients with AT1R blockers, while seemingly paradoxical, may protect them against acute lung injury rather than putting them at higher risk to develop SARS.", "line": 148, "object": {"modifier": "Activity"}, "relation": "negativeCorrelation"}
rxn(reactants(a(CHEBI:"Angiotensin I")), products(a(CHEBI:"angiotensin II")))	hasReactant	a(CHEBI:"Angiotensin I")	{"relation": "hasReactant"}
rxn(reactants(a(CHEBI:"Angiotensin I")), products(a(CHEBI:"angiotensin II")))	hasProduct	a(CHEBI:"angiotensin II")	{"relation": "hasProduct"}
