a(TAX:"Bat SARS-like coronavirus")	association	p(COVID:NS7b)	{"annotations": {"PublicationStatus": {"Published": true}, "PublicationType": {"Research": true}, "Section": {"Results": true}}, "citation": {"authors": ["Fahmi M", "Ito M", "Kubota Y"], "date": "2020-03-03", "db": "PubMed", "db_id": "32142938", "db_name": "Infection, genetics and evolution : journal of molecular epidemiology and evolutionary genetics in infectious diseases", "first": "Fahmi M", "last": "Ito M", "pages": "104272", "volume": "81"}, "evidence": "Two (NS7b and NS8) of five nonstructural proteins were specific for 2019-nCoV and its closely related species, BatCoV RaTG13 and Bat-SARS- like coronavirus (BAT-SL-CoVZXC21 and BAT-SL-CoVZC45).", "line": 48, "relation": "association"}
a(TAX:"Bat SARS-like coronavirus")	association	p(COVID:NS8)	{"annotations": {"PublicationStatus": {"Published": true}, "PublicationType": {"Research": true}, "Section": {"Results": true}}, "citation": {"authors": ["Fahmi M", "Ito M", "Kubota Y"], "date": "2020-03-03", "db": "PubMed", "db_id": "32142938", "db_name": "Infection, genetics and evolution : journal of molecular epidemiology and evolutionary genetics in infectious diseases", "first": "Fahmi M", "last": "Ito M", "pages": "104272", "volume": "81"}, "evidence": "Two (NS7b and NS8) of five nonstructural proteins were specific for 2019-nCoV and its closely related species, BatCoV RaTG13 and Bat-SARS- like coronavirus (BAT-SL-CoVZXC21 and BAT-SL-CoVZC45).", "line": 49, "relation": "association"}
a(TAX:"Bat coronavirus RaTG13")	association	p(COVID:NS8)	{"annotations": {"PublicationStatus": {"Published": true}, "PublicationType": {"Research": true}, "Section": {"Results": true}}, "citation": {"authors": ["Fahmi M", "Ito M", "Kubota Y"], "date": "2020-03-03", "db": "PubMed", "db_id": "32142938", "db_name": "Infection, genetics and evolution : journal of molecular epidemiology and evolutionary genetics in infectious diseases", "first": "Fahmi M", "last": "Ito M", "pages": "104272", "volume": "81"}, "evidence": "Two (NS7b and NS8) of five nonstructural proteins were specific for 2019-nCoV and its closely related species, BatCoV RaTG13 and Bat-SARS- like coronavirus (BAT-SL-CoVZXC21 and BAT-SL-CoVZC45).", "line": 46, "relation": "association"}
a(TAX:"Bat coronavirus RaTG13")	association	p(COVID:NS7b)	{"annotations": {"PublicationStatus": {"Published": true}, "PublicationType": {"Research": true}, "Section": {"Results": true}}, "citation": {"authors": ["Fahmi M", "Ito M", "Kubota Y"], "date": "2020-03-03", "db": "PubMed", "db_id": "32142938", "db_name": "Infection, genetics and evolution : journal of molecular epidemiology and evolutionary genetics in infectious diseases", "first": "Fahmi M", "last": "Ito M", "pages": "104272", "volume": "81"}, "evidence": "Two (NS7b and NS8) of five nonstructural proteins were specific for 2019-nCoV and its closely related species, BatCoV RaTG13 and Bat-SARS- like coronavirus (BAT-SL-CoVZXC21 and BAT-SL-CoVZC45).", "line": 47, "relation": "association"}
a(TAX:"Middle East respiratory syndrome-related coronavirus")	association	p(UNIPROT:R9UNW8)	{"annotations": {"PublicationStatus": {"Published": true}, "PublicationType": {"Research": true}, "Section": {"Results": true}}, "citation": {"authors": ["Fahmi M", "Ito M", "Kubota Y"], "date": "2020-03-03", "db": "PubMed", "db_id": "32142938", "db_name": "Infection, genetics and evolution : journal of molecular epidemiology and evolutionary genetics in infectious diseases", "first": "Fahmi M", "last": "Ito M", "pages": "104272", "volume": "81"}, "evidence": "A study involving MERS-CoV described that ORF 8b strongly antagonizes the INF-beta (\u03b2) promoter and ORF4b and 8b significantly suppress IFN induction (Lee et al., 2019b).", "line": 76, "relation": "association"}
a(TAX:"Middle East respiratory syndrome-related coronavirus")	association	p(UNIPROT:A0A0D3MU52)	{"annotations": {"PublicationStatus": {"Published": true}, "PublicationType": {"Research": true}, "Section": {"Results": true}}, "citation": {"authors": ["Fahmi M", "Ito M", "Kubota Y"], "date": "2020-03-03", "db": "PubMed", "db_id": "32142938", "db_name": "Infection, genetics and evolution : journal of molecular epidemiology and evolutionary genetics in infectious diseases", "first": "Fahmi M", "last": "Ito M", "pages": "104272", "volume": "81"}, "evidence": "A study involving MERS-CoV described that ORF 8b strongly antagonizes the INF-beta (\u03b2) promoter and ORF4b and 8b significantly suppress IFN induction (Lee et al., 2019b).", "line": 78, "relation": "association"}
a(TAX:"Severe acute respiratory syndrome coronavirus 2")	association	p(COVID:NS7b)	{"annotations": {"PublicationStatus": {"Published": true}, "PublicationType": {"Research": true}, "Section": {"Results": true}}, "citation": {"authors": ["Fahmi M", "Ito M", "Kubota Y"], "date": "2020-03-03", "db": "PubMed", "db_id": "32142938", "db_name": "Infection, genetics and evolution : journal of molecular epidemiology and evolutionary genetics in infectious diseases", "first": "Fahmi M", "last": "Ito M", "pages": "104272", "volume": "81"}, "evidence": "Two (NS7b and NS8) of five nonstructural proteins were specific for 2019-nCoV and its closely related species, BatCoV RaTG13 and Bat-SARS- like coronavirus (BAT-SL-CoVZXC21 and BAT-SL-CoVZC45).", "line": 44, "relation": "association"}
a(TAX:"Severe acute respiratory syndrome coronavirus 2")	association	p(COVID:NS8)	{"annotations": {"PublicationStatus": {"Published": true}, "PublicationType": {"Research": true}, "Section": {"Results": true}}, "citation": {"authors": ["Fahmi M", "Ito M", "Kubota Y"], "date": "2020-03-03", "db": "PubMed", "db_id": "32142938", "db_name": "Infection, genetics and evolution : journal of molecular epidemiology and evolutionary genetics in infectious diseases", "first": "Fahmi M", "last": "Ito M", "pages": "104272", "volume": "81"}, "evidence": "Two (NS7b and NS8) of five nonstructural proteins were specific for 2019-nCoV and its closely related species, BatCoV RaTG13 and Bat-SARS- like coronavirus (BAT-SL-CoVZXC21 and BAT-SL-CoVZC45).", "line": 45, "relation": "association"}
a(TAX:"Severe acute respiratory syndrome-related coronavirus")	association	p(COVID:NS3)	{"annotations": {"PublicationStatus": {"Published": true}, "PublicationType": {"Research": true}, "Section": {"Results": true}}, "citation": {"authors": ["Fahmi M", "Ito M", "Kubota Y"], "date": "2020-03-03", "db": "PubMed", "db_id": "32142938", "db_name": "Infection, genetics and evolution : journal of molecular epidemiology and evolutionary genetics in infectious diseases", "first": "Fahmi M", "last": "Ito M", "pages": "104272", "volume": "81"}, "evidence": "The other three nonstructural proteins (NS3, NS6, and NS7a) were also detected in the SARS coronavirus.", "line": 54, "relation": "association"}
a(TAX:"Severe acute respiratory syndrome-related coronavirus")	association	p(COVID:NS6)	{"annotations": {"PublicationStatus": {"Published": true}, "PublicationType": {"Research": true}, "Section": {"Results": true}}, "citation": {"authors": ["Fahmi M", "Ito M", "Kubota Y"], "date": "2020-03-03", "db": "PubMed", "db_id": "32142938", "db_name": "Infection, genetics and evolution : journal of molecular epidemiology and evolutionary genetics in infectious diseases", "first": "Fahmi M", "last": "Ito M", "pages": "104272", "volume": "81"}, "evidence": "The other three nonstructural proteins (NS3, NS6, and NS7a) were also detected in the SARS coronavirus.", "line": 55, "relation": "association"}
a(TAX:"Severe acute respiratory syndrome-related coronavirus")	association	p(COVID:NS7a)	{"annotations": {"PublicationStatus": {"Published": true}, "PublicationType": {"Research": true}, "Section": {"Results": true}}, "citation": {"authors": ["Fahmi M", "Ito M", "Kubota Y"], "date": "2020-03-03", "db": "PubMed", "db_id": "32142938", "db_name": "Infection, genetics and evolution : journal of molecular epidemiology and evolutionary genetics in infectious diseases", "first": "Fahmi M", "last": "Ito M", "pages": "104272", "volume": "81"}, "evidence": "The other three nonstructural proteins (NS3, NS6, and NS7a) were also detected in the SARS coronavirus.", "line": 56, "relation": "association"}
a(TAX:"Severe acute respiratory syndrome-related coronavirus")	association	p(UNIPROT:R9UNW8, var("?"))	{"annotations": {"PublicationStatus": {"Published": true}, "PublicationType": {"Research": true}, "Section": {"Results": true}}, "citation": {"authors": ["Fahmi M", "Ito M", "Kubota Y"], "date": "2020-03-03", "db": "PubMed", "db_id": "32142938", "db_name": "Infection, genetics and evolution : journal of molecular epidemiology and evolutionary genetics in infectious diseases", "first": "Fahmi M", "last": "Ito M", "pages": "104272", "volume": "81"}, "evidence": "Similarly, the existence of 29 nucleotide deletions in ORF 8b has been described in SARS-CoV (Oostra et al., 2007).", "line": 70, "relation": "association"}
a(TAX:"Severe acute respiratory syndrome-related coronavirus")	association	p(UNIPROT:Q6S8E2)	{"annotations": {"PublicationStatus": {"Published": true}, "PublicationType": {"Research": true}, "Section": {"Results": true}}, "citation": {"authors": ["Fahmi M", "Ito M", "Kubota Y"], "date": "2020-03-03", "db": "PubMed", "db_id": "32142938", "db_name": "Infection, genetics and evolution : journal of molecular epidemiology and evolutionary genetics in infectious diseases", "first": "Fahmi M", "last": "Ito M", "pages": "104272", "volume": "81"}, "evidence": "Accessory proteins 8b and 8ab of SARS-CoV can suppress the INF-\u03b2 signaling pathway (and thus interferon production) by their participation in the ubiquitin-mediated rapid degradation of INF regulatory factor 3 (IRF3) (Wong et al., 2018).", "line": 86, "relation": "association"}
a(TAX:"Severe acute respiratory syndrome-related coronavirus")	association	p(UNIPROT:Q19QW2)	{"annotations": {"PublicationStatus": {"Published": true}, "PublicationType": {"Research": true}, "Section": {"Results": true}}, "citation": {"authors": ["Fahmi M", "Ito M", "Kubota Y"], "date": "2020-03-03", "db": "PubMed", "db_id": "32142938", "db_name": "Infection, genetics and evolution : journal of molecular epidemiology and evolutionary genetics in infectious diseases", "first": "Fahmi M", "last": "Ito M", "pages": "104272", "volume": "81"}, "evidence": "Accessory proteins 8b and 8ab of SARS-CoV can suppress the INF-\u03b2 signaling pathway (and thus interferon production) by their participation in the ubiquitin-mediated rapid degradation of INF regulatory factor 3 (IRF3) (Wong et al., 2018).", "line": 87, "relation": "association"}
bp(GO:"type I interferon signaling pathway")	increases	p(GFAM:Interferons)	{"annotations": {"PublicationStatus": {"Published": true}, "PublicationType": {"Research": true}, "Section": {"Results": true}}, "citation": {"authors": ["Fahmi M", "Ito M", "Kubota Y"], "date": "2020-03-03", "db": "PubMed", "db_id": "32142938", "db_name": "Infection, genetics and evolution : journal of molecular epidemiology and evolutionary genetics in infectious diseases", "first": "Fahmi M", "last": "Ito M", "pages": "104272", "volume": "81"}, "evidence": "Accessory proteins 8b and 8ab of SARS-CoV can suppress the INF-\u03b2 signaling pathway (and thus interferon production) by their participation in the ubiquitin-mediated rapid degradation of INF regulatory factor 3 (IRF3) (Wong et al., 2018).", "line": 91, "relation": "increases"}
p(COVID:NS3)	association	a(TAX:"Severe acute respiratory syndrome-related coronavirus")	{"annotations": {"PublicationStatus": {"Published": true}, "PublicationType": {"Research": true}, "Section": {"Results": true}}, "citation": {"authors": ["Fahmi M", "Ito M", "Kubota Y"], "date": "2020-03-03", "db": "PubMed", "db_id": "32142938", "db_name": "Infection, genetics and evolution : journal of molecular epidemiology and evolutionary genetics in infectious diseases", "first": "Fahmi M", "last": "Ito M", "pages": "104272", "volume": "81"}, "evidence": "The other three nonstructural proteins (NS3, NS6, and NS7a) were also detected in the SARS coronavirus.", "line": 54, "relation": "association"}
p(COVID:NS6)	association	a(TAX:"Severe acute respiratory syndrome-related coronavirus")	{"annotations": {"PublicationStatus": {"Published": true}, "PublicationType": {"Research": true}, "Section": {"Results": true}}, "citation": {"authors": ["Fahmi M", "Ito M", "Kubota Y"], "date": "2020-03-03", "db": "PubMed", "db_id": "32142938", "db_name": "Infection, genetics and evolution : journal of molecular epidemiology and evolutionary genetics in infectious diseases", "first": "Fahmi M", "last": "Ito M", "pages": "104272", "volume": "81"}, "evidence": "The other three nonstructural proteins (NS3, NS6, and NS7a) were also detected in the SARS coronavirus.", "line": 55, "relation": "association"}
p(COVID:NS7a)	association	a(TAX:"Severe acute respiratory syndrome-related coronavirus")	{"annotations": {"PublicationStatus": {"Published": true}, "PublicationType": {"Research": true}, "Section": {"Results": true}}, "citation": {"authors": ["Fahmi M", "Ito M", "Kubota Y"], "date": "2020-03-03", "db": "PubMed", "db_id": "32142938", "db_name": "Infection, genetics and evolution : journal of molecular epidemiology and evolutionary genetics in infectious diseases", "first": "Fahmi M", "last": "Ito M", "pages": "104272", "volume": "81"}, "evidence": "The other three nonstructural proteins (NS3, NS6, and NS7a) were also detected in the SARS coronavirus.", "line": 56, "relation": "association"}
p(COVID:NS7b)	association	a(TAX:"Severe acute respiratory syndrome coronavirus 2")	{"annotations": {"PublicationStatus": {"Published": true}, "PublicationType": {"Research": true}, "Section": {"Results": true}}, "citation": {"authors": ["Fahmi M", "Ito M", "Kubota Y"], "date": "2020-03-03", "db": "PubMed", "db_id": "32142938", "db_name": "Infection, genetics and evolution : journal of molecular epidemiology and evolutionary genetics in infectious diseases", "first": "Fahmi M", "last": "Ito M", "pages": "104272", "volume": "81"}, "evidence": "Two (NS7b and NS8) of five nonstructural proteins were specific for 2019-nCoV and its closely related species, BatCoV RaTG13 and Bat-SARS- like coronavirus (BAT-SL-CoVZXC21 and BAT-SL-CoVZC45).", "line": 44, "relation": "association"}
p(COVID:NS7b)	association	a(TAX:"Bat coronavirus RaTG13")	{"annotations": {"PublicationStatus": {"Published": true}, "PublicationType": {"Research": true}, "Section": {"Results": true}}, "citation": {"authors": ["Fahmi M", "Ito M", "Kubota Y"], "date": "2020-03-03", "db": "PubMed", "db_id": "32142938", "db_name": "Infection, genetics and evolution : journal of molecular epidemiology and evolutionary genetics in infectious diseases", "first": "Fahmi M", "last": "Ito M", "pages": "104272", "volume": "81"}, "evidence": "Two (NS7b and NS8) of five nonstructural proteins were specific for 2019-nCoV and its closely related species, BatCoV RaTG13 and Bat-SARS- like coronavirus (BAT-SL-CoVZXC21 and BAT-SL-CoVZC45).", "line": 47, "relation": "association"}
p(COVID:NS7b)	association	a(TAX:"Bat SARS-like coronavirus")	{"annotations": {"PublicationStatus": {"Published": true}, "PublicationType": {"Research": true}, "Section": {"Results": true}}, "citation": {"authors": ["Fahmi M", "Ito M", "Kubota Y"], "date": "2020-03-03", "db": "PubMed", "db_id": "32142938", "db_name": "Infection, genetics and evolution : journal of molecular epidemiology and evolutionary genetics in infectious diseases", "first": "Fahmi M", "last": "Ito M", "pages": "104272", "volume": "81"}, "evidence": "Two (NS7b and NS8) of five nonstructural proteins were specific for 2019-nCoV and its closely related species, BatCoV RaTG13 and Bat-SARS- like coronavirus (BAT-SL-CoVZXC21 and BAT-SL-CoVZC45).", "line": 48, "relation": "association"}
act(p(COVID:NS7b))	regulates	bp(MESH:Virulence)	{"annotations": {"Custom_Disease": {"COVID-19": true}, "PublicationStatus": {"Published": true}, "PublicationType": {"Research": true}, "Section": {"Results": true}, "Species": {"9606": true}}, "citation": {"authors": ["Fahmi M", "Ito M", "Kubota Y"], "date": "2020-03-03", "db": "PubMed", "db_id": "32142938", "db_name": "Infection, genetics and evolution : journal of molecular epidemiology and evolutionary genetics in infectious diseases", "first": "Fahmi M", "last": "Ito M", "pages": "104272", "volume": "81"}, "evidence": "Thus, we speculate that the property of the non-conserved NS7b in 2019-nCoV may affect the human infective property of the virus.", "line": 63, "relation": "regulates", "subject": {"modifier": "Activity"}}
act(p(COVID:NS7b))	increases	bp(MESH:Virulence)	{"annotations": {"Custom_Disease": {"COVID-19": true}, "PublicationStatus": {"Published": true}, "PublicationType": {"Research": true}, "Section": {"Results": true}}, "citation": {"authors": ["Fahmi M", "Ito M", "Kubota Y"], "date": "2020-03-03", "db": "PubMed", "db_id": "32142938", "db_name": "Infection, genetics and evolution : journal of molecular epidemiology and evolutionary genetics in infectious diseases", "first": "Fahmi M", "last": "Ito M", "pages": "104272", "volume": "81"}, "evidence": "Thus, we speculate that the properties of the accessory proteins, NS7b and NS8, in 2019-nCoV may affect its ability to infect humans", "line": 111, "relation": "increases", "subject": {"modifier": "Activity"}}
p(COVID:NS8)	association	a(TAX:"Severe acute respiratory syndrome coronavirus 2")	{"annotations": {"PublicationStatus": {"Published": true}, "PublicationType": {"Research": true}, "Section": {"Results": true}}, "citation": {"authors": ["Fahmi M", "Ito M", "Kubota Y"], "date": "2020-03-03", "db": "PubMed", "db_id": "32142938", "db_name": "Infection, genetics and evolution : journal of molecular epidemiology and evolutionary genetics in infectious diseases", "first": "Fahmi M", "last": "Ito M", "pages": "104272", "volume": "81"}, "evidence": "Two (NS7b and NS8) of five nonstructural proteins were specific for 2019-nCoV and its closely related species, BatCoV RaTG13 and Bat-SARS- like coronavirus (BAT-SL-CoVZXC21 and BAT-SL-CoVZC45).", "line": 45, "relation": "association"}
p(COVID:NS8)	association	a(TAX:"Bat coronavirus RaTG13")	{"annotations": {"PublicationStatus": {"Published": true}, "PublicationType": {"Research": true}, "Section": {"Results": true}}, "citation": {"authors": ["Fahmi M", "Ito M", "Kubota Y"], "date": "2020-03-03", "db": "PubMed", "db_id": "32142938", "db_name": "Infection, genetics and evolution : journal of molecular epidemiology and evolutionary genetics in infectious diseases", "first": "Fahmi M", "last": "Ito M", "pages": "104272", "volume": "81"}, "evidence": "Two (NS7b and NS8) of five nonstructural proteins were specific for 2019-nCoV and its closely related species, BatCoV RaTG13 and Bat-SARS- like coronavirus (BAT-SL-CoVZXC21 and BAT-SL-CoVZC45).", "line": 46, "relation": "association"}
p(COVID:NS8)	association	a(TAX:"Bat SARS-like coronavirus")	{"annotations": {"PublicationStatus": {"Published": true}, "PublicationType": {"Research": true}, "Section": {"Results": true}}, "citation": {"authors": ["Fahmi M", "Ito M", "Kubota Y"], "date": "2020-03-03", "db": "PubMed", "db_id": "32142938", "db_name": "Infection, genetics and evolution : journal of molecular epidemiology and evolutionary genetics in infectious diseases", "first": "Fahmi M", "last": "Ito M", "pages": "104272", "volume": "81"}, "evidence": "Two (NS7b and NS8) of five nonstructural proteins were specific for 2019-nCoV and its closely related species, BatCoV RaTG13 and Bat-SARS- like coronavirus (BAT-SL-CoVZXC21 and BAT-SL-CoVZC45).", "line": 49, "relation": "association"}
act(p(COVID:NS8))	increases	bp(MESH:Virulence)	{"annotations": {"Custom_Disease": {"COVID-19": true}, "PublicationStatus": {"Published": true}, "PublicationType": {"Research": true}, "Section": {"Results": true}}, "citation": {"authors": ["Fahmi M", "Ito M", "Kubota Y"], "date": "2020-03-03", "db": "PubMed", "db_id": "32142938", "db_name": "Infection, genetics and evolution : journal of molecular epidemiology and evolutionary genetics in infectious diseases", "first": "Fahmi M", "last": "Ito M", "pages": "104272", "volume": "81"}, "evidence": "Thus, we speculate that the properties of the accessory proteins, NS7b and NS8, in 2019-nCoV may affect its ability to infect humans", "line": 112, "relation": "increases", "subject": {"modifier": "Activity"}}
act(p(HGNC:IRF3))	increases	bp(GO:"type I interferon signaling pathway")	{"annotations": {"PublicationStatus": {"Published": true}, "PublicationType": {"Research": true}, "Section": {"Results": true}}, "citation": {"authors": ["Fahmi M", "Ito M", "Kubota Y"], "date": "2020-03-03", "db": "PubMed", "db_id": "32142938", "db_name": "Infection, genetics and evolution : journal of molecular epidemiology and evolutionary genetics in infectious diseases", "first": "Fahmi M", "last": "Ito M", "pages": "104272", "volume": "81"}, "evidence": "Accessory proteins 8b and 8ab of SARS-CoV can suppress the INF-\u03b2 signaling pathway (and thus interferon production) by their participation in the ubiquitin-mediated rapid degradation of INF regulatory factor 3 (IRF3) (Wong et al., 2018).", "line": 90, "relation": "increases", "subject": {"modifier": "Activity"}}
act(p(HGNC:TBK1))	increases	act(p(GFAM:"NF-kappa B complex subunits"))	{"annotations": {"PublicationStatus": {"Published": true}, "PublicationType": {"Research": true}, "Section": {"Results": true}}, "citation": {"authors": ["Fahmi M", "Ito M", "Kubota Y"], "date": "2020-03-03", "db": "PubMed", "db_id": "32142938", "db_name": "Infection, genetics and evolution : journal of molecular epidemiology and evolutionary genetics in infectious diseases", "first": "Fahmi M", "last": "Ito M", "pages": "104272", "volume": "81"}, "evidence": "ORF 8b strongly inhibited TANK-binding kinase 1-mediated induction of NF-\u03baB signaling, but not I\u03baB kinase epsilon and IRF3-mediated activations (Lee et al., 2019a).", "line": 105, "object": {"modifier": "Activity"}, "relation": "increases", "subject": {"modifier": "Activity"}}
p(UNIPROT:A0A0D3MU52)	association	a(TAX:"Middle East respiratory syndrome-related coronavirus")	{"annotations": {"PublicationStatus": {"Published": true}, "PublicationType": {"Research": true}, "Section": {"Results": true}}, "citation": {"authors": ["Fahmi M", "Ito M", "Kubota Y"], "date": "2020-03-03", "db": "PubMed", "db_id": "32142938", "db_name": "Infection, genetics and evolution : journal of molecular epidemiology and evolutionary genetics in infectious diseases", "first": "Fahmi M", "last": "Ito M", "pages": "104272", "volume": "81"}, "evidence": "A study involving MERS-CoV described that ORF 8b strongly antagonizes the INF-beta (\u03b2) promoter and ORF4b and 8b significantly suppress IFN induction (Lee et al., 2019b).", "line": 78, "relation": "association"}
p(UNIPROT:A0A0D3MU52)	decreases	p(GFAM:Interferons)	{"annotations": {"PublicationStatus": {"Published": true}, "PublicationType": {"Research": true}, "Section": {"Results": true}}, "citation": {"authors": ["Fahmi M", "Ito M", "Kubota Y"], "date": "2020-03-03", "db": "PubMed", "db_id": "32142938", "db_name": "Infection, genetics and evolution : journal of molecular epidemiology and evolutionary genetics in infectious diseases", "first": "Fahmi M", "last": "Ito M", "pages": "104272", "volume": "81"}, "evidence": "A study involving MERS-CoV described that ORF 8b strongly antagonizes the INF-beta (\u03b2) promoter and ORF4b and 8b significantly suppress IFN induction (Lee et al., 2019b).", "line": 79, "relation": "decreases"}
p(UNIPROT:Q19QW2)	association	a(TAX:"Severe acute respiratory syndrome-related coronavirus")	{"annotations": {"PublicationStatus": {"Published": true}, "PublicationType": {"Research": true}, "Section": {"Results": true}}, "citation": {"authors": ["Fahmi M", "Ito M", "Kubota Y"], "date": "2020-03-03", "db": "PubMed", "db_id": "32142938", "db_name": "Infection, genetics and evolution : journal of molecular epidemiology and evolutionary genetics in infectious diseases", "first": "Fahmi M", "last": "Ito M", "pages": "104272", "volume": "81"}, "evidence": "Accessory proteins 8b and 8ab of SARS-CoV can suppress the INF-\u03b2 signaling pathway (and thus interferon production) by their participation in the ubiquitin-mediated rapid degradation of INF regulatory factor 3 (IRF3) (Wong et al., 2018).", "line": 87, "relation": "association"}
act(p(UNIPROT:Q19QW2))	decreases	p(HGNC:IRF3)	{"annotations": {"PublicationStatus": {"Published": true}, "PublicationType": {"Research": true}, "Section": {"Results": true}}, "citation": {"authors": ["Fahmi M", "Ito M", "Kubota Y"], "date": "2020-03-03", "db": "PubMed", "db_id": "32142938", "db_name": "Infection, genetics and evolution : journal of molecular epidemiology and evolutionary genetics in infectious diseases", "first": "Fahmi M", "last": "Ito M", "pages": "104272", "volume": "81"}, "evidence": "Accessory proteins 8b and 8ab of SARS-CoV can suppress the INF-\u03b2 signaling pathway (and thus interferon production) by their participation in the ubiquitin-mediated rapid degradation of INF regulatory factor 3 (IRF3) (Wong et al., 2018).", "line": 89, "relation": "decreases", "subject": {"modifier": "Activity"}}
p(UNIPROT:Q6S8E2)	association	a(TAX:"Severe acute respiratory syndrome-related coronavirus")	{"annotations": {"PublicationStatus": {"Published": true}, "PublicationType": {"Research": true}, "Section": {"Results": true}}, "citation": {"authors": ["Fahmi M", "Ito M", "Kubota Y"], "date": "2020-03-03", "db": "PubMed", "db_id": "32142938", "db_name": "Infection, genetics and evolution : journal of molecular epidemiology and evolutionary genetics in infectious diseases", "first": "Fahmi M", "last": "Ito M", "pages": "104272", "volume": "81"}, "evidence": "Accessory proteins 8b and 8ab of SARS-CoV can suppress the INF-\u03b2 signaling pathway (and thus interferon production) by their participation in the ubiquitin-mediated rapid degradation of INF regulatory factor 3 (IRF3) (Wong et al., 2018).", "line": 86, "relation": "association"}
act(p(UNIPROT:Q6S8E2))	decreases	p(HGNC:IRF3)	{"annotations": {"PublicationStatus": {"Published": true}, "PublicationType": {"Research": true}, "Section": {"Results": true}}, "citation": {"authors": ["Fahmi M", "Ito M", "Kubota Y"], "date": "2020-03-03", "db": "PubMed", "db_id": "32142938", "db_name": "Infection, genetics and evolution : journal of molecular epidemiology and evolutionary genetics in infectious diseases", "first": "Fahmi M", "last": "Ito M", "pages": "104272", "volume": "81"}, "evidence": "Accessory proteins 8b and 8ab of SARS-CoV can suppress the INF-\u03b2 signaling pathway (and thus interferon production) by their participation in the ubiquitin-mediated rapid degradation of INF regulatory factor 3 (IRF3) (Wong et al., 2018).", "line": 88, "relation": "decreases", "subject": {"modifier": "Activity"}}
p(UNIPROT:R9UNW8)	hasVariant	p(UNIPROT:R9UNW8, var("?"))	{"relation": "hasVariant"}
p(UNIPROT:R9UNW8)	association	a(TAX:"Middle East respiratory syndrome-related coronavirus")	{"annotations": {"PublicationStatus": {"Published": true}, "PublicationType": {"Research": true}, "Section": {"Results": true}}, "citation": {"authors": ["Fahmi M", "Ito M", "Kubota Y"], "date": "2020-03-03", "db": "PubMed", "db_id": "32142938", "db_name": "Infection, genetics and evolution : journal of molecular epidemiology and evolutionary genetics in infectious diseases", "first": "Fahmi M", "last": "Ito M", "pages": "104272", "volume": "81"}, "evidence": "A study involving MERS-CoV described that ORF 8b strongly antagonizes the INF-beta (\u03b2) promoter and ORF4b and 8b significantly suppress IFN induction (Lee et al., 2019b).", "line": 76, "relation": "association"}
p(UNIPROT:R9UNW8)	decreases	p(GFAM:Interferons)	{"annotations": {"PublicationStatus": {"Published": true}, "PublicationType": {"Research": true}, "Section": {"Results": true}}, "citation": {"authors": ["Fahmi M", "Ito M", "Kubota Y"], "date": "2020-03-03", "db": "PubMed", "db_id": "32142938", "db_name": "Infection, genetics and evolution : journal of molecular epidemiology and evolutionary genetics in infectious diseases", "first": "Fahmi M", "last": "Ito M", "pages": "104272", "volume": "81"}, "evidence": "A study involving MERS-CoV described that ORF 8b strongly antagonizes the INF-beta (\u03b2) promoter and ORF4b and 8b significantly suppress IFN induction (Lee et al., 2019b).", "line": 77, "relation": "decreases"}
act(p(UNIPROT:R9UNW8))	decreases	act(p(GFAM:"NF-kappa B complex subunits"))	{"annotations": {"PublicationStatus": {"Published": true}, "PublicationType": {"Research": true}, "Section": {"Results": true}}, "citation": {"authors": ["Fahmi M", "Ito M", "Kubota Y"], "date": "2020-03-03", "db": "PubMed", "db_id": "32142938", "db_name": "Infection, genetics and evolution : journal of molecular epidemiology and evolutionary genetics in infectious diseases", "first": "Fahmi M", "last": "Ito M", "pages": "104272", "volume": "81"}, "evidence": "In contrast, when we focused on MERS-CoV from bats and camels, ORF 8b antagonized melanoma differentiation-associated protein 5-mediated nuclear factor kappa B (NF-\u03baB) activation.", "line": 97, "object": {"modifier": "Activity"}, "relation": "decreases", "subject": {"modifier": "Activity"}}
act(p(UNIPROT:R9UNW8))	decreases	act(p(HGNC:TBK1))	{"annotations": {"PublicationStatus": {"Published": true}, "PublicationType": {"Research": true}, "Section": {"Results": true}}, "citation": {"authors": ["Fahmi M", "Ito M", "Kubota Y"], "date": "2020-03-03", "db": "PubMed", "db_id": "32142938", "db_name": "Infection, genetics and evolution : journal of molecular epidemiology and evolutionary genetics in infectious diseases", "first": "Fahmi M", "last": "Ito M", "pages": "104272", "volume": "81"}, "evidence": "ORF 8b strongly inhibited TANK-binding kinase 1-mediated induction of NF-\u03baB signaling, but not I\u03baB kinase epsilon and IRF3-mediated activations (Lee et al., 2019a).", "line": 104, "object": {"modifier": "Activity"}, "relation": "decreases", "subject": {"modifier": "Activity"}}
p(UNIPROT:R9UNW8, var("?"))	association	a(TAX:"Severe acute respiratory syndrome-related coronavirus")	{"annotations": {"PublicationStatus": {"Published": true}, "PublicationType": {"Research": true}, "Section": {"Results": true}}, "citation": {"authors": ["Fahmi M", "Ito M", "Kubota Y"], "date": "2020-03-03", "db": "PubMed", "db_id": "32142938", "db_name": "Infection, genetics and evolution : journal of molecular epidemiology and evolutionary genetics in infectious diseases", "first": "Fahmi M", "last": "Ito M", "pages": "104272", "volume": "81"}, "evidence": "Similarly, the existence of 29 nucleotide deletions in ORF 8b has been described in SARS-CoV (Oostra et al., 2007).", "line": 70, "relation": "association"}
