a(MESH:"RNA, Viral")	positiveCorrelation	act(p(HGNC:TMPRSS2))	{"annotations": {"BioAssay": {"quantitative PCR": true}, "Custom_CellLine": {"Vero E6 cell": true}, "PublicationStatus": {"Published": true}, "PublicationType": {"Report": true}, "Sample": {"culture supernatant": true}, "Section": {"Full Text": true}}, "citation": {"authors": ["Kageyama T", "Kato F", "Katoh H", "Kawase M", "Kuroda M", "Kutsuna S", "Matsuyama S", "Nagata N", "Nao N", "Ohmagari N", "Saito S", "Sakata M", "Sekizuka T", "Shirato K", "Suzuki T", "Tahara M", "Takayama I", "Takeda M"], "date": "2020-03-31", "db": "PubMed", "db_id": "32165541", "db_name": "Proceedings of the National Academy of Sciences of the United States of America", "first": "Matsuyama S", "last": "Takeda M", "pages": "7001-7003", "volume": "117"}, "evidence": "However, the viral RNA copies in the VeroE6/TMPRSS2 cell culture supernatants were >100 times greater than those from VeroE6 cells (Fig. 1 D and E).", "line": 63, "object": {"modifier": "Activity"}, "relation": "positiveCorrelation"}
a(MESH:"RNA, Viral")	association	a(TAX:"Severe acute respiratory syndrome coronavirus 2")	{"annotations": {"BioAssay": {"quantitative PCR": true}, "Custom_CellLine": {"Vero E6 cell": true}, "PublicationStatus": {"Published": true}, "PublicationType": {"Report": true}, "Sample": {"culture supernatant": true}, "Section": {"Full Text": true}}, "citation": {"authors": ["Kageyama T", "Kato F", "Katoh H", "Kawase M", "Kuroda M", "Kutsuna S", "Matsuyama S", "Nagata N", "Nao N", "Ohmagari N", "Saito S", "Sakata M", "Sekizuka T", "Shirato K", "Suzuki T", "Tahara M", "Takayama I", "Takeda M"], "date": "2020-03-31", "db": "PubMed", "db_id": "32165541", "db_name": "Proceedings of the National Academy of Sciences of the United States of America", "first": "Matsuyama S", "last": "Takeda M", "pages": "7001-7003", "volume": "117"}, "evidence": "However, the viral RNA copies in the VeroE6/TMPRSS2 cell culture supernatants were >100 times greater than those from VeroE6 cells (Fig. 1 D and E).", "line": 64, "relation": "association"}
a(TAX:"Middle East respiratory syndrome-related coronavirus")	association	bp(GO:"viral process")	{"annotations": {"MeSHAnatomy": {"Endosomes": true}, "PublicationStatus": {"Published": true}, "PublicationType": {"Report": true}, "Section": {"Full Text": true}, "Species": {"9606": true}}, "citation": {"authors": ["Kageyama T", "Kato F", "Katoh H", "Kawase M", "Kuroda M", "Kutsuna S", "Matsuyama S", "Nagata N", "Nao N", "Ohmagari N", "Saito S", "Sakata M", "Sekizuka T", "Shirato K", "Suzuki T", "Tahara M", "Takayama I", "Takeda M"], "date": "2020-03-31", "db": "PubMed", "db_id": "32165541", "db_name": "Proceedings of the National Academy of Sciences of the United States of America", "first": "Matsuyama S", "last": "Takeda M", "pages": "7001-7003", "volume": "117"}, "evidence": "SARS-CoV and Middle East respiratory syndrome (MERS)-CoV can enter cells via endocytosis and use cathepsin in endosomes for activation (12\u201314). However, TMPRSS2 expression greatly promotes replication and syncytium formation in these viruses in vitro and in vivo (5, 6, 11, 12, 15).", "line": 83, "relation": "association"}
a(TAX:"Severe acute respiratory syndrome coronavirus 2")	partOf	complex(a(TAX:"Severe acute respiratory syndrome coronavirus 2"), p(UNIPROT:A0A0D9RQZ0))	{"relation": "partOf"}
a(TAX:"Severe acute respiratory syndrome coronavirus 2")	association	a(MESH:"RNA, Viral")	{"annotations": {"BioAssay": {"quantitative PCR": true}, "Custom_CellLine": {"Vero E6 cell": true}, "PublicationStatus": {"Published": true}, "PublicationType": {"Report": true}, "Sample": {"culture supernatant": true}, "Section": {"Full Text": true}}, "citation": {"authors": ["Kageyama T", "Kato F", "Katoh H", "Kawase M", "Kuroda M", "Kutsuna S", "Matsuyama S", "Nagata N", "Nao N", "Ohmagari N", "Saito S", "Sakata M", "Sekizuka T", "Shirato K", "Suzuki T", "Tahara M", "Takayama I", "Takeda M"], "date": "2020-03-31", "db": "PubMed", "db_id": "32165541", "db_name": "Proceedings of the National Academy of Sciences of the United States of America", "first": "Matsuyama S", "last": "Takeda M", "pages": "7001-7003", "volume": "117"}, "evidence": "However, the viral RNA copies in the VeroE6/TMPRSS2 cell culture supernatants were >100 times greater than those from VeroE6 cells (Fig. 1 D and E).", "line": 64, "relation": "association"}
a(TAX:"Severe acute respiratory syndrome coronavirus 2")	positiveCorrelation	act(p(HGNC:TMPRSS2))	{"annotations": {"Custom_CellLine": {"Vero E6 cell": true}, "PublicationStatus": {"Published": true}, "PublicationType": {"Report": true}, "Section": {"Full Text": true}}, "citation": {"authors": ["Kageyama T", "Kato F", "Katoh H", "Kawase M", "Kuroda M", "Kutsuna S", "Matsuyama S", "Nagata N", "Nao N", "Ohmagari N", "Saito S", "Sakata M", "Sekizuka T", "Shirato K", "Suzuki T", "Tahara M", "Takayama I", "Takeda M"], "date": "2020-03-31", "db": "PubMed", "db_id": "32165541", "db_name": "Proceedings of the National Academy of Sciences of the United States of America", "first": "Matsuyama S", "last": "Takeda M", "pages": "7001-7003", "volume": "117"}, "evidence": "The results showed that VeroE6/TMPRSS2 displayed \u223c10-fold greater number of SARS-CoV-2\u2013infected cells than the parental VeroE6 cells. These data suggest that, in common with SARS-CoV, TMPRSS2 may also play an important role in SARS-CoV-2 cell entry.", "line": 72, "object": {"modifier": "Activity"}, "relation": "positiveCorrelation"}
a(TAX:"Severe acute respiratory syndrome coronavirus 2")	association	bp(GO:"viral genome replication")	{"annotations": {"PublicationStatus": {"Published": true}, "PublicationType": {"Report": true}, "Section": {"Full Text": true}}, "citation": {"authors": ["Kageyama T", "Kato F", "Katoh H", "Kawase M", "Kuroda M", "Kutsuna S", "Matsuyama S", "Nagata N", "Nao N", "Ohmagari N", "Saito S", "Sakata M", "Sekizuka T", "Shirato K", "Suzuki T", "Tahara M", "Takayama I", "Takeda M"], "date": "2020-03-31", "db": "PubMed", "db_id": "32165541", "db_name": "Proceedings of the National Academy of Sciences of the United States of America", "first": "Matsuyama S", "last": "Takeda M", "pages": "7001-7003", "volume": "117"}, "evidence": "Our findings suggest that TMPRSS2 is also likely to be a key protease for SARS-CoV-2 replication.", "line": 91, "relation": "association"}
a(TAX:"Severe acute respiratory syndrome-related coronavirus")	partOf	complex(a(TAX:"Severe acute respiratory syndrome-related coronavirus"), p(UNIPROT:A0A0D9RQZ0))	{"relation": "partOf"}
a(TAX:"Severe acute respiratory syndrome-related coronavirus")	association	bp(GO:"viral process")	{"annotations": {"MeSHAnatomy": {"Endosomes": true}, "PublicationStatus": {"Published": true}, "PublicationType": {"Report": true}, "Section": {"Full Text": true}, "Species": {"9606": true}}, "citation": {"authors": ["Kageyama T", "Kato F", "Katoh H", "Kawase M", "Kuroda M", "Kutsuna S", "Matsuyama S", "Nagata N", "Nao N", "Ohmagari N", "Saito S", "Sakata M", "Sekizuka T", "Shirato K", "Suzuki T", "Tahara M", "Takayama I", "Takeda M"], "date": "2020-03-31", "db": "PubMed", "db_id": "32165541", "db_name": "Proceedings of the National Academy of Sciences of the United States of America", "first": "Matsuyama S", "last": "Takeda M", "pages": "7001-7003", "volume": "117"}, "evidence": "SARS-CoV and Middle East respiratory syndrome (MERS)-CoV can enter cells via endocytosis and use cathepsin in endosomes for activation (12\u201314). However, TMPRSS2 expression greatly promotes replication and syncytium formation in these viruses in vitro and in vivo (5, 6, 11, 12, 15).", "line": 82, "relation": "association"}
bp(GO:"viral genome replication")	association	a(TAX:"Severe acute respiratory syndrome coronavirus 2")	{"annotations": {"PublicationStatus": {"Published": true}, "PublicationType": {"Report": true}, "Section": {"Full Text": true}}, "citation": {"authors": ["Kageyama T", "Kato F", "Katoh H", "Kawase M", "Kuroda M", "Kutsuna S", "Matsuyama S", "Nagata N", "Nao N", "Ohmagari N", "Saito S", "Sakata M", "Sekizuka T", "Shirato K", "Suzuki T", "Tahara M", "Takayama I", "Takeda M"], "date": "2020-03-31", "db": "PubMed", "db_id": "32165541", "db_name": "Proceedings of the National Academy of Sciences of the United States of America", "first": "Matsuyama S", "last": "Takeda M", "pages": "7001-7003", "volume": "117"}, "evidence": "Our findings suggest that TMPRSS2 is also likely to be a key protease for SARS-CoV-2 replication.", "line": 91, "relation": "association"}
bp(GO:"viral process")	association	a(TAX:"Severe acute respiratory syndrome-related coronavirus")	{"annotations": {"MeSHAnatomy": {"Endosomes": true}, "PublicationStatus": {"Published": true}, "PublicationType": {"Report": true}, "Section": {"Full Text": true}, "Species": {"9606": true}}, "citation": {"authors": ["Kageyama T", "Kato F", "Katoh H", "Kawase M", "Kuroda M", "Kutsuna S", "Matsuyama S", "Nagata N", "Nao N", "Ohmagari N", "Saito S", "Sakata M", "Sekizuka T", "Shirato K", "Suzuki T", "Tahara M", "Takayama I", "Takeda M"], "date": "2020-03-31", "db": "PubMed", "db_id": "32165541", "db_name": "Proceedings of the National Academy of Sciences of the United States of America", "first": "Matsuyama S", "last": "Takeda M", "pages": "7001-7003", "volume": "117"}, "evidence": "SARS-CoV and Middle East respiratory syndrome (MERS)-CoV can enter cells via endocytosis and use cathepsin in endosomes for activation (12\u201314). However, TMPRSS2 expression greatly promotes replication and syncytium formation in these viruses in vitro and in vivo (5, 6, 11, 12, 15).", "line": 82, "relation": "association"}
bp(GO:"viral process")	association	a(TAX:"Middle East respiratory syndrome-related coronavirus")	{"annotations": {"MeSHAnatomy": {"Endosomes": true}, "PublicationStatus": {"Published": true}, "PublicationType": {"Report": true}, "Section": {"Full Text": true}, "Species": {"9606": true}}, "citation": {"authors": ["Kageyama T", "Kato F", "Katoh H", "Kawase M", "Kuroda M", "Kutsuna S", "Matsuyama S", "Nagata N", "Nao N", "Ohmagari N", "Saito S", "Sakata M", "Sekizuka T", "Shirato K", "Suzuki T", "Tahara M", "Takayama I", "Takeda M"], "date": "2020-03-31", "db": "PubMed", "db_id": "32165541", "db_name": "Proceedings of the National Academy of Sciences of the United States of America", "first": "Matsuyama S", "last": "Takeda M", "pages": "7001-7003", "volume": "117"}, "evidence": "SARS-CoV and Middle East respiratory syndrome (MERS)-CoV can enter cells via endocytosis and use cathepsin in endosomes for activation (12\u201314). However, TMPRSS2 expression greatly promotes replication and syncytium formation in these viruses in vitro and in vivo (5, 6, 11, 12, 15).", "line": 83, "relation": "association"}
bp(GO:endocytosis)	increases	a(TAX:"Severe acute respiratory syndrome-related coronavirus", loc(GO:endosome))	{"annotations": {"PublicationStatus": {"Published": true}, "PublicationType": {"Report": true}, "Section": {"Full Text": true}, "Species": {"9606": true}}, "citation": {"authors": ["Kageyama T", "Kato F", "Katoh H", "Kawase M", "Kuroda M", "Kutsuna S", "Matsuyama S", "Nagata N", "Nao N", "Ohmagari N", "Saito S", "Sakata M", "Sekizuka T", "Shirato K", "Suzuki T", "Tahara M", "Takayama I", "Takeda M"], "date": "2020-03-31", "db": "PubMed", "db_id": "32165541", "db_name": "Proceedings of the National Academy of Sciences of the United States of America", "first": "Matsuyama S", "last": "Takeda M", "pages": "7001-7003", "volume": "117"}, "evidence": "SARS-CoV and Middle East respiratory syndrome (MERS)-CoV can enter cells via endocytosis and use cathepsin in endosomes for activation (12\u201314). However, TMPRSS2 expression greatly promotes replication and syncytium formation in these viruses in vitro and in vivo (5, 6, 11, 12, 15).", "line": 78, "object": {"location": {"name": "endosome", "namespace": "GO"}}, "relation": "increases"}
bp(GO:endocytosis)	increases	a(TAX:"Middle East respiratory syndrome-related coronavirus", loc(GO:endosome))	{"annotations": {"PublicationStatus": {"Published": true}, "PublicationType": {"Report": true}, "Section": {"Full Text": true}, "Species": {"9606": true}}, "citation": {"authors": ["Kageyama T", "Kato F", "Katoh H", "Kawase M", "Kuroda M", "Kutsuna S", "Matsuyama S", "Nagata N", "Nao N", "Ohmagari N", "Saito S", "Sakata M", "Sekizuka T", "Shirato K", "Suzuki T", "Tahara M", "Takayama I", "Takeda M"], "date": "2020-03-31", "db": "PubMed", "db_id": "32165541", "db_name": "Proceedings of the National Academy of Sciences of the United States of America", "first": "Matsuyama S", "last": "Takeda M", "pages": "7001-7003", "volume": "117"}, "evidence": "SARS-CoV and Middle East respiratory syndrome (MERS)-CoV can enter cells via endocytosis and use cathepsin in endosomes for activation (12\u201314). However, TMPRSS2 expression greatly promotes replication and syncytium formation in these viruses in vitro and in vivo (5, 6, 11, 12, 15).", "line": 79, "object": {"location": {"name": "endosome", "namespace": "GO"}}, "relation": "increases"}
complex(a(TAX:"Severe acute respiratory syndrome coronavirus 2"), p(UNIPROT:A0A0D9RQZ0))	increases	path(DO:"COVID-19")	{"annotations": {"Custom_CellLine": {"Vero E6 cell": true}, "PublicationStatus": {"Published": true}, "PublicationType": {"Report": true}, "Section": {"Full Text": true}}, "citation": {"authors": ["Kageyama T", "Kato F", "Katoh H", "Kawase M", "Kuroda M", "Kutsuna S", "Matsuyama S", "Nagata N", "Nao N", "Ohmagari N", "Saito S", "Sakata M", "Sekizuka T", "Shirato K", "Suzuki T", "Tahara M", "Takayama I", "Takeda M"], "date": "2020-03-31", "db": "PubMed", "db_id": "32165541", "db_name": "Proceedings of the National Academy of Sciences of the United States of America", "first": "Matsuyama S", "last": "Takeda M", "pages": "7001-7003", "volume": "117"}, "evidence": "SARS-CoV-2 uses the same receptor, ACE2, as SARS-CoV (2), and ACE2 expression is very high in VeroE6 cells (7).", "line": 55, "relation": "increases"}
p(UNIPROT:A0A0D9RQZ0)	partOf	complex(a(TAX:"Severe acute respiratory syndrome coronavirus 2"), p(UNIPROT:A0A0D9RQZ0))	{"relation": "partOf"}
p(UNIPROT:A0A0D9RQZ0)	partOf	complex(a(TAX:"Severe acute respiratory syndrome-related coronavirus"), p(UNIPROT:A0A0D9RQZ0))	{"relation": "partOf"}
complex(a(TAX:"Severe acute respiratory syndrome-related coronavirus"), p(UNIPROT:A0A0D9RQZ0))	increases	path(DO:"severe acute respiratory syndrome")	{"annotations": {"Custom_CellLine": {"Vero E6 cell": true}, "PublicationStatus": {"Published": true}, "PublicationType": {"Report": true}, "Section": {"Full Text": true}}, "citation": {"authors": ["Kageyama T", "Kato F", "Katoh H", "Kawase M", "Kuroda M", "Kutsuna S", "Matsuyama S", "Nagata N", "Nao N", "Ohmagari N", "Saito S", "Sakata M", "Sekizuka T", "Shirato K", "Suzuki T", "Tahara M", "Takayama I", "Takeda M"], "date": "2020-03-31", "db": "PubMed", "db_id": "32165541", "db_name": "Proceedings of the National Academy of Sciences of the United States of America", "first": "Matsuyama S", "last": "Takeda M", "pages": "7001-7003", "volume": "117"}, "evidence": "SARS-CoV-2 uses the same receptor, ACE2, as SARS-CoV (2), and ACE2 expression is very high in VeroE6 cells (7).", "line": 54, "relation": "increases"}
p(GFAM:Cathepsins)	increases	bp(GO:"viral process")	{"annotations": {"MeSHAnatomy": {"Endosomes": true}, "PublicationStatus": {"Published": true}, "PublicationType": {"Report": true}, "Section": {"Full Text": true}, "Species": {"9606": true}}, "citation": {"authors": ["Kageyama T", "Kato F", "Katoh H", "Kawase M", "Kuroda M", "Kutsuna S", "Matsuyama S", "Nagata N", "Nao N", "Ohmagari N", "Saito S", "Sakata M", "Sekizuka T", "Shirato K", "Suzuki T", "Tahara M", "Takayama I", "Takeda M"], "date": "2020-03-31", "db": "PubMed", "db_id": "32165541", "db_name": "Proceedings of the National Academy of Sciences of the United States of America", "first": "Matsuyama S", "last": "Takeda M", "pages": "7001-7003", "volume": "117"}, "evidence": "SARS-CoV and Middle East respiratory syndrome (MERS)-CoV can enter cells via endocytosis and use cathepsin in endosomes for activation (12\u201314). However, TMPRSS2 expression greatly promotes replication and syncytium formation in these viruses in vitro and in vivo (5, 6, 11, 12, 15).", "line": 81, "relation": "increases"}
act(p(HGNC:TMPRSS2))	increases	a(TAX:"Severe acute respiratory syndrome-related coronavirus")	{"annotations": {"PublicationStatus": {"Published": true}, "PublicationType": {"Report": true}, "Section": {"Full Text": true}, "Species": {"9606": true}}, "citation": {"authors": ["Kageyama T", "Kato F", "Katoh H", "Kawase M", "Kuroda M", "Kutsuna S", "Matsuyama S", "Nagata N", "Nao N", "Ohmagari N", "Saito S", "Sakata M", "Sekizuka T", "Shirato K", "Suzuki T", "Tahara M", "Takayama I", "Takeda M"], "date": "2020-03-31", "db": "PubMed", "db_id": "32165541", "db_name": "Proceedings of the National Academy of Sciences of the United States of America", "first": "Matsuyama S", "last": "Takeda M", "pages": "7001-7003", "volume": "117"}, "evidence": "Previous studies (5, 6) have shown that the phylogenetically related SARS-CoV is proteolytically activated by TMPRSS2 in vitro and in vivo.", "line": 48, "relation": "increases", "subject": {"modifier": "Activity"}}
act(p(HGNC:TMPRSS2))	positiveCorrelation	a(MESH:"RNA, Viral")	{"annotations": {"BioAssay": {"quantitative PCR": true}, "Custom_CellLine": {"Vero E6 cell": true}, "PublicationStatus": {"Published": true}, "PublicationType": {"Report": true}, "Sample": {"culture supernatant": true}, "Section": {"Full Text": true}}, "citation": {"authors": ["Kageyama T", "Kato F", "Katoh H", "Kawase M", "Kuroda M", "Kutsuna S", "Matsuyama S", "Nagata N", "Nao N", "Ohmagari N", "Saito S", "Sakata M", "Sekizuka T", "Shirato K", "Suzuki T", "Tahara M", "Takayama I", "Takeda M"], "date": "2020-03-31", "db": "PubMed", "db_id": "32165541", "db_name": "Proceedings of the National Academy of Sciences of the United States of America", "first": "Matsuyama S", "last": "Takeda M", "pages": "7001-7003", "volume": "117"}, "evidence": "However, the viral RNA copies in the VeroE6/TMPRSS2 cell culture supernatants were >100 times greater than those from VeroE6 cells (Fig. 1 D and E).", "line": 63, "relation": "positiveCorrelation", "subject": {"modifier": "Activity"}}
act(p(HGNC:TMPRSS2))	positiveCorrelation	a(TAX:"Severe acute respiratory syndrome coronavirus 2")	{"annotations": {"Custom_CellLine": {"Vero E6 cell": true}, "PublicationStatus": {"Published": true}, "PublicationType": {"Report": true}, "Section": {"Full Text": true}}, "citation": {"authors": ["Kageyama T", "Kato F", "Katoh H", "Kawase M", "Kuroda M", "Kutsuna S", "Matsuyama S", "Nagata N", "Nao N", "Ohmagari N", "Saito S", "Sakata M", "Sekizuka T", "Shirato K", "Suzuki T", "Tahara M", "Takayama I", "Takeda M"], "date": "2020-03-31", "db": "PubMed", "db_id": "32165541", "db_name": "Proceedings of the National Academy of Sciences of the United States of America", "first": "Matsuyama S", "last": "Takeda M", "pages": "7001-7003", "volume": "117"}, "evidence": "The results showed that VeroE6/TMPRSS2 displayed \u223c10-fold greater number of SARS-CoV-2\u2013infected cells than the parental VeroE6 cells. These data suggest that, in common with SARS-CoV, TMPRSS2 may also play an important role in SARS-CoV-2 cell entry.", "line": 72, "relation": "positiveCorrelation", "subject": {"modifier": "Activity"}}
act(p(HGNC:TMPRSS2))	increases	bp(GO:"viral genome replication")	{"annotations": {"PublicationStatus": {"Published": true}, "PublicationType": {"Report": true}, "Section": {"Full Text": true}, "Species": {"9606": true}}, "citation": {"authors": ["Kageyama T", "Kato F", "Katoh H", "Kawase M", "Kuroda M", "Kutsuna S", "Matsuyama S", "Nagata N", "Nao N", "Ohmagari N", "Saito S", "Sakata M", "Sekizuka T", "Shirato K", "Suzuki T", "Tahara M", "Takayama I", "Takeda M"], "date": "2020-03-31", "db": "PubMed", "db_id": "32165541", "db_name": "Proceedings of the National Academy of Sciences of the United States of America", "first": "Matsuyama S", "last": "Takeda M", "pages": "7001-7003", "volume": "117"}, "evidence": "SARS-CoV and Middle East respiratory syndrome (MERS)-CoV can enter cells via endocytosis and use cathepsin in endosomes for activation (12\u201314). However, TMPRSS2 expression greatly promotes replication and syncytium formation in these viruses in vitro and in vivo (5, 6, 11, 12, 15).", "line": 85, "relation": "increases", "subject": {"modifier": "Activity"}}
act(p(HGNC:TMPRSS2))	increases	bp(GO:"viral genome replication")	{"annotations": {"PublicationStatus": {"Published": true}, "PublicationType": {"Report": true}, "Section": {"Full Text": true}}, "citation": {"authors": ["Kageyama T", "Kato F", "Katoh H", "Kawase M", "Kuroda M", "Kutsuna S", "Matsuyama S", "Nagata N", "Nao N", "Ohmagari N", "Saito S", "Sakata M", "Sekizuka T", "Shirato K", "Suzuki T", "Tahara M", "Takayama I", "Takeda M"], "date": "2020-03-31", "db": "PubMed", "db_id": "32165541", "db_name": "Proceedings of the National Academy of Sciences of the United States of America", "first": "Matsuyama S", "last": "Takeda M", "pages": "7001-7003", "volume": "117"}, "evidence": "Our findings suggest that TMPRSS2 is also likely to be a key protease for SARS-CoV-2 replication.", "line": 90, "relation": "increases", "subject": {"modifier": "Activity"}}
