a(MESH:"Medicine, Chinese Traditional")	decreases	path(DO:"COVID-19")	{"annotations": {"Cohort": {"Chinese": true}, "Custom_Disease": {"COVID-19": true}, "PublicationStatus": {"Published": true}, "PublicationType": {"Letter to Editor": true}, "Section": {"Full Text": true}}, "citation": {"authors": ["Yang G", "Yang Y", "Zhang H"], "date": "2020-01-01", "db": "PubMed", "db_id": "32178547", "db_name": "Integrative cancer therapies", "first": "Yang G", "last": "Yang Y", "pages": "1534735420912811", "volume": "19"}, "evidence": "In comparison, one integrative therapy, Chinese herbal medicine (CHM), is widely used in the treatment of COVID-19, and was shown to be quite effective in preliminary clinical practice.", "line": 133, "relation": "decreases"}
a(MESH:"Medicine, Chinese Traditional")	decreases	path(DO:"COVID-19")	{"annotations": {"Cohort": {"Chinese": true}, "Custom_Disease": {"COVID-19": true}, "PublicationStatus": {"Published": true}, "PublicationType": {"Letter to Editor": true}, "Section": {"Full Text": true}, "Severity": {"Mild": true, "Moderate": true}}, "citation": {"authors": ["Yang G", "Yang Y", "Zhang H"], "date": "2020-01-01", "db": "PubMed", "db_id": "32178547", "db_name": "Integrative cancer therapies", "first": "Yang G", "last": "Yang Y", "pages": "1534735420912811", "volume": "19"}, "evidence": "Thus, cancer patients diagnosed with mild or medium COVID-19 should be encouraged to receive CHM therapies.", "line": 139, "relation": "decreases"}
path(DO:"COVID-19")	positiveCorrelation	path(MESH:Fever)	{"annotations": {"Custom_Disease": {"COVID-19": true}, "PublicationStatus": {"Published": true}, "PublicationType": {"Letter to Editor": true}, "Section": {"Full Text": true}}, "citation": {"authors": ["Yang G", "Yang Y", "Zhang H"], "date": "2020-01-01", "db": "PubMed", "db_id": "32178547", "db_name": "Integrative cancer therapies", "first": "Yang G", "last": "Yang Y", "pages": "1534735420912811", "volume": "19"}, "evidence": "Most COVID-19 patients initially suffered from fever, cough, fatigue, and shortness of breath, while other symptoms included muscle pain, headache, chest pain, and diarrhea, similar to the symptoms observed after chemotherapy, targeted and immune therapy1", "line": 104, "relation": "positiveCorrelation"}
path(DO:"COVID-19")	positiveCorrelation	path(MESH:Fatigue)	{"annotations": {"Custom_Disease": {"COVID-19": true}, "PublicationStatus": {"Published": true}, "PublicationType": {"Letter to Editor": true}, "Section": {"Full Text": true}}, "citation": {"authors": ["Yang G", "Yang Y", "Zhang H"], "date": "2020-01-01", "db": "PubMed", "db_id": "32178547", "db_name": "Integrative cancer therapies", "first": "Yang G", "last": "Yang Y", "pages": "1534735420912811", "volume": "19"}, "evidence": "Most COVID-19 patients initially suffered from fever, cough, fatigue, and shortness of breath, while other symptoms included muscle pain, headache, chest pain, and diarrhea, similar to the symptoms observed after chemotherapy, targeted and immune therapy1", "line": 105, "relation": "positiveCorrelation"}
path(DO:"COVID-19")	positiveCorrelation	path(HP:"Breathing dysregulation")	{"annotations": {"Custom_Disease": {"COVID-19": true}, "PublicationStatus": {"Published": true}, "PublicationType": {"Letter to Editor": true}, "Section": {"Full Text": true}}, "citation": {"authors": ["Yang G", "Yang Y", "Zhang H"], "date": "2020-01-01", "db": "PubMed", "db_id": "32178547", "db_name": "Integrative cancer therapies", "first": "Yang G", "last": "Yang Y", "pages": "1534735420912811", "volume": "19"}, "evidence": "Most COVID-19 patients initially suffered from fever, cough, fatigue, and shortness of breath, while other symptoms included muscle pain, headache, chest pain, and diarrhea, similar to the symptoms observed after chemotherapy, targeted and immune therapy1", "line": 106, "relation": "positiveCorrelation"}
path(DO:"COVID-19")	positiveCorrelation	path(MESH:Headache)	{"annotations": {"Custom_Disease": {"COVID-19": true}, "PublicationStatus": {"Published": true}, "PublicationType": {"Letter to Editor": true}, "Section": {"Full Text": true}}, "citation": {"authors": ["Yang G", "Yang Y", "Zhang H"], "date": "2020-01-01", "db": "PubMed", "db_id": "32178547", "db_name": "Integrative cancer therapies", "first": "Yang G", "last": "Yang Y", "pages": "1534735420912811", "volume": "19"}, "evidence": "Most COVID-19 patients initially suffered from fever, cough, fatigue, and shortness of breath, while other symptoms included muscle pain, headache, chest pain, and diarrhea, similar to the symptoms observed after chemotherapy, targeted and immune therapy1", "line": 107, "relation": "positiveCorrelation"}
path(DO:"COVID-19")	positiveCorrelation	path(MESH:Myalgia)	{"annotations": {"Custom_Disease": {"COVID-19": true}, "PublicationStatus": {"Published": true}, "PublicationType": {"Letter to Editor": true}, "Section": {"Full Text": true}}, "citation": {"authors": ["Yang G", "Yang Y", "Zhang H"], "date": "2020-01-01", "db": "PubMed", "db_id": "32178547", "db_name": "Integrative cancer therapies", "first": "Yang G", "last": "Yang Y", "pages": "1534735420912811", "volume": "19"}, "evidence": "Most COVID-19 patients initially suffered from fever, cough, fatigue, and shortness of breath, while other symptoms included muscle pain, headache, chest pain, and diarrhea, similar to the symptoms observed after chemotherapy, targeted and immune therapy1", "line": 108, "relation": "positiveCorrelation"}
path(DO:"COVID-19")	positiveCorrelation	path(MESH:"Chest Pain")	{"annotations": {"Custom_Disease": {"COVID-19": true}, "PublicationStatus": {"Published": true}, "PublicationType": {"Letter to Editor": true}, "Section": {"Full Text": true}}, "citation": {"authors": ["Yang G", "Yang Y", "Zhang H"], "date": "2020-01-01", "db": "PubMed", "db_id": "32178547", "db_name": "Integrative cancer therapies", "first": "Yang G", "last": "Yang Y", "pages": "1534735420912811", "volume": "19"}, "evidence": "Most COVID-19 patients initially suffered from fever, cough, fatigue, and shortness of breath, while other symptoms included muscle pain, headache, chest pain, and diarrhea, similar to the symptoms observed after chemotherapy, targeted and immune therapy1", "line": 109, "relation": "positiveCorrelation"}
path(DO:"COVID-19")	positiveCorrelation	path(DO:diarrhea)	{"annotations": {"Custom_Disease": {"COVID-19": true}, "PublicationStatus": {"Published": true}, "PublicationType": {"Letter to Editor": true}, "Section": {"Full Text": true}}, "citation": {"authors": ["Yang G", "Yang Y", "Zhang H"], "date": "2020-01-01", "db": "PubMed", "db_id": "32178547", "db_name": "Integrative cancer therapies", "first": "Yang G", "last": "Yang Y", "pages": "1534735420912811", "volume": "19"}, "evidence": "Most COVID-19 patients initially suffered from fever, cough, fatigue, and shortness of breath, while other symptoms included muscle pain, headache, chest pain, and diarrhea, similar to the symptoms observed after chemotherapy, targeted and immune therapy1", "line": 110, "relation": "positiveCorrelation"}
path(DO:"COVID-19")	positiveCorrelation	path(DO:cancer)	{"annotations": {"Cohort": {"Chinese": true}, "Custom_Disease": {"COVID-19": true}, "PublicationStatus": {"Published": true}, "PublicationType": {"Letter to Editor": true}, "Section": {"Full Text": true}, "Severity": {"Severe": true}}, "citation": {"authors": ["Yang G", "Yang Y", "Zhang H"], "date": "2020-01-01", "db": "PubMed", "db_id": "32178547", "db_name": "Integrative cancer therapies", "first": "Yang G", "last": "Yang Y", "pages": "1534735420912811", "volume": "19"}, "evidence": "According to the latest study revealing the correlation between COVID-19 and cancer, 18 (1%) of 1590 COVID-19 cases had a history of cancer, which was higher than the incidence of cancer (0.29%) in the overall Chinese population; meanwhile, cancer patients were found to have a higher risk of severe events than patients without cancer.2", "line": 120, "relation": "positiveCorrelation"}
path(DO:cancer)	positiveCorrelation	path(DO:"COVID-19")	{"annotations": {"Cohort": {"Chinese": true}, "Custom_Disease": {"COVID-19": true}, "PublicationStatus": {"Published": true}, "PublicationType": {"Letter to Editor": true}, "Section": {"Full Text": true}, "Severity": {"Severe": true}}, "citation": {"authors": ["Yang G", "Yang Y", "Zhang H"], "date": "2020-01-01", "db": "PubMed", "db_id": "32178547", "db_name": "Integrative cancer therapies", "first": "Yang G", "last": "Yang Y", "pages": "1534735420912811", "volume": "19"}, "evidence": "According to the latest study revealing the correlation between COVID-19 and cancer, 18 (1%) of 1590 COVID-19 cases had a history of cancer, which was higher than the incidence of cancer (0.29%) in the overall Chinese population; meanwhile, cancer patients were found to have a higher risk of severe events than patients without cancer.2", "line": 120, "relation": "positiveCorrelation"}
path(DO:diarrhea)	positiveCorrelation	path(DO:"COVID-19")	{"annotations": {"Custom_Disease": {"COVID-19": true}, "PublicationStatus": {"Published": true}, "PublicationType": {"Letter to Editor": true}, "Section": {"Full Text": true}}, "citation": {"authors": ["Yang G", "Yang Y", "Zhang H"], "date": "2020-01-01", "db": "PubMed", "db_id": "32178547", "db_name": "Integrative cancer therapies", "first": "Yang G", "last": "Yang Y", "pages": "1534735420912811", "volume": "19"}, "evidence": "Most COVID-19 patients initially suffered from fever, cough, fatigue, and shortness of breath, while other symptoms included muscle pain, headache, chest pain, and diarrhea, similar to the symptoms observed after chemotherapy, targeted and immune therapy1", "line": 110, "relation": "positiveCorrelation"}
path(HP:"Breathing dysregulation")	positiveCorrelation	path(DO:"COVID-19")	{"annotations": {"Custom_Disease": {"COVID-19": true}, "PublicationStatus": {"Published": true}, "PublicationType": {"Letter to Editor": true}, "Section": {"Full Text": true}}, "citation": {"authors": ["Yang G", "Yang Y", "Zhang H"], "date": "2020-01-01", "db": "PubMed", "db_id": "32178547", "db_name": "Integrative cancer therapies", "first": "Yang G", "last": "Yang Y", "pages": "1534735420912811", "volume": "19"}, "evidence": "Most COVID-19 patients initially suffered from fever, cough, fatigue, and shortness of breath, while other symptoms included muscle pain, headache, chest pain, and diarrhea, similar to the symptoms observed after chemotherapy, targeted and immune therapy1", "line": 106, "relation": "positiveCorrelation"}
path(MESH:"Chest Pain")	positiveCorrelation	path(DO:"COVID-19")	{"annotations": {"Custom_Disease": {"COVID-19": true}, "PublicationStatus": {"Published": true}, "PublicationType": {"Letter to Editor": true}, "Section": {"Full Text": true}}, "citation": {"authors": ["Yang G", "Yang Y", "Zhang H"], "date": "2020-01-01", "db": "PubMed", "db_id": "32178547", "db_name": "Integrative cancer therapies", "first": "Yang G", "last": "Yang Y", "pages": "1534735420912811", "volume": "19"}, "evidence": "Most COVID-19 patients initially suffered from fever, cough, fatigue, and shortness of breath, while other symptoms included muscle pain, headache, chest pain, and diarrhea, similar to the symptoms observed after chemotherapy, targeted and immune therapy1", "line": 109, "relation": "positiveCorrelation"}
path(MESH:"Social Isolation")	decreases	path(DO:"COVID-19")	{"annotations": {"Cohort": {"Chinese": true}, "Custom_Disease": {"COVID-19": true}, "PublicationStatus": {"Published": true}, "PublicationType": {"Letter to Editor": true}, "Section": {"Full Text": true}}, "citation": {"authors": ["Yang G", "Yang Y", "Zhang H"], "date": "2020-01-01", "db": "PubMed", "db_id": "32178547", "db_name": "Integrative cancer therapies", "first": "Yang G", "last": "Yang Y", "pages": "1534735420912811", "volume": "19"}, "evidence": "In high epidemic areas, members of the public are encouraged to reduce going out; thus, Tai Chi and Qi Gong, as integrative therapies, might be very suitable indoor exercises to strengthen the constitution.", "line": 127, "relation": "decreases"}
path(MESH:Fatigue)	positiveCorrelation	path(DO:"COVID-19")	{"annotations": {"Custom_Disease": {"COVID-19": true}, "PublicationStatus": {"Published": true}, "PublicationType": {"Letter to Editor": true}, "Section": {"Full Text": true}}, "citation": {"authors": ["Yang G", "Yang Y", "Zhang H"], "date": "2020-01-01", "db": "PubMed", "db_id": "32178547", "db_name": "Integrative cancer therapies", "first": "Yang G", "last": "Yang Y", "pages": "1534735420912811", "volume": "19"}, "evidence": "Most COVID-19 patients initially suffered from fever, cough, fatigue, and shortness of breath, while other symptoms included muscle pain, headache, chest pain, and diarrhea, similar to the symptoms observed after chemotherapy, targeted and immune therapy1", "line": 105, "relation": "positiveCorrelation"}
path(MESH:Fever)	positiveCorrelation	path(DO:"COVID-19")	{"annotations": {"Custom_Disease": {"COVID-19": true}, "PublicationStatus": {"Published": true}, "PublicationType": {"Letter to Editor": true}, "Section": {"Full Text": true}}, "citation": {"authors": ["Yang G", "Yang Y", "Zhang H"], "date": "2020-01-01", "db": "PubMed", "db_id": "32178547", "db_name": "Integrative cancer therapies", "first": "Yang G", "last": "Yang Y", "pages": "1534735420912811", "volume": "19"}, "evidence": "Most COVID-19 patients initially suffered from fever, cough, fatigue, and shortness of breath, while other symptoms included muscle pain, headache, chest pain, and diarrhea, similar to the symptoms observed after chemotherapy, targeted and immune therapy1", "line": 104, "relation": "positiveCorrelation"}
path(MESH:Headache)	positiveCorrelation	path(DO:"COVID-19")	{"annotations": {"Custom_Disease": {"COVID-19": true}, "PublicationStatus": {"Published": true}, "PublicationType": {"Letter to Editor": true}, "Section": {"Full Text": true}}, "citation": {"authors": ["Yang G", "Yang Y", "Zhang H"], "date": "2020-01-01", "db": "PubMed", "db_id": "32178547", "db_name": "Integrative cancer therapies", "first": "Yang G", "last": "Yang Y", "pages": "1534735420912811", "volume": "19"}, "evidence": "Most COVID-19 patients initially suffered from fever, cough, fatigue, and shortness of breath, while other symptoms included muscle pain, headache, chest pain, and diarrhea, similar to the symptoms observed after chemotherapy, targeted and immune therapy1", "line": 107, "relation": "positiveCorrelation"}
path(MESH:Myalgia)	positiveCorrelation	path(DO:"COVID-19")	{"annotations": {"Custom_Disease": {"COVID-19": true}, "PublicationStatus": {"Published": true}, "PublicationType": {"Letter to Editor": true}, "Section": {"Full Text": true}}, "citation": {"authors": ["Yang G", "Yang Y", "Zhang H"], "date": "2020-01-01", "db": "PubMed", "db_id": "32178547", "db_name": "Integrative cancer therapies", "first": "Yang G", "last": "Yang Y", "pages": "1534735420912811", "volume": "19"}, "evidence": "Most COVID-19 patients initially suffered from fever, cough, fatigue, and shortness of breath, while other symptoms included muscle pain, headache, chest pain, and diarrhea, similar to the symptoms observed after chemotherapy, targeted and immune therapy1", "line": 108, "relation": "positiveCorrelation"}
