a(TAX:"Severe acute respiratory syndrome coronavirus 2")	partOf	complex(a(TAX:"Severe acute respiratory syndrome coronavirus 2"), g(GFAM:"Toll like receptors"))	{"relation": "partOf"}
a(TAX:"Severe acute respiratory syndrome coronavirus 2")	increases	path(DO:"COVID-19")	{"annotations": {"Custom_Disease": {"COVID-19": true}, "PublicationStatus": {"Preprint": true}, "PublicationType": {"Editorial": true}, "Section": {"Abstract": true}}, "citation": {"authors": ["Caraffa A", "Conti P", "Frydas I", "Gallenga CE", "Kritas SK", "Ronconi G", "Ross R"], "date": "2020-03-14", "db": "PubMed", "db_id": "32171193", "db_name": "Journal of biological regulators and homeostatic agents", "first": "Conti P", "last": "Kritas SK", "volume": "34"}, "evidence": "Coronavirus-19 (COVI-19) involves humans as well as animals and may cause serious damage to the respiratory tract, including the lung: coronavirus disease (COVID-19).", "line": 47, "relation": "increases"}
a(TAX:"Severe acute respiratory syndrome coronavirus 2")	increases	path(DO:"adult respiratory distress syndrome")	{"annotations": {"Anatomy": {"lower respiratory tract": true, "upper respiratory tract": true}, "Custom_Disease": {"COVID-19": true}, "PublicationStatus": {"Preprint": true}, "PublicationType": {"Editorial": true}, "Section": {"Abstract": true}, "Species": {"9606": true}}, "citation": {"authors": ["Caraffa A", "Conti P", "Frydas I", "Gallenga CE", "Kritas SK", "Ronconi G", "Ross R"], "date": "2020-03-14", "db": "PubMed", "db_id": "32171193", "db_name": "Journal of biological regulators and homeostatic agents", "first": "Conti P", "last": "Kritas SK", "volume": "34"}, "evidence": "When COVI-19 infect the upper and lower respiratory tract it can cause mild or highly acute respiratory syndrome with consequent release of pro-inflammatory cytokines, including interleukin (IL)-1\u03b2 and IL-6.", "line": 52, "relation": "increases"}
a(TAX:"Severe acute respiratory syndrome coronavirus 2")	increases	bp(GO:"cytokine production involved in inflammatory response")	{"annotations": {"Anatomy": {"lower respiratory tract": true, "upper respiratory tract": true}, "Custom_Disease": {"COVID-19": true}, "PublicationStatus": {"Preprint": true}, "PublicationType": {"Editorial": true}, "Section": {"Abstract": true}, "Species": {"9606": true}}, "citation": {"authors": ["Caraffa A", "Conti P", "Frydas I", "Gallenga CE", "Kritas SK", "Ronconi G", "Ross R"], "date": "2020-03-14", "db": "PubMed", "db_id": "32171193", "db_name": "Journal of biological regulators and homeostatic agents", "first": "Conti P", "last": "Kritas SK", "volume": "34"}, "evidence": "When COVI-19 infect the upper and lower respiratory tract it can cause mild or highly acute respiratory syndrome with consequent release of pro-inflammatory cytokines, including interleukin (IL)-1\u03b2 and IL-6.", "line": 53, "relation": "increases"}
a(TAX:"Severe acute respiratory syndrome coronavirus 2")	increases	p(HGNC:IL1B)	{"annotations": {"Anatomy": {"lower respiratory tract": true, "upper respiratory tract": true}, "Custom_Disease": {"COVID-19": true}, "PublicationStatus": {"Preprint": true}, "PublicationType": {"Editorial": true}, "Section": {"Abstract": true}, "Species": {"9606": true}}, "citation": {"authors": ["Caraffa A", "Conti P", "Frydas I", "Gallenga CE", "Kritas SK", "Ronconi G", "Ross R"], "date": "2020-03-14", "db": "PubMed", "db_id": "32171193", "db_name": "Journal of biological regulators and homeostatic agents", "first": "Conti P", "last": "Kritas SK", "volume": "34"}, "evidence": "When COVI-19 infect the upper and lower respiratory tract it can cause mild or highly acute respiratory syndrome with consequent release of pro-inflammatory cytokines, including interleukin (IL)-1\u03b2 and IL-6.", "line": 54, "relation": "increases"}
a(TAX:"Severe acute respiratory syndrome coronavirus 2")	decreases	p(HGNC:IL1B)	{"annotations": {"Custom_Disease": {"COVID-19": true}, "PublicationStatus": {"Preprint": true}, "PublicationType": {"Editorial": true}, "Section": {"Abstract": true}, "Species": {"9606": true}}, "citation": {"authors": ["Caraffa A", "Conti P", "Frydas I", "Gallenga CE", "Kritas SK", "Ronconi G", "Ross R"], "date": "2020-03-14", "db": "PubMed", "db_id": "32171193", "db_name": "Journal of biological regulators and homeostatic agents", "first": "Conti P", "last": "Kritas SK", "volume": "34"}, "evidence": "The suppression of IL-1\u03b2 by IL-37 in inflammatory state induced by coronavirus-19 can have a new therapeutic effect previously unknown.", "line": 84, "relation": "decreases"}
a(TAX:"Severe acute respiratory syndrome coronavirus 2")	increases	p(HGNC:IL6)	{"annotations": {"Anatomy": {"lower respiratory tract": true, "upper respiratory tract": true}, "Custom_Disease": {"COVID-19": true}, "PublicationStatus": {"Preprint": true}, "PublicationType": {"Editorial": true}, "Section": {"Abstract": true}, "Species": {"9606": true}}, "citation": {"authors": ["Caraffa A", "Conti P", "Frydas I", "Gallenga CE", "Kritas SK", "Ronconi G", "Ross R"], "date": "2020-03-14", "db": "PubMed", "db_id": "32171193", "db_name": "Journal of biological regulators and homeostatic agents", "first": "Conti P", "last": "Kritas SK", "volume": "34"}, "evidence": "When COVI-19 infect the upper and lower respiratory tract it can cause mild or highly acute respiratory syndrome with consequent release of pro-inflammatory cytokines, including interleukin (IL)-1\u03b2 and IL-6.", "line": 55, "relation": "increases"}
a(TAX:"Severe acute respiratory syndrome coronavirus 2")	decreases	p(HGNC:IL37)	{"annotations": {"Custom_Disease": {"COVID-19": true}, "PublicationStatus": {"Preprint": true}, "PublicationType": {"Editorial": true}, "Section": {"Abstract": true}, "Species": {"9606": true}}, "citation": {"authors": ["Caraffa A", "Conti P", "Frydas I", "Gallenga CE", "Kritas SK", "Ronconi G", "Ross R"], "date": "2020-03-14", "db": "PubMed", "db_id": "32171193", "db_name": "Journal of biological regulators and homeostatic agents", "first": "Conti P", "last": "Kritas SK", "volume": "34"}, "evidence": "The suppression of IL-1\u03b2 by IL-37 in inflammatory state induced by coronavirus-19 can have a new therapeutic effect previously unknown.", "line": 85, "relation": "decreases"}
a(TAX:"Severe acute respiratory syndrome coronavirus 2")	increases	path(HP:inflammation)	{"annotations": {"Custom_Disease": {"COVID-19": true}, "PublicationStatus": {"Preprint": true}, "PublicationType": {"Editorial": true}, "Section": {"Abstract": true}, "Species": {"9606": true}}, "citation": {"authors": ["Caraffa A", "Conti P", "Frydas I", "Gallenga CE", "Kritas SK", "Ronconi G", "Ross R"], "date": "2020-03-14", "db": "PubMed", "db_id": "32171193", "db_name": "Journal of biological regulators and homeostatic agents", "first": "Conti P", "last": "Kritas SK", "volume": "34"}, "evidence": "IL-38 is a potential therapeutic cytokine which inhibits inflammation in viral infections including that caused by coronavirus-19, providing a new relevant strategy.", "line": 91, "relation": "increases"}
bp(GO:"TOR signaling")	association	act(p(HGNC:PRKAA1))	{"annotations": {"Custom_Disease": {"COVID-19": true}, "PublicationStatus": {"Preprint": true}, "PublicationType": {"Editorial": true}, "Section": {"Abstract": true}, "Species": {"9606": true}}, "citation": {"authors": ["Caraffa A", "Conti P", "Frydas I", "Gallenga CE", "Kritas SK", "Ronconi G", "Ross R"], "date": "2020-03-14", "db": "PubMed", "db_id": "32171193", "db_name": "Journal of biological regulators and homeostatic agents", "first": "Conti P", "last": "Kritas SK", "volume": "34"}, "evidence": "IL-37 performs its immunosuppressive activity by acting on mTOR and increasing the adenosine monophosphate (AMP) kinase.", "line": 73, "object": {"modifier": "Activity"}, "relation": "association"}
complex(GO:"inflammasome complex")	association	p(HGNC:CASP1)	{"annotations": {"Custom_Disease": {"COVID-19": true}, "PublicationStatus": {"Preprint": true}, "PublicationType": {"Editorial": true}, "Section": {"Abstract": true}, "Species": {"9606": true}}, "citation": {"authors": ["Caraffa A", "Conti P", "Frydas I", "Gallenga CE", "Kritas SK", "Ronconi G", "Ross R"], "date": "2020-03-14", "db": "PubMed", "db_id": "32171193", "db_name": "Journal of biological regulators and homeostatic agents", "first": "Conti P", "last": "Kritas SK", "volume": "34"}, "evidence": "The binding of COVI-19 to the Toll Like Receptor (TLR) causes the release of pro-IL-1\u03b2 which is cleaved by caspase-1, followed by inflammasome activation and production of active mature IL-1\u03b2 which is a mediator of lung inflammation, fever and fibrosis.", "line": 61, "relation": "association"}
complex(a(TAX:"Severe acute respiratory syndrome coronavirus 2"), g(GFAM:"Toll like receptors"))	increases	sec(p(HGNC:IL1B))	{"annotations": {"Custom_Disease": {"COVID-19": true}, "PublicationStatus": {"Preprint": true}, "PublicationType": {"Editorial": true}, "Section": {"Abstract": true}, "Species": {"9606": true}}, "citation": {"authors": ["Caraffa A", "Conti P", "Frydas I", "Gallenga CE", "Kritas SK", "Ronconi G", "Ross R"], "date": "2020-03-14", "db": "PubMed", "db_id": "32171193", "db_name": "Journal of biological regulators and homeostatic agents", "first": "Conti P", "last": "Kritas SK", "volume": "34"}, "evidence": "The binding of COVI-19 to the Toll Like Receptor (TLR) causes the release of pro-IL-1\u03b2 which is cleaved by caspase-1, followed by inflammasome activation and production of active mature IL-1\u03b2 which is a mediator of lung inflammation, fever and fibrosis.", "line": 59, "object": {"effect": {"fromLoc": {"name": "intracellular", "namespace": "bel"}, "toLoc": {"name": "extracellular space", "namespace": "bel"}}, "modifier": "Translocation"}, "relation": "increases"}
g(GFAM:"Toll like receptors")	partOf	complex(a(TAX:"Severe acute respiratory syndrome coronavirus 2"), g(GFAM:"Toll like receptors"))	{"relation": "partOf"}
complex(p(HGNC:IL18R1), p(HGNC:IL37))	decreases	path(HP:inflammation)	{"annotations": {"Custom_Disease": {"COVID-19": true}, "PublicationStatus": {"Preprint": true}, "PublicationType": {"Editorial": true}, "Section": {"Abstract": true}, "Species": {"9606": true}}, "citation": {"authors": ["Caraffa A", "Conti P", "Frydas I", "Gallenga CE", "Kritas SK", "Ronconi G", "Ross R"], "date": "2020-03-14", "db": "PubMed", "db_id": "32171193", "db_name": "Journal of biological regulators and homeostatic agents", "first": "Conti P", "last": "Kritas SK", "volume": "34"}, "evidence": "Cytokine IL-37 has the ability to suppress innate and acquired immune response and also has the capacity to inhibit inflammation by acting on IL-18R\u03b1 receptor.", "line": 69, "relation": "decreases"}
p(HGNC:IL18R1)	partOf	complex(p(HGNC:IL18R1), p(HGNC:IL37))	{"relation": "partOf"}
p(HGNC:IL37)	partOf	complex(p(HGNC:IL18R1), p(HGNC:IL37))	{"relation": "partOf"}
act(p(HGNC:IL37))	decreases	path(HP:"innate immune response")	{"annotations": {"Custom_Disease": {"COVID-19": true}, "PublicationStatus": {"Preprint": true}, "PublicationType": {"Editorial": true}, "Section": {"Abstract": true}, "Species": {"9606": true}}, "citation": {"authors": ["Caraffa A", "Conti P", "Frydas I", "Gallenga CE", "Kritas SK", "Ronconi G", "Ross R"], "date": "2020-03-14", "db": "PubMed", "db_id": "32171193", "db_name": "Journal of biological regulators and homeostatic agents", "first": "Conti P", "last": "Kritas SK", "volume": "34"}, "evidence": "Cytokine IL-37 has the ability to suppress innate and acquired immune response and also has the capacity to inhibit inflammation by acting on IL-18R\u03b1 receptor.", "line": 67, "relation": "decreases", "subject": {"modifier": "Activity"}}
act(p(HGNC:IL37))	decreases	path(HP:"adaptive immune response")	{"annotations": {"Custom_Disease": {"COVID-19": true}, "PublicationStatus": {"Preprint": true}, "PublicationType": {"Editorial": true}, "Section": {"Abstract": true}, "Species": {"9606": true}}, "citation": {"authors": ["Caraffa A", "Conti P", "Frydas I", "Gallenga CE", "Kritas SK", "Ronconi G", "Ross R"], "date": "2020-03-14", "db": "PubMed", "db_id": "32171193", "db_name": "Journal of biological regulators and homeostatic agents", "first": "Conti P", "last": "Kritas SK", "volume": "34"}, "evidence": "Cytokine IL-37 has the ability to suppress innate and acquired immune response and also has the capacity to inhibit inflammation by acting on IL-18R\u03b1 receptor.", "line": 68, "relation": "decreases", "subject": {"modifier": "Activity"}}
act(p(HGNC:IL37))	increases	act(p(HGNC:PRKAA1))	{"annotations": {"Custom_Disease": {"COVID-19": true}, "PublicationStatus": {"Preprint": true}, "PublicationType": {"Editorial": true}, "Section": {"Abstract": true}, "Species": {"9606": true}}, "citation": {"authors": ["Caraffa A", "Conti P", "Frydas I", "Gallenga CE", "Kritas SK", "Ronconi G", "Ross R"], "date": "2020-03-14", "db": "PubMed", "db_id": "32171193", "db_name": "Journal of biological regulators and homeostatic agents", "first": "Conti P", "last": "Kritas SK", "volume": "34"}, "evidence": "IL-37 performs its immunosuppressive activity by acting on mTOR and increasing the adenosine monophosphate (AMP) kinase.", "line": 72, "object": {"modifier": "Activity"}, "relation": "increases", "subject": {"modifier": "Activity"}}
act(p(HGNC:IL37))	decreases	a(MESH:"Histocompatibility Antigens Class II")	{"annotations": {"Custom_Disease": {"COVID-19": true}, "PublicationStatus": {"Preprint": true}, "PublicationType": {"Editorial": true}, "Section": {"Abstract": true}, "Species": {"9606": true}}, "citation": {"authors": ["Caraffa A", "Conti P", "Frydas I", "Gallenga CE", "Kritas SK", "Ronconi G", "Ross R"], "date": "2020-03-14", "db": "PubMed", "db_id": "32171193", "db_name": "Journal of biological regulators and homeostatic agents", "first": "Conti P", "last": "Kritas SK", "volume": "34"}, "evidence": "This cytokine inhibits class II histocompatibility complex (MHC) molecules and inflammation in inflammatory diseases by suppressing MyD88 and subsequently IL-1\u03b2, IL-6, TNF and CCL2.", "line": 76, "relation": "decreases", "subject": {"modifier": "Activity"}}
act(p(HGNC:IL37))	decreases	p(HGNC:MYD88)	{"annotations": {"Custom_Disease": {"COVID-19": true}, "PublicationStatus": {"Preprint": true}, "PublicationType": {"Editorial": true}, "Section": {"Abstract": true}, "Species": {"9606": true}}, "citation": {"authors": ["Caraffa A", "Conti P", "Frydas I", "Gallenga CE", "Kritas SK", "Ronconi G", "Ross R"], "date": "2020-03-14", "db": "PubMed", "db_id": "32171193", "db_name": "Journal of biological regulators and homeostatic agents", "first": "Conti P", "last": "Kritas SK", "volume": "34"}, "evidence": "This cytokine inhibits class II histocompatibility complex (MHC) molecules and inflammation in inflammatory diseases by suppressing MyD88 and subsequently IL-1\u03b2, IL-6, TNF and CCL2.", "line": 77, "relation": "decreases", "subject": {"modifier": "Activity"}}
act(p(HGNC:IL37))	decreases	p(HGNC:IL1B)	{"annotations": {"Custom_Disease": {"COVID-19": true}, "PublicationStatus": {"Preprint": true}, "PublicationType": {"Editorial": true}, "Section": {"Abstract": true}, "Species": {"9606": true}}, "citation": {"authors": ["Caraffa A", "Conti P", "Frydas I", "Gallenga CE", "Kritas SK", "Ronconi G", "Ross R"], "date": "2020-03-14", "db": "PubMed", "db_id": "32171193", "db_name": "Journal of biological regulators and homeostatic agents", "first": "Conti P", "last": "Kritas SK", "volume": "34"}, "evidence": "This cytokine inhibits class II histocompatibility complex (MHC) molecules and inflammation in inflammatory diseases by suppressing MyD88 and subsequently IL-1\u03b2, IL-6, TNF and CCL2.", "line": 78, "relation": "decreases", "subject": {"modifier": "Activity"}}
act(p(HGNC:IL37))	decreases	p(HGNC:IL6)	{"annotations": {"Custom_Disease": {"COVID-19": true}, "PublicationStatus": {"Preprint": true}, "PublicationType": {"Editorial": true}, "Section": {"Abstract": true}, "Species": {"9606": true}}, "citation": {"authors": ["Caraffa A", "Conti P", "Frydas I", "Gallenga CE", "Kritas SK", "Ronconi G", "Ross R"], "date": "2020-03-14", "db": "PubMed", "db_id": "32171193", "db_name": "Journal of biological regulators and homeostatic agents", "first": "Conti P", "last": "Kritas SK", "volume": "34"}, "evidence": "This cytokine inhibits class II histocompatibility complex (MHC) molecules and inflammation in inflammatory diseases by suppressing MyD88 and subsequently IL-1\u03b2, IL-6, TNF and CCL2.", "line": 79, "relation": "decreases", "subject": {"modifier": "Activity"}}
act(p(HGNC:IL37))	decreases	p(HGNC:TNF)	{"annotations": {"Custom_Disease": {"COVID-19": true}, "PublicationStatus": {"Preprint": true}, "PublicationType": {"Editorial": true}, "Section": {"Abstract": true}, "Species": {"9606": true}}, "citation": {"authors": ["Caraffa A", "Conti P", "Frydas I", "Gallenga CE", "Kritas SK", "Ronconi G", "Ross R"], "date": "2020-03-14", "db": "PubMed", "db_id": "32171193", "db_name": "Journal of biological regulators and homeostatic agents", "first": "Conti P", "last": "Kritas SK", "volume": "34"}, "evidence": "This cytokine inhibits class II histocompatibility complex (MHC) molecules and inflammation in inflammatory diseases by suppressing MyD88 and subsequently IL-1\u03b2, IL-6, TNF and CCL2.", "line": 80, "relation": "decreases", "subject": {"modifier": "Activity"}}
act(p(HGNC:IL37))	decreases	p(HGNC:CCL2)	{"annotations": {"Custom_Disease": {"COVID-19": true}, "PublicationStatus": {"Preprint": true}, "PublicationType": {"Editorial": true}, "Section": {"Abstract": true}, "Species": {"9606": true}}, "citation": {"authors": ["Caraffa A", "Conti P", "Frydas I", "Gallenga CE", "Kritas SK", "Ronconi G", "Ross R"], "date": "2020-03-14", "db": "PubMed", "db_id": "32171193", "db_name": "Journal of biological regulators and homeostatic agents", "first": "Conti P", "last": "Kritas SK", "volume": "34"}, "evidence": "This cytokine inhibits class II histocompatibility complex (MHC) molecules and inflammation in inflammatory diseases by suppressing MyD88 and subsequently IL-1\u03b2, IL-6, TNF and CCL2.", "line": 81, "relation": "decreases", "subject": {"modifier": "Activity"}}
act(p(HGNC:CASP1))	increases	act(p(HGNC:IL1B))	{"annotations": {"Custom_Disease": {"COVID-19": true}, "PublicationStatus": {"Preprint": true}, "PublicationType": {"Editorial": true}, "Section": {"Abstract": true}, "Species": {"9606": true}}, "citation": {"authors": ["Caraffa A", "Conti P", "Frydas I", "Gallenga CE", "Kritas SK", "Ronconi G", "Ross R"], "date": "2020-03-14", "db": "PubMed", "db_id": "32171193", "db_name": "Journal of biological regulators and homeostatic agents", "first": "Conti P", "last": "Kritas SK", "volume": "34"}, "evidence": "The binding of COVI-19 to the Toll Like Receptor (TLR) causes the release of pro-IL-1\u03b2 which is cleaved by caspase-1, followed by inflammasome activation and production of active mature IL-1\u03b2 which is a mediator of lung inflammation, fever and fibrosis.", "line": 60, "object": {"modifier": "Activity"}, "relation": "increases", "subject": {"modifier": "Activity"}}
p(HGNC:CASP1)	association	complex(GO:"inflammasome complex")	{"annotations": {"Custom_Disease": {"COVID-19": true}, "PublicationStatus": {"Preprint": true}, "PublicationType": {"Editorial": true}, "Section": {"Abstract": true}, "Species": {"9606": true}}, "citation": {"authors": ["Caraffa A", "Conti P", "Frydas I", "Gallenga CE", "Kritas SK", "Ronconi G", "Ross R"], "date": "2020-03-14", "db": "PubMed", "db_id": "32171193", "db_name": "Journal of biological regulators and homeostatic agents", "first": "Conti P", "last": "Kritas SK", "volume": "34"}, "evidence": "The binding of COVI-19 to the Toll Like Receptor (TLR) causes the release of pro-IL-1\u03b2 which is cleaved by caspase-1, followed by inflammasome activation and production of active mature IL-1\u03b2 which is a mediator of lung inflammation, fever and fibrosis.", "line": 61, "relation": "association"}
act(p(HGNC:IL1B))	increases	path(DO:pneumonia)	{"annotations": {"Custom_Disease": {"COVID-19": true}, "PublicationStatus": {"Preprint": true}, "PublicationType": {"Editorial": true}, "Section": {"Abstract": true}, "Species": {"9606": true}}, "citation": {"authors": ["Caraffa A", "Conti P", "Frydas I", "Gallenga CE", "Kritas SK", "Ronconi G", "Ross R"], "date": "2020-03-14", "db": "PubMed", "db_id": "32171193", "db_name": "Journal of biological regulators and homeostatic agents", "first": "Conti P", "last": "Kritas SK", "volume": "34"}, "evidence": "The binding of COVI-19 to the Toll Like Receptor (TLR) causes the release of pro-IL-1\u03b2 which is cleaved by caspase-1, followed by inflammasome activation and production of active mature IL-1\u03b2 which is a mediator of lung inflammation, fever and fibrosis.", "line": 62, "relation": "increases", "subject": {"modifier": "Activity"}}
act(p(HGNC:IL1B))	increases	path(HP:Fever)	{"annotations": {"Custom_Disease": {"COVID-19": true}, "PublicationStatus": {"Preprint": true}, "PublicationType": {"Editorial": true}, "Section": {"Abstract": true}, "Species": {"9606": true}}, "citation": {"authors": ["Caraffa A", "Conti P", "Frydas I", "Gallenga CE", "Kritas SK", "Ronconi G", "Ross R"], "date": "2020-03-14", "db": "PubMed", "db_id": "32171193", "db_name": "Journal of biological regulators and homeostatic agents", "first": "Conti P", "last": "Kritas SK", "volume": "34"}, "evidence": "The binding of COVI-19 to the Toll Like Receptor (TLR) causes the release of pro-IL-1\u03b2 which is cleaved by caspase-1, followed by inflammasome activation and production of active mature IL-1\u03b2 which is a mediator of lung inflammation, fever and fibrosis.", "line": 63, "relation": "increases", "subject": {"modifier": "Activity"}}
act(p(HGNC:IL1B))	increases	path(DO:"pulmonary fibrosis")	{"annotations": {"Custom_Disease": {"COVID-19": true}, "PublicationStatus": {"Preprint": true}, "PublicationType": {"Editorial": true}, "Section": {"Abstract": true}, "Species": {"9606": true}}, "citation": {"authors": ["Caraffa A", "Conti P", "Frydas I", "Gallenga CE", "Kritas SK", "Ronconi G", "Ross R"], "date": "2020-03-14", "db": "PubMed", "db_id": "32171193", "db_name": "Journal of biological regulators and homeostatic agents", "first": "Conti P", "last": "Kritas SK", "volume": "34"}, "evidence": "The binding of COVI-19 to the Toll Like Receptor (TLR) causes the release of pro-IL-1\u03b2 which is cleaved by caspase-1, followed by inflammasome activation and production of active mature IL-1\u03b2 which is a mediator of lung inflammation, fever and fibrosis.", "line": 64, "relation": "increases", "subject": {"modifier": "Activity"}}
act(p(HGNC:IL1F10))	decreases	p(HGNC:IL1B)	{"annotations": {"Custom_Disease": {"COVID-19": true}, "PublicationStatus": {"Preprint": true}, "PublicationType": {"Editorial": true}, "Section": {"Abstract": true}, "Species": {"9606": true}}, "citation": {"authors": ["Caraffa A", "Conti P", "Frydas I", "Gallenga CE", "Kritas SK", "Ronconi G", "Ross R"], "date": "2020-03-14", "db": "PubMed", "db_id": "32171193", "db_name": "Journal of biological regulators and homeostatic agents", "first": "Conti P", "last": "Kritas SK", "volume": "34"}, "evidence": "IL-38 is also a suppressor cytokine which inhibits IL-1\u03b2 and other pro-inflammatory IL-family members.", "line": 88, "relation": "decreases", "subject": {"modifier": "Activity"}}
act(p(HGNC:IL1F10))	decreases	path(HP:inflammation)	{"annotations": {"Custom_Disease": {"COVID-19": true}, "PublicationStatus": {"Preprint": true}, "PublicationType": {"Editorial": true}, "Section": {"Abstract": true}, "Species": {"9606": true}}, "citation": {"authors": ["Caraffa A", "Conti P", "Frydas I", "Gallenga CE", "Kritas SK", "Ronconi G", "Ross R"], "date": "2020-03-14", "db": "PubMed", "db_id": "32171193", "db_name": "Journal of biological regulators and homeostatic agents", "first": "Conti P", "last": "Kritas SK", "volume": "34"}, "evidence": "IL-38 is a potential therapeutic cytokine which inhibits inflammation in viral infections including that caused by coronavirus-19, providing a new relevant strategy.", "line": 92, "relation": "decreases", "subject": {"modifier": "Activity"}}
act(p(HGNC:PRKAA1))	association	bp(GO:"TOR signaling")	{"annotations": {"Custom_Disease": {"COVID-19": true}, "PublicationStatus": {"Preprint": true}, "PublicationType": {"Editorial": true}, "Section": {"Abstract": true}, "Species": {"9606": true}}, "citation": {"authors": ["Caraffa A", "Conti P", "Frydas I", "Gallenga CE", "Kritas SK", "Ronconi G", "Ross R"], "date": "2020-03-14", "db": "PubMed", "db_id": "32171193", "db_name": "Journal of biological regulators and homeostatic agents", "first": "Conti P", "last": "Kritas SK", "volume": "34"}, "evidence": "IL-37 performs its immunosuppressive activity by acting on mTOR and increasing the adenosine monophosphate (AMP) kinase.", "line": 73, "relation": "association", "subject": {"modifier": "Activity"}}
