a(CHEBI:corticosteroid)	association	path(MESH:Death)	{"citation": {"authors": ["Li Q", "Wang Z", "Wen L", "Yang B", "Zhang R"], "date": "2020-03-16", "db": "PubMed", "db_id": "32176772", "db_name": "Clinical infectious diseases : an official publication of the Infectious Diseases Society of America", "first": "Wang Z", "last": "Zhang R"}, "evidence": "It appears that Arbidol treatment could improve the discharging rate and decrease the mortality rate (Table 5).The  efficiency  of antifungal  agent  and corticosteroids were  also  analyzed  in Supplementary Table 1 and Table 2. Antifungal agent did not show influence on the outcome of COVID-19 patients. And use of corticosteroids were associated with a higher risk of death.", "line": 106, "relation": "association"}
a(CHEBI:umifenovir)	negativeCorrelation	path(DO:"COVID-19")	{"citation": {"authors": ["Li Q", "Wang Z", "Wen L", "Yang B", "Zhang R"], "date": "2020-03-16", "db": "PubMed", "db_id": "32176772", "db_name": "Clinical infectious diseases : an official publication of the Infectious Diseases Society of America", "first": "Wang Z", "last": "Zhang R"}, "evidence": "It appears that Arbidol treatment could improve the discharging rate and decrease the mortality rate (Table 5).The  efficiency  of antifungal  agent  and corticosteroids were  also  analyzed  in Supplementary Table 1 and Table 2. Antifungal agent did not show influence on the outcome of COVID-19 patients. And use of corticosteroids were associated with a higher risk of death.", "line": 104, "relation": "negativeCorrelation"}
a(CHEBI:umifenovir)	decreases	path(MESH:Mortality)	{"citation": {"authors": ["Li Q", "Wang Z", "Wen L", "Yang B", "Zhang R"], "date": "2020-03-16", "db": "PubMed", "db_id": "32176772", "db_name": "Clinical infectious diseases : an official publication of the Infectious Diseases Society of America", "first": "Wang Z", "last": "Zhang R"}, "evidence": "It appears that Arbidol treatment could improve the discharging rate and decrease the mortality rate (Table 5).The  efficiency  of antifungal  agent  and corticosteroids were  also  analyzed  in Supplementary Table 1 and Table 2. Antifungal agent did not show influence on the outcome of COVID-19 patients. And use of corticosteroids were associated with a higher risk of death.", "line": 105, "relation": "decreases"}
a(MESH:"Blood Sedimentation")	positiveCorrelation	path(DO:"COVID-19")	{"citation": {"authors": ["Li Q", "Wang Z", "Wen L", "Yang B", "Zhang R"], "date": "2020-03-16", "db": "PubMed", "db_id": "32176772", "db_name": "Clinical infectious diseases : an official publication of the Infectious Diseases Society of America", "first": "Wang Z", "last": "Zhang R"}, "evidence": "In terms of inflammation indicators, patients on  admission showed increase in lactate dehydrogenase (25 [41%] of 61 patients), c reactive protein (42 [67%] of 63 patients), and erythrocyte sedimentation rate (30 [52%] of 58 patients), but not procalcitonin. ", "line": 99, "relation": "positiveCorrelation"}
a(MESH:"Blood Sedimentation")	association	bp(GOBP:"inflammatory response")	{"citation": {"authors": ["Li Q", "Wang Z", "Wen L", "Yang B", "Zhang R"], "date": "2020-03-16", "db": "PubMed", "db_id": "32176772", "db_name": "Clinical infectious diseases : an official publication of the Infectious Diseases Society of America", "first": "Wang Z", "last": "Zhang R"}, "evidence": "In terms of inflammation indicators, patients on  admission showed increase in lactate dehydrogenase (25 [41%] of 61 patients), c reactive protein (42 [67%] of 63 patients), and erythrocyte sedimentation rate (30 [52%] of 58 patients), but not procalcitonin. ", "line": 100, "relation": "association"}
a(MESH:Eosinophils)	negativeCorrelation	path(DO:"COVID-19")	{"citation": {"authors": ["Li Q", "Wang Z", "Wen L", "Yang B", "Zhang R"], "date": "2020-03-16", "db": "PubMed", "db_id": "32176772", "db_name": "Clinical infectious diseases : an official publication of the Infectious Diseases Society of America", "first": "Wang Z", "last": "Zhang R"}, "evidence": "The  blood  counts  of  patients  on  admission  showed  decrease  in neutrophils (26  [39%]  of  67 patients), lymphocytes (28 [42%] of 67 patients), and eosinophils (48 [72%] of 67 patients), among which, the number of eosinophils in 31 patients was zero.", "line": 87, "relation": "negativeCorrelation"}
a(MESH:Lymphocytes)	negativeCorrelation	path(DO:"COVID-19")	{"citation": {"authors": ["Li Q", "Wang Z", "Wen L", "Yang B", "Zhang R"], "date": "2020-03-16", "db": "PubMed", "db_id": "32176772", "db_name": "Clinical infectious diseases : an official publication of the Infectious Diseases Society of America", "first": "Wang Z", "last": "Zhang R"}, "evidence": "The  blood  counts  of  patients  on  admission  showed  decrease  in neutrophils (26  [39%]  of  67 patients), lymphocytes (28 [42%] of 67 patients), and eosinophils (48 [72%] of 67 patients), among which, the number of eosinophils in 31 patients was zero.", "line": 86, "relation": "negativeCorrelation"}
a(MESH:Neutrophils)	negativeCorrelation	path(DO:"COVID-19")	{"citation": {"authors": ["Li Q", "Wang Z", "Wen L", "Yang B", "Zhang R"], "date": "2020-03-16", "db": "PubMed", "db_id": "32176772", "db_name": "Clinical infectious diseases : an official publication of the Infectious Diseases Society of America", "first": "Wang Z", "last": "Zhang R"}, "evidence": "The  blood  counts  of  patients  on  admission  showed  decrease  in neutrophils (26  [39%]  of  67 patients), lymphocytes (28 [42%] of 67 patients), and eosinophils (48 [72%] of 67 patients), among which, the number of eosinophils in 31 patients was zero.", "line": 85, "relation": "negativeCorrelation"}
bp(GOBP:"inflammatory response")	association	p(MESH:"L-Lactate Dehydrogenase")	{"citation": {"authors": ["Li Q", "Wang Z", "Wen L", "Yang B", "Zhang R"], "date": "2020-03-16", "db": "PubMed", "db_id": "32176772", "db_name": "Clinical infectious diseases : an official publication of the Infectious Diseases Society of America", "first": "Wang Z", "last": "Zhang R"}, "evidence": "In terms of inflammation indicators, patients on  admission showed increase in lactate dehydrogenase (25 [41%] of 61 patients), c reactive protein (42 [67%] of 63 patients), and erythrocyte sedimentation rate (30 [52%] of 58 patients), but not procalcitonin. ", "line": 96, "relation": "association"}
bp(GOBP:"inflammatory response")	association	p(HGNC:CRP)	{"citation": {"authors": ["Li Q", "Wang Z", "Wen L", "Yang B", "Zhang R"], "date": "2020-03-16", "db": "PubMed", "db_id": "32176772", "db_name": "Clinical infectious diseases : an official publication of the Infectious Diseases Society of America", "first": "Wang Z", "last": "Zhang R"}, "evidence": "In terms of inflammation indicators, patients on  admission showed increase in lactate dehydrogenase (25 [41%] of 61 patients), c reactive protein (42 [67%] of 63 patients), and erythrocyte sedimentation rate (30 [52%] of 58 patients), but not procalcitonin. ", "line": 98, "relation": "association"}
bp(GOBP:"inflammatory response")	association	a(MESH:"Blood Sedimentation")	{"citation": {"authors": ["Li Q", "Wang Z", "Wen L", "Yang B", "Zhang R"], "date": "2020-03-16", "db": "PubMed", "db_id": "32176772", "db_name": "Clinical infectious diseases : an official publication of the Infectious Diseases Society of America", "first": "Wang Z", "last": "Zhang R"}, "evidence": "In terms of inflammation indicators, patients on  admission showed increase in lactate dehydrogenase (25 [41%] of 61 patients), c reactive protein (42 [67%] of 63 patients), and erythrocyte sedimentation rate (30 [52%] of 58 patients), but not procalcitonin. ", "line": 100, "relation": "association"}
p(ECCODE:"2.6.1.1")	positiveCorrelation	path(DO:"COVID-19")	{"citation": {"authors": ["Li Q", "Wang Z", "Wen L", "Yang B", "Zhang R"], "date": "2020-03-16", "db": "PubMed", "db_id": "32176772", "db_name": "Clinical infectious diseases : an official publication of the Infectious Diseases Society of America", "first": "Wang Z", "last": "Zhang R"}, "evidence": "The enrolled patients showed increase in alanine aminotransferase (23 [33%] of 69 patients) and aspartate aminotransferase (19 [28%] of 69 patients), most of which count less than 100 U/L.", "line": 92, "relation": "positiveCorrelation"}
p(ECCODE:"2.6.1.2")	positiveCorrelation	path(DO:"COVID-19")	{"citation": {"authors": ["Li Q", "Wang Z", "Wen L", "Yang B", "Zhang R"], "date": "2020-03-16", "db": "PubMed", "db_id": "32176772", "db_name": "Clinical infectious diseases : an official publication of the Infectious Diseases Society of America", "first": "Wang Z", "last": "Zhang R"}, "evidence": "The enrolled patients showed increase in alanine aminotransferase (23 [33%] of 69 patients) and aspartate aminotransferase (19 [28%] of 69 patients), most of which count less than 100 U/L.", "line": 91, "relation": "positiveCorrelation"}
p(HGNC:CRP)	positiveCorrelation	path(DO:"COVID-19")	{"citation": {"authors": ["Li Q", "Wang Z", "Wen L", "Yang B", "Zhang R"], "date": "2020-03-16", "db": "PubMed", "db_id": "32176772", "db_name": "Clinical infectious diseases : an official publication of the Infectious Diseases Society of America", "first": "Wang Z", "last": "Zhang R"}, "evidence": "In terms of inflammation indicators, patients on  admission showed increase in lactate dehydrogenase (25 [41%] of 61 patients), c reactive protein (42 [67%] of 63 patients), and erythrocyte sedimentation rate (30 [52%] of 58 patients), but not procalcitonin. ", "line": 97, "relation": "positiveCorrelation"}
p(HGNC:CRP)	association	bp(GOBP:"inflammatory response")	{"citation": {"authors": ["Li Q", "Wang Z", "Wen L", "Yang B", "Zhang R"], "date": "2020-03-16", "db": "PubMed", "db_id": "32176772", "db_name": "Clinical infectious diseases : an official publication of the Infectious Diseases Society of America", "first": "Wang Z", "last": "Zhang R"}, "evidence": "In terms of inflammation indicators, patients on  admission showed increase in lactate dehydrogenase (25 [41%] of 61 patients), c reactive protein (42 [67%] of 63 patients), and erythrocyte sedimentation rate (30 [52%] of 58 patients), but not procalcitonin. ", "line": 98, "relation": "association"}
p(MESH:"L-Lactate Dehydrogenase")	positiveCorrelation	path(DO:"COVID-19")	{"citation": {"authors": ["Li Q", "Wang Z", "Wen L", "Yang B", "Zhang R"], "date": "2020-03-16", "db": "PubMed", "db_id": "32176772", "db_name": "Clinical infectious diseases : an official publication of the Infectious Diseases Society of America", "first": "Wang Z", "last": "Zhang R"}, "evidence": "In terms of inflammation indicators, patients on  admission showed increase in lactate dehydrogenase (25 [41%] of 61 patients), c reactive protein (42 [67%] of 63 patients), and erythrocyte sedimentation rate (30 [52%] of 58 patients), but not procalcitonin. ", "line": 95, "relation": "positiveCorrelation"}
p(MESH:"L-Lactate Dehydrogenase")	association	bp(GOBP:"inflammatory response")	{"citation": {"authors": ["Li Q", "Wang Z", "Wen L", "Yang B", "Zhang R"], "date": "2020-03-16", "db": "PubMed", "db_id": "32176772", "db_name": "Clinical infectious diseases : an official publication of the Infectious Diseases Society of America", "first": "Wang Z", "last": "Zhang R"}, "evidence": "In terms of inflammation indicators, patients on  admission showed increase in lactate dehydrogenase (25 [41%] of 61 patients), c reactive protein (42 [67%] of 63 patients), and erythrocyte sedimentation rate (30 [52%] of 58 patients), but not procalcitonin. ", "line": 96, "relation": "association"}
path(DO:"COVID-19")	negativeCorrelation	a(MESH:Neutrophils)	{"citation": {"authors": ["Li Q", "Wang Z", "Wen L", "Yang B", "Zhang R"], "date": "2020-03-16", "db": "PubMed", "db_id": "32176772", "db_name": "Clinical infectious diseases : an official publication of the Infectious Diseases Society of America", "first": "Wang Z", "last": "Zhang R"}, "evidence": "The  blood  counts  of  patients  on  admission  showed  decrease  in neutrophils (26  [39%]  of  67 patients), lymphocytes (28 [42%] of 67 patients), and eosinophils (48 [72%] of 67 patients), among which, the number of eosinophils in 31 patients was zero.", "line": 85, "relation": "negativeCorrelation"}
path(DO:"COVID-19")	negativeCorrelation	a(MESH:Lymphocytes)	{"citation": {"authors": ["Li Q", "Wang Z", "Wen L", "Yang B", "Zhang R"], "date": "2020-03-16", "db": "PubMed", "db_id": "32176772", "db_name": "Clinical infectious diseases : an official publication of the Infectious Diseases Society of America", "first": "Wang Z", "last": "Zhang R"}, "evidence": "The  blood  counts  of  patients  on  admission  showed  decrease  in neutrophils (26  [39%]  of  67 patients), lymphocytes (28 [42%] of 67 patients), and eosinophils (48 [72%] of 67 patients), among which, the number of eosinophils in 31 patients was zero.", "line": 86, "relation": "negativeCorrelation"}
path(DO:"COVID-19")	negativeCorrelation	a(MESH:Eosinophils)	{"citation": {"authors": ["Li Q", "Wang Z", "Wen L", "Yang B", "Zhang R"], "date": "2020-03-16", "db": "PubMed", "db_id": "32176772", "db_name": "Clinical infectious diseases : an official publication of the Infectious Diseases Society of America", "first": "Wang Z", "last": "Zhang R"}, "evidence": "The  blood  counts  of  patients  on  admission  showed  decrease  in neutrophils (26  [39%]  of  67 patients), lymphocytes (28 [42%] of 67 patients), and eosinophils (48 [72%] of 67 patients), among which, the number of eosinophils in 31 patients was zero.", "line": 87, "relation": "negativeCorrelation"}
path(DO:"COVID-19")	positiveCorrelation	p(ECCODE:"2.6.1.2")	{"citation": {"authors": ["Li Q", "Wang Z", "Wen L", "Yang B", "Zhang R"], "date": "2020-03-16", "db": "PubMed", "db_id": "32176772", "db_name": "Clinical infectious diseases : an official publication of the Infectious Diseases Society of America", "first": "Wang Z", "last": "Zhang R"}, "evidence": "The enrolled patients showed increase in alanine aminotransferase (23 [33%] of 69 patients) and aspartate aminotransferase (19 [28%] of 69 patients), most of which count less than 100 U/L.", "line": 91, "relation": "positiveCorrelation"}
path(DO:"COVID-19")	positiveCorrelation	p(ECCODE:"2.6.1.1")	{"citation": {"authors": ["Li Q", "Wang Z", "Wen L", "Yang B", "Zhang R"], "date": "2020-03-16", "db": "PubMed", "db_id": "32176772", "db_name": "Clinical infectious diseases : an official publication of the Infectious Diseases Society of America", "first": "Wang Z", "last": "Zhang R"}, "evidence": "The enrolled patients showed increase in alanine aminotransferase (23 [33%] of 69 patients) and aspartate aminotransferase (19 [28%] of 69 patients), most of which count less than 100 U/L.", "line": 92, "relation": "positiveCorrelation"}
path(DO:"COVID-19")	positiveCorrelation	p(MESH:"L-Lactate Dehydrogenase")	{"citation": {"authors": ["Li Q", "Wang Z", "Wen L", "Yang B", "Zhang R"], "date": "2020-03-16", "db": "PubMed", "db_id": "32176772", "db_name": "Clinical infectious diseases : an official publication of the Infectious Diseases Society of America", "first": "Wang Z", "last": "Zhang R"}, "evidence": "In terms of inflammation indicators, patients on  admission showed increase in lactate dehydrogenase (25 [41%] of 61 patients), c reactive protein (42 [67%] of 63 patients), and erythrocyte sedimentation rate (30 [52%] of 58 patients), but not procalcitonin. ", "line": 95, "relation": "positiveCorrelation"}
path(DO:"COVID-19")	positiveCorrelation	p(HGNC:CRP)	{"citation": {"authors": ["Li Q", "Wang Z", "Wen L", "Yang B", "Zhang R"], "date": "2020-03-16", "db": "PubMed", "db_id": "32176772", "db_name": "Clinical infectious diseases : an official publication of the Infectious Diseases Society of America", "first": "Wang Z", "last": "Zhang R"}, "evidence": "In terms of inflammation indicators, patients on  admission showed increase in lactate dehydrogenase (25 [41%] of 61 patients), c reactive protein (42 [67%] of 63 patients), and erythrocyte sedimentation rate (30 [52%] of 58 patients), but not procalcitonin. ", "line": 97, "relation": "positiveCorrelation"}
path(DO:"COVID-19")	positiveCorrelation	a(MESH:"Blood Sedimentation")	{"citation": {"authors": ["Li Q", "Wang Z", "Wen L", "Yang B", "Zhang R"], "date": "2020-03-16", "db": "PubMed", "db_id": "32176772", "db_name": "Clinical infectious diseases : an official publication of the Infectious Diseases Society of America", "first": "Wang Z", "last": "Zhang R"}, "evidence": "In terms of inflammation indicators, patients on  admission showed increase in lactate dehydrogenase (25 [41%] of 61 patients), c reactive protein (42 [67%] of 63 patients), and erythrocyte sedimentation rate (30 [52%] of 58 patients), but not procalcitonin. ", "line": 99, "relation": "positiveCorrelation"}
path(DO:"COVID-19")	negativeCorrelation	a(CHEBI:umifenovir)	{"citation": {"authors": ["Li Q", "Wang Z", "Wen L", "Yang B", "Zhang R"], "date": "2020-03-16", "db": "PubMed", "db_id": "32176772", "db_name": "Clinical infectious diseases : an official publication of the Infectious Diseases Society of America", "first": "Wang Z", "last": "Zhang R"}, "evidence": "It appears that Arbidol treatment could improve the discharging rate and decrease the mortality rate (Table 5).The  efficiency  of antifungal  agent  and corticosteroids were  also  analyzed  in Supplementary Table 1 and Table 2. Antifungal agent did not show influence on the outcome of COVID-19 patients. And use of corticosteroids were associated with a higher risk of death.", "line": 104, "relation": "negativeCorrelation"}
path(MESH:Death)	association	a(CHEBI:corticosteroid)	{"citation": {"authors": ["Li Q", "Wang Z", "Wen L", "Yang B", "Zhang R"], "date": "2020-03-16", "db": "PubMed", "db_id": "32176772", "db_name": "Clinical infectious diseases : an official publication of the Infectious Diseases Society of America", "first": "Wang Z", "last": "Zhang R"}, "evidence": "It appears that Arbidol treatment could improve the discharging rate and decrease the mortality rate (Table 5).The  efficiency  of antifungal  agent  and corticosteroids were  also  analyzed  in Supplementary Table 1 and Table 2. Antifungal agent did not show influence on the outcome of COVID-19 patients. And use of corticosteroids were associated with a higher risk of death.", "line": 106, "relation": "association"}
