a(MESH:"Age of Onset")	positiveCorrelation	path(DO:"COVID-19")	{"annotations": {"Custom_Disease": {"COVID-19": true}, "PublicationStatus": {"Published": true}, "PublicationType": {"Letter to Editor": true}, "Section": {"Full Text": true}, "Severity": {"Severe": true}, "Species": {"9606": true}}, "citation": {"authors": ["Huang M", "Qiu H", "Sun Q", "Yang Y"], "date": "2020-03-18", "db": "PubMed", "db_id": "32189136", "db_name": "Annals of intensive care", "first": "Sun Q", "last": "Yang Y", "pages": "33", "volume": "10"}, "evidence": "From our data of more than 600 NCP patients in Jiangsu Province, age, lymphocyte count, oxygen supplementation and aggressive pulmonary radiographic infiltrations are independent risk factors for NCP progressing to a critical condition.", "line": 91, "relation": "positiveCorrelation"}
a(MESH:Lymphocytes)	negativeCorrelation	path(DO:"COVID-19")	{"annotations": {"Custom_Disease": {"COVID-19": true}, "PublicationStatus": {"Published": true}, "PublicationType": {"Letter to Editor": true}, "Section": {"Full Text": true}, "Severity": {"Severe": true}, "Species": {"9606": true}}, "citation": {"authors": ["Huang M", "Qiu H", "Sun Q", "Yang Y"], "date": "2020-03-18", "db": "PubMed", "db_id": "32189136", "db_name": "Annals of intensive care", "first": "Sun Q", "last": "Yang Y", "pages": "33", "volume": "10"}, "evidence": "From our data of more than 600 NCP patients in Jiangsu Province, age, lymphocyte count, oxygen supplementation and aggressive pulmonary radiographic infiltrations are independent risk factors for NCP progressing to a critical condition.", "line": 92, "relation": "negativeCorrelation"}
bp(EFO:"oxygen saturation measurement")	negativeCorrelation	path(DO:"COVID-19")	{"annotations": {"Custom_Disease": {"COVID-19": true}, "PublicationStatus": {"Published": true}, "PublicationType": {"Letter to Editor": true}, "Section": {"Full Text": true}, "Severity": {"Severe": true}, "Species": {"9606": true}}, "citation": {"authors": ["Huang M", "Qiu H", "Sun Q", "Yang Y"], "date": "2020-03-18", "db": "PubMed", "db_id": "32189136", "db_name": "Annals of intensive care", "first": "Sun Q", "last": "Yang Y", "pages": "33", "volume": "10"}, "evidence": "Once SpO2\u2009<\u200993%, RR\u2009>\u200930/min, HR\u2009>\u2009120/min or any signs of organ failure were observed, patients would be transferred to intensive care unit (ICU) and ICU physicians and nurses would take over their treatment.", "line": 84, "relation": "negativeCorrelation"}
bp(MESH:"Fluid Therapy")	decreases	path(DO:"pulmonary edema")	{"annotations": {"Custom_Disease": {"COVID-19": true}, "PublicationStatus": {"Published": true}, "PublicationType": {"Letter to Editor": true}, "Section": {"Full Text": true}, "Severity": {"Severe": true}, "Species": {"9606": true}}, "citation": {"authors": ["Huang M", "Qiu H", "Sun Q", "Yang Y"], "date": "2020-03-18", "db": "PubMed", "db_id": "32189136", "db_name": "Annals of intensive care", "first": "Sun Q", "last": "Yang Y", "pages": "33", "volume": "10"}, "evidence": "(2) Restrictive fluid resuscitation under the premise of adequate tissue perfusion is performed to relieve pulmonary edema.", "line": 106, "relation": "decreases"}
bp(MESH:"Heart Rate")	positiveCorrelation	path(DO:"COVID-19")	{"annotations": {"Custom_Disease": {"COVID-19": true}, "PublicationStatus": {"Published": true}, "PublicationType": {"Letter to Editor": true}, "Section": {"Full Text": true}, "Severity": {"Severe": true}, "Species": {"9606": true}}, "citation": {"authors": ["Huang M", "Qiu H", "Sun Q", "Yang Y"], "date": "2020-03-18", "db": "PubMed", "db_id": "32189136", "db_name": "Annals of intensive care", "first": "Sun Q", "last": "Yang Y", "pages": "33", "volume": "10"}, "evidence": "Once SpO2\u2009<\u200993%, RR\u2009>\u200930/min, HR\u2009>\u2009120/min or any signs of organ failure were observed, patients would be transferred to intensive care unit (ICU) and ICU physicians and nurses would take over their treatment.", "line": 86, "relation": "positiveCorrelation"}
bp(MESH:"Noninvasive Ventilation")	negativeCorrelation	path(EFO:"acute respiratory distress syndrome")	{"annotations": {"Custom_Disease": {"COVID-19": true}, "PublicationStatus": {"Published": true}, "PublicationType": {"Letter to Editor": true}, "Section": {"Full Text": true}, "Severity": {"Severe": true}, "Species": {"9606": true}}, "citation": {"authors": ["Huang M", "Qiu H", "Sun Q", "Yang Y"], "date": "2020-03-18", "db": "PubMed", "db_id": "32189136", "db_name": "Annals of intensive care", "first": "Sun Q", "last": "Yang Y", "pages": "33", "volume": "10"}, "evidence": "For patients with ARDS or pulmonary extensive effusion in CT scan, high-flow nasal cannula oxygen therapy (HFNC) or non-invasive mechanical ventilation (NIV) was used to maintain positive end expiratory pressure (PEEP) to prevent alveolar collapse even if some of these patients did not have refractory hypoxemia.", "line": 100, "relation": "negativeCorrelation"}
bp(MESH:"Noninvasive Ventilation")	positiveCorrelation	path(HP:"alveolar system")	{"annotations": {"Custom_Disease": {"COVID-19": true}, "PublicationStatus": {"Published": true}, "PublicationType": {"Letter to Editor": true}, "Section": {"Full Text": true}, "Severity": {"Severe": true}, "Species": {"9606": true}}, "citation": {"authors": ["Huang M", "Qiu H", "Sun Q", "Yang Y"], "date": "2020-03-18", "db": "PubMed", "db_id": "32189136", "db_name": "Annals of intensive care", "first": "Sun Q", "last": "Yang Y", "pages": "33", "volume": "10"}, "evidence": "For patients with ARDS or pulmonary extensive effusion in CT scan, high-flow nasal cannula oxygen therapy (HFNC) or non-invasive mechanical ventilation (NIV) was used to maintain positive end expiratory pressure (PEEP) to prevent alveolar collapse even if some of these patients did not have refractory hypoxemia.", "line": 101, "relation": "positiveCorrelation"}
bp(MESH:"Oxygen Inhalation Therapy")	association	path(DO:"COVID-19")	{"annotations": {"Custom_Disease": {"COVID-19": true}, "PublicationStatus": {"Published": true}, "PublicationType": {"Letter to Editor": true}, "Section": {"Full Text": true}, "Severity": {"Severe": true}, "Species": {"9606": true}}, "citation": {"authors": ["Huang M", "Qiu H", "Sun Q", "Yang Y"], "date": "2020-03-18", "db": "PubMed", "db_id": "32189136", "db_name": "Annals of intensive care", "first": "Sun Q", "last": "Yang Y", "pages": "33", "volume": "10"}, "evidence": "From our data of more than 600 NCP patients in Jiangsu Province, age, lymphocyte count, oxygen supplementation and aggressive pulmonary radiographic infiltrations are independent risk factors for NCP progressing to a critical condition.", "line": 94, "relation": "association"}
bp(MESH:"Oxygen Inhalation Therapy")	negativeCorrelation	path(EFO:"acute respiratory distress syndrome")	{"annotations": {"Custom_Disease": {"COVID-19": true}, "PublicationStatus": {"Published": true}, "PublicationType": {"Letter to Editor": true}, "Section": {"Full Text": true}, "Severity": {"Severe": true}, "Species": {"9606": true}}, "citation": {"authors": ["Huang M", "Qiu H", "Sun Q", "Yang Y"], "date": "2020-03-18", "db": "PubMed", "db_id": "32189136", "db_name": "Annals of intensive care", "first": "Sun Q", "last": "Yang Y", "pages": "33", "volume": "10"}, "evidence": "For patients with ARDS or pulmonary extensive effusion in CT scan, high-flow nasal cannula oxygen therapy (HFNC) or non-invasive mechanical ventilation (NIV) was used to maintain positive end expiratory pressure (PEEP) to prevent alveolar collapse even if some of these patients did not have refractory hypoxemia.", "line": 99, "relation": "negativeCorrelation"}
bp(MESH:"Pulmonary Ventilation")	decreases	path(EFO:"acute respiratory distress syndrome")	{"annotations": {"Custom_Disease": {"COVID-19": true}, "PublicationStatus": {"Published": true}, "PublicationType": {"Letter to Editor": true}, "Section": {"Full Text": true}, "Severity": {"Severe": true}, "Species": {"9606": true}}, "citation": {"authors": ["Huang M", "Qiu H", "Sun Q", "Yang Y"], "date": "2020-03-18", "db": "PubMed", "db_id": "32189136", "db_name": "Annals of intensive care", "first": "Sun Q", "last": "Yang Y", "pages": "33", "volume": "10"}, "evidence": "Although previous study proved prone position\u2019s benefit in moderate-to-severe ARDS patients with invasive mechanical ventilation (IMV) [11], we attempted awake prone position in NCP patients which showed significant effects in improving oxygenation and pulmonary heterogeneity (Fig. \u200b(Fig.2).2).", "line": 110, "relation": "decreases"}
bp(MESH:"Pulmonary Ventilation")	increases	bp(EFO:"oxygen saturation measurement")	{"annotations": {"Custom_Disease": {"COVID-19": true}, "PublicationStatus": {"Published": true}, "PublicationType": {"Letter to Editor": true}, "Section": {"Full Text": true}, "Severity": {"Severe": true}, "Species": {"9606": true}}, "citation": {"authors": ["Huang M", "Qiu H", "Sun Q", "Yang Y"], "date": "2020-03-18", "db": "PubMed", "db_id": "32189136", "db_name": "Annals of intensive care", "first": "Sun Q", "last": "Yang Y", "pages": "33", "volume": "10"}, "evidence": "Although previous study proved prone position\u2019s benefit in moderate-to-severe ARDS patients with invasive mechanical ventilation (IMV) [11], we attempted awake prone position in NCP patients which showed significant effects in improving oxygenation and pulmonary heterogeneity (Fig. \u200b(Fig.2).2).", "line": 111, "relation": "increases"}
bp(MESH:"Respiratory Rate")	negativeCorrelation	path(DO:"COVID-19")	{"annotations": {"Custom_Disease": {"COVID-19": true}, "PublicationStatus": {"Published": true}, "PublicationType": {"Letter to Editor": true}, "Section": {"Full Text": true}, "Severity": {"Severe": true}, "Species": {"9606": true}}, "citation": {"authors": ["Huang M", "Qiu H", "Sun Q", "Yang Y"], "date": "2020-03-18", "db": "PubMed", "db_id": "32189136", "db_name": "Annals of intensive care", "first": "Sun Q", "last": "Yang Y", "pages": "33", "volume": "10"}, "evidence": "Once SpO2\u2009<\u200993%, RR\u2009>\u200930/min, HR\u2009>\u2009120/min or any signs of organ failure were observed, patients would be transferred to intensive care unit (ICU) and ICU physicians and nurses would take over their treatment.", "line": 85, "relation": "negativeCorrelation"}
path(DO:"COVID-19")	negativeCorrelation	bp(EFO:"oxygen saturation measurement")	{"annotations": {"Custom_Disease": {"COVID-19": true}, "PublicationStatus": {"Published": true}, "PublicationType": {"Letter to Editor": true}, "Section": {"Full Text": true}, "Severity": {"Severe": true}, "Species": {"9606": true}}, "citation": {"authors": ["Huang M", "Qiu H", "Sun Q", "Yang Y"], "date": "2020-03-18", "db": "PubMed", "db_id": "32189136", "db_name": "Annals of intensive care", "first": "Sun Q", "last": "Yang Y", "pages": "33", "volume": "10"}, "evidence": "Once SpO2\u2009<\u200993%, RR\u2009>\u200930/min, HR\u2009>\u2009120/min or any signs of organ failure were observed, patients would be transferred to intensive care unit (ICU) and ICU physicians and nurses would take over their treatment.", "line": 84, "relation": "negativeCorrelation"}
path(DO:"COVID-19")	negativeCorrelation	bp(MESH:"Respiratory Rate")	{"annotations": {"Custom_Disease": {"COVID-19": true}, "PublicationStatus": {"Published": true}, "PublicationType": {"Letter to Editor": true}, "Section": {"Full Text": true}, "Severity": {"Severe": true}, "Species": {"9606": true}}, "citation": {"authors": ["Huang M", "Qiu H", "Sun Q", "Yang Y"], "date": "2020-03-18", "db": "PubMed", "db_id": "32189136", "db_name": "Annals of intensive care", "first": "Sun Q", "last": "Yang Y", "pages": "33", "volume": "10"}, "evidence": "Once SpO2\u2009<\u200993%, RR\u2009>\u200930/min, HR\u2009>\u2009120/min or any signs of organ failure were observed, patients would be transferred to intensive care unit (ICU) and ICU physicians and nurses would take over their treatment.", "line": 85, "relation": "negativeCorrelation"}
path(DO:"COVID-19")	positiveCorrelation	bp(MESH:"Heart Rate")	{"annotations": {"Custom_Disease": {"COVID-19": true}, "PublicationStatus": {"Published": true}, "PublicationType": {"Letter to Editor": true}, "Section": {"Full Text": true}, "Severity": {"Severe": true}, "Species": {"9606": true}}, "citation": {"authors": ["Huang M", "Qiu H", "Sun Q", "Yang Y"], "date": "2020-03-18", "db": "PubMed", "db_id": "32189136", "db_name": "Annals of intensive care", "first": "Sun Q", "last": "Yang Y", "pages": "33", "volume": "10"}, "evidence": "Once SpO2\u2009<\u200993%, RR\u2009>\u200930/min, HR\u2009>\u2009120/min or any signs of organ failure were observed, patients would be transferred to intensive care unit (ICU) and ICU physicians and nurses would take over their treatment.", "line": 86, "relation": "positiveCorrelation"}
path(DO:"COVID-19")	positiveCorrelation	path(MESH:"Multiple Organ Failure")	{"annotations": {"Custom_Disease": {"COVID-19": true}, "PublicationStatus": {"Published": true}, "PublicationType": {"Letter to Editor": true}, "Section": {"Full Text": true}, "Severity": {"Severe": true}, "Species": {"9606": true}}, "citation": {"authors": ["Huang M", "Qiu H", "Sun Q", "Yang Y"], "date": "2020-03-18", "db": "PubMed", "db_id": "32189136", "db_name": "Annals of intensive care", "first": "Sun Q", "last": "Yang Y", "pages": "33", "volume": "10"}, "evidence": "Once SpO2\u2009<\u200993%, RR\u2009>\u200930/min, HR\u2009>\u2009120/min or any signs of organ failure were observed, patients would be transferred to intensive care unit (ICU) and ICU physicians and nurses would take over their treatment.", "line": 87, "relation": "positiveCorrelation"}
path(DO:"COVID-19")	positiveCorrelation	a(MESH:"Age of Onset")	{"annotations": {"Custom_Disease": {"COVID-19": true}, "PublicationStatus": {"Published": true}, "PublicationType": {"Letter to Editor": true}, "Section": {"Full Text": true}, "Severity": {"Severe": true}, "Species": {"9606": true}}, "citation": {"authors": ["Huang M", "Qiu H", "Sun Q", "Yang Y"], "date": "2020-03-18", "db": "PubMed", "db_id": "32189136", "db_name": "Annals of intensive care", "first": "Sun Q", "last": "Yang Y", "pages": "33", "volume": "10"}, "evidence": "From our data of more than 600 NCP patients in Jiangsu Province, age, lymphocyte count, oxygen supplementation and aggressive pulmonary radiographic infiltrations are independent risk factors for NCP progressing to a critical condition.", "line": 91, "relation": "positiveCorrelation"}
path(DO:"COVID-19")	negativeCorrelation	a(MESH:Lymphocytes)	{"annotations": {"Custom_Disease": {"COVID-19": true}, "PublicationStatus": {"Published": true}, "PublicationType": {"Letter to Editor": true}, "Section": {"Full Text": true}, "Severity": {"Severe": true}, "Species": {"9606": true}}, "citation": {"authors": ["Huang M", "Qiu H", "Sun Q", "Yang Y"], "date": "2020-03-18", "db": "PubMed", "db_id": "32189136", "db_name": "Annals of intensive care", "first": "Sun Q", "last": "Yang Y", "pages": "33", "volume": "10"}, "evidence": "From our data of more than 600 NCP patients in Jiangsu Province, age, lymphocyte count, oxygen supplementation and aggressive pulmonary radiographic infiltrations are independent risk factors for NCP progressing to a critical condition.", "line": 92, "relation": "negativeCorrelation"}
path(DO:"COVID-19")	association	bp(MESH:"Oxygen Inhalation Therapy")	{"annotations": {"Custom_Disease": {"COVID-19": true}, "PublicationStatus": {"Published": true}, "PublicationType": {"Letter to Editor": true}, "Section": {"Full Text": true}, "Severity": {"Severe": true}, "Species": {"9606": true}}, "citation": {"authors": ["Huang M", "Qiu H", "Sun Q", "Yang Y"], "date": "2020-03-18", "db": "PubMed", "db_id": "32189136", "db_name": "Annals of intensive care", "first": "Sun Q", "last": "Yang Y", "pages": "33", "volume": "10"}, "evidence": "From our data of more than 600 NCP patients in Jiangsu Province, age, lymphocyte count, oxygen supplementation and aggressive pulmonary radiographic infiltrations are independent risk factors for NCP progressing to a critical condition.", "line": 94, "relation": "association"}
path(DO:"COVID-19")	positiveCorrelation	path(EFO:"acute respiratory distress syndrome")	{"annotations": {"Custom_Disease": {"COVID-19": true}, "PublicationStatus": {"Published": true}, "PublicationType": {"Letter to Editor": true}, "Section": {"Full Text": true}, "Severity": {"Severe": true}, "Species": {"9606": true}}, "citation": {"authors": ["Huang M", "Qiu H", "Sun Q", "Yang Y"], "date": "2020-03-18", "db": "PubMed", "db_id": "32189136", "db_name": "Annals of intensive care", "first": "Sun Q", "last": "Yang Y", "pages": "33", "volume": "10"}, "evidence": "For patients with ARDS or pulmonary extensive effusion in CT scan, high-flow nasal cannula oxygen therapy (HFNC) or non-invasive mechanical ventilation (NIV) was used to maintain positive end expiratory pressure (PEEP) to prevent alveolar collapse even if some of these patients did not have refractory hypoxemia.", "line": 98, "relation": "positiveCorrelation"}
path(DO:"COVID-19")	positiveCorrelation	path(DO:"pulmonary edema")	{"annotations": {"Custom_Disease": {"COVID-19": true}, "PublicationStatus": {"Published": true}, "PublicationType": {"Letter to Editor": true}, "Section": {"Full Text": true}, "Severity": {"Severe": true}, "Species": {"9606": true}}, "citation": {"authors": ["Huang M", "Qiu H", "Sun Q", "Yang Y"], "date": "2020-03-18", "db": "PubMed", "db_id": "32189136", "db_name": "Annals of intensive care", "first": "Sun Q", "last": "Yang Y", "pages": "33", "volume": "10"}, "evidence": "(2) Restrictive fluid resuscitation under the premise of adequate tissue perfusion is performed to relieve pulmonary edema.", "line": 105, "relation": "positiveCorrelation"}
path(DO:"pulmonary edema")	positiveCorrelation	path(DO:"COVID-19")	{"annotations": {"Custom_Disease": {"COVID-19": true}, "PublicationStatus": {"Published": true}, "PublicationType": {"Letter to Editor": true}, "Section": {"Full Text": true}, "Severity": {"Severe": true}, "Species": {"9606": true}}, "citation": {"authors": ["Huang M", "Qiu H", "Sun Q", "Yang Y"], "date": "2020-03-18", "db": "PubMed", "db_id": "32189136", "db_name": "Annals of intensive care", "first": "Sun Q", "last": "Yang Y", "pages": "33", "volume": "10"}, "evidence": "(2) Restrictive fluid resuscitation under the premise of adequate tissue perfusion is performed to relieve pulmonary edema.", "line": 105, "relation": "positiveCorrelation"}
path(EFO:"acute respiratory distress syndrome")	positiveCorrelation	path(DO:"COVID-19")	{"annotations": {"Custom_Disease": {"COVID-19": true}, "PublicationStatus": {"Published": true}, "PublicationType": {"Letter to Editor": true}, "Section": {"Full Text": true}, "Severity": {"Severe": true}, "Species": {"9606": true}}, "citation": {"authors": ["Huang M", "Qiu H", "Sun Q", "Yang Y"], "date": "2020-03-18", "db": "PubMed", "db_id": "32189136", "db_name": "Annals of intensive care", "first": "Sun Q", "last": "Yang Y", "pages": "33", "volume": "10"}, "evidence": "For patients with ARDS or pulmonary extensive effusion in CT scan, high-flow nasal cannula oxygen therapy (HFNC) or non-invasive mechanical ventilation (NIV) was used to maintain positive end expiratory pressure (PEEP) to prevent alveolar collapse even if some of these patients did not have refractory hypoxemia.", "line": 98, "relation": "positiveCorrelation"}
path(EFO:"acute respiratory distress syndrome")	negativeCorrelation	bp(MESH:"Oxygen Inhalation Therapy")	{"annotations": {"Custom_Disease": {"COVID-19": true}, "PublicationStatus": {"Published": true}, "PublicationType": {"Letter to Editor": true}, "Section": {"Full Text": true}, "Severity": {"Severe": true}, "Species": {"9606": true}}, "citation": {"authors": ["Huang M", "Qiu H", "Sun Q", "Yang Y"], "date": "2020-03-18", "db": "PubMed", "db_id": "32189136", "db_name": "Annals of intensive care", "first": "Sun Q", "last": "Yang Y", "pages": "33", "volume": "10"}, "evidence": "For patients with ARDS or pulmonary extensive effusion in CT scan, high-flow nasal cannula oxygen therapy (HFNC) or non-invasive mechanical ventilation (NIV) was used to maintain positive end expiratory pressure (PEEP) to prevent alveolar collapse even if some of these patients did not have refractory hypoxemia.", "line": 99, "relation": "negativeCorrelation"}
path(EFO:"acute respiratory distress syndrome")	negativeCorrelation	bp(MESH:"Noninvasive Ventilation")	{"annotations": {"Custom_Disease": {"COVID-19": true}, "PublicationStatus": {"Published": true}, "PublicationType": {"Letter to Editor": true}, "Section": {"Full Text": true}, "Severity": {"Severe": true}, "Species": {"9606": true}}, "citation": {"authors": ["Huang M", "Qiu H", "Sun Q", "Yang Y"], "date": "2020-03-18", "db": "PubMed", "db_id": "32189136", "db_name": "Annals of intensive care", "first": "Sun Q", "last": "Yang Y", "pages": "33", "volume": "10"}, "evidence": "For patients with ARDS or pulmonary extensive effusion in CT scan, high-flow nasal cannula oxygen therapy (HFNC) or non-invasive mechanical ventilation (NIV) was used to maintain positive end expiratory pressure (PEEP) to prevent alveolar collapse even if some of these patients did not have refractory hypoxemia.", "line": 100, "relation": "negativeCorrelation"}
path(HP:"Pulmonary infiltrates")	regulates	path(DO:"COVID-19")	{"annotations": {"Custom_Disease": {"COVID-19": true}, "PublicationStatus": {"Published": true}, "PublicationType": {"Letter to Editor": true}, "Section": {"Full Text": true}, "Severity": {"Severe": true}, "Species": {"9606": true}}, "citation": {"authors": ["Huang M", "Qiu H", "Sun Q", "Yang Y"], "date": "2020-03-18", "db": "PubMed", "db_id": "32189136", "db_name": "Annals of intensive care", "first": "Sun Q", "last": "Yang Y", "pages": "33", "volume": "10"}, "evidence": "From our data of more than 600 NCP patients in Jiangsu Province, age, lymphocyte count, oxygen supplementation and aggressive pulmonary radiographic infiltrations are independent risk factors for NCP progressing to a critical condition.", "line": 93, "relation": "regulates"}
path(HP:"alveolar system")	positiveCorrelation	bp(MESH:"Noninvasive Ventilation")	{"annotations": {"Custom_Disease": {"COVID-19": true}, "PublicationStatus": {"Published": true}, "PublicationType": {"Letter to Editor": true}, "Section": {"Full Text": true}, "Severity": {"Severe": true}, "Species": {"9606": true}}, "citation": {"authors": ["Huang M", "Qiu H", "Sun Q", "Yang Y"], "date": "2020-03-18", "db": "PubMed", "db_id": "32189136", "db_name": "Annals of intensive care", "first": "Sun Q", "last": "Yang Y", "pages": "33", "volume": "10"}, "evidence": "For patients with ARDS or pulmonary extensive effusion in CT scan, high-flow nasal cannula oxygen therapy (HFNC) or non-invasive mechanical ventilation (NIV) was used to maintain positive end expiratory pressure (PEEP) to prevent alveolar collapse even if some of these patients did not have refractory hypoxemia.", "line": 101, "relation": "positiveCorrelation"}
path(MESH:"Multiple Organ Failure")	positiveCorrelation	path(DO:"COVID-19")	{"annotations": {"Custom_Disease": {"COVID-19": true}, "PublicationStatus": {"Published": true}, "PublicationType": {"Letter to Editor": true}, "Section": {"Full Text": true}, "Severity": {"Severe": true}, "Species": {"9606": true}}, "citation": {"authors": ["Huang M", "Qiu H", "Sun Q", "Yang Y"], "date": "2020-03-18", "db": "PubMed", "db_id": "32189136", "db_name": "Annals of intensive care", "first": "Sun Q", "last": "Yang Y", "pages": "33", "volume": "10"}, "evidence": "Once SpO2\u2009<\u200993%, RR\u2009>\u200930/min, HR\u2009>\u2009120/min or any signs of organ failure were observed, patients would be transferred to intensive care unit (ICU) and ICU physicians and nurses would take over their treatment.", "line": 87, "relation": "positiveCorrelation"}
