a(CHEBI:steroid)	decreases	path(DO:"severe acute respiratory syndrome")	{"annotations": {"Custom_Disease": {"COVID-19": true}, "PublicationStatus": {"Published": true}, "PublicationType": {"Review": true}, "Section": {"Full Text": true}}, "citation": {"authors": ["Chan CP", "Fung SY", "Jin DY", "Ye ZW", "Yuen KS"], "date": "2020-01-01", "db": "PubMed", "db_id": "32190290", "db_name": "Cell &amp; bioscience", "first": "Yuen KS", "last": "Jin DY", "pages": "40", "volume": "10"}, "evidence": "Notably, steroids have been experimentally used widely in the treatment of SARS and are still preferred by some Chinese physicians in the treatment of COVID-19. It is said to be capable of stopping the cytokine storm and preventing lung fibrosis.", "line": 88, "relation": "decreases"}
a(CHEBI:steroid)	decreases	path(DO:"COVID-19")	{"annotations": {"Custom_Disease": {"COVID-19": true}, "PublicationStatus": {"Published": true}, "PublicationType": {"Review": true}, "Section": {"Full Text": true}}, "citation": {"authors": ["Chan CP", "Fung SY", "Jin DY", "Ye ZW", "Yuen KS"], "date": "2020-01-01", "db": "PubMed", "db_id": "32190290", "db_name": "Cell &amp; bioscience", "first": "Yuen KS", "last": "Jin DY", "pages": "40", "volume": "10"}, "evidence": "Notably, steroids have been experimentally used widely in the treatment of SARS and are still preferred by some Chinese physicians in the treatment of COVID-19. It is said to be capable of stopping the cytokine storm and preventing lung fibrosis.", "line": 89, "relation": "decreases"}
a(PUBCHEM:121304016)	decreases	path(DO:"COVID-19")	{"annotations": {"Custom_Disease": {"COVID-19": true}, "PublicationStatus": {"Published": true}, "PublicationType": {"Review": true}, "Section": {"Full Text": true}}, "citation": {"authors": ["Chan CP", "Fung SY", "Jin DY", "Ye ZW", "Yuen KS"], "date": "2020-01-01", "db": "PubMed", "db_id": "32190290", "db_name": "Cell &amp; bioscience", "first": "Yuen KS", "last": "Jin DY", "pages": "40", "volume": "10"}, "evidence": "These results provide the basis for a rapid test of the beneficial effects of remdesivir in COVID-19.", "line": 76, "relation": "decreases"}
a(PUBCHEM:46504458)	isA	a(CHEBI:"antiviral drug")	{"annotations": {"Custom_Disease": {"COVID-19": true}, "PublicationStatus": {"Published": true}, "PublicationType": {"Review": true}, "Section": {"Full Text": true}}, "citation": {"authors": ["Chan CP", "Fung SY", "Jin DY", "Ye ZW", "Yuen KS"], "date": "2020-01-01", "db": "PubMed", "db_id": "32190290", "db_name": "Cell &amp; bioscience", "first": "Yuen KS", "last": "Jin DY", "pages": "40", "volume": "10"}, "evidence": "For example, type I interferons including interferon \u03b12b and interferon \u03b2 are well known for their antiviral activity.", "line": 81, "relation": "isA"}
a(PUBCHEM:71306834)	isA	a(CHEBI:"antiviral drug")	{"annotations": {"Custom_Disease": {"COVID-19": true}, "PublicationStatus": {"Published": true}, "PublicationType": {"Review": true}, "Section": {"Full Text": true}}, "citation": {"authors": ["Chan CP", "Fung SY", "Jin DY", "Ye ZW", "Yuen KS"], "date": "2020-01-01", "db": "PubMed", "db_id": "32190290", "db_name": "Cell &amp; bioscience", "first": "Yuen KS", "last": "Jin DY", "pages": "40", "volume": "10"}, "evidence": "For example, type I interferons including interferon \u03b12b and interferon \u03b2 are well known for their antiviral activity.", "line": 80, "relation": "isA"}
a(TAX:"Severe acute respiratory syndrome coronavirus 2")	association	p(COVID:N)	{"annotations": {"Custom_Disease": {"COVID-19": true}, "PublicationStatus": {"Published": true}, "PublicationType": {"Review": true}, "Section": {"Full Text": true}}, "citation": {"authors": ["Chan CP", "Fung SY", "Jin DY", "Ye ZW", "Yuen KS"], "date": "2020-01-01", "db": "PubMed", "db_id": "32190290", "db_name": "Cell &amp; bioscience", "first": "Yuen KS", "last": "Jin DY", "pages": "40", "volume": "10"}, "evidence": "ELISA reagents for detection of SARS-CoV-2 antigens such as S and N are still in urgent need, and would provide another test highly complementary to viral RNA detection.", "line": 70, "relation": "association"}
a(TAX:"Severe acute respiratory syndrome coronavirus 2")	association	p(COVID:S)	{"annotations": {"Custom_Disease": {"COVID-19": true}, "PublicationStatus": {"Published": true}, "PublicationType": {"Review": true}, "Section": {"Full Text": true}}, "citation": {"authors": ["Chan CP", "Fung SY", "Jin DY", "Ye ZW", "Yuen KS"], "date": "2020-01-01", "db": "PubMed", "db_id": "32190290", "db_name": "Cell &amp; bioscience", "first": "Yuen KS", "last": "Jin DY", "pages": "40", "volume": "10"}, "evidence": "ELISA reagents for detection of SARS-CoV-2 antigens such as S and N are still in urgent need, and would provide another test highly complementary to viral RNA detection.", "line": 71, "relation": "association"}
a(TAX:"Severe acute respiratory syndrome coronavirus 2")	association	p(COVID:ORF3)	{"annotations": {"PublicationStatus": {"Published": true}, "PublicationType": {"Review": true}, "Section": {"Full Text": true}}, "citation": {"authors": ["Chan CP", "Fung SY", "Jin DY", "Ye ZW", "Yuen KS"], "date": "2020-01-01", "db": "PubMed", "db_id": "32190290", "db_name": "Cell &amp; bioscience", "first": "Yuen KS", "last": "Jin DY", "pages": "40", "volume": "10"}, "evidence": "Particularly, ORF3 and ORF8 in SARS-CoV-2 are highly divergent from ORF3a and ORF8b in SARS-CoV that are known to induce NLRP3 inflammasome activation.", "line": 96, "relation": "association"}
a(TAX:"Severe acute respiratory syndrome coronavirus 2")	association	p(COVID:ORF8)	{"annotations": {"PublicationStatus": {"Published": true}, "PublicationType": {"Review": true}, "Section": {"Full Text": true}}, "citation": {"authors": ["Chan CP", "Fung SY", "Jin DY", "Ye ZW", "Yuen KS"], "date": "2020-01-01", "db": "PubMed", "db_id": "32190290", "db_name": "Cell &amp; bioscience", "first": "Yuen KS", "last": "Jin DY", "pages": "40", "volume": "10"}, "evidence": "Particularly, ORF3 and ORF8 in SARS-CoV-2 are highly divergent from ORF3a and ORF8b in SARS-CoV that are known to induce NLRP3 inflammasome activation.", "line": 97, "relation": "association"}
a(TAX:"Severe acute respiratory syndrome coronavirus 2")	association	p(UNIPROT:P59633)	{"annotations": {"PublicationStatus": {"Published": true}, "PublicationType": {"Review": true}, "Section": {"Full Text": true}}, "citation": {"authors": ["Chan CP", "Fung SY", "Jin DY", "Ye ZW", "Yuen KS"], "date": "2020-01-01", "db": "PubMed", "db_id": "32190290", "db_name": "Cell &amp; bioscience", "first": "Yuen KS", "last": "Jin DY", "pages": "40", "volume": "10"}, "evidence": "ORF3 of SARS-CoV-2 is also significantly different from the interferon antagonist ORF3b of SARS-CoV.", "line": 104, "relation": "association"}
a(TAX:"Severe acute respiratory syndrome-related coronavirus")	association	p(UNIPROT:J9TEM7)	{"annotations": {"PublicationStatus": {"Published": true}, "PublicationType": {"Review": true}, "Section": {"Full Text": true}}, "citation": {"authors": ["Chan CP", "Fung SY", "Jin DY", "Ye ZW", "Yuen KS"], "date": "2020-01-01", "db": "PubMed", "db_id": "32190290", "db_name": "Cell &amp; bioscience", "first": "Yuen KS", "last": "Jin DY", "pages": "40", "volume": "10"}, "evidence": "Particularly, ORF3 and ORF8 in SARS-CoV-2 are highly divergent from ORF3a and ORF8b in SARS-CoV that are known to induce NLRP3 inflammasome activation.", "line": 98, "relation": "association"}
a(TAX:"Severe acute respiratory syndrome-related coronavirus")	association	p(UNIPROT:Q6S8E2)	{"annotations": {"PublicationStatus": {"Published": true}, "PublicationType": {"Review": true}, "Section": {"Full Text": true}}, "citation": {"authors": ["Chan CP", "Fung SY", "Jin DY", "Ye ZW", "Yuen KS"], "date": "2020-01-01", "db": "PubMed", "db_id": "32190290", "db_name": "Cell &amp; bioscience", "first": "Yuen KS", "last": "Jin DY", "pages": "40", "volume": "10"}, "evidence": "Particularly, ORF3 and ORF8 in SARS-CoV-2 are highly divergent from ORF3a and ORF8b in SARS-CoV that are known to induce NLRP3 inflammasome activation.", "line": 99, "relation": "association"}
p(COVID:N)	association	a(TAX:"Severe acute respiratory syndrome coronavirus 2")	{"annotations": {"Custom_Disease": {"COVID-19": true}, "PublicationStatus": {"Published": true}, "PublicationType": {"Review": true}, "Section": {"Full Text": true}}, "citation": {"authors": ["Chan CP", "Fung SY", "Jin DY", "Ye ZW", "Yuen KS"], "date": "2020-01-01", "db": "PubMed", "db_id": "32190290", "db_name": "Cell &amp; bioscience", "first": "Yuen KS", "last": "Jin DY", "pages": "40", "volume": "10"}, "evidence": "ELISA reagents for detection of SARS-CoV-2 antigens such as S and N are still in urgent need, and would provide another test highly complementary to viral RNA detection.", "line": 70, "relation": "association"}
p(COVID:ORF3)	association	a(TAX:"Severe acute respiratory syndrome coronavirus 2")	{"annotations": {"PublicationStatus": {"Published": true}, "PublicationType": {"Review": true}, "Section": {"Full Text": true}}, "citation": {"authors": ["Chan CP", "Fung SY", "Jin DY", "Ye ZW", "Yuen KS"], "date": "2020-01-01", "db": "PubMed", "db_id": "32190290", "db_name": "Cell &amp; bioscience", "first": "Yuen KS", "last": "Jin DY", "pages": "40", "volume": "10"}, "evidence": "Particularly, ORF3 and ORF8 in SARS-CoV-2 are highly divergent from ORF3a and ORF8b in SARS-CoV that are known to induce NLRP3 inflammasome activation.", "line": 96, "relation": "association"}
p(COVID:ORF8)	association	a(TAX:"Severe acute respiratory syndrome coronavirus 2")	{"annotations": {"PublicationStatus": {"Published": true}, "PublicationType": {"Review": true}, "Section": {"Full Text": true}}, "citation": {"authors": ["Chan CP", "Fung SY", "Jin DY", "Ye ZW", "Yuen KS"], "date": "2020-01-01", "db": "PubMed", "db_id": "32190290", "db_name": "Cell &amp; bioscience", "first": "Yuen KS", "last": "Jin DY", "pages": "40", "volume": "10"}, "evidence": "Particularly, ORF3 and ORF8 in SARS-CoV-2 are highly divergent from ORF3a and ORF8b in SARS-CoV that are known to induce NLRP3 inflammasome activation.", "line": 97, "relation": "association"}
p(COVID:S)	association	a(TAX:"Severe acute respiratory syndrome coronavirus 2")	{"annotations": {"Custom_Disease": {"COVID-19": true}, "PublicationStatus": {"Published": true}, "PublicationType": {"Review": true}, "Section": {"Full Text": true}}, "citation": {"authors": ["Chan CP", "Fung SY", "Jin DY", "Ye ZW", "Yuen KS"], "date": "2020-01-01", "db": "PubMed", "db_id": "32190290", "db_name": "Cell &amp; bioscience", "first": "Yuen KS", "last": "Jin DY", "pages": "40", "volume": "10"}, "evidence": "ELISA reagents for detection of SARS-CoV-2 antigens such as S and N are still in urgent need, and would provide another test highly complementary to viral RNA detection.", "line": 71, "relation": "association"}
p(UNIPROT:J9TEM7)	association	a(TAX:"Severe acute respiratory syndrome-related coronavirus")	{"annotations": {"PublicationStatus": {"Published": true}, "PublicationType": {"Review": true}, "Section": {"Full Text": true}}, "citation": {"authors": ["Chan CP", "Fung SY", "Jin DY", "Ye ZW", "Yuen KS"], "date": "2020-01-01", "db": "PubMed", "db_id": "32190290", "db_name": "Cell &amp; bioscience", "first": "Yuen KS", "last": "Jin DY", "pages": "40", "volume": "10"}, "evidence": "Particularly, ORF3 and ORF8 in SARS-CoV-2 are highly divergent from ORF3a and ORF8b in SARS-CoV that are known to induce NLRP3 inflammasome activation.", "line": 98, "relation": "association"}
p(UNIPROT:P59633)	association	a(TAX:"Severe acute respiratory syndrome coronavirus 2")	{"annotations": {"PublicationStatus": {"Published": true}, "PublicationType": {"Review": true}, "Section": {"Full Text": true}}, "citation": {"authors": ["Chan CP", "Fung SY", "Jin DY", "Ye ZW", "Yuen KS"], "date": "2020-01-01", "db": "PubMed", "db_id": "32190290", "db_name": "Cell &amp; bioscience", "first": "Yuen KS", "last": "Jin DY", "pages": "40", "volume": "10"}, "evidence": "ORF3 of SARS-CoV-2 is also significantly different from the interferon antagonist ORF3b of SARS-CoV.", "line": 104, "relation": "association"}
p(UNIPROT:Q6S8E2)	association	a(TAX:"Severe acute respiratory syndrome-related coronavirus")	{"annotations": {"PublicationStatus": {"Published": true}, "PublicationType": {"Review": true}, "Section": {"Full Text": true}}, "citation": {"authors": ["Chan CP", "Fung SY", "Jin DY", "Ye ZW", "Yuen KS"], "date": "2020-01-01", "db": "PubMed", "db_id": "32190290", "db_name": "Cell &amp; bioscience", "first": "Yuen KS", "last": "Jin DY", "pages": "40", "volume": "10"}, "evidence": "Particularly, ORF3 and ORF8 in SARS-CoV-2 are highly divergent from ORF3a and ORF8b in SARS-CoV that are known to induce NLRP3 inflammasome activation.", "line": 99, "relation": "association"}
path(DO:"COVID-19")	increases	path(HP:"Ground-glass opacification on pulmonary HRCT")	{"annotations": {"Custom_Disease": {"COVID-19": true}, "MeSHAnatomy": {"Lung": true}, "PublicationStatus": {"Published": true}, "PublicationType": {"Review": true}, "Section": {"Full Text": true}, "disease_stage": {"asymptomatic": true}}, "citation": {"authors": ["Chan CP", "Fung SY", "Jin DY", "Ye ZW", "Yuen KS"], "date": "2020-01-01", "db": "PubMed", "db_id": "32190290", "db_name": "Cell &amp; bioscience", "first": "Yuen KS", "last": "Jin DY", "pages": "40", "volume": "10"}, "evidence": "Third, an asymptomatic child was found to have ground-glass opacities in his lung and SARS-CoV-2 RNA in his sputum sample", "line": 55, "relation": "increases"}
path(DO:"COVID-19")	increases	path(DO:diarrhea)	{"annotations": {"Custom_Disease": {"COVID-19": true}, "PublicationStatus": {"Published": true}, "PublicationType": {"Review": true}, "Section": {"Full Text": true}}, "citation": {"authors": ["Chan CP", "Fung SY", "Jin DY", "Ye ZW", "Yuen KS"], "date": "2020-01-01", "db": "PubMed", "db_id": "32190290", "db_name": "Cell &amp; bioscience", "first": "Yuen KS", "last": "Jin DY", "pages": "40", "volume": "10"}, "evidence": "Finally, the presentation of diarrhea in two young adults from the same family also suggests the possibility for gastrointestinal involvement in SARS-CoV-2 infection and fecal\u2013oral transmission.", "line": 63, "relation": "increases"}
