a(CHEBI:glucocorticoid)	decreases	path(DO:"COVID-19")	{"annotations": {"Custom_Disease": {"COVID-19": true}, "PublicationStatus": {"Preprint": true}, "PublicationType": {"Case Report": true}, "Section": {"Results": true}, "Severity": {"Severe": true}, "Species": {"9606": true}, "population_type": {"Pediatric": true}}, "citation": {"authors": ["Li H", "Liu ZS", "Lu XX", "Ren J", "Sun D", "Xiao H", "Zhang FR"], "date": "2020-03-19", "db": "PubMed", "db_id": "32193831", "db_name": "World journal of pediatrics : WJP", "first": "Sun D", "last": "Liu ZS"}, "evidence": "Antibiotics, traditional Chinese medicine, intravenous glucocorticoids and immunoglobulin were also used dependent on patients\u2019 conditions.", "line": 141, "relation": "decreases"}
a(CHEBI:interferon)	decreases	path(DO:"COVID-19")	{"annotations": {"Custom_Disease": {"COVID-19": true}, "PublicationStatus": {"Preprint": true}, "PublicationType": {"Case Report": true}, "Section": {"Results": true}, "Severity": {"Severe": true}, "Species": {"9606": true}, "population_type": {"Pediatric": true}}, "citation": {"authors": ["Li H", "Liu ZS", "Lu XX", "Ren J", "Sun D", "Xiao H", "Zhang FR"], "date": "2020-03-19", "db": "PubMed", "db_id": "32193831", "db_name": "World journal of pediatrics : WJP", "first": "Sun D", "last": "Liu ZS"}, "evidence": "All patients received antiviral treatments (virazole, oseltamivir and interferon). ", "line": 134, "relation": "decreases"}
a(CHEBI:oseltamivir)	decreases	path(DO:"COVID-19")	{"annotations": {"Custom_Disease": {"COVID-19": true}, "PublicationStatus": {"Preprint": true}, "PublicationType": {"Case Report": true}, "Section": {"Results": true}, "Severity": {"Severe": true}, "Species": {"9606": true}, "population_type": {"Pediatric": true}}, "citation": {"authors": ["Li H", "Liu ZS", "Lu XX", "Ren J", "Sun D", "Xiao H", "Zhang FR"], "date": "2020-03-19", "db": "PubMed", "db_id": "32193831", "db_name": "World journal of pediatrics : WJP", "first": "Sun D", "last": "Liu ZS"}, "evidence": "All patients received antiviral treatments (virazole, oseltamivir and interferon). ", "line": 135, "relation": "decreases"}
a(EFO:"CD4-positive helper T cell")	positiveCorrelation	path(DO:"COVID-19")	{"annotations": {"Custom_Disease": {"COVID-19": true}, "MeSHAnatomy": {"Blood": true}, "PublicationStatus": {"Preprint": true}, "PublicationType": {"Case Report": true}, "Section": {"Results": true}, "Severity": {"Severe": true}, "Species": {"9606": true}, "population_type": {"Pediatric": true}}, "citation": {"authors": ["Li H", "Liu ZS", "Lu XX", "Ren J", "Sun D", "Xiao H", "Zhang FR"], "date": "2020-03-19", "db": "PubMed", "db_id": "32193831", "db_name": "World journal of pediatrics : WJP", "first": "Sun D", "last": "Liu ZS"}, "evidence": "TBNK lymphocyte subset analysis revealed decreased percentage of CD16\u2009+\u2009CD56 + lymphocytes (4/8) and Th/Ts (1/8), and increased percentage of CD3 + (2/8), CD4 + (4/8) and CD8 + (1/8) lymphocytes. Cytokine detection assays showed increased levels of IL-6 (2/8), IL-10 (5/8) and IFN-\u03b3 (2/8).", "line": 119, "relation": "positiveCorrelation"}
a(EFO:"CD8-Positive T-Lymphocytes")	positiveCorrelation	path(DO:"COVID-19")	{"annotations": {"Custom_Disease": {"COVID-19": true}, "MeSHAnatomy": {"Blood": true}, "PublicationStatus": {"Preprint": true}, "PublicationType": {"Case Report": true}, "Section": {"Results": true}, "Severity": {"Severe": true}, "Species": {"9606": true}, "population_type": {"Pediatric": true}}, "citation": {"authors": ["Li H", "Liu ZS", "Lu XX", "Ren J", "Sun D", "Xiao H", "Zhang FR"], "date": "2020-03-19", "db": "PubMed", "db_id": "32193831", "db_name": "World journal of pediatrics : WJP", "first": "Sun D", "last": "Liu ZS"}, "evidence": "TBNK lymphocyte subset analysis revealed decreased percentage of CD16\u2009+\u2009CD56 + lymphocytes (4/8) and Th/Ts (1/8), and increased percentage of CD3 + (2/8), CD4 + (4/8) and CD8 + (1/8) lymphocytes. Cytokine detection assays showed increased levels of IL-6 (2/8), IL-10 (5/8) and IFN-\u03b3 (2/8).", "line": 120, "relation": "positiveCorrelation"}
a(FIXME:"CD16 positive CD56 positive lymphocyte")	negativeCorrelation	path(DO:"COVID-19")	{"annotations": {"Custom_Disease": {"COVID-19": true}, "MeSHAnatomy": {"Blood": true}, "PublicationStatus": {"Preprint": true}, "PublicationType": {"Case Report": true}, "Section": {"Results": true}, "Severity": {"Severe": true}, "Species": {"9606": true}, "population_type": {"Pediatric": true}}, "citation": {"authors": ["Li H", "Liu ZS", "Lu XX", "Ren J", "Sun D", "Xiao H", "Zhang FR"], "date": "2020-03-19", "db": "PubMed", "db_id": "32193831", "db_name": "World journal of pediatrics : WJP", "first": "Sun D", "last": "Liu ZS"}, "evidence": "TBNK lymphocyte subset analysis revealed decreased percentage of CD16\u2009+\u2009CD56 + lymphocytes (4/8) and Th/Ts (1/8), and increased percentage of CD3 + (2/8), CD4 + (4/8) and CD8 + (1/8) lymphocytes. Cytokine detection assays showed increased levels of IL-6 (2/8), IL-10 (5/8) and IFN-\u03b3 (2/8).", "line": 118, "relation": "negativeCorrelation"}
a(FIXME:"CD3-positive lymphocyte")	negativeCorrelation	path(DO:"COVID-19")	{"annotations": {"Custom_Disease": {"COVID-19": true}, "MeSHAnatomy": {"Blood": true}, "PublicationStatus": {"Preprint": true}, "PublicationType": {"Case Report": true}, "Section": {"Results": true}, "Severity": {"Severe": true}, "Species": {"9606": true}, "population_type": {"Pediatric": true}}, "citation": {"authors": ["Li H", "Liu ZS", "Lu XX", "Ren J", "Sun D", "Xiao H", "Zhang FR"], "date": "2020-03-19", "db": "PubMed", "db_id": "32193831", "db_name": "World journal of pediatrics : WJP", "first": "Sun D", "last": "Liu ZS"}, "evidence": "TBNK lymphocyte subset analysis revealed decreased percentage of CD16\u2009+\u2009CD56 + lymphocytes (4/8) and Th/Ts (1/8), and increased percentage of CD3 + (2/8), CD4 + (4/8) and CD8 + (1/8) lymphocytes. Cytokine detection assays showed increased levels of IL-6 (2/8), IL-10 (5/8) and IFN-\u03b3 (2/8).", "line": 121, "relation": "negativeCorrelation"}
a(MESH:"Medicine, Chinese Traditional")	decreases	path(DO:"COVID-19")	{"annotations": {"Custom_Disease": {"COVID-19": true}, "PublicationStatus": {"Preprint": true}, "PublicationType": {"Case Report": true}, "Section": {"Results": true}, "Severity": {"Severe": true}, "Species": {"9606": true}, "population_type": {"Pediatric": true}}, "citation": {"authors": ["Li H", "Liu ZS", "Lu XX", "Ren J", "Sun D", "Xiao H", "Zhang FR"], "date": "2020-03-19", "db": "PubMed", "db_id": "32193831", "db_name": "World journal of pediatrics : WJP", "first": "Sun D", "last": "Liu ZS"}, "evidence": "Antibiotics, traditional Chinese medicine, intravenous glucocorticoids and immunoglobulin were also used dependent on patients\u2019 conditions.", "line": 139, "relation": "decreases"}
a(MESH:"adenylyl-(3'-5')-virazole")	decreases	path(DO:"COVID-19")	{"annotations": {"Custom_Disease": {"COVID-19": true}, "PublicationStatus": {"Preprint": true}, "PublicationType": {"Case Report": true}, "Section": {"Results": true}, "Severity": {"Severe": true}, "Species": {"9606": true}, "population_type": {"Pediatric": true}}, "citation": {"authors": ["Li H", "Liu ZS", "Lu XX", "Ren J", "Sun D", "Xiao H", "Zhang FR"], "date": "2020-03-19", "db": "PubMed", "db_id": "32193831", "db_name": "World journal of pediatrics : WJP", "first": "Sun D", "last": "Liu ZS"}, "evidence": "All patients received antiviral treatments (virazole, oseltamivir and interferon). ", "line": 133, "relation": "decreases"}
a(MESH:Expectorants)	positiveCorrelation	path(DO:"COVID-19")	{"annotations": {"Custom_Disease": {"COVID-19": true}, "PublicationStatus": {"Preprint": true}, "PublicationType": {"Case Report": true}, "Section": {"Results": true}, "Severity": {"Severe": true}, "Species": {"9606": true}, "population_type": {"Pediatric": true}}, "citation": {"authors": ["Li H", "Liu ZS", "Lu XX", "Ren J", "Sun D", "Xiao H", "Zhang FR"], "date": "2020-03-19", "db": "PubMed", "db_id": "32193831", "db_name": "World journal of pediatrics : WJP", "first": "Sun D", "last": "Liu ZS"}, "evidence": "In the severe pediatric patients, the most common symptom was polypnea (8/8), followed by fever (6/8), cough (6/8), expectoration (4/8), nausea/vomiting (4/8), diarrhea (3/8), fatigue/myalgia (1/8), headache (1/8) and constipation (1/8) (Table 1).", "line": 96, "relation": "positiveCorrelation"}
bp(EFO:"D dimer measurement")	positiveCorrelation	path(DO:"COVID-19")	{"annotations": {"Custom_Disease": {"COVID-19": true}, "MeSHAnatomy": {"Blood": true}, "PublicationStatus": {"Preprint": true}, "PublicationType": {"Case Report": true}, "Section": {"Results": true}, "Severity": {"Severe": true}, "Species": {"9606": true}, "population_type": {"Pediatric": true}}, "citation": {"authors": ["Li H", "Liu ZS", "Lu XX", "Ren J", "Sun D", "Xiao H", "Zhang FR"], "date": "2020-03-19", "db": "PubMed", "db_id": "32193831", "db_name": "World journal of pediatrics : WJP", "first": "Sun D", "last": "Liu ZS"}, "evidence": "Two patients (2/5) had high D-dimer level.", "line": 114, "relation": "positiveCorrelation"}
bp(GOBP:"response to antibiotic")	decreases	path(DO:"COVID-19")	{"annotations": {"Custom_Disease": {"COVID-19": true}, "PublicationStatus": {"Preprint": true}, "PublicationType": {"Case Report": true}, "Section": {"Results": true}, "Severity": {"Severe": true}, "Species": {"9606": true}, "population_type": {"Pediatric": true}}, "citation": {"authors": ["Li H", "Liu ZS", "Lu XX", "Ren J", "Sun D", "Xiao H", "Zhang FR"], "date": "2020-03-19", "db": "PubMed", "db_id": "32193831", "db_name": "World journal of pediatrics : WJP", "first": "Sun D", "last": "Liu ZS"}, "evidence": "Antibiotics, traditional Chinese medicine, intravenous glucocorticoids and immunoglobulin were also used dependent on patients\u2019 conditions.", "line": 140, "relation": "decreases"}
bp(MESH:"Oxygen Inhalation Therapy")	decreases	path(DO:"COVID-19")	{"annotations": {"Custom_Disease": {"COVID-19": true}, "PublicationStatus": {"Preprint": true}, "PublicationType": {"Case Report": true}, "Section": {"Results": true}, "Severity": {"Severe": true}, "Species": {"9606": true}, "population_type": {"Pediatric": true}}, "citation": {"authors": ["Li H", "Liu ZS", "Lu XX", "Ren J", "Sun D", "Xiao H", "Zhang FR"], "date": "2020-03-19", "db": "PubMed", "db_id": "32193831", "db_name": "World journal of pediatrics : WJP", "first": "Sun D", "last": "Liu ZS"}, "evidence": "Among the eight patients, six (6/8) received high-flow oxygen therapy and two critically ill (2/8) patients received mechanical ventilation.", "line": 129, "relation": "decreases"}
bp(MESH:Ventilation)	decreases	path(DO:"COVID-19")	{"annotations": {"Custom_Disease": {"COVID-19": true}, "PublicationStatus": {"Preprint": true}, "PublicationType": {"Case Report": true}, "Section": {"Results": true}, "Severity": {"Severe": true}, "Species": {"9606": true}, "population_type": {"Pediatric": true}}, "citation": {"authors": ["Li H", "Liu ZS", "Lu XX", "Ren J", "Sun D", "Xiao H", "Zhang FR"], "date": "2020-03-19", "db": "PubMed", "db_id": "32193831", "db_name": "World journal of pediatrics : WJP", "first": "Sun D", "last": "Liu ZS"}, "evidence": "Among the eight patients, six (6/8) received high-flow oxygen therapy and two critically ill (2/8) patients received mechanical ventilation.", "line": 130, "relation": "decreases"}
p(HGNC:CRP)	positiveCorrelation	path(DO:"COVID-19")	{"annotations": {"Custom_Disease": {"COVID-19": true}, "MeSHAnatomy": {"Blood": true}, "PublicationStatus": {"Preprint": true}, "PublicationType": {"Case Report": true}, "Section": {"Results": true}, "Severity": {"Severe": true}, "Species": {"9606": true}, "population_type": {"Pediatric": true}}, "citation": {"authors": ["Li H", "Liu ZS", "Lu XX", "Ren J", "Sun D", "Xiao H", "Zhang FR"], "date": "2020-03-19", "db": "PubMed", "db_id": "32193831", "db_name": "World journal of pediatrics : WJP", "first": "Sun D", "last": "Liu ZS"}, "evidence": "Increased C-reactive protein, procalcitonin and lactate dehydrogenase were found in five patients (5/8), and increased alanine aminotransferase (ALT) in four (4/8). ", "line": 109, "relation": "positiveCorrelation"}
p(HGNC:GPT)	positiveCorrelation	path(DO:"COVID-19")	{"annotations": {"Custom_Disease": {"COVID-19": true}, "MeSHAnatomy": {"Blood": true}, "PublicationStatus": {"Preprint": true}, "PublicationType": {"Case Report": true}, "Section": {"Results": true}, "Severity": {"Severe": true}, "Species": {"9606": true}, "population_type": {"Pediatric": true}}, "citation": {"authors": ["Li H", "Liu ZS", "Lu XX", "Ren J", "Sun D", "Xiao H", "Zhang FR"], "date": "2020-03-19", "db": "PubMed", "db_id": "32193831", "db_name": "World journal of pediatrics : WJP", "first": "Sun D", "last": "Liu ZS"}, "evidence": "Increased C-reactive protein, procalcitonin and lactate dehydrogenase were found in five patients (5/8), and increased alanine aminotransferase (ALT) in four (4/8). ", "line": 105, "relation": "positiveCorrelation"}
p(HGNC:IFNG)	positiveCorrelation	path(DO:"COVID-19")	{"annotations": {"Custom_Disease": {"COVID-19": true}, "MeSHAnatomy": {"Blood": true}, "PublicationStatus": {"Preprint": true}, "PublicationType": {"Case Report": true}, "Section": {"Results": true}, "Severity": {"Severe": true}, "Species": {"9606": true}, "population_type": {"Pediatric": true}}, "citation": {"authors": ["Li H", "Liu ZS", "Lu XX", "Ren J", "Sun D", "Xiao H", "Zhang FR"], "date": "2020-03-19", "db": "PubMed", "db_id": "32193831", "db_name": "World journal of pediatrics : WJP", "first": "Sun D", "last": "Liu ZS"}, "evidence": "TBNK lymphocyte subset analysis revealed decreased percentage of CD16\u2009+\u2009CD56 + lymphocytes (4/8) and Th/Ts (1/8), and increased percentage of CD3 + (2/8), CD4 + (4/8) and CD8 + (1/8) lymphocytes. Cytokine detection assays showed increased levels of IL-6 (2/8), IL-10 (5/8) and IFN-\u03b3 (2/8).", "line": 124, "relation": "positiveCorrelation"}
p(HGNC:IL10)	positiveCorrelation	path(DO:"COVID-19")	{"annotations": {"Custom_Disease": {"COVID-19": true}, "MeSHAnatomy": {"Blood": true}, "PublicationStatus": {"Preprint": true}, "PublicationType": {"Case Report": true}, "Section": {"Results": true}, "Severity": {"Severe": true}, "Species": {"9606": true}, "population_type": {"Pediatric": true}}, "citation": {"authors": ["Li H", "Liu ZS", "Lu XX", "Ren J", "Sun D", "Xiao H", "Zhang FR"], "date": "2020-03-19", "db": "PubMed", "db_id": "32193831", "db_name": "World journal of pediatrics : WJP", "first": "Sun D", "last": "Liu ZS"}, "evidence": "TBNK lymphocyte subset analysis revealed decreased percentage of CD16\u2009+\u2009CD56 + lymphocytes (4/8) and Th/Ts (1/8), and increased percentage of CD3 + (2/8), CD4 + (4/8) and CD8 + (1/8) lymphocytes. Cytokine detection assays showed increased levels of IL-6 (2/8), IL-10 (5/8) and IFN-\u03b3 (2/8).", "line": 123, "relation": "positiveCorrelation"}
p(HGNC:IL6)	positiveCorrelation	path(DO:"COVID-19")	{"annotations": {"Custom_Disease": {"COVID-19": true}, "MeSHAnatomy": {"Blood": true}, "PublicationStatus": {"Preprint": true}, "PublicationType": {"Case Report": true}, "Section": {"Results": true}, "Severity": {"Severe": true}, "Species": {"9606": true}, "population_type": {"Pediatric": true}}, "citation": {"authors": ["Li H", "Liu ZS", "Lu XX", "Ren J", "Sun D", "Xiao H", "Zhang FR"], "date": "2020-03-19", "db": "PubMed", "db_id": "32193831", "db_name": "World journal of pediatrics : WJP", "first": "Sun D", "last": "Liu ZS"}, "evidence": "TBNK lymphocyte subset analysis revealed decreased percentage of CD16\u2009+\u2009CD56 + lymphocytes (4/8) and Th/Ts (1/8), and increased percentage of CD3 + (2/8), CD4 + (4/8) and CD8 + (1/8) lymphocytes. Cytokine detection assays showed increased levels of IL-6 (2/8), IL-10 (5/8) and IFN-\u03b3 (2/8).", "line": 122, "relation": "positiveCorrelation"}
p(HGNC:LDHA)	positiveCorrelation	path(DO:"COVID-19")	{"annotations": {"Custom_Disease": {"COVID-19": true}, "MeSHAnatomy": {"Blood": true}, "PublicationStatus": {"Preprint": true}, "PublicationType": {"Case Report": true}, "Section": {"Results": true}, "Severity": {"Severe": true}, "Species": {"9606": true}, "population_type": {"Pediatric": true}}, "citation": {"authors": ["Li H", "Liu ZS", "Lu XX", "Ren J", "Sun D", "Xiao H", "Zhang FR"], "date": "2020-03-19", "db": "PubMed", "db_id": "32193831", "db_name": "World journal of pediatrics : WJP", "first": "Sun D", "last": "Liu ZS"}, "evidence": "Increased C-reactive protein, procalcitonin and lactate dehydrogenase were found in five patients (5/8), and increased alanine aminotransferase (ALT) in four (4/8). ", "line": 106, "relation": "positiveCorrelation"}
p(HGNC:LDHB)	positiveCorrelation	path(DO:"COVID-19")	{"annotations": {"Custom_Disease": {"COVID-19": true}, "MeSHAnatomy": {"Blood": true}, "PublicationStatus": {"Preprint": true}, "PublicationType": {"Case Report": true}, "Section": {"Results": true}, "Severity": {"Severe": true}, "Species": {"9606": true}, "population_type": {"Pediatric": true}}, "citation": {"authors": ["Li H", "Liu ZS", "Lu XX", "Ren J", "Sun D", "Xiao H", "Zhang FR"], "date": "2020-03-19", "db": "PubMed", "db_id": "32193831", "db_name": "World journal of pediatrics : WJP", "first": "Sun D", "last": "Liu ZS"}, "evidence": "Increased C-reactive protein, procalcitonin and lactate dehydrogenase were found in five patients (5/8), and increased alanine aminotransferase (ALT) in four (4/8). ", "line": 107, "relation": "positiveCorrelation"}
p(HGNC:LDHC)	positiveCorrelation	path(DO:"COVID-19")	{"annotations": {"Custom_Disease": {"COVID-19": true}, "MeSHAnatomy": {"Blood": true}, "PublicationStatus": {"Preprint": true}, "PublicationType": {"Case Report": true}, "Section": {"Results": true}, "Severity": {"Severe": true}, "Species": {"9606": true}, "population_type": {"Pediatric": true}}, "citation": {"authors": ["Li H", "Liu ZS", "Lu XX", "Ren J", "Sun D", "Xiao H", "Zhang FR"], "date": "2020-03-19", "db": "PubMed", "db_id": "32193831", "db_name": "World journal of pediatrics : WJP", "first": "Sun D", "last": "Liu ZS"}, "evidence": "Increased C-reactive protein, procalcitonin and lactate dehydrogenase were found in five patients (5/8), and increased alanine aminotransferase (ALT) in four (4/8). ", "line": 108, "relation": "positiveCorrelation"}
p(MESH:preprocalcitonin)	positiveCorrelation	path(DO:"COVID-19")	{"annotations": {"Custom_Disease": {"COVID-19": true}, "MeSHAnatomy": {"Blood": true}, "PublicationStatus": {"Preprint": true}, "PublicationType": {"Case Report": true}, "Section": {"Results": true}, "Severity": {"Severe": true}, "Species": {"9606": true}, "population_type": {"Pediatric": true}}, "citation": {"authors": ["Li H", "Liu ZS", "Lu XX", "Ren J", "Sun D", "Xiao H", "Zhang FR"], "date": "2020-03-19", "db": "PubMed", "db_id": "32193831", "db_name": "World journal of pediatrics : WJP", "first": "Sun D", "last": "Liu ZS"}, "evidence": "Increased C-reactive protein, procalcitonin and lactate dehydrogenase were found in five patients (5/8), and increased alanine aminotransferase (ALT) in four (4/8). ", "line": 110, "relation": "positiveCorrelation"}
path(DO:"COVID-19")	positiveCorrelation	path(HP:"Breathing dysregulation")	{"annotations": {"Custom_Disease": {"COVID-19": true}, "PublicationStatus": {"Preprint": true}, "PublicationType": {"Case Report": true}, "Section": {"Results": true}, "Severity": {"Severe": true}, "Species": {"9606": true}, "population_type": {"Pediatric": true}}, "citation": {"authors": ["Li H", "Liu ZS", "Lu XX", "Ren J", "Sun D", "Xiao H", "Zhang FR"], "date": "2020-03-19", "db": "PubMed", "db_id": "32193831", "db_name": "World journal of pediatrics : WJP", "first": "Sun D", "last": "Liu ZS"}, "evidence": "In the severe pediatric patients, the most common symptom was polypnea (8/8), followed by fever (6/8), cough (6/8), expectoration (4/8), nausea/vomiting (4/8), diarrhea (3/8), fatigue/myalgia (1/8), headache (1/8) and constipation (1/8) (Table 1).", "line": 87, "relation": "positiveCorrelation"}
path(DO:"COVID-19")	positiveCorrelation	path(MESH:Fever)	{"annotations": {"Custom_Disease": {"COVID-19": true}, "PublicationStatus": {"Preprint": true}, "PublicationType": {"Case Report": true}, "Section": {"Results": true}, "Severity": {"Severe": true}, "Species": {"9606": true}, "population_type": {"Pediatric": true}}, "citation": {"authors": ["Li H", "Liu ZS", "Lu XX", "Ren J", "Sun D", "Xiao H", "Zhang FR"], "date": "2020-03-19", "db": "PubMed", "db_id": "32193831", "db_name": "World journal of pediatrics : WJP", "first": "Sun D", "last": "Liu ZS"}, "evidence": "In the severe pediatric patients, the most common symptom was polypnea (8/8), followed by fever (6/8), cough (6/8), expectoration (4/8), nausea/vomiting (4/8), diarrhea (3/8), fatigue/myalgia (1/8), headache (1/8) and constipation (1/8) (Table 1).", "line": 88, "relation": "positiveCorrelation"}
path(DO:"COVID-19")	positiveCorrelation	path(MESH:Cough)	{"annotations": {"Custom_Disease": {"COVID-19": true}, "PublicationStatus": {"Preprint": true}, "PublicationType": {"Case Report": true}, "Section": {"Results": true}, "Severity": {"Severe": true}, "Species": {"9606": true}, "population_type": {"Pediatric": true}}, "citation": {"authors": ["Li H", "Liu ZS", "Lu XX", "Ren J", "Sun D", "Xiao H", "Zhang FR"], "date": "2020-03-19", "db": "PubMed", "db_id": "32193831", "db_name": "World journal of pediatrics : WJP", "first": "Sun D", "last": "Liu ZS"}, "evidence": "In the severe pediatric patients, the most common symptom was polypnea (8/8), followed by fever (6/8), cough (6/8), expectoration (4/8), nausea/vomiting (4/8), diarrhea (3/8), fatigue/myalgia (1/8), headache (1/8) and constipation (1/8) (Table 1).", "line": 89, "relation": "positiveCorrelation"}
path(DO:"COVID-19")	positiveCorrelation	path(MESH:Fatigue)	{"annotations": {"Custom_Disease": {"COVID-19": true}, "PublicationStatus": {"Preprint": true}, "PublicationType": {"Case Report": true}, "Section": {"Results": true}, "Severity": {"Severe": true}, "Species": {"9606": true}, "population_type": {"Pediatric": true}}, "citation": {"authors": ["Li H", "Liu ZS", "Lu XX", "Ren J", "Sun D", "Xiao H", "Zhang FR"], "date": "2020-03-19", "db": "PubMed", "db_id": "32193831", "db_name": "World journal of pediatrics : WJP", "first": "Sun D", "last": "Liu ZS"}, "evidence": "In the severe pediatric patients, the most common symptom was polypnea (8/8), followed by fever (6/8), cough (6/8), expectoration (4/8), nausea/vomiting (4/8), diarrhea (3/8), fatigue/myalgia (1/8), headache (1/8) and constipation (1/8) (Table 1).", "line": 90, "relation": "positiveCorrelation"}
path(DO:"COVID-19")	positiveCorrelation	path(MESH:Myalgia)	{"annotations": {"Custom_Disease": {"COVID-19": true}, "PublicationStatus": {"Preprint": true}, "PublicationType": {"Case Report": true}, "Section": {"Results": true}, "Severity": {"Severe": true}, "Species": {"9606": true}, "population_type": {"Pediatric": true}}, "citation": {"authors": ["Li H", "Liu ZS", "Lu XX", "Ren J", "Sun D", "Xiao H", "Zhang FR"], "date": "2020-03-19", "db": "PubMed", "db_id": "32193831", "db_name": "World journal of pediatrics : WJP", "first": "Sun D", "last": "Liu ZS"}, "evidence": "In the severe pediatric patients, the most common symptom was polypnea (8/8), followed by fever (6/8), cough (6/8), expectoration (4/8), nausea/vomiting (4/8), diarrhea (3/8), fatigue/myalgia (1/8), headache (1/8) and constipation (1/8) (Table 1).", "line": 91, "relation": "positiveCorrelation"}
path(DO:"COVID-19")	positiveCorrelation	path(MESH:Vomiting)	{"annotations": {"Custom_Disease": {"COVID-19": true}, "PublicationStatus": {"Preprint": true}, "PublicationType": {"Case Report": true}, "Section": {"Results": true}, "Severity": {"Severe": true}, "Species": {"9606": true}, "population_type": {"Pediatric": true}}, "citation": {"authors": ["Li H", "Liu ZS", "Lu XX", "Ren J", "Sun D", "Xiao H", "Zhang FR"], "date": "2020-03-19", "db": "PubMed", "db_id": "32193831", "db_name": "World journal of pediatrics : WJP", "first": "Sun D", "last": "Liu ZS"}, "evidence": "In the severe pediatric patients, the most common symptom was polypnea (8/8), followed by fever (6/8), cough (6/8), expectoration (4/8), nausea/vomiting (4/8), diarrhea (3/8), fatigue/myalgia (1/8), headache (1/8) and constipation (1/8) (Table 1).", "line": 92, "relation": "positiveCorrelation"}
path(DO:"COVID-19")	positiveCorrelation	path(DO:diarrhea)	{"annotations": {"Custom_Disease": {"COVID-19": true}, "PublicationStatus": {"Preprint": true}, "PublicationType": {"Case Report": true}, "Section": {"Results": true}, "Severity": {"Severe": true}, "Species": {"9606": true}, "population_type": {"Pediatric": true}}, "citation": {"authors": ["Li H", "Liu ZS", "Lu XX", "Ren J", "Sun D", "Xiao H", "Zhang FR"], "date": "2020-03-19", "db": "PubMed", "db_id": "32193831", "db_name": "World journal of pediatrics : WJP", "first": "Sun D", "last": "Liu ZS"}, "evidence": "In the severe pediatric patients, the most common symptom was polypnea (8/8), followed by fever (6/8), cough (6/8), expectoration (4/8), nausea/vomiting (4/8), diarrhea (3/8), fatigue/myalgia (1/8), headache (1/8) and constipation (1/8) (Table 1).", "line": 93, "relation": "positiveCorrelation"}
path(DO:"COVID-19")	positiveCorrelation	path(DO:constipation)	{"annotations": {"Custom_Disease": {"COVID-19": true}, "PublicationStatus": {"Preprint": true}, "PublicationType": {"Case Report": true}, "Section": {"Results": true}, "Severity": {"Severe": true}, "Species": {"9606": true}, "population_type": {"Pediatric": true}}, "citation": {"authors": ["Li H", "Liu ZS", "Lu XX", "Ren J", "Sun D", "Xiao H", "Zhang FR"], "date": "2020-03-19", "db": "PubMed", "db_id": "32193831", "db_name": "World journal of pediatrics : WJP", "first": "Sun D", "last": "Liu ZS"}, "evidence": "In the severe pediatric patients, the most common symptom was polypnea (8/8), followed by fever (6/8), cough (6/8), expectoration (4/8), nausea/vomiting (4/8), diarrhea (3/8), fatigue/myalgia (1/8), headache (1/8) and constipation (1/8) (Table 1).", "line": 94, "relation": "positiveCorrelation"}
path(DO:"COVID-19")	positiveCorrelation	path(MESH:Headache)	{"annotations": {"Custom_Disease": {"COVID-19": true}, "PublicationStatus": {"Preprint": true}, "PublicationType": {"Case Report": true}, "Section": {"Results": true}, "Severity": {"Severe": true}, "Species": {"9606": true}, "population_type": {"Pediatric": true}}, "citation": {"authors": ["Li H", "Liu ZS", "Lu XX", "Ren J", "Sun D", "Xiao H", "Zhang FR"], "date": "2020-03-19", "db": "PubMed", "db_id": "32193831", "db_name": "World journal of pediatrics : WJP", "first": "Sun D", "last": "Liu ZS"}, "evidence": "In the severe pediatric patients, the most common symptom was polypnea (8/8), followed by fever (6/8), cough (6/8), expectoration (4/8), nausea/vomiting (4/8), diarrhea (3/8), fatigue/myalgia (1/8), headache (1/8) and constipation (1/8) (Table 1).", "line": 95, "relation": "positiveCorrelation"}
path(DO:"COVID-19")	positiveCorrelation	a(MESH:Expectorants)	{"annotations": {"Custom_Disease": {"COVID-19": true}, "PublicationStatus": {"Preprint": true}, "PublicationType": {"Case Report": true}, "Section": {"Results": true}, "Severity": {"Severe": true}, "Species": {"9606": true}, "population_type": {"Pediatric": true}}, "citation": {"authors": ["Li H", "Liu ZS", "Lu XX", "Ren J", "Sun D", "Xiao H", "Zhang FR"], "date": "2020-03-19", "db": "PubMed", "db_id": "32193831", "db_name": "World journal of pediatrics : WJP", "first": "Sun D", "last": "Liu ZS"}, "evidence": "In the severe pediatric patients, the most common symptom was polypnea (8/8), followed by fever (6/8), cough (6/8), expectoration (4/8), nausea/vomiting (4/8), diarrhea (3/8), fatigue/myalgia (1/8), headache (1/8) and constipation (1/8) (Table 1).", "line": 96, "relation": "positiveCorrelation"}
path(DO:"COVID-19")	positiveCorrelation	path(DO:pneumonia)	{"annotations": {"Custom_Disease": {"COVID-19": true}, "PublicationStatus": {"Preprint": true}, "PublicationType": {"Case Report": true}, "Section": {"Results": true}, "Severity": {"Severe": true}, "Species": {"9606": true}, "population_type": {"Pediatric": true}}, "citation": {"authors": ["Li H", "Liu ZS", "Lu XX", "Ren J", "Sun D", "Xiao H", "Zhang FR"], "date": "2020-03-19", "db": "PubMed", "db_id": "32193831", "db_name": "World journal of pediatrics : WJP", "first": "Sun D", "last": "Liu ZS"}, "evidence": "Six patients had bilateral pneumonia and two unilateral pneumonia.", "line": 100, "relation": "positiveCorrelation"}
path(DO:"COVID-19")	positiveCorrelation	p(HGNC:GPT)	{"annotations": {"Custom_Disease": {"COVID-19": true}, "MeSHAnatomy": {"Blood": true}, "PublicationStatus": {"Preprint": true}, "PublicationType": {"Case Report": true}, "Section": {"Results": true}, "Severity": {"Severe": true}, "Species": {"9606": true}, "population_type": {"Pediatric": true}}, "citation": {"authors": ["Li H", "Liu ZS", "Lu XX", "Ren J", "Sun D", "Xiao H", "Zhang FR"], "date": "2020-03-19", "db": "PubMed", "db_id": "32193831", "db_name": "World journal of pediatrics : WJP", "first": "Sun D", "last": "Liu ZS"}, "evidence": "Increased C-reactive protein, procalcitonin and lactate dehydrogenase were found in five patients (5/8), and increased alanine aminotransferase (ALT) in four (4/8). ", "line": 105, "relation": "positiveCorrelation"}
path(DO:"COVID-19")	positiveCorrelation	p(HGNC:LDHA)	{"annotations": {"Custom_Disease": {"COVID-19": true}, "MeSHAnatomy": {"Blood": true}, "PublicationStatus": {"Preprint": true}, "PublicationType": {"Case Report": true}, "Section": {"Results": true}, "Severity": {"Severe": true}, "Species": {"9606": true}, "population_type": {"Pediatric": true}}, "citation": {"authors": ["Li H", "Liu ZS", "Lu XX", "Ren J", "Sun D", "Xiao H", "Zhang FR"], "date": "2020-03-19", "db": "PubMed", "db_id": "32193831", "db_name": "World journal of pediatrics : WJP", "first": "Sun D", "last": "Liu ZS"}, "evidence": "Increased C-reactive protein, procalcitonin and lactate dehydrogenase were found in five patients (5/8), and increased alanine aminotransferase (ALT) in four (4/8). ", "line": 106, "relation": "positiveCorrelation"}
path(DO:"COVID-19")	positiveCorrelation	p(HGNC:LDHB)	{"annotations": {"Custom_Disease": {"COVID-19": true}, "MeSHAnatomy": {"Blood": true}, "PublicationStatus": {"Preprint": true}, "PublicationType": {"Case Report": true}, "Section": {"Results": true}, "Severity": {"Severe": true}, "Species": {"9606": true}, "population_type": {"Pediatric": true}}, "citation": {"authors": ["Li H", "Liu ZS", "Lu XX", "Ren J", "Sun D", "Xiao H", "Zhang FR"], "date": "2020-03-19", "db": "PubMed", "db_id": "32193831", "db_name": "World journal of pediatrics : WJP", "first": "Sun D", "last": "Liu ZS"}, "evidence": "Increased C-reactive protein, procalcitonin and lactate dehydrogenase were found in five patients (5/8), and increased alanine aminotransferase (ALT) in four (4/8). ", "line": 107, "relation": "positiveCorrelation"}
path(DO:"COVID-19")	positiveCorrelation	p(HGNC:LDHC)	{"annotations": {"Custom_Disease": {"COVID-19": true}, "MeSHAnatomy": {"Blood": true}, "PublicationStatus": {"Preprint": true}, "PublicationType": {"Case Report": true}, "Section": {"Results": true}, "Severity": {"Severe": true}, "Species": {"9606": true}, "population_type": {"Pediatric": true}}, "citation": {"authors": ["Li H", "Liu ZS", "Lu XX", "Ren J", "Sun D", "Xiao H", "Zhang FR"], "date": "2020-03-19", "db": "PubMed", "db_id": "32193831", "db_name": "World journal of pediatrics : WJP", "first": "Sun D", "last": "Liu ZS"}, "evidence": "Increased C-reactive protein, procalcitonin and lactate dehydrogenase were found in five patients (5/8), and increased alanine aminotransferase (ALT) in four (4/8). ", "line": 108, "relation": "positiveCorrelation"}
path(DO:"COVID-19")	positiveCorrelation	p(HGNC:CRP)	{"annotations": {"Custom_Disease": {"COVID-19": true}, "MeSHAnatomy": {"Blood": true}, "PublicationStatus": {"Preprint": true}, "PublicationType": {"Case Report": true}, "Section": {"Results": true}, "Severity": {"Severe": true}, "Species": {"9606": true}, "population_type": {"Pediatric": true}}, "citation": {"authors": ["Li H", "Liu ZS", "Lu XX", "Ren J", "Sun D", "Xiao H", "Zhang FR"], "date": "2020-03-19", "db": "PubMed", "db_id": "32193831", "db_name": "World journal of pediatrics : WJP", "first": "Sun D", "last": "Liu ZS"}, "evidence": "Increased C-reactive protein, procalcitonin and lactate dehydrogenase were found in five patients (5/8), and increased alanine aminotransferase (ALT) in four (4/8). ", "line": 109, "relation": "positiveCorrelation"}
path(DO:"COVID-19")	positiveCorrelation	p(MESH:preprocalcitonin)	{"annotations": {"Custom_Disease": {"COVID-19": true}, "MeSHAnatomy": {"Blood": true}, "PublicationStatus": {"Preprint": true}, "PublicationType": {"Case Report": true}, "Section": {"Results": true}, "Severity": {"Severe": true}, "Species": {"9606": true}, "population_type": {"Pediatric": true}}, "citation": {"authors": ["Li H", "Liu ZS", "Lu XX", "Ren J", "Sun D", "Xiao H", "Zhang FR"], "date": "2020-03-19", "db": "PubMed", "db_id": "32193831", "db_name": "World journal of pediatrics : WJP", "first": "Sun D", "last": "Liu ZS"}, "evidence": "Increased C-reactive protein, procalcitonin and lactate dehydrogenase were found in five patients (5/8), and increased alanine aminotransferase (ALT) in four (4/8). ", "line": 110, "relation": "positiveCorrelation"}
path(DO:"COVID-19")	positiveCorrelation	bp(EFO:"D dimer measurement")	{"annotations": {"Custom_Disease": {"COVID-19": true}, "MeSHAnatomy": {"Blood": true}, "PublicationStatus": {"Preprint": true}, "PublicationType": {"Case Report": true}, "Section": {"Results": true}, "Severity": {"Severe": true}, "Species": {"9606": true}, "population_type": {"Pediatric": true}}, "citation": {"authors": ["Li H", "Liu ZS", "Lu XX", "Ren J", "Sun D", "Xiao H", "Zhang FR"], "date": "2020-03-19", "db": "PubMed", "db_id": "32193831", "db_name": "World journal of pediatrics : WJP", "first": "Sun D", "last": "Liu ZS"}, "evidence": "Two patients (2/5) had high D-dimer level.", "line": 114, "relation": "positiveCorrelation"}
path(DO:"COVID-19")	negativeCorrelation	a(FIXME:"CD16 positive CD56 positive lymphocyte")	{"annotations": {"Custom_Disease": {"COVID-19": true}, "MeSHAnatomy": {"Blood": true}, "PublicationStatus": {"Preprint": true}, "PublicationType": {"Case Report": true}, "Section": {"Results": true}, "Severity": {"Severe": true}, "Species": {"9606": true}, "population_type": {"Pediatric": true}}, "citation": {"authors": ["Li H", "Liu ZS", "Lu XX", "Ren J", "Sun D", "Xiao H", "Zhang FR"], "date": "2020-03-19", "db": "PubMed", "db_id": "32193831", "db_name": "World journal of pediatrics : WJP", "first": "Sun D", "last": "Liu ZS"}, "evidence": "TBNK lymphocyte subset analysis revealed decreased percentage of CD16\u2009+\u2009CD56 + lymphocytes (4/8) and Th/Ts (1/8), and increased percentage of CD3 + (2/8), CD4 + (4/8) and CD8 + (1/8) lymphocytes. Cytokine detection assays showed increased levels of IL-6 (2/8), IL-10 (5/8) and IFN-\u03b3 (2/8).", "line": 118, "relation": "negativeCorrelation"}
path(DO:"COVID-19")	positiveCorrelation	a(EFO:"CD4-positive helper T cell")	{"annotations": {"Custom_Disease": {"COVID-19": true}, "MeSHAnatomy": {"Blood": true}, "PublicationStatus": {"Preprint": true}, "PublicationType": {"Case Report": true}, "Section": {"Results": true}, "Severity": {"Severe": true}, "Species": {"9606": true}, "population_type": {"Pediatric": true}}, "citation": {"authors": ["Li H", "Liu ZS", "Lu XX", "Ren J", "Sun D", "Xiao H", "Zhang FR"], "date": "2020-03-19", "db": "PubMed", "db_id": "32193831", "db_name": "World journal of pediatrics : WJP", "first": "Sun D", "last": "Liu ZS"}, "evidence": "TBNK lymphocyte subset analysis revealed decreased percentage of CD16\u2009+\u2009CD56 + lymphocytes (4/8) and Th/Ts (1/8), and increased percentage of CD3 + (2/8), CD4 + (4/8) and CD8 + (1/8) lymphocytes. Cytokine detection assays showed increased levels of IL-6 (2/8), IL-10 (5/8) and IFN-\u03b3 (2/8).", "line": 119, "relation": "positiveCorrelation"}
path(DO:"COVID-19")	positiveCorrelation	a(EFO:"CD8-Positive T-Lymphocytes")	{"annotations": {"Custom_Disease": {"COVID-19": true}, "MeSHAnatomy": {"Blood": true}, "PublicationStatus": {"Preprint": true}, "PublicationType": {"Case Report": true}, "Section": {"Results": true}, "Severity": {"Severe": true}, "Species": {"9606": true}, "population_type": {"Pediatric": true}}, "citation": {"authors": ["Li H", "Liu ZS", "Lu XX", "Ren J", "Sun D", "Xiao H", "Zhang FR"], "date": "2020-03-19", "db": "PubMed", "db_id": "32193831", "db_name": "World journal of pediatrics : WJP", "first": "Sun D", "last": "Liu ZS"}, "evidence": "TBNK lymphocyte subset analysis revealed decreased percentage of CD16\u2009+\u2009CD56 + lymphocytes (4/8) and Th/Ts (1/8), and increased percentage of CD3 + (2/8), CD4 + (4/8) and CD8 + (1/8) lymphocytes. Cytokine detection assays showed increased levels of IL-6 (2/8), IL-10 (5/8) and IFN-\u03b3 (2/8).", "line": 120, "relation": "positiveCorrelation"}
path(DO:"COVID-19")	negativeCorrelation	a(FIXME:"CD3-positive lymphocyte")	{"annotations": {"Custom_Disease": {"COVID-19": true}, "MeSHAnatomy": {"Blood": true}, "PublicationStatus": {"Preprint": true}, "PublicationType": {"Case Report": true}, "Section": {"Results": true}, "Severity": {"Severe": true}, "Species": {"9606": true}, "population_type": {"Pediatric": true}}, "citation": {"authors": ["Li H", "Liu ZS", "Lu XX", "Ren J", "Sun D", "Xiao H", "Zhang FR"], "date": "2020-03-19", "db": "PubMed", "db_id": "32193831", "db_name": "World journal of pediatrics : WJP", "first": "Sun D", "last": "Liu ZS"}, "evidence": "TBNK lymphocyte subset analysis revealed decreased percentage of CD16\u2009+\u2009CD56 + lymphocytes (4/8) and Th/Ts (1/8), and increased percentage of CD3 + (2/8), CD4 + (4/8) and CD8 + (1/8) lymphocytes. Cytokine detection assays showed increased levels of IL-6 (2/8), IL-10 (5/8) and IFN-\u03b3 (2/8).", "line": 121, "relation": "negativeCorrelation"}
path(DO:"COVID-19")	positiveCorrelation	p(HGNC:IL6)	{"annotations": {"Custom_Disease": {"COVID-19": true}, "MeSHAnatomy": {"Blood": true}, "PublicationStatus": {"Preprint": true}, "PublicationType": {"Case Report": true}, "Section": {"Results": true}, "Severity": {"Severe": true}, "Species": {"9606": true}, "population_type": {"Pediatric": true}}, "citation": {"authors": ["Li H", "Liu ZS", "Lu XX", "Ren J", "Sun D", "Xiao H", "Zhang FR"], "date": "2020-03-19", "db": "PubMed", "db_id": "32193831", "db_name": "World journal of pediatrics : WJP", "first": "Sun D", "last": "Liu ZS"}, "evidence": "TBNK lymphocyte subset analysis revealed decreased percentage of CD16\u2009+\u2009CD56 + lymphocytes (4/8) and Th/Ts (1/8), and increased percentage of CD3 + (2/8), CD4 + (4/8) and CD8 + (1/8) lymphocytes. Cytokine detection assays showed increased levels of IL-6 (2/8), IL-10 (5/8) and IFN-\u03b3 (2/8).", "line": 122, "relation": "positiveCorrelation"}
path(DO:"COVID-19")	positiveCorrelation	p(HGNC:IL10)	{"annotations": {"Custom_Disease": {"COVID-19": true}, "MeSHAnatomy": {"Blood": true}, "PublicationStatus": {"Preprint": true}, "PublicationType": {"Case Report": true}, "Section": {"Results": true}, "Severity": {"Severe": true}, "Species": {"9606": true}, "population_type": {"Pediatric": true}}, "citation": {"authors": ["Li H", "Liu ZS", "Lu XX", "Ren J", "Sun D", "Xiao H", "Zhang FR"], "date": "2020-03-19", "db": "PubMed", "db_id": "32193831", "db_name": "World journal of pediatrics : WJP", "first": "Sun D", "last": "Liu ZS"}, "evidence": "TBNK lymphocyte subset analysis revealed decreased percentage of CD16\u2009+\u2009CD56 + lymphocytes (4/8) and Th/Ts (1/8), and increased percentage of CD3 + (2/8), CD4 + (4/8) and CD8 + (1/8) lymphocytes. Cytokine detection assays showed increased levels of IL-6 (2/8), IL-10 (5/8) and IFN-\u03b3 (2/8).", "line": 123, "relation": "positiveCorrelation"}
path(DO:"COVID-19")	positiveCorrelation	p(HGNC:IFNG)	{"annotations": {"Custom_Disease": {"COVID-19": true}, "MeSHAnatomy": {"Blood": true}, "PublicationStatus": {"Preprint": true}, "PublicationType": {"Case Report": true}, "Section": {"Results": true}, "Severity": {"Severe": true}, "Species": {"9606": true}, "population_type": {"Pediatric": true}}, "citation": {"authors": ["Li H", "Liu ZS", "Lu XX", "Ren J", "Sun D", "Xiao H", "Zhang FR"], "date": "2020-03-19", "db": "PubMed", "db_id": "32193831", "db_name": "World journal of pediatrics : WJP", "first": "Sun D", "last": "Liu ZS"}, "evidence": "TBNK lymphocyte subset analysis revealed decreased percentage of CD16\u2009+\u2009CD56 + lymphocytes (4/8) and Th/Ts (1/8), and increased percentage of CD3 + (2/8), CD4 + (4/8) and CD8 + (1/8) lymphocytes. Cytokine detection assays showed increased levels of IL-6 (2/8), IL-10 (5/8) and IFN-\u03b3 (2/8).", "line": 124, "relation": "positiveCorrelation"}
path(DO:constipation)	positiveCorrelation	path(DO:"COVID-19")	{"annotations": {"Custom_Disease": {"COVID-19": true}, "PublicationStatus": {"Preprint": true}, "PublicationType": {"Case Report": true}, "Section": {"Results": true}, "Severity": {"Severe": true}, "Species": {"9606": true}, "population_type": {"Pediatric": true}}, "citation": {"authors": ["Li H", "Liu ZS", "Lu XX", "Ren J", "Sun D", "Xiao H", "Zhang FR"], "date": "2020-03-19", "db": "PubMed", "db_id": "32193831", "db_name": "World journal of pediatrics : WJP", "first": "Sun D", "last": "Liu ZS"}, "evidence": "In the severe pediatric patients, the most common symptom was polypnea (8/8), followed by fever (6/8), cough (6/8), expectoration (4/8), nausea/vomiting (4/8), diarrhea (3/8), fatigue/myalgia (1/8), headache (1/8) and constipation (1/8) (Table 1).", "line": 94, "relation": "positiveCorrelation"}
path(DO:diarrhea)	positiveCorrelation	path(DO:"COVID-19")	{"annotations": {"Custom_Disease": {"COVID-19": true}, "PublicationStatus": {"Preprint": true}, "PublicationType": {"Case Report": true}, "Section": {"Results": true}, "Severity": {"Severe": true}, "Species": {"9606": true}, "population_type": {"Pediatric": true}}, "citation": {"authors": ["Li H", "Liu ZS", "Lu XX", "Ren J", "Sun D", "Xiao H", "Zhang FR"], "date": "2020-03-19", "db": "PubMed", "db_id": "32193831", "db_name": "World journal of pediatrics : WJP", "first": "Sun D", "last": "Liu ZS"}, "evidence": "In the severe pediatric patients, the most common symptom was polypnea (8/8), followed by fever (6/8), cough (6/8), expectoration (4/8), nausea/vomiting (4/8), diarrhea (3/8), fatigue/myalgia (1/8), headache (1/8) and constipation (1/8) (Table 1).", "line": 93, "relation": "positiveCorrelation"}
path(DO:pneumonia)	positiveCorrelation	path(DO:"COVID-19")	{"annotations": {"Custom_Disease": {"COVID-19": true}, "PublicationStatus": {"Preprint": true}, "PublicationType": {"Case Report": true}, "Section": {"Results": true}, "Severity": {"Severe": true}, "Species": {"9606": true}, "population_type": {"Pediatric": true}}, "citation": {"authors": ["Li H", "Liu ZS", "Lu XX", "Ren J", "Sun D", "Xiao H", "Zhang FR"], "date": "2020-03-19", "db": "PubMed", "db_id": "32193831", "db_name": "World journal of pediatrics : WJP", "first": "Sun D", "last": "Liu ZS"}, "evidence": "Six patients had bilateral pneumonia and two unilateral pneumonia.", "line": 100, "relation": "positiveCorrelation"}
path(HP:"Breathing dysregulation")	positiveCorrelation	path(DO:"COVID-19")	{"annotations": {"Custom_Disease": {"COVID-19": true}, "PublicationStatus": {"Preprint": true}, "PublicationType": {"Case Report": true}, "Section": {"Results": true}, "Severity": {"Severe": true}, "Species": {"9606": true}, "population_type": {"Pediatric": true}}, "citation": {"authors": ["Li H", "Liu ZS", "Lu XX", "Ren J", "Sun D", "Xiao H", "Zhang FR"], "date": "2020-03-19", "db": "PubMed", "db_id": "32193831", "db_name": "World journal of pediatrics : WJP", "first": "Sun D", "last": "Liu ZS"}, "evidence": "In the severe pediatric patients, the most common symptom was polypnea (8/8), followed by fever (6/8), cough (6/8), expectoration (4/8), nausea/vomiting (4/8), diarrhea (3/8), fatigue/myalgia (1/8), headache (1/8) and constipation (1/8) (Table 1).", "line": 87, "relation": "positiveCorrelation"}
path(MESH:Cough)	positiveCorrelation	path(DO:"COVID-19")	{"annotations": {"Custom_Disease": {"COVID-19": true}, "PublicationStatus": {"Preprint": true}, "PublicationType": {"Case Report": true}, "Section": {"Results": true}, "Severity": {"Severe": true}, "Species": {"9606": true}, "population_type": {"Pediatric": true}}, "citation": {"authors": ["Li H", "Liu ZS", "Lu XX", "Ren J", "Sun D", "Xiao H", "Zhang FR"], "date": "2020-03-19", "db": "PubMed", "db_id": "32193831", "db_name": "World journal of pediatrics : WJP", "first": "Sun D", "last": "Liu ZS"}, "evidence": "In the severe pediatric patients, the most common symptom was polypnea (8/8), followed by fever (6/8), cough (6/8), expectoration (4/8), nausea/vomiting (4/8), diarrhea (3/8), fatigue/myalgia (1/8), headache (1/8) and constipation (1/8) (Table 1).", "line": 89, "relation": "positiveCorrelation"}
path(MESH:Fatigue)	positiveCorrelation	path(DO:"COVID-19")	{"annotations": {"Custom_Disease": {"COVID-19": true}, "PublicationStatus": {"Preprint": true}, "PublicationType": {"Case Report": true}, "Section": {"Results": true}, "Severity": {"Severe": true}, "Species": {"9606": true}, "population_type": {"Pediatric": true}}, "citation": {"authors": ["Li H", "Liu ZS", "Lu XX", "Ren J", "Sun D", "Xiao H", "Zhang FR"], "date": "2020-03-19", "db": "PubMed", "db_id": "32193831", "db_name": "World journal of pediatrics : WJP", "first": "Sun D", "last": "Liu ZS"}, "evidence": "In the severe pediatric patients, the most common symptom was polypnea (8/8), followed by fever (6/8), cough (6/8), expectoration (4/8), nausea/vomiting (4/8), diarrhea (3/8), fatigue/myalgia (1/8), headache (1/8) and constipation (1/8) (Table 1).", "line": 90, "relation": "positiveCorrelation"}
path(MESH:Fever)	positiveCorrelation	path(DO:"COVID-19")	{"annotations": {"Custom_Disease": {"COVID-19": true}, "PublicationStatus": {"Preprint": true}, "PublicationType": {"Case Report": true}, "Section": {"Results": true}, "Severity": {"Severe": true}, "Species": {"9606": true}, "population_type": {"Pediatric": true}}, "citation": {"authors": ["Li H", "Liu ZS", "Lu XX", "Ren J", "Sun D", "Xiao H", "Zhang FR"], "date": "2020-03-19", "db": "PubMed", "db_id": "32193831", "db_name": "World journal of pediatrics : WJP", "first": "Sun D", "last": "Liu ZS"}, "evidence": "In the severe pediatric patients, the most common symptom was polypnea (8/8), followed by fever (6/8), cough (6/8), expectoration (4/8), nausea/vomiting (4/8), diarrhea (3/8), fatigue/myalgia (1/8), headache (1/8) and constipation (1/8) (Table 1).", "line": 88, "relation": "positiveCorrelation"}
path(MESH:Headache)	positiveCorrelation	path(DO:"COVID-19")	{"annotations": {"Custom_Disease": {"COVID-19": true}, "PublicationStatus": {"Preprint": true}, "PublicationType": {"Case Report": true}, "Section": {"Results": true}, "Severity": {"Severe": true}, "Species": {"9606": true}, "population_type": {"Pediatric": true}}, "citation": {"authors": ["Li H", "Liu ZS", "Lu XX", "Ren J", "Sun D", "Xiao H", "Zhang FR"], "date": "2020-03-19", "db": "PubMed", "db_id": "32193831", "db_name": "World journal of pediatrics : WJP", "first": "Sun D", "last": "Liu ZS"}, "evidence": "In the severe pediatric patients, the most common symptom was polypnea (8/8), followed by fever (6/8), cough (6/8), expectoration (4/8), nausea/vomiting (4/8), diarrhea (3/8), fatigue/myalgia (1/8), headache (1/8) and constipation (1/8) (Table 1).", "line": 95, "relation": "positiveCorrelation"}
path(MESH:Myalgia)	positiveCorrelation	path(DO:"COVID-19")	{"annotations": {"Custom_Disease": {"COVID-19": true}, "PublicationStatus": {"Preprint": true}, "PublicationType": {"Case Report": true}, "Section": {"Results": true}, "Severity": {"Severe": true}, "Species": {"9606": true}, "population_type": {"Pediatric": true}}, "citation": {"authors": ["Li H", "Liu ZS", "Lu XX", "Ren J", "Sun D", "Xiao H", "Zhang FR"], "date": "2020-03-19", "db": "PubMed", "db_id": "32193831", "db_name": "World journal of pediatrics : WJP", "first": "Sun D", "last": "Liu ZS"}, "evidence": "In the severe pediatric patients, the most common symptom was polypnea (8/8), followed by fever (6/8), cough (6/8), expectoration (4/8), nausea/vomiting (4/8), diarrhea (3/8), fatigue/myalgia (1/8), headache (1/8) and constipation (1/8) (Table 1).", "line": 91, "relation": "positiveCorrelation"}
path(MESH:Vomiting)	positiveCorrelation	path(DO:"COVID-19")	{"annotations": {"Custom_Disease": {"COVID-19": true}, "PublicationStatus": {"Preprint": true}, "PublicationType": {"Case Report": true}, "Section": {"Results": true}, "Severity": {"Severe": true}, "Species": {"9606": true}, "population_type": {"Pediatric": true}}, "citation": {"authors": ["Li H", "Liu ZS", "Lu XX", "Ren J", "Sun D", "Xiao H", "Zhang FR"], "date": "2020-03-19", "db": "PubMed", "db_id": "32193831", "db_name": "World journal of pediatrics : WJP", "first": "Sun D", "last": "Liu ZS"}, "evidence": "In the severe pediatric patients, the most common symptom was polypnea (8/8), followed by fever (6/8), cough (6/8), expectoration (4/8), nausea/vomiting (4/8), diarrhea (3/8), fatigue/myalgia (1/8), headache (1/8) and constipation (1/8) (Table 1).", "line": 92, "relation": "positiveCorrelation"}
