a(CHEBI:lopinavir)	partOf	composite(a(CHEBI:lopinavir), a(CHEBI:ritonavir))	{"relation": "partOf"}
a(CHEBI:ritonavir)	partOf	composite(a(CHEBI:lopinavir), a(CHEBI:ritonavir))	{"relation": "partOf"}
a(CHEBI:umifenovir)	decreases	path(DO:"COVID-19")	{"annotations": {"Custom_Disease": {"COVID-19": true}, "PublicationStatus": {"Preprint": true}, "PublicationType": {"Case Study": true}, "Section": {"Results": true}, "Species": {"9606": true}}, "citation": {"authors": ["Akdis CA", "Cao YY", "Dong X", "Du H", "Gao YD", "Lu XX", "Yan YQ", "Zhang JJ"], "date": "2020-03-20", "db": "PubMed", "db_id": "32196678", "db_name": "Allergy", "first": "Dong X", "last": "Gao YD"}, "evidence": "The patient recovered after treatment with antiviral 50 therapy (Arbidol) and supportive care.", "line": 56, "relation": "decreases"}
a(CHEBI:umifenovir)	decreases	path(DO:"COVID-19")	{"annotations": {"Complication": {"history of urticaria": true}, "Custom_Disease": {"COVID-19": true}, "PublicationStatus": {"Preprint": true}, "PublicationType": {"Case Study": true}, "Section": {"Results": true}, "Species": {"9606": true}}, "citation": {"authors": ["Akdis CA", "Cao YY", "Dong X", "Du H", "Gao YD", "Lu XX", "Yan YQ", "Zhang JJ"], "date": "2020-03-20", "db": "PubMed", "db_id": "32196678", "db_name": "Allergy", "first": "Dong X", "last": "Gao YD"}, "evidence": "Symptoms improved after antiviral treatment (Arbidol) and supportive care", "line": 230, "relation": "decreases"}
a(CHEBI:umifenovir)	decreases	path(MESH:Fatigue)	{"annotations": {"Custom_Disease": {"COVID-19": true}, "PublicationStatus": {"Preprint": true}, "PublicationType": {"Case Study": true}, "Section": {"Results": true}, "Species": {"9606": true}}, "citation": {"authors": ["Akdis CA", "Cao YY", "Dong X", "Du H", "Gao YD", "Lu XX", "Yan YQ", "Zhang JJ"], "date": "2020-03-20", "db": "PubMed", "db_id": "32196678", "db_name": "Allergy", "first": "Dong X", "last": "Gao YD"}, "evidence": "Fatigue, cough, fever, and diarrhea symptoms gradually improved after treatment with antiviral medication (Arbidol, Kaletra and inhalation of interferon-\u03b1) and supportive care.", "line": 113, "relation": "decreases"}
a(CHEBI:umifenovir)	decreases	path(MESH:Cough)	{"annotations": {"Custom_Disease": {"COVID-19": true}, "PublicationStatus": {"Preprint": true}, "PublicationType": {"Case Study": true}, "Section": {"Results": true}, "Species": {"9606": true}}, "citation": {"authors": ["Akdis CA", "Cao YY", "Dong X", "Du H", "Gao YD", "Lu XX", "Yan YQ", "Zhang JJ"], "date": "2020-03-20", "db": "PubMed", "db_id": "32196678", "db_name": "Allergy", "first": "Dong X", "last": "Gao YD"}, "evidence": "Fatigue, cough, fever, and diarrhea symptoms gradually improved after treatment with antiviral medication (Arbidol, Kaletra and inhalation of interferon-\u03b1) and supportive care.", "line": 114, "relation": "decreases"}
a(CHEBI:umifenovir)	decreases	path(MESH:Fever)	{"annotations": {"Custom_Disease": {"COVID-19": true}, "PublicationStatus": {"Preprint": true}, "PublicationType": {"Case Study": true}, "Section": {"Results": true}, "Species": {"9606": true}}, "citation": {"authors": ["Akdis CA", "Cao YY", "Dong X", "Du H", "Gao YD", "Lu XX", "Yan YQ", "Zhang JJ"], "date": "2020-03-20", "db": "PubMed", "db_id": "32196678", "db_name": "Allergy", "first": "Dong X", "last": "Gao YD"}, "evidence": "Fatigue, cough, fever, and diarrhea symptoms gradually improved after treatment with antiviral medication (Arbidol, Kaletra and inhalation of interferon-\u03b1) and supportive care.", "line": 115, "relation": "decreases"}
a(CHEBI:umifenovir)	decreases	path(DO:diarrhea)	{"annotations": {"Custom_Disease": {"COVID-19": true}, "PublicationStatus": {"Preprint": true}, "PublicationType": {"Case Study": true}, "Section": {"Results": true}, "Species": {"9606": true}}, "citation": {"authors": ["Akdis CA", "Cao YY", "Dong X", "Du H", "Gao YD", "Lu XX", "Yan YQ", "Zhang JJ"], "date": "2020-03-20", "db": "PubMed", "db_id": "32196678", "db_name": "Allergy", "first": "Dong X", "last": "Gao YD"}, "evidence": "Fatigue, cough, fever, and diarrhea symptoms gradually improved after treatment with antiviral medication (Arbidol, Kaletra and inhalation of interferon-\u03b1) and supportive care.", "line": 116, "relation": "decreases"}
a(MESH:"Interferon-alpha")	decreases	path(MESH:Fatigue)	{"annotations": {"Custom_Disease": {"COVID-19": true}, "PublicationStatus": {"Preprint": true}, "PublicationType": {"Case Study": true}, "Section": {"Results": true}, "Species": {"9606": true}}, "citation": {"authors": ["Akdis CA", "Cao YY", "Dong X", "Du H", "Gao YD", "Lu XX", "Yan YQ", "Zhang JJ"], "date": "2020-03-20", "db": "PubMed", "db_id": "32196678", "db_name": "Allergy", "first": "Dong X", "last": "Gao YD"}, "evidence": "Fatigue, cough, fever, and diarrhea symptoms gradually improved after treatment with antiviral medication (Arbidol, Kaletra and inhalation of interferon-\u03b1) and supportive care.", "line": 121, "relation": "decreases"}
a(MESH:"Interferon-alpha")	decreases	path(MESH:Cough)	{"annotations": {"Custom_Disease": {"COVID-19": true}, "PublicationStatus": {"Preprint": true}, "PublicationType": {"Case Study": true}, "Section": {"Results": true}, "Species": {"9606": true}}, "citation": {"authors": ["Akdis CA", "Cao YY", "Dong X", "Du H", "Gao YD", "Lu XX", "Yan YQ", "Zhang JJ"], "date": "2020-03-20", "db": "PubMed", "db_id": "32196678", "db_name": "Allergy", "first": "Dong X", "last": "Gao YD"}, "evidence": "Fatigue, cough, fever, and diarrhea symptoms gradually improved after treatment with antiviral medication (Arbidol, Kaletra and inhalation of interferon-\u03b1) and supportive care.", "line": 122, "relation": "decreases"}
a(MESH:"Interferon-alpha")	decreases	path(MESH:Fever)	{"annotations": {"Custom_Disease": {"COVID-19": true}, "PublicationStatus": {"Preprint": true}, "PublicationType": {"Case Study": true}, "Section": {"Results": true}, "Species": {"9606": true}}, "citation": {"authors": ["Akdis CA", "Cao YY", "Dong X", "Du H", "Gao YD", "Lu XX", "Yan YQ", "Zhang JJ"], "date": "2020-03-20", "db": "PubMed", "db_id": "32196678", "db_name": "Allergy", "first": "Dong X", "last": "Gao YD"}, "evidence": "Fatigue, cough, fever, and diarrhea symptoms gradually improved after treatment with antiviral medication (Arbidol, Kaletra and inhalation of interferon-\u03b1) and supportive care.", "line": 123, "relation": "decreases"}
a(MESH:"Interferon-alpha")	decreases	path(DO:diarrhea)	{"annotations": {"Custom_Disease": {"COVID-19": true}, "PublicationStatus": {"Preprint": true}, "PublicationType": {"Case Study": true}, "Section": {"Results": true}, "Species": {"9606": true}}, "citation": {"authors": ["Akdis CA", "Cao YY", "Dong X", "Du H", "Gao YD", "Lu XX", "Yan YQ", "Zhang JJ"], "date": "2020-03-20", "db": "PubMed", "db_id": "32196678", "db_name": "Allergy", "first": "Dong X", "last": "Gao YD"}, "evidence": "Fatigue, cough, fever, and diarrhea symptoms gradually improved after treatment with antiviral medication (Arbidol, Kaletra and inhalation of interferon-\u03b1) and supportive care.", "line": 124, "relation": "decreases"}
a(MESH:"Interferon-alpha")	decreases	path(DO:"COVID-19")	{"annotations": {"Complication": {"history of allergic rhinitis": true}, "Custom_Disease": {"COVID-19": true}, "PublicationStatus": {"Preprint": true}, "PublicationType": {"Case Study": true}, "Section": {"Results": true}, "Species": {"9606": true}}, "citation": {"authors": ["Akdis CA", "Cao YY", "Dong X", "Du H", "Gao YD", "Lu XX", "Yan YQ", "Zhang JJ"], "date": "2020-03-20", "db": "PubMed", "db_id": "32196678", "db_name": "Allergy", "first": "Dong X", "last": "Gao YD"}, "evidence": "Symptoms were relieved after inhalation of interferon-\u03b1 and supportive care", "line": 198, "relation": "decreases"}
a(MESH:"Interferon-alpha")	decreases	path(DO:"COVID-19")	{"annotations": {"Complication": {"history of atopic dermatitis": true}, "Custom_Disease": {"COVID-19": true}, "PublicationStatus": {"Preprint": true}, "PublicationType": {"Case Study": true}, "Section": {"Results": true}, "Species": {"9606": true}}, "citation": {"authors": ["Akdis CA", "Cao YY", "Dong X", "Du H", "Gao YD", "Lu XX", "Yan YQ", "Zhang JJ"], "date": "2020-03-20", "db": "PubMed", "db_id": "32196678", "db_name": "Allergy", "first": "Dong X", "last": "Gao YD"}, "evidence": "The patient was treated with interferon\u2010\u03b1 inhalation and supportive care.", "line": 214, "relation": "decreases"}
a(MESH:"Patient Care")	decreases	path(DO:"COVID-19")	{"annotations": {"Custom_Disease": {"COVID-19": true}, "PublicationStatus": {"Preprint": true}, "PublicationType": {"Case Study": true}, "Section": {"Results": true}, "Species": {"9606": true}}, "citation": {"authors": ["Akdis CA", "Cao YY", "Dong X", "Du H", "Gao YD", "Lu XX", "Yan YQ", "Zhang JJ"], "date": "2020-03-20", "db": "PubMed", "db_id": "32196678", "db_name": "Allergy", "first": "Dong X", "last": "Gao YD"}, "evidence": "The patient recovered after treatment with antiviral 50 therapy (Arbidol) and supportive care.", "line": 57, "relation": "decreases"}
a(MESH:"Patient Care")	decreases	path(DO:"COVID-19")	{"annotations": {"Complication": {"history of allergic rhinitis": true}, "Custom_Disease": {"COVID-19": true}, "PublicationStatus": {"Preprint": true}, "PublicationType": {"Case Study": true}, "Section": {"Results": true}, "Species": {"9606": true}}, "citation": {"authors": ["Akdis CA", "Cao YY", "Dong X", "Du H", "Gao YD", "Lu XX", "Yan YQ", "Zhang JJ"], "date": "2020-03-20", "db": "PubMed", "db_id": "32196678", "db_name": "Allergy", "first": "Dong X", "last": "Gao YD"}, "evidence": "Symptoms were relieved after inhalation of interferon-\u03b1 and supportive care", "line": 199, "relation": "decreases"}
a(MESH:"Patient Care")	decreases	path(DO:"COVID-19")	{"annotations": {"Complication": {"history of atopic dermatitis": true}, "Custom_Disease": {"COVID-19": true}, "PublicationStatus": {"Preprint": true}, "PublicationType": {"Case Study": true}, "Section": {"Results": true}, "Species": {"9606": true}}, "citation": {"authors": ["Akdis CA", "Cao YY", "Dong X", "Du H", "Gao YD", "Lu XX", "Yan YQ", "Zhang JJ"], "date": "2020-03-20", "db": "PubMed", "db_id": "32196678", "db_name": "Allergy", "first": "Dong X", "last": "Gao YD"}, "evidence": "The patient was treated with interferon\u2010\u03b1 inhalation and supportive care.", "line": 215, "relation": "decreases"}
a(MESH:"Patient Care")	decreases	path(DO:"COVID-19")	{"annotations": {"Complication": {"history of urticaria": true}, "Custom_Disease": {"COVID-19": true}, "PublicationStatus": {"Preprint": true}, "PublicationType": {"Case Study": true}, "Section": {"Results": true}, "Species": {"9606": true}}, "citation": {"authors": ["Akdis CA", "Cao YY", "Dong X", "Du H", "Gao YD", "Lu XX", "Yan YQ", "Zhang JJ"], "date": "2020-03-20", "db": "PubMed", "db_id": "32196678", "db_name": "Allergy", "first": "Dong X", "last": "Gao YD"}, "evidence": "Symptoms improved after antiviral treatment (Arbidol) and supportive care", "line": 231, "relation": "decreases"}
a(MESH:"Patient Care")	decreases	path(MESH:Fatigue)	{"annotations": {"Custom_Disease": {"COVID-19": true}, "PublicationStatus": {"Preprint": true}, "PublicationType": {"Case Study": true}, "Section": {"Results": true}, "Species": {"9606": true}}, "citation": {"authors": ["Akdis CA", "Cao YY", "Dong X", "Du H", "Gao YD", "Lu XX", "Yan YQ", "Zhang JJ"], "date": "2020-03-20", "db": "PubMed", "db_id": "32196678", "db_name": "Allergy", "first": "Dong X", "last": "Gao YD"}, "evidence": "Fatigue, cough, fever, and diarrhea symptoms gradually improved after treatment with antiviral medication (Arbidol, Kaletra and inhalation of interferon-\u03b1) and supportive care.", "line": 125, "relation": "decreases"}
a(MESH:"Patient Care")	decreases	path(MESH:Cough)	{"annotations": {"Custom_Disease": {"COVID-19": true}, "PublicationStatus": {"Preprint": true}, "PublicationType": {"Case Study": true}, "Section": {"Results": true}, "Species": {"9606": true}}, "citation": {"authors": ["Akdis CA", "Cao YY", "Dong X", "Du H", "Gao YD", "Lu XX", "Yan YQ", "Zhang JJ"], "date": "2020-03-20", "db": "PubMed", "db_id": "32196678", "db_name": "Allergy", "first": "Dong X", "last": "Gao YD"}, "evidence": "Fatigue, cough, fever, and diarrhea symptoms gradually improved after treatment with antiviral medication (Arbidol, Kaletra and inhalation of interferon-\u03b1) and supportive care.", "line": 126, "relation": "decreases"}
a(MESH:"Patient Care")	decreases	path(DO:diarrhea)	{"annotations": {"Custom_Disease": {"COVID-19": true}, "PublicationStatus": {"Preprint": true}, "PublicationType": {"Case Study": true}, "Section": {"Results": true}, "Species": {"9606": true}}, "citation": {"authors": ["Akdis CA", "Cao YY", "Dong X", "Du H", "Gao YD", "Lu XX", "Yan YQ", "Zhang JJ"], "date": "2020-03-20", "db": "PubMed", "db_id": "32196678", "db_name": "Allergy", "first": "Dong X", "last": "Gao YD"}, "evidence": "Fatigue, cough, fever, and diarrhea symptoms gradually improved after treatment with antiviral medication (Arbidol, Kaletra and inhalation of interferon-\u03b1) and supportive care.", "line": 127, "relation": "decreases"}
a(PUBCHEM:404772262)	association	path(DO:"COVID-19")	{"annotations": {"Complication": {"secondary bacterial pneumonia": true}, "Custom_Disease": {"COVID-19": true}, "MeSHAnatomy": {"Blood": true}, "PublicationStatus": {"Preprint": true}, "PublicationType": {"Case Study": true}, "Section": {"Results": true}, "Species": {"9606": true}}, "citation": {"authors": ["Akdis CA", "Cao YY", "Dong X", "Du H", "Gao YD", "Lu XX", "Yan YQ", "Zhang JJ"], "date": "2020-03-20", "db": "PubMed", "db_id": "32196678", "db_name": "Allergy", "first": "Dong X", "last": "Gao YD"}, "evidence": "In addition, there was a significant increase in inflammatory indicators, such as PCT, CRP and D-dimer.", "line": 170, "relation": "association"}
composite(a(CHEBI:lopinavir), a(CHEBI:ritonavir))	decreases	path(DO:"COVID-19")	{"annotations": {"Custom_Disease": {"COVID-19": true}, "PublicationStatus": {"Preprint": true}, "PublicationType": {"Case Study": true}, "Section": {"Results": true}, "Species": {"9606": true}}, "citation": {"authors": ["Akdis CA", "Cao YY", "Dong X", "Du H", "Gao YD", "Lu XX", "Yan YQ", "Zhang JJ"], "date": "2020-03-20", "db": "PubMed", "db_id": "32196678", "db_name": "Allergy", "first": "Dong X", "last": "Gao YD"}, "evidence": "The patient received antiviral drugs including Arbidol and Kaletra (Lopinavir and Ritonavir tablets) and was discharged on February 13 when chest CT images showed that the bilateral lesions were mostly absorbed.", "line": 96, "relation": "decreases"}
composite(a(CHEBI:lopinavir), a(CHEBI:ritonavir))	decreases	path(MESH:Fatigue)	{"annotations": {"Custom_Disease": {"COVID-19": true}, "PublicationStatus": {"Preprint": true}, "PublicationType": {"Case Study": true}, "Section": {"Results": true}, "Species": {"9606": true}}, "citation": {"authors": ["Akdis CA", "Cao YY", "Dong X", "Du H", "Gao YD", "Lu XX", "Yan YQ", "Zhang JJ"], "date": "2020-03-20", "db": "PubMed", "db_id": "32196678", "db_name": "Allergy", "first": "Dong X", "last": "Gao YD"}, "evidence": "Fatigue, cough, fever, and diarrhea symptoms gradually improved after treatment with antiviral medication (Arbidol, Kaletra and inhalation of interferon-\u03b1) and supportive care.", "line": 117, "relation": "decreases"}
composite(a(CHEBI:lopinavir), a(CHEBI:ritonavir))	decreases	path(MESH:Cough)	{"annotations": {"Custom_Disease": {"COVID-19": true}, "PublicationStatus": {"Preprint": true}, "PublicationType": {"Case Study": true}, "Section": {"Results": true}, "Species": {"9606": true}}, "citation": {"authors": ["Akdis CA", "Cao YY", "Dong X", "Du H", "Gao YD", "Lu XX", "Yan YQ", "Zhang JJ"], "date": "2020-03-20", "db": "PubMed", "db_id": "32196678", "db_name": "Allergy", "first": "Dong X", "last": "Gao YD"}, "evidence": "Fatigue, cough, fever, and diarrhea symptoms gradually improved after treatment with antiviral medication (Arbidol, Kaletra and inhalation of interferon-\u03b1) and supportive care.", "line": 118, "relation": "decreases"}
composite(a(CHEBI:lopinavir), a(CHEBI:ritonavir))	decreases	path(MESH:Fever)	{"annotations": {"Custom_Disease": {"COVID-19": true}, "PublicationStatus": {"Preprint": true}, "PublicationType": {"Case Study": true}, "Section": {"Results": true}, "Species": {"9606": true}}, "citation": {"authors": ["Akdis CA", "Cao YY", "Dong X", "Du H", "Gao YD", "Lu XX", "Yan YQ", "Zhang JJ"], "date": "2020-03-20", "db": "PubMed", "db_id": "32196678", "db_name": "Allergy", "first": "Dong X", "last": "Gao YD"}, "evidence": "Fatigue, cough, fever, and diarrhea symptoms gradually improved after treatment with antiviral medication (Arbidol, Kaletra and inhalation of interferon-\u03b1) and supportive care.", "line": 119, "relation": "decreases"}
composite(a(CHEBI:lopinavir), a(CHEBI:ritonavir))	decreases	path(DO:diarrhea)	{"annotations": {"Custom_Disease": {"COVID-19": true}, "PublicationStatus": {"Preprint": true}, "PublicationType": {"Case Study": true}, "Section": {"Results": true}, "Species": {"9606": true}}, "citation": {"authors": ["Akdis CA", "Cao YY", "Dong X", "Du H", "Gao YD", "Lu XX", "Yan YQ", "Zhang JJ"], "date": "2020-03-20", "db": "PubMed", "db_id": "32196678", "db_name": "Allergy", "first": "Dong X", "last": "Gao YD"}, "evidence": "Fatigue, cough, fever, and diarrhea symptoms gradually improved after treatment with antiviral medication (Arbidol, Kaletra and inhalation of interferon-\u03b1) and supportive care.", "line": 120, "relation": "decreases"}
path(DO:"COVID-19")	positiveCorrelation	path(MESH:Pharyngitis)	{"annotations": {"Custom_Disease": {"COVID-19": true}, "PublicationStatus": {"Preprint": true}, "PublicationType": {"Case Study": true}, "Section": {"Results": true}, "Species": {"9606": true}}, "citation": {"authors": ["Akdis CA", "Cao YY", "Dong X", "Du H", "Gao YD", "Lu XX", "Yan YQ", "Zhang JJ"], "date": "2020-03-20", "db": "PubMed", "db_id": "32196678", "db_name": "Allergy", "first": "Dong X", "last": "Gao YD"}, "evidence": "She experienced only mild symptoms such as a sore throat and fatigue, without any signs of pneumonia such as cough and chest tightness.", "line": 50, "relation": "positiveCorrelation"}
path(DO:"COVID-19")	positiveCorrelation	path(MESH:Pharyngitis)	{"annotations": {"Complication": {"secondary bacterial pneumonia": true}, "Custom_Disease": {"COVID-19": true}, "PublicationStatus": {"Preprint": true}, "PublicationType": {"Case Study": true}, "Section": {"Results": true}, "Species": {"9606": true}}, "citation": {"authors": ["Akdis CA", "Cao YY", "Dong X", "Du H", "Gao YD", "Lu XX", "Yan YQ", "Zhang JJ"], "date": "2020-03-20", "db": "PubMed", "db_id": "32196678", "db_name": "Allergy", "first": "Dong X", "last": "Gao YD"}, "evidence": "A 69-year old woman had persistent fever (> 38 \u2103) accompanied by a dry cough, headache, sore throat, myalgia and fatigue for three days.", "line": 139, "relation": "positiveCorrelation"}
path(DO:"COVID-19")	positiveCorrelation	path(MESH:Fatigue)	{"annotations": {"Custom_Disease": {"COVID-19": true}, "PublicationStatus": {"Preprint": true}, "PublicationType": {"Case Study": true}, "Section": {"Results": true}, "Species": {"9606": true}}, "citation": {"authors": ["Akdis CA", "Cao YY", "Dong X", "Du H", "Gao YD", "Lu XX", "Yan YQ", "Zhang JJ"], "date": "2020-03-20", "db": "PubMed", "db_id": "32196678", "db_name": "Allergy", "first": "Dong X", "last": "Gao YD"}, "evidence": "She experienced only mild symptoms such as a sore throat and fatigue, without any signs of pneumonia such as cough and chest tightness.", "line": 51, "relation": "positiveCorrelation"}
path(DO:"COVID-19")	positiveCorrelation	path(MESH:Fatigue)	{"annotations": {"Complication": {"secondary bacterial pneumonia": true}, "Custom_Disease": {"COVID-19": true}, "PublicationStatus": {"Preprint": true}, "PublicationType": {"Case Study": true}, "Section": {"Results": true}, "Species": {"9606": true}}, "citation": {"authors": ["Akdis CA", "Cao YY", "Dong X", "Du H", "Gao YD", "Lu XX", "Yan YQ", "Zhang JJ"], "date": "2020-03-20", "db": "PubMed", "db_id": "32196678", "db_name": "Allergy", "first": "Dong X", "last": "Gao YD"}, "evidence": "A 69-year old woman had persistent fever (> 38 \u2103) accompanied by a dry cough, headache, sore throat, myalgia and fatigue for three days.", "line": 138, "relation": "positiveCorrelation"}
path(DO:"COVID-19")	positiveCorrelation	path(HP:"Chest tightness")	{"annotations": {"Custom_Disease": {"COVID-19": true}, "PublicationStatus": {"Preprint": true}, "PublicationType": {"Case Study": true}, "Section": {"Results": true}, "Species": {"9606": true}}, "citation": {"authors": ["Akdis CA", "Cao YY", "Dong X", "Du H", "Gao YD", "Lu XX", "Yan YQ", "Zhang JJ"], "date": "2020-03-20", "db": "PubMed", "db_id": "32196678", "db_name": "Allergy", "first": "Dong X", "last": "Gao YD"}, "evidence": "She developed chest tightness, shortness of breath, loss of appetite, 62 nausea, and diarrhea", "line": 62, "relation": "positiveCorrelation"}
path(DO:"COVID-19")	positiveCorrelation	path(MESH:Dyspnea)	{"annotations": {"Custom_Disease": {"COVID-19": true}, "PublicationStatus": {"Preprint": true}, "PublicationType": {"Case Study": true}, "Section": {"Results": true}, "Species": {"9606": true}}, "citation": {"authors": ["Akdis CA", "Cao YY", "Dong X", "Du H", "Gao YD", "Lu XX", "Yan YQ", "Zhang JJ"], "date": "2020-03-20", "db": "PubMed", "db_id": "32196678", "db_name": "Allergy", "first": "Dong X", "last": "Gao YD"}, "evidence": "She developed chest tightness, shortness of breath, loss of appetite, 62 nausea, and diarrhea", "line": 63, "relation": "positiveCorrelation"}
path(DO:"COVID-19")	positiveCorrelation	path(HP:"Poor appetite")	{"annotations": {"Custom_Disease": {"COVID-19": true}, "PublicationStatus": {"Preprint": true}, "PublicationType": {"Case Study": true}, "Section": {"Results": true}, "Species": {"9606": true}}, "citation": {"authors": ["Akdis CA", "Cao YY", "Dong X", "Du H", "Gao YD", "Lu XX", "Yan YQ", "Zhang JJ"], "date": "2020-03-20", "db": "PubMed", "db_id": "32196678", "db_name": "Allergy", "first": "Dong X", "last": "Gao YD"}, "evidence": "She developed chest tightness, shortness of breath, loss of appetite, 62 nausea, and diarrhea", "line": 64, "relation": "positiveCorrelation"}
path(DO:"COVID-19")	positiveCorrelation	path(MESH:Nausea)	{"annotations": {"Custom_Disease": {"COVID-19": true}, "PublicationStatus": {"Preprint": true}, "PublicationType": {"Case Study": true}, "Section": {"Results": true}, "Species": {"9606": true}}, "citation": {"authors": ["Akdis CA", "Cao YY", "Dong X", "Du H", "Gao YD", "Lu XX", "Yan YQ", "Zhang JJ"], "date": "2020-03-20", "db": "PubMed", "db_id": "32196678", "db_name": "Allergy", "first": "Dong X", "last": "Gao YD"}, "evidence": "She developed chest tightness, shortness of breath, loss of appetite, 62 nausea, and diarrhea", "line": 65, "relation": "positiveCorrelation"}
path(DO:"COVID-19")	positiveCorrelation	path(DO:diarrhea)	{"annotations": {"Custom_Disease": {"COVID-19": true}, "PublicationStatus": {"Preprint": true}, "PublicationType": {"Case Study": true}, "Section": {"Results": true}, "Species": {"9606": true}}, "citation": {"authors": ["Akdis CA", "Cao YY", "Dong X", "Du H", "Gao YD", "Lu XX", "Yan YQ", "Zhang JJ"], "date": "2020-03-20", "db": "PubMed", "db_id": "32196678", "db_name": "Allergy", "first": "Dong X", "last": "Gao YD"}, "evidence": "She developed chest tightness, shortness of breath, loss of appetite, 62 nausea, and diarrhea", "line": 66, "relation": "positiveCorrelation"}
path(DO:"COVID-19")	positiveCorrelation	path(HP:"Ground-glass opacification on pulmonary HRCT")	{"annotations": {"Custom_Disease": {"COVID-19": true}, "PublicationStatus": {"Preprint": true}, "PublicationType": {"Case Study": true}, "Section": {"Results": true}, "Species": {"9606": true}}, "citation": {"authors": ["Akdis CA", "Cao YY", "Dong X", "Du H", "Gao YD", "Lu XX", "Yan YQ", "Zhang JJ"], "date": "2020-03-20", "db": "PubMed", "db_id": "32196678", "db_name": "Allergy", "first": "Dong X", "last": "Gao YD"}, "evidence": "On February 6, the third chest CT scan showed bilateral multiple ground-glass opacities indicating viral pneumonia (Figure 1B) and she was admitted to the designated hospital immediately.", "line": 72, "relation": "positiveCorrelation"}
path(DO:"COVID-19")	positiveCorrelation	path(HP:"Ground-glass opacification on pulmonary HRCT")	{"annotations": {"Complication": {"secondary bacterial pneumonia": true}, "Custom_Disease": {"COVID-19": true}, "PublicationStatus": {"Preprint": true}, "PublicationType": {"Case Study": true}, "Section": {"Results": true}, "Species": {"9606": true}}, "citation": {"authors": ["Akdis CA", "Cao YY", "Dong X", "Du H", "Gao YD", "Lu XX", "Yan YQ", "Zhang JJ"], "date": "2020-03-20", "db": "PubMed", "db_id": "32196678", "db_name": "Allergy", "first": "Dong X", "last": "Gao YD"}, "evidence": "On January 23, the second chest CT scan revealed bilateral extended ground\u2010glass opacities with scattered consolidation, indicating rapid progression of the disease (Figure 3B).", "line": 153, "relation": "positiveCorrelation"}
path(DO:"COVID-19")	decreases	path(MESH:"Lymphocyte Count")	{"annotations": {"Custom_Disease": {"COVID-19": true}, "PublicationStatus": {"Preprint": true}, "PublicationType": {"Case Study": true}, "Section": {"Results": true}, "Species": {"9606": true}}, "citation": {"authors": ["Akdis CA", "Cao YY", "Dong X", "Du H", "Gao YD", "Lu XX", "Yan YQ", "Zhang JJ"], "date": "2020-03-20", "db": "PubMed", "db_id": "32196678", "db_name": "Allergy", "first": "Dong X", "last": "Gao YD"}, "evidence": "lymphocyte count slightly decreased [0.81\u00d7109/L, reference range: (1.1~3.2) \u00d7109/L], and the concentration of serum high-sensitivity C-reactive protein (hsCRP) increased [49.9 mg/L, reference range: (0~3) mg/L], with leukocyte count and procalcitonin (PCT) concentration within normal ranges.", "line": 81, "relation": "decreases"}
path(DO:"COVID-19")	decreases	path(MESH:"Lymphocyte Count")	{"annotations": {"Complication": {"secondary bacterial pneumonia": true}, "Custom_Disease": {"COVID-19": true}, "PublicationStatus": {"Preprint": true}, "PublicationType": {"Case Study": true}, "Section": {"Results": true}, "Species": {"9606": true}}, "citation": {"authors": ["Akdis CA", "Cao YY", "Dong X", "Du H", "Gao YD", "Lu XX", "Yan YQ", "Zhang JJ"], "date": "2020-03-20", "db": "PubMed", "db_id": "32196678", "db_name": "Allergy", "first": "Dong X", "last": "Gao YD"}, "evidence": "Remarkable abnormalities in the CBC were detected on January 29, including increased neutrophils (10.67\u00d7109/L), leukocytes (11.73\u00d7109/L), and decreased lymphocytes (0.51\u00d7109 /L), and on February 4 decreased erythrocytes (2.40\u00d71012/L) and platelets (73\u00d7109 /L).", "line": 163, "relation": "decreases"}
path(DO:"COVID-19")	decreases	path(MESH:"Lymphocyte Count")	{"annotations": {"Complication": {"influenza A pneumonia": true}, "Custom_Disease": {"COVID-19": true}, "PublicationStatus": {"Preprint": true}, "PublicationType": {"Case Study": true}, "Section": {"Results": true}, "Species": {"9606": true}}, "citation": {"authors": ["Akdis CA", "Cao YY", "Dong X", "Du H", "Gao YD", "Lu XX", "Yan YQ", "Zhang JJ"], "date": "2020-03-20", "db": "PubMed", "db_id": "32196678", "db_name": "Allergy", "first": "Dong X", "last": "Gao YD"}, "evidence": "A CBC showed slightly increased neutrophils (7.53\u00d7109/L) and markedly decreased lymphocytes (0.27\u00d7109/L).", "line": 239, "relation": "decreases"}
path(DO:"COVID-19")	association	path(HP:"Elevated C-reactive protein level")	{"annotations": {"Custom_Disease": {"COVID-19": true}, "PublicationStatus": {"Preprint": true}, "PublicationType": {"Case Study": true}, "Section": {"Results": true}, "Species": {"9606": true}}, "citation": {"authors": ["Akdis CA", "Cao YY", "Dong X", "Du H", "Gao YD", "Lu XX", "Yan YQ", "Zhang JJ"], "date": "2020-03-20", "db": "PubMed", "db_id": "32196678", "db_name": "Allergy", "first": "Dong X", "last": "Gao YD"}, "evidence": "lymphocyte count slightly decreased [0.81\u00d7109/L, reference range: (1.1~3.2) \u00d7109/L], and the concentration of serum high-sensitivity C-reactive protein (hsCRP) increased [49.9 mg/L, reference range: (0~3) mg/L], with leukocyte count and procalcitonin (PCT) concentration within normal ranges.", "line": 82, "relation": "association"}
path(DO:"COVID-19")	association	path(HP:"Elevated C-reactive protein level")	{"annotations": {"Complication": {"secondary bacterial pneumonia": true}, "Custom_Disease": {"COVID-19": true}, "PublicationStatus": {"Preprint": true}, "PublicationType": {"Case Study": true}, "Section": {"Results": true}, "Species": {"9606": true}}, "citation": {"authors": ["Akdis CA", "Cao YY", "Dong X", "Du H", "Gao YD", "Lu XX", "Yan YQ", "Zhang JJ"], "date": "2020-03-20", "db": "PubMed", "db_id": "32196678", "db_name": "Allergy", "first": "Dong X", "last": "Gao YD"}, "evidence": "The CBC was normal except for the development of eosinopenia (0\u00d7109 /L) and an elevated erythrocyte sedimentation rate (ESR) and CRP concentration (39 mm/h and 60.41 mg/L, respectively).", "line": 147, "relation": "association"}
path(DO:"COVID-19")	association	path(HP:"Elevated C-reactive protein level")	{"annotations": {"Complication": {"secondary bacterial pneumonia": true}, "Custom_Disease": {"COVID-19": true}, "PublicationStatus": {"Preprint": true}, "PublicationType": {"Case Study": true}, "Section": {"Results": true}, "Species": {"9606": true}}, "citation": {"authors": ["Akdis CA", "Cao YY", "Dong X", "Du H", "Gao YD", "Lu XX", "Yan YQ", "Zhang JJ"], "date": "2020-03-20", "db": "PubMed", "db_id": "32196678", "db_name": "Allergy", "first": "Dong X", "last": "Gao YD"}, "evidence": "Unfortunately, during the operation of ECMO she suffered a sudden cardiac arrest and survived by rescue of cardiopulmonary resuscitation (CPR).", "line": 174, "relation": "association"}
path(DO:"COVID-19")	association	path(HP:"Elevated C-reactive protein level")	{"annotations": {"Complication": {"history of urticaria": true}, "Custom_Disease": {"COVID-19": true}, "PublicationStatus": {"Preprint": true}, "PublicationType": {"Case Study": true}, "Section": {"Results": true}, "Species": {"9606": true}}, "citation": {"authors": ["Akdis CA", "Cao YY", "Dong X", "Du H", "Gao YD", "Lu XX", "Yan YQ", "Zhang JJ"], "date": "2020-03-20", "db": "PubMed", "db_id": "32196678", "db_name": "Allergy", "first": "Dong X", "last": "Gao YD"}, "evidence": "Laboratory tests showed a slight decrease of leukocytes (3.19\u00d7109/L) and neutrophils (1.57\u00d7109/L) and a mildly elevated CRP concentration (29.2 mg/L), with all other tested parameters within normal ranges.", "line": 225, "relation": "association"}
path(DO:"COVID-19")	association	path(HP:"Elevated C-reactive protein level")	{"annotations": {"Complication": {"influenza A pneumonia": true}, "Custom_Disease": {"COVID-19": true}, "PublicationStatus": {"Preprint": true}, "PublicationType": {"Case Study": true}, "Section": {"Results": true}, "Species": {"9606": true}}, "citation": {"authors": ["Akdis CA", "Cao YY", "Dong X", "Du H", "Gao YD", "Lu XX", "Yan YQ", "Zhang JJ"], "date": "2020-03-20", "db": "PubMed", "db_id": "32196678", "db_name": "Allergy", "first": "Dong X", "last": "Gao YD"}, "evidence": "Other abnormal results of laboratory parameters included significantly increased CRP 186 concentration (> 160 mg/L) and slightly increased PCT concentration (0.39 ng/ml).", "line": 245, "relation": "association"}
path(DO:"COVID-19")	increases	path(DO:leukopenia)	{"annotations": {"Custom_Disease": {"COVID-19": true}, "PublicationStatus": {"Preprint": true}, "PublicationType": {"Case Study": true}, "Section": {"Results": true}, "Species": {"9606": true}}, "citation": {"authors": ["Akdis CA", "Cao YY", "Dong X", "Du H", "Gao YD", "Lu XX", "Yan YQ", "Zhang JJ"], "date": "2020-03-20", "db": "PubMed", "db_id": "32196678", "db_name": "Allergy", "first": "Dong X", "last": "Gao YD"}, "evidence": "Most laboratory tests were within normal ranges, except for mild leukopenia [3.37\u00d7109 /L, reference range: (3.5~9.5) \u00d7109 /L] and neutropenia [1.47\u00d7109 /L, reference range: (1.8~6.3) \u00d7109 /L].", "line": 88, "relation": "increases"}
path(DO:"COVID-19")	increases	path(DO:neutropenia)	{"annotations": {"Custom_Disease": {"COVID-19": true}, "PublicationStatus": {"Preprint": true}, "PublicationType": {"Case Study": true}, "Section": {"Results": true}, "Species": {"9606": true}}, "citation": {"authors": ["Akdis CA", "Cao YY", "Dong X", "Du H", "Gao YD", "Lu XX", "Yan YQ", "Zhang JJ"], "date": "2020-03-20", "db": "PubMed", "db_id": "32196678", "db_name": "Allergy", "first": "Dong X", "last": "Gao YD"}, "evidence": "Most laboratory tests were within normal ranges, except for mild leukopenia [3.37\u00d7109 /L, reference range: (3.5~9.5) \u00d7109 /L] and neutropenia [1.47\u00d7109 /L, reference range: (1.8~6.3) \u00d7109 /L].", "line": 89, "relation": "increases"}
path(DO:"COVID-19")	association	path(HP:"Decreased eosinophil count")	{"annotations": {"Custom_Disease": {"COVID-19": true}, "PublicationStatus": {"Preprint": true}, "PublicationType": {"Case Study": true}, "Section": {"Results": true}, "Species": {"9606": true}}, "citation": {"authors": ["Akdis CA", "Cao YY", "Dong X", "Du H", "Gao YD", "Lu XX", "Yan YQ", "Zhang JJ"], "date": "2020-03-20", "db": "PubMed", "db_id": "32196678", "db_name": "Allergy", "first": "Dong X", "last": "Gao YD"}, "evidence": "On admission, physical examinations and pulmonary auscultation were normal; laboratory tests indicated a reduction in leukocytes (1.92\u00d7109/L), neutrophils (1.20\u00d7109/L), lymphocytes (0.47\u00d7109/L), and eosinophils (0\u00d7109 /L) counts, normal CRP and PCT concentrations, and slightly increased concentration of serum amyloid A [SAA, 36.84 mg/L, reference range: (0~10) mg/L]", "line": 105, "relation": "association"}
path(DO:"COVID-19")	association	path(HP:"Decreased eosinophil count")	{"annotations": {"Complication": {"secondary bacterial pneumonia": true}, "Custom_Disease": {"COVID-19": true}, "PublicationStatus": {"Preprint": true}, "PublicationType": {"Case Study": true}, "Section": {"Results": true}, "Species": {"9606": true}}, "citation": {"authors": ["Akdis CA", "Cao YY", "Dong X", "Du H", "Gao YD", "Lu XX", "Yan YQ", "Zhang JJ"], "date": "2020-03-20", "db": "PubMed", "db_id": "32196678", "db_name": "Allergy", "first": "Dong X", "last": "Gao YD"}, "evidence": "The CBC was normal except for the development of eosinopenia (0\u00d7109 /L) and an elevated erythrocyte sedimentation rate (ESR) and CRP concentration (39 mm/h and 60.41 mg/L, respectively).", "line": 145, "relation": "association"}
path(DO:"COVID-19")	increases	a(CHEBI:"serum amyloid A")	{"annotations": {"Custom_Disease": {"COVID-19": true}, "PublicationStatus": {"Preprint": true}, "PublicationType": {"Case Study": true}, "Section": {"Results": true}, "Species": {"9606": true}}, "citation": {"authors": ["Akdis CA", "Cao YY", "Dong X", "Du H", "Gao YD", "Lu XX", "Yan YQ", "Zhang JJ"], "date": "2020-03-20", "db": "PubMed", "db_id": "32196678", "db_name": "Allergy", "first": "Dong X", "last": "Gao YD"}, "evidence": "On admission, physical examinations and pulmonary auscultation were normal; laboratory tests indicated a reduction in leukocytes (1.92\u00d7109/L), neutrophils (1.20\u00d7109/L), lymphocytes (0.47\u00d7109/L), and eosinophils (0\u00d7109 /L) counts, normal CRP and PCT concentrations, and slightly increased concentration of serum amyloid A [SAA, 36.84 mg/L, reference range: (0~10) mg/L]", "line": 106, "relation": "increases"}
path(DO:"COVID-19")	decreases	a(MESH:Neutrophils)	{"annotations": {"Custom_Disease": {"COVID-19": true}, "PublicationStatus": {"Preprint": true}, "PublicationType": {"Case Study": true}, "Section": {"Results": true}, "Species": {"9606": true}}, "citation": {"authors": ["Akdis CA", "Cao YY", "Dong X", "Du H", "Gao YD", "Lu XX", "Yan YQ", "Zhang JJ"], "date": "2020-03-20", "db": "PubMed", "db_id": "32196678", "db_name": "Allergy", "first": "Dong X", "last": "Gao YD"}, "evidence": "On admission, physical examinations and pulmonary auscultation were normal; laboratory tests indicated a reduction in leukocytes (1.92\u00d7109/L), neutrophils (1.20\u00d7109/L), lymphocytes (0.47\u00d7109/L), and eosinophils (0\u00d7109 /L) counts, normal CRP and PCT concentrations, and slightly increased concentration of serum amyloid A [SAA, 36.84 mg/L, reference range: (0~10) mg/L]", "line": 107, "relation": "decreases"}
path(DO:"COVID-19")	increases	a(MESH:Neutrophils)	{"annotations": {"Complication": {"secondary bacterial pneumonia": true}, "Custom_Disease": {"COVID-19": true}, "PublicationStatus": {"Preprint": true}, "PublicationType": {"Case Study": true}, "Section": {"Results": true}, "Species": {"9606": true}}, "citation": {"authors": ["Akdis CA", "Cao YY", "Dong X", "Du H", "Gao YD", "Lu XX", "Yan YQ", "Zhang JJ"], "date": "2020-03-20", "db": "PubMed", "db_id": "32196678", "db_name": "Allergy", "first": "Dong X", "last": "Gao YD"}, "evidence": "Remarkable abnormalities in the CBC were detected on January 29, including increased neutrophils (10.67\u00d7109/L), leukocytes (11.73\u00d7109/L), and decreased lymphocytes (0.51\u00d7109 /L), and on February 4 decreased erythrocytes (2.40\u00d71012/L) and platelets (73\u00d7109 /L).", "line": 161, "relation": "increases"}
path(DO:"COVID-19")	decreases	a(MESH:Neutrophils)	{"annotations": {"Complication": {"history of urticaria": true}, "Custom_Disease": {"COVID-19": true}, "PublicationStatus": {"Preprint": true}, "PublicationType": {"Case Study": true}, "Section": {"Results": true}, "Species": {"9606": true}}, "citation": {"authors": ["Akdis CA", "Cao YY", "Dong X", "Du H", "Gao YD", "Lu XX", "Yan YQ", "Zhang JJ"], "date": "2020-03-20", "db": "PubMed", "db_id": "32196678", "db_name": "Allergy", "first": "Dong X", "last": "Gao YD"}, "evidence": "Laboratory tests showed a slight decrease of leukocytes (3.19\u00d7109/L) and neutrophils (1.57\u00d7109/L) and a mildly elevated CRP concentration (29.2 mg/L), with all other tested parameters within normal ranges.", "line": 224, "relation": "decreases"}
path(DO:"COVID-19")	increases	a(MESH:Neutrophils)	{"annotations": {"Complication": {"influenza A pneumonia": true}, "Custom_Disease": {"COVID-19": true}, "PublicationStatus": {"Preprint": true}, "PublicationType": {"Case Study": true}, "Section": {"Results": true}, "Species": {"9606": true}}, "citation": {"authors": ["Akdis CA", "Cao YY", "Dong X", "Du H", "Gao YD", "Lu XX", "Yan YQ", "Zhang JJ"], "date": "2020-03-20", "db": "PubMed", "db_id": "32196678", "db_name": "Allergy", "first": "Dong X", "last": "Gao YD"}, "evidence": "A CBC showed slightly increased neutrophils (7.53\u00d7109/L) and markedly decreased lymphocytes (0.27\u00d7109/L).", "line": 238, "relation": "increases"}
path(DO:"COVID-19")	positiveCorrelation	path(MESH:Fever)	{"annotations": {"Complication": {"secondary bacterial pneumonia": true}, "Custom_Disease": {"COVID-19": true}, "PublicationStatus": {"Preprint": true}, "PublicationType": {"Case Study": true}, "Section": {"Results": true}, "Species": {"9606": true}}, "citation": {"authors": ["Akdis CA", "Cao YY", "Dong X", "Du H", "Gao YD", "Lu XX", "Yan YQ", "Zhang JJ"], "date": "2020-03-20", "db": "PubMed", "db_id": "32196678", "db_name": "Allergy", "first": "Dong X", "last": "Gao YD"}, "evidence": "A 69-year old woman had persistent fever (> 38 \u2103) accompanied by a dry cough, headache, sore throat, myalgia and fatigue for three days.", "line": 134, "relation": "positiveCorrelation"}
path(DO:"COVID-19")	positiveCorrelation	path(MESH:Cough)	{"annotations": {"Complication": {"secondary bacterial pneumonia": true}, "Custom_Disease": {"COVID-19": true}, "PublicationStatus": {"Preprint": true}, "PublicationType": {"Case Study": true}, "Section": {"Results": true}, "Species": {"9606": true}}, "citation": {"authors": ["Akdis CA", "Cao YY", "Dong X", "Du H", "Gao YD", "Lu XX", "Yan YQ", "Zhang JJ"], "date": "2020-03-20", "db": "PubMed", "db_id": "32196678", "db_name": "Allergy", "first": "Dong X", "last": "Gao YD"}, "evidence": "A 69-year old woman had persistent fever (> 38 \u2103) accompanied by a dry cough, headache, sore throat, myalgia and fatigue for three days.", "line": 135, "relation": "positiveCorrelation"}
path(DO:"COVID-19")	positiveCorrelation	path(MESH:Headache)	{"annotations": {"Complication": {"secondary bacterial pneumonia": true}, "Custom_Disease": {"COVID-19": true}, "PublicationStatus": {"Preprint": true}, "PublicationType": {"Case Study": true}, "Section": {"Results": true}, "Species": {"9606": true}}, "citation": {"authors": ["Akdis CA", "Cao YY", "Dong X", "Du H", "Gao YD", "Lu XX", "Yan YQ", "Zhang JJ"], "date": "2020-03-20", "db": "PubMed", "db_id": "32196678", "db_name": "Allergy", "first": "Dong X", "last": "Gao YD"}, "evidence": "A 69-year old woman had persistent fever (> 38 \u2103) accompanied by a dry cough, headache, sore throat, myalgia and fatigue for three days.", "line": 136, "relation": "positiveCorrelation"}
path(DO:"COVID-19")	positiveCorrelation	path(MESH:Myalgia)	{"annotations": {"Complication": {"secondary bacterial pneumonia": true}, "Custom_Disease": {"COVID-19": true}, "PublicationStatus": {"Preprint": true}, "PublicationType": {"Case Study": true}, "Section": {"Results": true}, "Species": {"9606": true}}, "citation": {"authors": ["Akdis CA", "Cao YY", "Dong X", "Du H", "Gao YD", "Lu XX", "Yan YQ", "Zhang JJ"], "date": "2020-03-20", "db": "PubMed", "db_id": "32196678", "db_name": "Allergy", "first": "Dong X", "last": "Gao YD"}, "evidence": "A 69-year old woman had persistent fever (> 38 \u2103) accompanied by a dry cough, headache, sore throat, myalgia and fatigue for three days.", "line": 137, "relation": "positiveCorrelation"}
path(DO:"COVID-19")	association	path(HP:"Elevated erythrocyte sedimentation rate")	{"annotations": {"Complication": {"secondary bacterial pneumonia": true}, "Custom_Disease": {"COVID-19": true}, "PublicationStatus": {"Preprint": true}, "PublicationType": {"Case Study": true}, "Section": {"Results": true}, "Species": {"9606": true}}, "citation": {"authors": ["Akdis CA", "Cao YY", "Dong X", "Du H", "Gao YD", "Lu XX", "Yan YQ", "Zhang JJ"], "date": "2020-03-20", "db": "PubMed", "db_id": "32196678", "db_name": "Allergy", "first": "Dong X", "last": "Gao YD"}, "evidence": "The CBC was normal except for the development of eosinopenia (0\u00d7109 /L) and an elevated erythrocyte sedimentation rate (ESR) and CRP concentration (39 mm/h and 60.41 mg/L, respectively).", "line": 146, "relation": "association"}
path(DO:"COVID-19")	increases	path(MESH:"Leukocyte Count")	{"annotations": {"Complication": {"secondary bacterial pneumonia": true}, "Custom_Disease": {"COVID-19": true}, "PublicationStatus": {"Preprint": true}, "PublicationType": {"Case Study": true}, "Section": {"Results": true}, "Species": {"9606": true}}, "citation": {"authors": ["Akdis CA", "Cao YY", "Dong X", "Du H", "Gao YD", "Lu XX", "Yan YQ", "Zhang JJ"], "date": "2020-03-20", "db": "PubMed", "db_id": "32196678", "db_name": "Allergy", "first": "Dong X", "last": "Gao YD"}, "evidence": "Remarkable abnormalities in the CBC were detected on January 29, including increased neutrophils (10.67\u00d7109/L), leukocytes (11.73\u00d7109/L), and decreased lymphocytes (0.51\u00d7109 /L), and on February 4 decreased erythrocytes (2.40\u00d71012/L) and platelets (73\u00d7109 /L).", "line": 162, "relation": "increases"}
path(DO:"COVID-19")	decreases	path(MESH:"Leukocyte Count")	{"annotations": {"Complication": {"history of urticaria": true}, "Custom_Disease": {"COVID-19": true}, "PublicationStatus": {"Preprint": true}, "PublicationType": {"Case Study": true}, "Section": {"Results": true}, "Species": {"9606": true}}, "citation": {"authors": ["Akdis CA", "Cao YY", "Dong X", "Du H", "Gao YD", "Lu XX", "Yan YQ", "Zhang JJ"], "date": "2020-03-20", "db": "PubMed", "db_id": "32196678", "db_name": "Allergy", "first": "Dong X", "last": "Gao YD"}, "evidence": "Laboratory tests showed a slight decrease of leukocytes (3.19\u00d7109/L) and neutrophils (1.57\u00d7109/L) and a mildly elevated CRP concentration (29.2 mg/L), with all other tested parameters within normal ranges.", "line": 223, "relation": "decreases"}
path(DO:"COVID-19")	decreases	path(MESH:"Erythrocyte Count")	{"annotations": {"Complication": {"secondary bacterial pneumonia": true}, "Custom_Disease": {"COVID-19": true}, "PublicationStatus": {"Preprint": true}, "PublicationType": {"Case Study": true}, "Section": {"Results": true}, "Species": {"9606": true}}, "citation": {"authors": ["Akdis CA", "Cao YY", "Dong X", "Du H", "Gao YD", "Lu XX", "Yan YQ", "Zhang JJ"], "date": "2020-03-20", "db": "PubMed", "db_id": "32196678", "db_name": "Allergy", "first": "Dong X", "last": "Gao YD"}, "evidence": "Remarkable abnormalities in the CBC were detected on January 29, including increased neutrophils (10.67\u00d7109/L), leukocytes (11.73\u00d7109/L), and decreased lymphocytes (0.51\u00d7109 /L), and on February 4 decreased erythrocytes (2.40\u00d71012/L) and platelets (73\u00d7109 /L).", "line": 164, "relation": "decreases"}
path(DO:"COVID-19")	decreases	path(MESH:"Platelet Count")	{"annotations": {"Complication": {"secondary bacterial pneumonia": true}, "Custom_Disease": {"COVID-19": true}, "PublicationStatus": {"Preprint": true}, "PublicationType": {"Case Study": true}, "Section": {"Results": true}, "Species": {"9606": true}}, "citation": {"authors": ["Akdis CA", "Cao YY", "Dong X", "Du H", "Gao YD", "Lu XX", "Yan YQ", "Zhang JJ"], "date": "2020-03-20", "db": "PubMed", "db_id": "32196678", "db_name": "Allergy", "first": "Dong X", "last": "Gao YD"}, "evidence": "Remarkable abnormalities in the CBC were detected on January 29, including increased neutrophils (10.67\u00d7109/L), leukocytes (11.73\u00d7109/L), and decreased lymphocytes (0.51\u00d7109 /L), and on February 4 decreased erythrocytes (2.40\u00d71012/L) and platelets (73\u00d7109 /L).", "line": 165, "relation": "decreases"}
path(DO:"COVID-19")	association	a(PUBCHEM:404772262)	{"annotations": {"Complication": {"secondary bacterial pneumonia": true}, "Custom_Disease": {"COVID-19": true}, "MeSHAnatomy": {"Blood": true}, "PublicationStatus": {"Preprint": true}, "PublicationType": {"Case Study": true}, "Section": {"Results": true}, "Species": {"9606": true}}, "citation": {"authors": ["Akdis CA", "Cao YY", "Dong X", "Du H", "Gao YD", "Lu XX", "Yan YQ", "Zhang JJ"], "date": "2020-03-20", "db": "PubMed", "db_id": "32196678", "db_name": "Allergy", "first": "Dong X", "last": "Gao YD"}, "evidence": "In addition, there was a significant increase in inflammatory indicators, such as PCT, CRP and D-dimer.", "line": 170, "relation": "association"}
path(DO:"COVID-19")	increases	a(MESH:"fibrin fragment D")	{"annotations": {"Complication": {"secondary bacterial pneumonia": true}, "Custom_Disease": {"COVID-19": true}, "PublicationStatus": {"Preprint": true}, "PublicationType": {"Case Study": true}, "Section": {"Results": true}, "Species": {"9606": true}}, "citation": {"authors": ["Akdis CA", "Cao YY", "Dong X", "Du H", "Gao YD", "Lu XX", "Yan YQ", "Zhang JJ"], "date": "2020-03-20", "db": "PubMed", "db_id": "32196678", "db_name": "Allergy", "first": "Dong X", "last": "Gao YD"}, "evidence": "Unfortunately, during the operation of ECMO she suffered a sudden cardiac arrest and survived by rescue of cardiopulmonary resuscitation (CPR).", "line": 175, "relation": "increases"}
path(DO:"COVID-19")	increases	path(MESH:Hyperemia)	{"annotations": {"Complication": {"secondary bacterial pneumonia": true}, "Custom_Disease": {"COVID-19": true}, "MeSHAnatomy": {"Mucous Membrane": true}, "PublicationStatus": {"Preprint": true}, "PublicationType": {"Case Study": true}, "Section": {"Results": true}, "Species": {"9606": true}}, "citation": {"authors": ["Akdis CA", "Cao YY", "Dong X", "Du H", "Gao YD", "Lu XX", "Yan YQ", "Zhang JJ"], "date": "2020-03-20", "db": "PubMed", "db_id": "32196678", "db_name": "Allergy", "first": "Dong X", "last": "Gao YD"}, "evidence": "On February 10, bedside bronchoscopy and bronchial lavage were performed, revealing hyperemia in mucous membranes of the trachea and bronchi with bleeding tendency and a large amount of yellow sticky sputum obstructing the entrance of the bilateral main bronchi and some bronchial lumens, which were aspirated completely.", "line": 184, "relation": "increases"}
path(DO:"COVID-19")	positiveCorrelation	path(DO:pneumonia)	{"annotations": {"Complication": {"secondary bacterial pneumonia": true}, "Custom_Disease": {"COVID-19": true}, "PublicationStatus": {"Preprint": true}, "PublicationType": {"Case Study": true}, "Section": {"Results": true}, "Species": {"9606": true}}, "citation": {"authors": ["Akdis CA", "Cao YY", "Dong X", "Du H", "Gao YD", "Lu XX", "Yan YQ", "Zhang JJ"], "date": "2020-03-20", "db": "PubMed", "db_id": "32196678", "db_name": "Allergy", "first": "Dong X", "last": "Gao YD"}, "evidence": "The bedside chest X-ray showed progression of the pneumonia, since the bilateral diffuse opacities, so-called \u201cwhite lungs\u201d, with air bronchogram occurred on February 15 (Figure 3C, 3D and 3E).", "line": 191, "relation": "positiveCorrelation"}
path(DO:"COVID-19")	increases	a(MESH:"Immunoglobulin E")	{"annotations": {"Complication": {"history of atopic dermatitis": true}, "Custom_Disease": {"COVID-19": true}, "MeSHAnatomy": {"Serum": true}, "PublicationStatus": {"Preprint": true}, "PublicationType": {"Case Study": true}, "Section": {"Results": true}, "Species": {"9606": true}}, "citation": {"authors": ["Akdis CA", "Cao YY", "Dong X", "Du H", "Gao YD", "Lu XX", "Yan YQ", "Zhang JJ"], "date": "2020-03-20", "db": "PubMed", "db_id": "32196678", "db_name": "Allergy", "first": "Dong X", "last": "Gao YD"}, "evidence": "All the laboratory results were within normal ranges, including CBC and biochemical parameters, except for elevated levels of serum IgE (173 IU/mL).", "line": 208, "relation": "increases"}
path(DO:"viral pneumonia")	positiveCorrelation	path(HP:"Ground-glass opacification on pulmonary HRCT")	{"annotations": {"Custom_Disease": {"COVID-19": true}, "PublicationStatus": {"Preprint": true}, "PublicationType": {"Case Study": true}, "Section": {"Results": true}, "Species": {"9606": true}}, "citation": {"authors": ["Akdis CA", "Cao YY", "Dong X", "Du H", "Gao YD", "Lu XX", "Yan YQ", "Zhang JJ"], "date": "2020-03-20", "db": "PubMed", "db_id": "32196678", "db_name": "Allergy", "first": "Dong X", "last": "Gao YD"}, "evidence": "On February 6, the third chest CT scan showed bilateral multiple ground-glass opacities indicating viral pneumonia (Figure 1B) and she was admitted to the designated hospital immediately.", "line": 73, "relation": "positiveCorrelation"}
path(DO:diarrhea)	positiveCorrelation	path(DO:"COVID-19")	{"annotations": {"Custom_Disease": {"COVID-19": true}, "PublicationStatus": {"Preprint": true}, "PublicationType": {"Case Study": true}, "Section": {"Results": true}, "Species": {"9606": true}}, "citation": {"authors": ["Akdis CA", "Cao YY", "Dong X", "Du H", "Gao YD", "Lu XX", "Yan YQ", "Zhang JJ"], "date": "2020-03-20", "db": "PubMed", "db_id": "32196678", "db_name": "Allergy", "first": "Dong X", "last": "Gao YD"}, "evidence": "She developed chest tightness, shortness of breath, loss of appetite, 62 nausea, and diarrhea", "line": 66, "relation": "positiveCorrelation"}
path(DO:pneumonia)	positiveCorrelation	path(DO:"COVID-19")	{"annotations": {"Complication": {"secondary bacterial pneumonia": true}, "Custom_Disease": {"COVID-19": true}, "PublicationStatus": {"Preprint": true}, "PublicationType": {"Case Study": true}, "Section": {"Results": true}, "Species": {"9606": true}}, "citation": {"authors": ["Akdis CA", "Cao YY", "Dong X", "Du H", "Gao YD", "Lu XX", "Yan YQ", "Zhang JJ"], "date": "2020-03-20", "db": "PubMed", "db_id": "32196678", "db_name": "Allergy", "first": "Dong X", "last": "Gao YD"}, "evidence": "The bedside chest X-ray showed progression of the pneumonia, since the bilateral diffuse opacities, so-called \u201cwhite lungs\u201d, with air bronchogram occurred on February 15 (Figure 3C, 3D and 3E).", "line": 191, "relation": "positiveCorrelation"}
path(HP:"Chest tightness")	positiveCorrelation	path(DO:"COVID-19")	{"annotations": {"Custom_Disease": {"COVID-19": true}, "PublicationStatus": {"Preprint": true}, "PublicationType": {"Case Study": true}, "Section": {"Results": true}, "Species": {"9606": true}}, "citation": {"authors": ["Akdis CA", "Cao YY", "Dong X", "Du H", "Gao YD", "Lu XX", "Yan YQ", "Zhang JJ"], "date": "2020-03-20", "db": "PubMed", "db_id": "32196678", "db_name": "Allergy", "first": "Dong X", "last": "Gao YD"}, "evidence": "She developed chest tightness, shortness of breath, loss of appetite, 62 nausea, and diarrhea", "line": 62, "relation": "positiveCorrelation"}
path(HP:"Decreased eosinophil count")	association	path(DO:"COVID-19")	{"annotations": {"Custom_Disease": {"COVID-19": true}, "PublicationStatus": {"Preprint": true}, "PublicationType": {"Case Study": true}, "Section": {"Results": true}, "Species": {"9606": true}}, "citation": {"authors": ["Akdis CA", "Cao YY", "Dong X", "Du H", "Gao YD", "Lu XX", "Yan YQ", "Zhang JJ"], "date": "2020-03-20", "db": "PubMed", "db_id": "32196678", "db_name": "Allergy", "first": "Dong X", "last": "Gao YD"}, "evidence": "On admission, physical examinations and pulmonary auscultation were normal; laboratory tests indicated a reduction in leukocytes (1.92\u00d7109/L), neutrophils (1.20\u00d7109/L), lymphocytes (0.47\u00d7109/L), and eosinophils (0\u00d7109 /L) counts, normal CRP and PCT concentrations, and slightly increased concentration of serum amyloid A [SAA, 36.84 mg/L, reference range: (0~10) mg/L]", "line": 105, "relation": "association"}
path(HP:"Decreased eosinophil count")	association	path(DO:"COVID-19")	{"annotations": {"Complication": {"secondary bacterial pneumonia": true}, "Custom_Disease": {"COVID-19": true}, "PublicationStatus": {"Preprint": true}, "PublicationType": {"Case Study": true}, "Section": {"Results": true}, "Species": {"9606": true}}, "citation": {"authors": ["Akdis CA", "Cao YY", "Dong X", "Du H", "Gao YD", "Lu XX", "Yan YQ", "Zhang JJ"], "date": "2020-03-20", "db": "PubMed", "db_id": "32196678", "db_name": "Allergy", "first": "Dong X", "last": "Gao YD"}, "evidence": "The CBC was normal except for the development of eosinopenia (0\u00d7109 /L) and an elevated erythrocyte sedimentation rate (ESR) and CRP concentration (39 mm/h and 60.41 mg/L, respectively).", "line": 145, "relation": "association"}
path(HP:"Elevated C-reactive protein level")	association	path(DO:"COVID-19")	{"annotations": {"Custom_Disease": {"COVID-19": true}, "PublicationStatus": {"Preprint": true}, "PublicationType": {"Case Study": true}, "Section": {"Results": true}, "Species": {"9606": true}}, "citation": {"authors": ["Akdis CA", "Cao YY", "Dong X", "Du H", "Gao YD", "Lu XX", "Yan YQ", "Zhang JJ"], "date": "2020-03-20", "db": "PubMed", "db_id": "32196678", "db_name": "Allergy", "first": "Dong X", "last": "Gao YD"}, "evidence": "lymphocyte count slightly decreased [0.81\u00d7109/L, reference range: (1.1~3.2) \u00d7109/L], and the concentration of serum high-sensitivity C-reactive protein (hsCRP) increased [49.9 mg/L, reference range: (0~3) mg/L], with leukocyte count and procalcitonin (PCT) concentration within normal ranges.", "line": 82, "relation": "association"}
path(HP:"Elevated C-reactive protein level")	association	path(DO:"COVID-19")	{"annotations": {"Complication": {"secondary bacterial pneumonia": true}, "Custom_Disease": {"COVID-19": true}, "PublicationStatus": {"Preprint": true}, "PublicationType": {"Case Study": true}, "Section": {"Results": true}, "Species": {"9606": true}}, "citation": {"authors": ["Akdis CA", "Cao YY", "Dong X", "Du H", "Gao YD", "Lu XX", "Yan YQ", "Zhang JJ"], "date": "2020-03-20", "db": "PubMed", "db_id": "32196678", "db_name": "Allergy", "first": "Dong X", "last": "Gao YD"}, "evidence": "The CBC was normal except for the development of eosinopenia (0\u00d7109 /L) and an elevated erythrocyte sedimentation rate (ESR) and CRP concentration (39 mm/h and 60.41 mg/L, respectively).", "line": 147, "relation": "association"}
path(HP:"Elevated C-reactive protein level")	association	path(DO:"COVID-19")	{"annotations": {"Complication": {"secondary bacterial pneumonia": true}, "Custom_Disease": {"COVID-19": true}, "PublicationStatus": {"Preprint": true}, "PublicationType": {"Case Study": true}, "Section": {"Results": true}, "Species": {"9606": true}}, "citation": {"authors": ["Akdis CA", "Cao YY", "Dong X", "Du H", "Gao YD", "Lu XX", "Yan YQ", "Zhang JJ"], "date": "2020-03-20", "db": "PubMed", "db_id": "32196678", "db_name": "Allergy", "first": "Dong X", "last": "Gao YD"}, "evidence": "Unfortunately, during the operation of ECMO she suffered a sudden cardiac arrest and survived by rescue of cardiopulmonary resuscitation (CPR).", "line": 174, "relation": "association"}
path(HP:"Elevated C-reactive protein level")	association	path(DO:"COVID-19")	{"annotations": {"Complication": {"history of urticaria": true}, "Custom_Disease": {"COVID-19": true}, "PublicationStatus": {"Preprint": true}, "PublicationType": {"Case Study": true}, "Section": {"Results": true}, "Species": {"9606": true}}, "citation": {"authors": ["Akdis CA", "Cao YY", "Dong X", "Du H", "Gao YD", "Lu XX", "Yan YQ", "Zhang JJ"], "date": "2020-03-20", "db": "PubMed", "db_id": "32196678", "db_name": "Allergy", "first": "Dong X", "last": "Gao YD"}, "evidence": "Laboratory tests showed a slight decrease of leukocytes (3.19\u00d7109/L) and neutrophils (1.57\u00d7109/L) and a mildly elevated CRP concentration (29.2 mg/L), with all other tested parameters within normal ranges.", "line": 225, "relation": "association"}
path(HP:"Elevated C-reactive protein level")	association	path(DO:"COVID-19")	{"annotations": {"Complication": {"influenza A pneumonia": true}, "Custom_Disease": {"COVID-19": true}, "PublicationStatus": {"Preprint": true}, "PublicationType": {"Case Study": true}, "Section": {"Results": true}, "Species": {"9606": true}}, "citation": {"authors": ["Akdis CA", "Cao YY", "Dong X", "Du H", "Gao YD", "Lu XX", "Yan YQ", "Zhang JJ"], "date": "2020-03-20", "db": "PubMed", "db_id": "32196678", "db_name": "Allergy", "first": "Dong X", "last": "Gao YD"}, "evidence": "Other abnormal results of laboratory parameters included significantly increased CRP 186 concentration (> 160 mg/L) and slightly increased PCT concentration (0.39 ng/ml).", "line": 245, "relation": "association"}
path(HP:"Elevated erythrocyte sedimentation rate")	association	path(DO:"COVID-19")	{"annotations": {"Complication": {"secondary bacterial pneumonia": true}, "Custom_Disease": {"COVID-19": true}, "PublicationStatus": {"Preprint": true}, "PublicationType": {"Case Study": true}, "Section": {"Results": true}, "Species": {"9606": true}}, "citation": {"authors": ["Akdis CA", "Cao YY", "Dong X", "Du H", "Gao YD", "Lu XX", "Yan YQ", "Zhang JJ"], "date": "2020-03-20", "db": "PubMed", "db_id": "32196678", "db_name": "Allergy", "first": "Dong X", "last": "Gao YD"}, "evidence": "The CBC was normal except for the development of eosinopenia (0\u00d7109 /L) and an elevated erythrocyte sedimentation rate (ESR) and CRP concentration (39 mm/h and 60.41 mg/L, respectively).", "line": 146, "relation": "association"}
path(HP:"Ground-glass opacification on pulmonary HRCT")	positiveCorrelation	path(DO:"COVID-19")	{"annotations": {"Custom_Disease": {"COVID-19": true}, "PublicationStatus": {"Preprint": true}, "PublicationType": {"Case Study": true}, "Section": {"Results": true}, "Species": {"9606": true}}, "citation": {"authors": ["Akdis CA", "Cao YY", "Dong X", "Du H", "Gao YD", "Lu XX", "Yan YQ", "Zhang JJ"], "date": "2020-03-20", "db": "PubMed", "db_id": "32196678", "db_name": "Allergy", "first": "Dong X", "last": "Gao YD"}, "evidence": "On February 6, the third chest CT scan showed bilateral multiple ground-glass opacities indicating viral pneumonia (Figure 1B) and she was admitted to the designated hospital immediately.", "line": 72, "relation": "positiveCorrelation"}
path(HP:"Ground-glass opacification on pulmonary HRCT")	positiveCorrelation	path(DO:"COVID-19")	{"annotations": {"Complication": {"secondary bacterial pneumonia": true}, "Custom_Disease": {"COVID-19": true}, "PublicationStatus": {"Preprint": true}, "PublicationType": {"Case Study": true}, "Section": {"Results": true}, "Species": {"9606": true}}, "citation": {"authors": ["Akdis CA", "Cao YY", "Dong X", "Du H", "Gao YD", "Lu XX", "Yan YQ", "Zhang JJ"], "date": "2020-03-20", "db": "PubMed", "db_id": "32196678", "db_name": "Allergy", "first": "Dong X", "last": "Gao YD"}, "evidence": "On January 23, the second chest CT scan revealed bilateral extended ground\u2010glass opacities with scattered consolidation, indicating rapid progression of the disease (Figure 3B).", "line": 153, "relation": "positiveCorrelation"}
path(HP:"Ground-glass opacification on pulmonary HRCT")	positiveCorrelation	path(DO:"viral pneumonia")	{"annotations": {"Custom_Disease": {"COVID-19": true}, "PublicationStatus": {"Preprint": true}, "PublicationType": {"Case Study": true}, "Section": {"Results": true}, "Species": {"9606": true}}, "citation": {"authors": ["Akdis CA", "Cao YY", "Dong X", "Du H", "Gao YD", "Lu XX", "Yan YQ", "Zhang JJ"], "date": "2020-03-20", "db": "PubMed", "db_id": "32196678", "db_name": "Allergy", "first": "Dong X", "last": "Gao YD"}, "evidence": "On February 6, the third chest CT scan showed bilateral multiple ground-glass opacities indicating viral pneumonia (Figure 1B) and she was admitted to the designated hospital immediately.", "line": 73, "relation": "positiveCorrelation"}
path(HP:"Poor appetite")	positiveCorrelation	path(DO:"COVID-19")	{"annotations": {"Custom_Disease": {"COVID-19": true}, "PublicationStatus": {"Preprint": true}, "PublicationType": {"Case Study": true}, "Section": {"Results": true}, "Species": {"9606": true}}, "citation": {"authors": ["Akdis CA", "Cao YY", "Dong X", "Du H", "Gao YD", "Lu XX", "Yan YQ", "Zhang JJ"], "date": "2020-03-20", "db": "PubMed", "db_id": "32196678", "db_name": "Allergy", "first": "Dong X", "last": "Gao YD"}, "evidence": "She developed chest tightness, shortness of breath, loss of appetite, 62 nausea, and diarrhea", "line": 64, "relation": "positiveCorrelation"}
path(MESH:Cough)	positiveCorrelation	path(DO:"COVID-19")	{"annotations": {"Complication": {"secondary bacterial pneumonia": true}, "Custom_Disease": {"COVID-19": true}, "PublicationStatus": {"Preprint": true}, "PublicationType": {"Case Study": true}, "Section": {"Results": true}, "Species": {"9606": true}}, "citation": {"authors": ["Akdis CA", "Cao YY", "Dong X", "Du H", "Gao YD", "Lu XX", "Yan YQ", "Zhang JJ"], "date": "2020-03-20", "db": "PubMed", "db_id": "32196678", "db_name": "Allergy", "first": "Dong X", "last": "Gao YD"}, "evidence": "A 69-year old woman had persistent fever (> 38 \u2103) accompanied by a dry cough, headache, sore throat, myalgia and fatigue for three days.", "line": 135, "relation": "positiveCorrelation"}
path(MESH:Dyspnea)	positiveCorrelation	path(DO:"COVID-19")	{"annotations": {"Custom_Disease": {"COVID-19": true}, "PublicationStatus": {"Preprint": true}, "PublicationType": {"Case Study": true}, "Section": {"Results": true}, "Species": {"9606": true}}, "citation": {"authors": ["Akdis CA", "Cao YY", "Dong X", "Du H", "Gao YD", "Lu XX", "Yan YQ", "Zhang JJ"], "date": "2020-03-20", "db": "PubMed", "db_id": "32196678", "db_name": "Allergy", "first": "Dong X", "last": "Gao YD"}, "evidence": "She developed chest tightness, shortness of breath, loss of appetite, 62 nausea, and diarrhea", "line": 63, "relation": "positiveCorrelation"}
path(MESH:Fatigue)	positiveCorrelation	path(DO:"COVID-19")	{"annotations": {"Custom_Disease": {"COVID-19": true}, "PublicationStatus": {"Preprint": true}, "PublicationType": {"Case Study": true}, "Section": {"Results": true}, "Species": {"9606": true}}, "citation": {"authors": ["Akdis CA", "Cao YY", "Dong X", "Du H", "Gao YD", "Lu XX", "Yan YQ", "Zhang JJ"], "date": "2020-03-20", "db": "PubMed", "db_id": "32196678", "db_name": "Allergy", "first": "Dong X", "last": "Gao YD"}, "evidence": "She experienced only mild symptoms such as a sore throat and fatigue, without any signs of pneumonia such as cough and chest tightness.", "line": 51, "relation": "positiveCorrelation"}
path(MESH:Fatigue)	positiveCorrelation	path(DO:"COVID-19")	{"annotations": {"Complication": {"secondary bacterial pneumonia": true}, "Custom_Disease": {"COVID-19": true}, "PublicationStatus": {"Preprint": true}, "PublicationType": {"Case Study": true}, "Section": {"Results": true}, "Species": {"9606": true}}, "citation": {"authors": ["Akdis CA", "Cao YY", "Dong X", "Du H", "Gao YD", "Lu XX", "Yan YQ", "Zhang JJ"], "date": "2020-03-20", "db": "PubMed", "db_id": "32196678", "db_name": "Allergy", "first": "Dong X", "last": "Gao YD"}, "evidence": "A 69-year old woman had persistent fever (> 38 \u2103) accompanied by a dry cough, headache, sore throat, myalgia and fatigue for three days.", "line": 138, "relation": "positiveCorrelation"}
path(MESH:Fever)	positiveCorrelation	path(DO:"COVID-19")	{"annotations": {"Complication": {"secondary bacterial pneumonia": true}, "Custom_Disease": {"COVID-19": true}, "PublicationStatus": {"Preprint": true}, "PublicationType": {"Case Study": true}, "Section": {"Results": true}, "Species": {"9606": true}}, "citation": {"authors": ["Akdis CA", "Cao YY", "Dong X", "Du H", "Gao YD", "Lu XX", "Yan YQ", "Zhang JJ"], "date": "2020-03-20", "db": "PubMed", "db_id": "32196678", "db_name": "Allergy", "first": "Dong X", "last": "Gao YD"}, "evidence": "A 69-year old woman had persistent fever (> 38 \u2103) accompanied by a dry cough, headache, sore throat, myalgia and fatigue for three days.", "line": 134, "relation": "positiveCorrelation"}
path(MESH:Headache)	positiveCorrelation	path(DO:"COVID-19")	{"annotations": {"Complication": {"secondary bacterial pneumonia": true}, "Custom_Disease": {"COVID-19": true}, "PublicationStatus": {"Preprint": true}, "PublicationType": {"Case Study": true}, "Section": {"Results": true}, "Species": {"9606": true}}, "citation": {"authors": ["Akdis CA", "Cao YY", "Dong X", "Du H", "Gao YD", "Lu XX", "Yan YQ", "Zhang JJ"], "date": "2020-03-20", "db": "PubMed", "db_id": "32196678", "db_name": "Allergy", "first": "Dong X", "last": "Gao YD"}, "evidence": "A 69-year old woman had persistent fever (> 38 \u2103) accompanied by a dry cough, headache, sore throat, myalgia and fatigue for three days.", "line": 136, "relation": "positiveCorrelation"}
path(MESH:Myalgia)	positiveCorrelation	path(DO:"COVID-19")	{"annotations": {"Complication": {"secondary bacterial pneumonia": true}, "Custom_Disease": {"COVID-19": true}, "PublicationStatus": {"Preprint": true}, "PublicationType": {"Case Study": true}, "Section": {"Results": true}, "Species": {"9606": true}}, "citation": {"authors": ["Akdis CA", "Cao YY", "Dong X", "Du H", "Gao YD", "Lu XX", "Yan YQ", "Zhang JJ"], "date": "2020-03-20", "db": "PubMed", "db_id": "32196678", "db_name": "Allergy", "first": "Dong X", "last": "Gao YD"}, "evidence": "A 69-year old woman had persistent fever (> 38 \u2103) accompanied by a dry cough, headache, sore throat, myalgia and fatigue for three days.", "line": 137, "relation": "positiveCorrelation"}
path(MESH:Nausea)	positiveCorrelation	path(DO:"COVID-19")	{"annotations": {"Custom_Disease": {"COVID-19": true}, "PublicationStatus": {"Preprint": true}, "PublicationType": {"Case Study": true}, "Section": {"Results": true}, "Species": {"9606": true}}, "citation": {"authors": ["Akdis CA", "Cao YY", "Dong X", "Du H", "Gao YD", "Lu XX", "Yan YQ", "Zhang JJ"], "date": "2020-03-20", "db": "PubMed", "db_id": "32196678", "db_name": "Allergy", "first": "Dong X", "last": "Gao YD"}, "evidence": "She developed chest tightness, shortness of breath, loss of appetite, 62 nausea, and diarrhea", "line": 65, "relation": "positiveCorrelation"}
path(MESH:Pharyngitis)	positiveCorrelation	path(DO:"COVID-19")	{"annotations": {"Custom_Disease": {"COVID-19": true}, "PublicationStatus": {"Preprint": true}, "PublicationType": {"Case Study": true}, "Section": {"Results": true}, "Species": {"9606": true}}, "citation": {"authors": ["Akdis CA", "Cao YY", "Dong X", "Du H", "Gao YD", "Lu XX", "Yan YQ", "Zhang JJ"], "date": "2020-03-20", "db": "PubMed", "db_id": "32196678", "db_name": "Allergy", "first": "Dong X", "last": "Gao YD"}, "evidence": "She experienced only mild symptoms such as a sore throat and fatigue, without any signs of pneumonia such as cough and chest tightness.", "line": 50, "relation": "positiveCorrelation"}
path(MESH:Pharyngitis)	positiveCorrelation	path(DO:"COVID-19")	{"annotations": {"Complication": {"secondary bacterial pneumonia": true}, "Custom_Disease": {"COVID-19": true}, "PublicationStatus": {"Preprint": true}, "PublicationType": {"Case Study": true}, "Section": {"Results": true}, "Species": {"9606": true}}, "citation": {"authors": ["Akdis CA", "Cao YY", "Dong X", "Du H", "Gao YD", "Lu XX", "Yan YQ", "Zhang JJ"], "date": "2020-03-20", "db": "PubMed", "db_id": "32196678", "db_name": "Allergy", "first": "Dong X", "last": "Gao YD"}, "evidence": "A 69-year old woman had persistent fever (> 38 \u2103) accompanied by a dry cough, headache, sore throat, myalgia and fatigue for three days.", "line": 139, "relation": "positiveCorrelation"}
