a(MESH:"Spike Glycoprotein, Coronavirus")	increases	bp(GO:"viral entry into host cell")	{"annotations": {"PublicationStatus": {"Published": true}, "PublicationType": {"Letter": true}, "Section": {"Full Text": true}}, "citation": {"authors": ["Ge XY", "Li JY", "Liao CH", "Qiu Y", "Wang Q", "Zhou ZJ"], "date": "2020-03-20", "db": "PubMed", "db_id": "32198713", "db_name": "Virologica Sinica", "first": "Wang Q", "last": "Ge XY"}, "evidence": "For coronaviruses, their receptor binding and subsequent internalization mainly depend on the spike protein (S protein) anchored in the viral envelope.", "line": 61, "relation": "increases"}
a(TAX:Corona)	association	p(MESH:"Spike Glycoprotein, Coronavirus")	{"annotations": {"PublicationStatus": {"Published": true}, "PublicationType": {"Letter": true}, "Section": {"Full Text": true}}, "citation": {"authors": ["Ge XY", "Li JY", "Liao CH", "Qiu Y", "Wang Q", "Zhou ZJ"], "date": "2020-03-20", "db": "PubMed", "db_id": "32198713", "db_name": "Virologica Sinica", "first": "Wang Q", "last": "Ge XY"}, "evidence": "For coronaviruses, their receptor binding and subsequent internalization mainly depend on the spike protein (S protein) anchored in the viral envelope.", "line": 60, "relation": "association"}
bp(GO:"viral entry into host cell")	increases	path(DO:"COVID-19")	{"annotations": {"Custom_Disease": {"COVID-19": true}, "PublicationStatus": {"Published": true}, "PublicationType": {"Letter": true}, "Section": {"Full Text": true}}, "citation": {"authors": ["Ge XY", "Li JY", "Liao CH", "Qiu Y", "Wang Q", "Zhou ZJ"], "date": "2020-03-20", "db": "PubMed", "db_id": "32198713", "db_name": "Virologica Sinica", "first": "Wang Q", "last": "Ge XY"}, "evidence": "With the furin cleavage site on the S protein, 2019-nCoV probably gains ability to infect organs or tissues insensitive to other coronaviruses, leading to systematic infection of 2019-nCoV in the body", "line": 95, "relation": "increases"}
p(COVID:S)	hasVariant	p(COVID:S, frag("?"))	{"relation": "hasVariant"}
p(COVID:S, frag("?"))	increases	bp(GO:"viral entry into host cell")	{"annotations": {"Custom_Disease": {"COVID-19": true}, "PublicationStatus": {"Published": true}, "PublicationType": {"Letter": true}, "Section": {"Full Text": true}}, "citation": {"authors": ["Ge XY", "Li JY", "Liao CH", "Qiu Y", "Wang Q", "Zhou ZJ"], "date": "2020-03-20", "db": "PubMed", "db_id": "32198713", "db_name": "Virologica Sinica", "first": "Wang Q", "last": "Ge XY"}, "evidence": "With the furin cleavage site on the S protein, 2019-nCoV probably gains ability to infect organs or tissues insensitive to other coronaviruses, leading to systematic infection of 2019-nCoV in the body", "line": 94, "relation": "increases"}
act(p(HGNC:FURIN))	increases	p(COVID:S, frag("?"))	{"annotations": {"Custom_Disease": {"COVID-19": true}, "PublicationStatus": {"Published": true}, "PublicationType": {"Letter": true}, "Section": {"Full Text": true}}, "citation": {"authors": ["Ge XY", "Li JY", "Liao CH", "Qiu Y", "Wang Q", "Zhou ZJ"], "date": "2020-03-20", "db": "PubMed", "db_id": "32198713", "db_name": "Virologica Sinica", "first": "Wang Q", "last": "Ge XY"}, "evidence": "As a result, 2019-nCoV S protein showed a unique furin cleavage (\u2013RRAR\u2013) within the S1/S2 domain which was overlapped with insertion described above (Fig. 1B).This furin cleavage site was located between the residues 682 and 685, distinct from SARSCoV and all other SARS- like coronaviruses which only contain a trypsin or TMPRSS2 cleavage site at R667 (corresponding to residues 685 in 2019-nCoV S) (Fig. 1B)", "line": 86, "relation": "increases", "subject": {"modifier": "Activity"}}
act(p(HGNC:TMPRSS11D))	increases	p(UNIPROT:P59594, frag("?"))	{"annotations": {"PublicationStatus": {"Published": true}, "PublicationType": {"Letter": true}, "Section": {"Full Text": true}, "Species": {"9606": true}}, "citation": {"authors": ["Ge XY", "Li JY", "Liao CH", "Qiu Y", "Wang Q", "Zhou ZJ"], "date": "2020-03-20", "db": "PubMed", "db_id": "32198713", "db_name": "Virologica Sinica", "first": "Wang Q", "last": "Ge XY"}, "evidence": "For instance, a variety of human proteases, such as trypsin, tryptase Clara, human airway trypsin-like protease (HAT) and transmembrane protease serine 2 (TMPRSS2), are known to cleave and activate the S protein of SARS-CoV (Bosch et al. 2008; Bertram et al. 2011).", "line": 73, "relation": "increases", "subject": {"modifier": "Activity"}}
act(p(HGNC:TMPRSS2))	increases	p(UNIPROT:P59594, frag("?"))	{"annotations": {"PublicationStatus": {"Published": true}, "PublicationType": {"Letter": true}, "Section": {"Full Text": true}, "Species": {"9606": true}}, "citation": {"authors": ["Ge XY", "Li JY", "Liao CH", "Qiu Y", "Wang Q", "Zhou ZJ"], "date": "2020-03-20", "db": "PubMed", "db_id": "32198713", "db_name": "Virologica Sinica", "first": "Wang Q", "last": "Ge XY"}, "evidence": "For instance, a variety of human proteases, such as trypsin, tryptase Clara, human airway trypsin-like protease (HAT) and transmembrane protease serine 2 (TMPRSS2), are known to cleave and activate the S protein of SARS-CoV (Bosch et al. 2008; Bertram et al. 2011).", "line": 72, "relation": "increases", "subject": {"modifier": "Activity"}}
p(MESH:"Spike Glycoprotein, Coronavirus")	association	a(TAX:Corona)	{"annotations": {"PublicationStatus": {"Published": true}, "PublicationType": {"Letter": true}, "Section": {"Full Text": true}}, "citation": {"authors": ["Ge XY", "Li JY", "Liao CH", "Qiu Y", "Wang Q", "Zhou ZJ"], "date": "2020-03-20", "db": "PubMed", "db_id": "32198713", "db_name": "Virologica Sinica", "first": "Wang Q", "last": "Ge XY"}, "evidence": "For coronaviruses, their receptor binding and subsequent internalization mainly depend on the spike protein (S protein) anchored in the viral envelope.", "line": 60, "relation": "association"}
act(p(MESH:"tryptase Clara"))	increases	p(UNIPROT:P59594, frag("?"))	{"annotations": {"PublicationStatus": {"Published": true}, "PublicationType": {"Letter": true}, "Section": {"Full Text": true}, "Species": {"9606": true}}, "citation": {"authors": ["Ge XY", "Li JY", "Liao CH", "Qiu Y", "Wang Q", "Zhou ZJ"], "date": "2020-03-20", "db": "PubMed", "db_id": "32198713", "db_name": "Virologica Sinica", "first": "Wang Q", "last": "Ge XY"}, "evidence": "For instance, a variety of human proteases, such as trypsin, tryptase Clara, human airway trypsin-like protease (HAT) and transmembrane protease serine 2 (TMPRSS2), are known to cleave and activate the S protein of SARS-CoV (Bosch et al. 2008; Bertram et al. 2011).", "line": 70, "relation": "increases", "subject": {"modifier": "Activity"}}
act(p(PFAM:Trypsin))	increases	p(UNIPROT:P59594, frag("?"))	{"annotations": {"PublicationStatus": {"Published": true}, "PublicationType": {"Letter": true}, "Section": {"Full Text": true}, "Species": {"9606": true}}, "citation": {"authors": ["Ge XY", "Li JY", "Liao CH", "Qiu Y", "Wang Q", "Zhou ZJ"], "date": "2020-03-20", "db": "PubMed", "db_id": "32198713", "db_name": "Virologica Sinica", "first": "Wang Q", "last": "Ge XY"}, "evidence": "For instance, a variety of human proteases, such as trypsin, tryptase Clara, human airway trypsin-like protease (HAT) and transmembrane protease serine 2 (TMPRSS2), are known to cleave and activate the S protein of SARS-CoV (Bosch et al. 2008; Bertram et al. 2011).", "line": 69, "relation": "increases", "subject": {"modifier": "Activity"}}
p(UNIPROT:P59594)	hasVariant	p(UNIPROT:P59594, frag("?"))	{"relation": "hasVariant"}
p(UNIPROT:P59594, frag("?"))	increases	act(p(UNIPROT:P59594))	{"annotations": {"PublicationStatus": {"Published": true}, "PublicationType": {"Letter": true}, "Section": {"Full Text": true}, "Species": {"9606": true}}, "citation": {"authors": ["Ge XY", "Li JY", "Liao CH", "Qiu Y", "Wang Q", "Zhou ZJ"], "date": "2020-03-20", "db": "PubMed", "db_id": "32198713", "db_name": "Virologica Sinica", "first": "Wang Q", "last": "Ge XY"}, "evidence": "For instance, a variety of human proteases, such as trypsin, tryptase Clara, human airway trypsin-like protease (HAT) and transmembrane protease serine 2 (TMPRSS2), are known to cleave and activate the S protein of SARS-CoV (Bosch et al. 2008; Bertram et al. 2011).", "line": 74, "object": {"modifier": "Activity"}, "relation": "increases"}
path(DO:"COVID-19")	increases	path(MESH:Fever)	{"annotations": {"Custom_Disease": {"COVID-19": true}, "PublicationStatus": {"Published": true}, "PublicationType": {"Letter": true}, "Section": {"Full Text": true}}, "citation": {"authors": ["Ge XY", "Li JY", "Liao CH", "Qiu Y", "Wang Q", "Zhou ZJ"], "date": "2020-03-20", "db": "PubMed", "db_id": "32198713", "db_name": "Virologica Sinica", "first": "Wang Q", "last": "Ge XY"}, "evidence": "The viral infection incubation period varies from 2 to 14 days and typical clinical symptoms are fever, dry cough, dyspnea, headache, and pneumonia. Disease onset may result in progressive respiratory failure due to alveolar damage and even death (Chan et al. 2020; Chen et al. 2020; Huang et al. 2020).", "line": 47, "relation": "increases"}
path(DO:"COVID-19")	increases	path(MESH:Cough)	{"annotations": {"Custom_Disease": {"COVID-19": true}, "PublicationStatus": {"Published": true}, "PublicationType": {"Letter": true}, "Section": {"Full Text": true}}, "citation": {"authors": ["Ge XY", "Li JY", "Liao CH", "Qiu Y", "Wang Q", "Zhou ZJ"], "date": "2020-03-20", "db": "PubMed", "db_id": "32198713", "db_name": "Virologica Sinica", "first": "Wang Q", "last": "Ge XY"}, "evidence": "The viral infection incubation period varies from 2 to 14 days and typical clinical symptoms are fever, dry cough, dyspnea, headache, and pneumonia. Disease onset may result in progressive respiratory failure due to alveolar damage and even death (Chan et al. 2020; Chen et al. 2020; Huang et al. 2020).", "line": 48, "relation": "increases"}
path(DO:"COVID-19")	increases	path(MESH:Dyspnea)	{"annotations": {"Custom_Disease": {"COVID-19": true}, "PublicationStatus": {"Published": true}, "PublicationType": {"Letter": true}, "Section": {"Full Text": true}}, "citation": {"authors": ["Ge XY", "Li JY", "Liao CH", "Qiu Y", "Wang Q", "Zhou ZJ"], "date": "2020-03-20", "db": "PubMed", "db_id": "32198713", "db_name": "Virologica Sinica", "first": "Wang Q", "last": "Ge XY"}, "evidence": "The viral infection incubation period varies from 2 to 14 days and typical clinical symptoms are fever, dry cough, dyspnea, headache, and pneumonia. Disease onset may result in progressive respiratory failure due to alveolar damage and even death (Chan et al. 2020; Chen et al. 2020; Huang et al. 2020).", "line": 49, "relation": "increases"}
path(DO:"COVID-19")	increases	path(MESH:Headache)	{"annotations": {"Custom_Disease": {"COVID-19": true}, "PublicationStatus": {"Published": true}, "PublicationType": {"Letter": true}, "Section": {"Full Text": true}}, "citation": {"authors": ["Ge XY", "Li JY", "Liao CH", "Qiu Y", "Wang Q", "Zhou ZJ"], "date": "2020-03-20", "db": "PubMed", "db_id": "32198713", "db_name": "Virologica Sinica", "first": "Wang Q", "last": "Ge XY"}, "evidence": "The viral infection incubation period varies from 2 to 14 days and typical clinical symptoms are fever, dry cough, dyspnea, headache, and pneumonia. Disease onset may result in progressive respiratory failure due to alveolar damage and even death (Chan et al. 2020; Chen et al. 2020; Huang et al. 2020).", "line": 50, "relation": "increases"}
path(DO:"COVID-19")	increases	path(DO:pneumonia)	{"annotations": {"Custom_Disease": {"COVID-19": true}, "PublicationStatus": {"Published": true}, "PublicationType": {"Letter": true}, "Section": {"Full Text": true}}, "citation": {"authors": ["Ge XY", "Li JY", "Liao CH", "Qiu Y", "Wang Q", "Zhou ZJ"], "date": "2020-03-20", "db": "PubMed", "db_id": "32198713", "db_name": "Virologica Sinica", "first": "Wang Q", "last": "Ge XY"}, "evidence": "The viral infection incubation period varies from 2 to 14 days and typical clinical symptoms are fever, dry cough, dyspnea, headache, and pneumonia. Disease onset may result in progressive respiratory failure due to alveolar damage and even death (Chan et al. 2020; Chen et al. 2020; Huang et al. 2020).", "line": 51, "relation": "increases"}
path(DO:"COVID-19")	increases	path(FIXME:"alveolar damage")	{"annotations": {"Custom_Disease": {"COVID-19": true}, "PublicationStatus": {"Published": true}, "PublicationType": {"Letter": true}, "Section": {"Full Text": true}}, "citation": {"authors": ["Ge XY", "Li JY", "Liao CH", "Qiu Y", "Wang Q", "Zhou ZJ"], "date": "2020-03-20", "db": "PubMed", "db_id": "32198713", "db_name": "Virologica Sinica", "first": "Wang Q", "last": "Ge XY"}, "evidence": "The viral infection incubation period varies from 2 to 14 days and typical clinical symptoms are fever, dry cough, dyspnea, headache, and pneumonia. Disease onset may result in progressive respiratory failure due to alveolar damage and even death (Chan et al. 2020; Chen et al. 2020; Huang et al. 2020).", "line": 52, "relation": "increases"}
path(DO:"respiratory failure")	positiveCorrelation	path(FIXME:"alveolar damage")	{"annotations": {"Custom_Disease": {"COVID-19": true}, "PublicationStatus": {"Published": true}, "PublicationType": {"Letter": true}, "Section": {"Full Text": true}}, "citation": {"authors": ["Ge XY", "Li JY", "Liao CH", "Qiu Y", "Wang Q", "Zhou ZJ"], "date": "2020-03-20", "db": "PubMed", "db_id": "32198713", "db_name": "Virologica Sinica", "first": "Wang Q", "last": "Ge XY"}, "evidence": "The viral infection incubation period varies from 2 to 14 days and typical clinical symptoms are fever, dry cough, dyspnea, headache, and pneumonia. Disease onset may result in progressive respiratory failure due to alveolar damage and even death (Chan et al. 2020; Chen et al. 2020; Huang et al. 2020).", "line": 53, "relation": "positiveCorrelation"}
path(FIXME:"alveolar damage")	positiveCorrelation	path(DO:"respiratory failure")	{"annotations": {"Custom_Disease": {"COVID-19": true}, "PublicationStatus": {"Published": true}, "PublicationType": {"Letter": true}, "Section": {"Full Text": true}}, "citation": {"authors": ["Ge XY", "Li JY", "Liao CH", "Qiu Y", "Wang Q", "Zhou ZJ"], "date": "2020-03-20", "db": "PubMed", "db_id": "32198713", "db_name": "Virologica Sinica", "first": "Wang Q", "last": "Ge XY"}, "evidence": "The viral infection incubation period varies from 2 to 14 days and typical clinical symptoms are fever, dry cough, dyspnea, headache, and pneumonia. Disease onset may result in progressive respiratory failure due to alveolar damage and even death (Chan et al. 2020; Chen et al. 2020; Huang et al. 2020).", "line": 53, "relation": "positiveCorrelation"}
