a(CHEBI:"4-methylumbelliferone")	decreases	act(p(HGNC:HAS2))	{"annotations": {"Custom_Disease": {"COVID-19": true}, "MeSHAnatomy": {"Lung": true}, "PublicationStatus": {"Published": true}, "PublicationType": {"Editorial": true}, "Section": {"Full Text": true}, "Species": {"9606": true}}, "citation": {"authors": ["Bucci E", "Gan J", "Huang J", "Huang X", "Ippolito G", "Melino G", "Piacentini M", "Shao C", "Shi Y", "Wang Y"], "date": "2020-03-23", "db": "PubMed", "db_id": "32205856", "db_name": "Cell death and differentiation", "first": "Shi Y", "last": "Melino G"}, "evidence": "Doctors can also use a clinically approved bile therapy drug, Hymecromone (4-Methylumbelliferone, 4-MU), an inhibitor of HAS2 [14]. LPS-induced lung inflammation can be relieved by 4-MU.", "line": 141, "object": {"modifier": "Activity"}, "relation": "decreases"}
a(CHEBI:"4-methylumbelliferone")	decreases	act(p(HGNC:HAS2))	{"annotations": {"Custom_Disease": {"COVID-19": true}, "PublicationStatus": {"Published": true}, "PublicationType": {"Editorial": true}, "Section": {"Full Text": true}, "Species": {"9606": true}}, "citation": {"authors": ["Bucci E", "Gan J", "Huang J", "Huang X", "Ippolito G", "Melino G", "Piacentini M", "Shao C", "Shi Y", "Wang Y"], "date": "2020-03-23", "db": "PubMed", "db_id": "32205856", "db_name": "Cell death and differentiation", "first": "Shi Y", "last": "Melino G"}, "evidence": "Since Vitamin B3 is highly lung protective, it should be used as soon as coughing begins. When breathing difficulty becomes apparent, hyaluronidase can be used intratracheally and at the same time 4-MU can be given to inhibit HAS2.", "line": 149, "object": {"modifier": "Activity"}, "relation": "decreases"}
a(CHEBI:"4-methylumbelliferone")	decreases	bp(GO:"inflammatory response")	{"annotations": {"Custom_Disease": {"COVID-19": true}, "MeSHAnatomy": {"Lung": true}, "PublicationStatus": {"Published": true}, "PublicationType": {"Editorial": true}, "Section": {"Full Text": true}, "Species": {"9606": true}}, "citation": {"authors": ["Bucci E", "Gan J", "Huang J", "Huang X", "Ippolito G", "Melino G", "Piacentini M", "Shao C", "Shi Y", "Wang Y"], "date": "2020-03-23", "db": "PubMed", "db_id": "32205856", "db_name": "Cell death and differentiation", "first": "Shi Y", "last": "Melino G"}, "evidence": "Doctors can also use a clinically approved bile therapy drug, Hymecromone (4-Methylumbelliferone, 4-MU), an inhibitor of HAS2 [14]. LPS-induced lung inflammation can be relieved by 4-MU.", "line": 142, "relation": "decreases"}
a(CHEBI:"hyaluronic acid")	association	path(DO:"adult respiratory distress syndrome")	{"annotations": {"Custom_Disease": {"COVID-19": true}, "MeSHAnatomy": {"Lung": true}, "PublicationStatus": {"Published": true}, "PublicationType": {"Editorial": true}, "Section": {"Full Text": true}, "Species": {"9606": true}}, "citation": {"authors": ["Bucci E", "Gan J", "Huang J", "Huang X", "Ippolito G", "Melino G", "Piacentini M", "Shao C", "Shi Y", "Wang Y"], "date": "2020-03-23", "db": "PubMed", "db_id": "32205856", "db_name": "Cell death and differentiation", "first": "Shi Y", "last": "Melino G"}, "evidence": "Although the nature of the clear jelly has yet to be determined, hyaluronan (HA) is associated with ARDS [12]; moreover, during SARS infection, the production and regulation of hyaluronan is defective.", "line": 124, "relation": "association"}
a(CHEBI:bleomycin)	increases	path(MESH:"Lung Injury")	{"annotations": {"Custom_Disease": {"COVID-19": true}, "PublicationStatus": {"Published": true}, "PublicationType": {"Editorial": true}, "Section": {"Full Text": true}, "Species": {"10090": true}}, "citation": {"authors": ["Bucci E", "Gan J", "Huang J", "Huang X", "Ippolito G", "Melino G", "Piacentini M", "Shao C", "Shi Y", "Wang Y"], "date": "2020-03-23", "db": "PubMed", "db_id": "32205856", "db_name": "Cell death and differentiation", "first": "Shi Y", "last": "Melino G"}, "evidence": "It is important to mention that various studies have shown that in animal models with bleomycin-induced lung injury, vitamin B3 (niacin or nicotinamide) is highly effective in preventing lung tissue damage [7].", "line": 97, "relation": "increases"}
a(CHEBI:nicotinamide)	decreases	path(MESH:"Lung Injury")	{"annotations": {"Custom_Disease": {"COVID-19": true}, "PublicationStatus": {"Published": true}, "PublicationType": {"Editorial": true}, "Section": {"Full Text": true}, "Species": {"10090": true}}, "citation": {"authors": ["Bucci E", "Gan J", "Huang J", "Huang X", "Ippolito G", "Melino G", "Piacentini M", "Shao C", "Shi Y", "Wang Y"], "date": "2020-03-23", "db": "PubMed", "db_id": "32205856", "db_name": "Cell death and differentiation", "first": "Shi Y", "last": "Melino G"}, "evidence": "It is important to mention that various studies have shown that in animal models with bleomycin-induced lung injury, vitamin B3 (niacin or nicotinamide) is highly effective in preventing lung tissue damage [7].", "line": 98, "relation": "decreases"}
a(CHEBI:nicotinamide)	decreases	path(MESH:"Lung Injury")	{"annotations": {"Custom_Disease": {"COVID-19": true}, "PublicationStatus": {"Published": true}, "PublicationType": {"Editorial": true}, "Section": {"Full Text": true}, "Species": {"9606": true}}, "citation": {"authors": ["Bucci E", "Gan J", "Huang J", "Huang X", "Ippolito G", "Melino G", "Piacentini M", "Shao C", "Shi Y", "Wang Y"], "date": "2020-03-23", "db": "PubMed", "db_id": "32205856", "db_name": "Cell death and differentiation", "first": "Shi Y", "last": "Melino G"}, "evidence": "Since Vitamin B3 is highly lung protective, it should be used as soon as coughing begins. When breathing difficulty becomes apparent, hyaluronidase can be used intratracheally and at the same time 4-MU can be given to inhibit HAS2.", "line": 147, "relation": "decreases"}
a(MESH:"Mesenchymal Stromal Cells")	decreases	bp(GO:"inflammatory response")	{"annotations": {"Custom_Disease": {"COVID-19": true}, "PublicationStatus": {"Published": true}, "PublicationType": {"Editorial": true}, "Section": {"Full Text": true}, "Species": {"9606": true}}, "citation": {"authors": ["Bucci E", "Gan J", "Huang J", "Huang X", "Ippolito G", "Melino G", "Piacentini M", "Shao C", "Shi Y", "Wang Y"], "date": "2020-03-23", "db": "PubMed", "db_id": "32205856", "db_name": "Cell death and differentiation", "first": "Shi Y", "last": "Melino G"}, "evidence": "One caveat is that MSCs need to be activated by IFN\u03b3 to exert their anti-inflammatory effects, which may be absent in severely affected patients as T cells are not well activated by SARS-CoV-2 infection.", "line": 92, "relation": "decreases"}
a(MESH:"T-Lymphocytes")	negativeCorrelation	path(MESH:"T-Lymphocytopenia")	{"annotations": {"Custom_Disease": {"COVID-19": true}, "PublicationStatus": {"Published": true}, "PublicationType": {"Editorial": true}, "Section": {"Full Text": true}, "Species": {"9606": true}}, "citation": {"authors": ["Bucci E", "Gan J", "Huang J", "Huang X", "Ippolito G", "Melino G", "Piacentini M", "Shao C", "Shi Y", "Wang Y"], "date": "2020-03-23", "db": "PubMed", "db_id": "32205856", "db_name": "Cell death and differentiation", "first": "Shi Y", "last": "Melino G"}, "evidence": "Since lymphocytopenia is often seen in severe COVID-19 patients, the CRS caused by SARS-CoV-2 virus has to be mediated by leukocytes other than T cells, as in patients receiving CAR-T therapy; a high WBC-count is common, suggesting it, in association with lymphocytopenia, as a differential diagnostic criterion for COVID-19.", "line": 78, "relation": "negativeCorrelation"}
a(MESH:"T-Lymphocytes")	increases	p(HGNC:IFNG)	{"annotations": {"Custom_Disease": {"COVID-19": true}, "PublicationStatus": {"Published": true}, "PublicationType": {"Editorial": true}, "Section": {"Full Text": true}, "Species": {"9606": true}}, "citation": {"authors": ["Bucci E", "Gan J", "Huang J", "Huang X", "Ippolito G", "Melino G", "Piacentini M", "Shao C", "Shi Y", "Wang Y"], "date": "2020-03-23", "db": "PubMed", "db_id": "32205856", "db_name": "Cell death and differentiation", "first": "Shi Y", "last": "Melino G"}, "evidence": "One caveat is that MSCs need to be activated by IFN\u03b3 to exert their anti-inflammatory effects, which may be absent in severely affected patients as T cells are not well activated by SARS-CoV-2 infection.", "line": 90, "relation": "increases"}
a(MESH:Granulocytes)	increases	bp(GO:"innate immune response")	{"annotations": {"Custom_Disease": {"COVID-19": true}, "MeSHAnatomy": {"Lung": true}, "PublicationStatus": {"Published": true}, "PublicationType": {"Editorial": true}, "Section": {"Full Text": true}, "Species": {"9606": true}}, "citation": {"authors": ["Bucci E", "Gan J", "Huang J", "Huang X", "Ippolito G", "Melino G", "Piacentini M", "Shao C", "Shi Y", "Wang Y"], "date": "2020-03-23", "db": "PubMed", "db_id": "32205856", "db_name": "Cell death and differentiation", "first": "Shi Y", "last": "Melino G"}, "evidence": "The damaged cells induce innate inflammation in the lungs that is largely mediated by pro-inflammatory macrophages and granulocytes. Lung inflammation is the main cause of life-threatening respiratory disorders at the severe stage [4].", "line": 69, "relation": "increases"}
a(MESH:Macrophages)	increases	bp(GO:"innate immune response")	{"annotations": {"Custom_Disease": {"COVID-19": true}, "MeSHAnatomy": {"Lung": true}, "PublicationStatus": {"Published": true}, "PublicationType": {"Editorial": true}, "Section": {"Full Text": true}, "Species": {"9606": true}}, "citation": {"authors": ["Bucci E", "Gan J", "Huang J", "Huang X", "Ippolito G", "Melino G", "Piacentini M", "Shao C", "Shi Y", "Wang Y"], "date": "2020-03-23", "db": "PubMed", "db_id": "32205856", "db_name": "Cell death and differentiation", "first": "Shi Y", "last": "Melino G"}, "evidence": "The damaged cells induce innate inflammation in the lungs that is largely mediated by pro-inflammatory macrophages and granulocytes. Lung inflammation is the main cause of life-threatening respiratory disorders at the severe stage [4].", "line": 68, "relation": "increases"}
a(TAX:"Severe acute respiratory syndrome coronavirus 2")	increases	path(HP:"cell and tissue damage")	{"annotations": {"Custom_Disease": {"COVID-19": true}, "MeSHAnatomy": {"Intestines": true, "Kidney": true}, "PublicationStatus": {"Published": true}, "PublicationType": {"Editorial": true}, "Section": {"Full Text": true}, "Species": {"9606": true}}, "citation": {"authors": ["Bucci E", "Gan J", "Huang J", "Huang X", "Ippolito G", "Melino G", "Piacentini M", "Shao C", "Shi Y", "Wang Y"], "date": "2020-03-23", "db": "PubMed", "db_id": "32205856", "db_name": "Cell death and differentiation", "first": "Shi Y", "last": "Melino G"}, "evidence": "However, when a protective immune response is impaired, virus will propagate and massive destruction of the affected tissues will occur, especially in organs that have high ACE2 expression, such as intestine and kidney.", "line": 59, "relation": "increases"}
a(TAX:"Severe acute respiratory syndrome coronavirus 2")	positiveCorrelation	p(HGNC:ACE2)	{"annotations": {"Custom_Disease": {"COVID-19": true}, "MeSHAnatomy": {"Intestines": true, "Kidney": true}, "PublicationStatus": {"Published": true}, "PublicationType": {"Editorial": true}, "Section": {"Full Text": true}, "Species": {"9606": true}}, "citation": {"authors": ["Bucci E", "Gan J", "Huang J", "Huang X", "Ippolito G", "Melino G", "Piacentini M", "Shao C", "Shi Y", "Wang Y"], "date": "2020-03-23", "db": "PubMed", "db_id": "32205856", "db_name": "Cell death and differentiation", "first": "Shi Y", "last": "Melino G"}, "evidence": "However, when a protective immune response is impaired, virus will propagate and massive destruction of the affected tissues will occur, especially in organs that have high ACE2 expression, such as intestine and kidney.", "line": 60, "relation": "positiveCorrelation"}
a(TAX:"Severe acute respiratory syndrome coronavirus 2")	increases	path(MESH:"T-Lymphocytopenia")	{"annotations": {"Custom_Disease": {"COVID-19": true}, "PublicationStatus": {"Published": true}, "PublicationType": {"Editorial": true}, "Section": {"Full Text": true}, "Species": {"9606": true}}, "citation": {"authors": ["Bucci E", "Gan J", "Huang J", "Huang X", "Ippolito G", "Melino G", "Piacentini M", "Shao C", "Shi Y", "Wang Y"], "date": "2020-03-23", "db": "PubMed", "db_id": "32205856", "db_name": "Cell death and differentiation", "first": "Shi Y", "last": "Melino G"}, "evidence": "Since lymphocytopenia is often seen in severe COVID-19 patients, the CRS caused by SARS-CoV-2 virus has to be mediated by leukocytes other than T cells, as in patients receiving CAR-T therapy; a high WBC-count is common, suggesting it, in association with lymphocytopenia, as a differential diagnostic criterion for COVID-19.", "line": 77, "relation": "increases"}
a(TAX:"Severe acute respiratory syndrome coronavirus 2")	increases	path(FIXME:"Cytokine Release Syndrome")	{"annotations": {"Custom_Disease": {"COVID-19": true}, "PublicationStatus": {"Published": true}, "PublicationType": {"Editorial": true}, "Section": {"Full Text": true}, "Species": {"9606": true}}, "citation": {"authors": ["Bucci E", "Gan J", "Huang J", "Huang X", "Ippolito G", "Melino G", "Piacentini M", "Shao C", "Shi Y", "Wang Y"], "date": "2020-03-23", "db": "PubMed", "db_id": "32205856", "db_name": "Cell death and differentiation", "first": "Shi Y", "last": "Melino G"}, "evidence": "Since lymphocytopenia is often seen in severe COVID-19 patients, the CRS caused by SARS-CoV-2 virus has to be mediated by leukocytes other than T cells, as in patients receiving CAR-T therapy; a high WBC-count is common, suggesting it, in association with lymphocytopenia, as a differential diagnostic criterion for COVID-19.", "line": 79, "relation": "increases"}
a(TAX:"Severe acute respiratory syndrome coronavirus 2")	decreases	a(MESH:"T-Lymphocytes")	{"annotations": {"Custom_Disease": {"COVID-19": true}, "PublicationStatus": {"Published": true}, "PublicationType": {"Editorial": true}, "Section": {"Full Text": true}, "Species": {"9606": true}}, "citation": {"authors": ["Bucci E", "Gan J", "Huang J", "Huang X", "Ippolito G", "Melino G", "Piacentini M", "Shao C", "Shi Y", "Wang Y"], "date": "2020-03-23", "db": "PubMed", "db_id": "32205856", "db_name": "Cell death and differentiation", "first": "Shi Y", "last": "Melino G"}, "evidence": "One caveat is that MSCs need to be activated by IFN\u03b3 to exert their anti-inflammatory effects, which may be absent in severely affected patients as T cells are not well activated by SARS-CoV-2 infection.", "line": 89, "relation": "decreases"}
a(TAX:"Severe acute respiratory syndrome coronavirus 2")	increases	path(MESH:"Lung Injury")	{"annotations": {"Custom_Disease": {"COVID-19": true}, "PublicationStatus": {"Published": true}, "PublicationType": {"Editorial": true}, "Section": {"Full Text": true}, "Species": {"9606": true}}, "citation": {"authors": ["Bucci E", "Gan J", "Huang J", "Huang X", "Ippolito G", "Melino G", "Piacentini M", "Shao C", "Shi Y", "Wang Y"], "date": "2020-03-23", "db": "PubMed", "db_id": "32205856", "db_name": "Cell death and differentiation", "first": "Shi Y", "last": "Melino G"}, "evidence": "The innate immune response to tissue damage caused by the virus could lead to acute respiratory distress syndrome (ARDS), in which respiratory failure is characterized by the rapid onset of widespread inflammation in the lungs and subsequent fatality [4].", "line": 104, "relation": "increases"}
bp(GO:"adaptive immune response")	decreases	a(TAX:"Severe acute respiratory syndrome coronavirus 2")	{"annotations": {"Custom_Disease": {"COVID-19": true}, "PublicationStatus": {"Published": true}, "PublicationType": {"Editorial": true}, "Section": {"Full Text": true}, "Severity": {"Mild": true}, "Species": {"9606": true}}, "citation": {"authors": ["Bucci E", "Gan J", "Huang J", "Huang X", "Ippolito G", "Melino G", "Piacentini M", "Shao C", "Shi Y", "Wang Y"], "date": "2020-03-23", "db": "PubMed", "db_id": "32205856", "db_name": "Cell death and differentiation", "first": "Shi Y", "last": "Melino G"}, "evidence": "During the incubation and non-severe stages, a specific adaptive immune response is required to eliminate the virus and to preclude disease progression to severe stages.", "line": 52, "relation": "decreases"}
bp(GO:"adaptive immune response")	decreases	a(TAX:"Severe acute respiratory syndrome coronavirus 2")	{"annotations": {"Custom_Disease": {"COVID-19": true}, "MeSHAnatomy": {"Intestines": true, "Kidney": true}, "PublicationStatus": {"Published": true}, "PublicationType": {"Editorial": true}, "Section": {"Full Text": true}, "Species": {"9606": true}}, "citation": {"authors": ["Bucci E", "Gan J", "Huang J", "Huang X", "Ippolito G", "Melino G", "Piacentini M", "Shao C", "Shi Y", "Wang Y"], "date": "2020-03-23", "db": "PubMed", "db_id": "32205856", "db_name": "Cell death and differentiation", "first": "Shi Y", "last": "Melino G"}, "evidence": "However, when a protective immune response is impaired, virus will propagate and massive destruction of the affected tissues will occur, especially in organs that have high ACE2 expression, such as intestine and kidney.", "line": 58, "relation": "decreases"}
bp(GO:"inflammatory response")	increases	path(DO:"adult respiratory distress syndrome")	{"annotations": {"Custom_Disease": {"COVID-19": true}, "PublicationStatus": {"Published": true}, "PublicationType": {"Editorial": true}, "Section": {"Full Text": true}, "Species": {"9606": true}}, "citation": {"authors": ["Bucci E", "Gan J", "Huang J", "Huang X", "Ippolito G", "Melino G", "Piacentini M", "Shao C", "Shi Y", "Wang Y"], "date": "2020-03-23", "db": "PubMed", "db_id": "32205856", "db_name": "Cell death and differentiation", "first": "Shi Y", "last": "Melino G"}, "evidence": "The innate immune response to tissue damage caused by the virus could lead to acute respiratory distress syndrome (ARDS), in which respiratory failure is characterized by the rapid onset of widespread inflammation in the lungs and subsequent fatality [4].", "line": 106, "relation": "increases"}
bp(GO:"innate immune response")	increases	path(DO:"respiratory system disease")	{"annotations": {"Custom_Disease": {"COVID-19": true}, "MeSHAnatomy": {"Lung": true}, "PublicationStatus": {"Published": true}, "PublicationType": {"Editorial": true}, "Section": {"Full Text": true}, "Severity": {"Severe": true}, "Species": {"9606": true}}, "citation": {"authors": ["Bucci E", "Gan J", "Huang J", "Huang X", "Ippolito G", "Melino G", "Piacentini M", "Shao C", "Shi Y", "Wang Y"], "date": "2020-03-23", "db": "PubMed", "db_id": "32205856", "db_name": "Cell death and differentiation", "first": "Shi Y", "last": "Melino G"}, "evidence": "The damaged cells induce innate inflammation in the lungs that is largely mediated by pro-inflammatory macrophages and granulocytes. Lung inflammation is the main cause of life-threatening respiratory disorders at the severe stage [4].", "line": 71, "relation": "increases"}
p(HGNC:ACE2)	positiveCorrelation	a(TAX:"Severe acute respiratory syndrome coronavirus 2")	{"annotations": {"Custom_Disease": {"COVID-19": true}, "MeSHAnatomy": {"Intestines": true, "Kidney": true}, "PublicationStatus": {"Published": true}, "PublicationType": {"Editorial": true}, "Section": {"Full Text": true}, "Species": {"9606": true}}, "citation": {"authors": ["Bucci E", "Gan J", "Huang J", "Huang X", "Ippolito G", "Melino G", "Piacentini M", "Shao C", "Shi Y", "Wang Y"], "date": "2020-03-23", "db": "PubMed", "db_id": "32205856", "db_name": "Cell death and differentiation", "first": "Shi Y", "last": "Melino G"}, "evidence": "However, when a protective immune response is impaired, virus will propagate and massive destruction of the affected tissues will occur, especially in organs that have high ACE2 expression, such as intestine and kidney.", "line": 60, "relation": "positiveCorrelation"}
act(p(HGNC:HYAL1))	decreases	act(p(HGNC:HAS2))	{"annotations": {"Custom_Disease": {"COVID-19": true}, "PublicationStatus": {"Published": true}, "PublicationType": {"Editorial": true}, "Section": {"Full Text": true}, "Species": {"9606": true}}, "citation": {"authors": ["Bucci E", "Gan J", "Huang J", "Huang X", "Ippolito G", "Melino G", "Piacentini M", "Shao C", "Shi Y", "Wang Y"], "date": "2020-03-23", "db": "PubMed", "db_id": "32205856", "db_name": "Cell death and differentiation", "first": "Shi Y", "last": "Melino G"}, "evidence": "Since Vitamin B3 is highly lung protective, it should be used as soon as coughing begins. When breathing difficulty becomes apparent, hyaluronidase can be used intratracheally and at the same time 4-MU can be given to inhibit HAS2.", "line": 148, "object": {"modifier": "Activity"}, "relation": "decreases", "subject": {"modifier": "Activity"}}
act(p(HGNC:IFNG))	increases	a(MESH:"Mesenchymal Stromal Cells")	{"annotations": {"Custom_Disease": {"COVID-19": true}, "PublicationStatus": {"Published": true}, "PublicationType": {"Editorial": true}, "Section": {"Full Text": true}, "Species": {"9606": true}}, "citation": {"authors": ["Bucci E", "Gan J", "Huang J", "Huang X", "Ippolito G", "Melino G", "Piacentini M", "Shao C", "Shi Y", "Wang Y"], "date": "2020-03-23", "db": "PubMed", "db_id": "32205856", "db_name": "Cell death and differentiation", "first": "Shi Y", "last": "Melino G"}, "evidence": "One caveat is that MSCs need to be activated by IFN\u03b3 to exert their anti-inflammatory effects, which may be absent in severely affected patients as T cells are not well activated by SARS-CoV-2 infection.", "line": 91, "relation": "increases", "subject": {"modifier": "Activity"}}
act(p(HGNC:IL1B))	increases	p(HGNC:HAS2)	{"annotations": {"Custom_Disease": {"COVID-19": true}, "MeSHAnatomy": {"Endothelium": true, "Fibroblasts": true, "Lung": true, "Pulmonary Alveoli": true}, "PublicationStatus": {"Published": true}, "PublicationType": {"Editorial": true}, "Section": {"Full Text": true}, "Species": {"9606": true}}, "citation": {"authors": ["Bucci E", "Gan J", "Huang J", "Huang X", "Ippolito G", "Melino G", "Piacentini M", "Shao C", "Shi Y", "Wang Y"], "date": "2020-03-23", "db": "PubMed", "db_id": "32205856", "db_name": "Cell death and differentiation", "first": "Shi Y", "last": "Melino G"}, "evidence": "The levels of inflammatory cytokines (IL-1, TNF) are high in the lungs of COVID-19 patients and these cytokines are strong inducers of HA-synthase-2 (HAS2) in CD31 + endothelium, EpCAM + lung alveolar epithelial cells, and fibroblasts [13].", "line": 134, "relation": "increases", "subject": {"modifier": "Activity"}}
act(p(HGNC:IL6))	negativeCorrelation	path(DO:"COVID-19")	{"annotations": {"Custom_Disease": {"COVID-19": true}, "PublicationStatus": {"Published": true}, "PublicationType": {"Editorial": true}, "Section": {"Full Text": true}, "Species": {"9606": true}}, "citation": {"authors": ["Bucci E", "Gan J", "Huang J", "Huang X", "Ippolito G", "Melino G", "Piacentini M", "Shao C", "Shi Y", "Wang Y"], "date": "2020-03-23", "db": "PubMed", "db_id": "32205856", "db_name": "Cell death and differentiation", "first": "Shi Y", "last": "Melino G"}, "evidence": "In any case, blocking IL-6 may be effective. Blocking IL-1 and TNF may also benefit patients.", "line": 84, "relation": "negativeCorrelation", "subject": {"modifier": "Activity"}}
act(p(HGNC:TNF))	negativeCorrelation	path(DO:"COVID-19")	{"annotations": {"Custom_Disease": {"COVID-19": true}, "PublicationStatus": {"Published": true}, "PublicationType": {"Editorial": true}, "Section": {"Full Text": true}, "Species": {"9606": true}}, "citation": {"authors": ["Bucci E", "Gan J", "Huang J", "Huang X", "Ippolito G", "Melino G", "Piacentini M", "Shao C", "Shi Y", "Wang Y"], "date": "2020-03-23", "db": "PubMed", "db_id": "32205856", "db_name": "Cell death and differentiation", "first": "Shi Y", "last": "Melino G"}, "evidence": "In any case, blocking IL-6 may be effective. Blocking IL-1 and TNF may also benefit patients.", "line": 85, "relation": "negativeCorrelation", "subject": {"modifier": "Activity"}}
act(p(HGNC:TNF))	increases	p(HGNC:HAS2)	{"annotations": {"Custom_Disease": {"COVID-19": true}, "MeSHAnatomy": {"Endothelium": true, "Fibroblasts": true, "Lung": true, "Pulmonary Alveoli": true}, "PublicationStatus": {"Published": true}, "PublicationType": {"Editorial": true}, "Section": {"Full Text": true}, "Species": {"9606": true}}, "citation": {"authors": ["Bucci E", "Gan J", "Huang J", "Huang X", "Ippolito G", "Melino G", "Piacentini M", "Shao C", "Shi Y", "Wang Y"], "date": "2020-03-23", "db": "PubMed", "db_id": "32205856", "db_name": "Cell death and differentiation", "first": "Shi Y", "last": "Melino G"}, "evidence": "The levels of inflammatory cytokines (IL-1, TNF) are high in the lungs of COVID-19 patients and these cytokines are strong inducers of HA-synthase-2 (HAS2) in CD31 + endothelium, EpCAM + lung alveolar epithelial cells, and fibroblasts [13].", "line": 135, "relation": "increases", "subject": {"modifier": "Activity"}}
path(DO:"COVID-19")	association	path(MESH:"T-Lymphocytopenia")	{"annotations": {"Custom_Disease": {"COVID-19": true}, "PublicationStatus": {"Published": true}, "PublicationType": {"Editorial": true}, "Section": {"Full Text": true}, "Species": {"9606": true}}, "citation": {"authors": ["Bucci E", "Gan J", "Huang J", "Huang X", "Ippolito G", "Melino G", "Piacentini M", "Shao C", "Shi Y", "Wang Y"], "date": "2020-03-23", "db": "PubMed", "db_id": "32205856", "db_name": "Cell death and differentiation", "first": "Shi Y", "last": "Melino G"}, "evidence": "Since lymphocytopenia is often seen in severe COVID-19 patients, the CRS caused by SARS-CoV-2 virus has to be mediated by leukocytes other than T cells, as in patients receiving CAR-T therapy; a high WBC-count is common, suggesting it, in association with lymphocytopenia, as a differential diagnostic criterion for COVID-19.", "line": 80, "relation": "association"}
path(DO:"COVID-19")	negativeCorrelation	act(p(HGNC:IL6))	{"annotations": {"Custom_Disease": {"COVID-19": true}, "PublicationStatus": {"Published": true}, "PublicationType": {"Editorial": true}, "Section": {"Full Text": true}, "Species": {"9606": true}}, "citation": {"authors": ["Bucci E", "Gan J", "Huang J", "Huang X", "Ippolito G", "Melino G", "Piacentini M", "Shao C", "Shi Y", "Wang Y"], "date": "2020-03-23", "db": "PubMed", "db_id": "32205856", "db_name": "Cell death and differentiation", "first": "Shi Y", "last": "Melino G"}, "evidence": "In any case, blocking IL-6 may be effective. Blocking IL-1 and TNF may also benefit patients.", "line": 84, "object": {"modifier": "Activity"}, "relation": "negativeCorrelation"}
path(DO:"COVID-19")	negativeCorrelation	act(p(HGNC:TNF))	{"annotations": {"Custom_Disease": {"COVID-19": true}, "PublicationStatus": {"Published": true}, "PublicationType": {"Editorial": true}, "Section": {"Full Text": true}, "Species": {"9606": true}}, "citation": {"authors": ["Bucci E", "Gan J", "Huang J", "Huang X", "Ippolito G", "Melino G", "Piacentini M", "Shao C", "Shi Y", "Wang Y"], "date": "2020-03-23", "db": "PubMed", "db_id": "32205856", "db_name": "Cell death and differentiation", "first": "Shi Y", "last": "Melino G"}, "evidence": "In any case, blocking IL-6 may be effective. Blocking IL-1 and TNF may also benefit patients.", "line": 85, "object": {"modifier": "Activity"}, "relation": "negativeCorrelation"}
path(DO:"COVID-19")	increases	p(HGNC:TNF)	{"annotations": {"Custom_Disease": {"COVID-19": true}, "MeSHAnatomy": {"Lung": true}, "PublicationStatus": {"Published": true}, "PublicationType": {"Editorial": true}, "Section": {"Full Text": true}, "Species": {"9606": true}}, "citation": {"authors": ["Bucci E", "Gan J", "Huang J", "Huang X", "Ippolito G", "Melino G", "Piacentini M", "Shao C", "Shi Y", "Wang Y"], "date": "2020-03-23", "db": "PubMed", "db_id": "32205856", "db_name": "Cell death and differentiation", "first": "Shi Y", "last": "Melino G"}, "evidence": "The levels of inflammatory cytokines (IL-1, TNF) are high in the lungs of COVID-19 patients and these cytokines are strong inducers of HA-synthase-2 (HAS2) in CD31 + endothelium, EpCAM + lung alveolar epithelial cells, and fibroblasts [13].", "line": 131, "relation": "increases"}
path(DO:"COVID-19")	regulates	a(CHEBI:"hyaluronic acid")	{"annotations": {"Custom_Disease": {"COVID-19": true}, "MeSHAnatomy": {"Lung": true}, "PublicationStatus": {"Published": true}, "PublicationType": {"Editorial": true}, "Section": {"Full Text": true}, "Species": {"9606": true}}, "citation": {"authors": ["Bucci E", "Gan J", "Huang J", "Huang X", "Ippolito G", "Melino G", "Piacentini M", "Shao C", "Shi Y", "Wang Y"], "date": "2020-03-23", "db": "PubMed", "db_id": "32205856", "db_name": "Cell death and differentiation", "first": "Shi Y", "last": "Melino G"}, "evidence": "Although the nature of the clear jelly has yet to be determined, hyaluronan (HA) is associated with ARDS [12]; moreover, during SARS infection, the production and regulation of hyaluronan is defective.", "line": 125, "relation": "regulates"}
path(DO:"COVID-19")	increases	p(HGNC:IL1B)	{"annotations": {"Custom_Disease": {"COVID-19": true}, "MeSHAnatomy": {"Lung": true}, "PublicationStatus": {"Published": true}, "PublicationType": {"Editorial": true}, "Section": {"Full Text": true}, "Species": {"9606": true}}, "citation": {"authors": ["Bucci E", "Gan J", "Huang J", "Huang X", "Ippolito G", "Melino G", "Piacentini M", "Shao C", "Shi Y", "Wang Y"], "date": "2020-03-23", "db": "PubMed", "db_id": "32205856", "db_name": "Cell death and differentiation", "first": "Shi Y", "last": "Melino G"}, "evidence": "The levels of inflammatory cytokines (IL-1, TNF) are high in the lungs of COVID-19 patients and these cytokines are strong inducers of HA-synthase-2 (HAS2) in CD31 + endothelium, EpCAM + lung alveolar epithelial cells, and fibroblasts [13].", "line": 130, "relation": "increases"}
path(DO:"adult respiratory distress syndrome")	increases	path(MESH:Death)	{"annotations": {"Custom_Disease": {"COVID-19": true}, "PublicationStatus": {"Published": true}, "PublicationType": {"Editorial": true}, "Section": {"Full Text": true}, "Species": {"9606": true}}, "citation": {"authors": ["Bucci E", "Gan J", "Huang J", "Huang X", "Ippolito G", "Melino G", "Piacentini M", "Shao C", "Shi Y", "Wang Y"], "date": "2020-03-23", "db": "PubMed", "db_id": "32205856", "db_name": "Cell death and differentiation", "first": "Shi Y", "last": "Melino G"}, "evidence": "The innate immune response to tissue damage caused by the virus could lead to acute respiratory distress syndrome (ARDS), in which respiratory failure is characterized by the rapid onset of widespread inflammation in the lungs and subsequent fatality [4].", "line": 107, "relation": "increases"}
path(DO:"adult respiratory distress syndrome")	positiveCorrelation	path(MESH:Dyspnea)	{"annotations": {"Custom_Disease": {"COVID-19": true}, "PublicationStatus": {"Published": true}, "PublicationType": {"Editorial": true}, "Section": {"Full Text": true}, "Species": {"9606": true}}, "citation": {"authors": ["Bucci E", "Gan J", "Huang J", "Huang X", "Ippolito G", "Melino G", "Piacentini M", "Shao C", "Shi Y", "Wang Y"], "date": "2020-03-23", "db": "PubMed", "db_id": "32205856", "db_name": "Cell death and differentiation", "first": "Shi Y", "last": "Melino G"}, "evidence": "The symptoms of ARDS patients include short/rapid breathing, and cyanosis.", "line": 111, "relation": "positiveCorrelation"}
path(DO:"adult respiratory distress syndrome")	positiveCorrelation	path(MESH:Cyanosis)	{"annotations": {"Custom_Disease": {"COVID-19": true}, "PublicationStatus": {"Published": true}, "PublicationType": {"Editorial": true}, "Section": {"Full Text": true}, "Species": {"9606": true}}, "citation": {"authors": ["Bucci E", "Gan J", "Huang J", "Huang X", "Ippolito G", "Melino G", "Piacentini M", "Shao C", "Shi Y", "Wang Y"], "date": "2020-03-23", "db": "PubMed", "db_id": "32205856", "db_name": "Cell death and differentiation", "first": "Shi Y", "last": "Melino G"}, "evidence": "The symptoms of ARDS patients include short/rapid breathing, and cyanosis.", "line": 112, "relation": "positiveCorrelation"}
path(DO:"adult respiratory distress syndrome")	increases	path(HP:"Ground-glass opacification on pulmonary HRCT")	{"annotations": {"Custom_Disease": {"COVID-19": true}, "MeSHAnatomy": {"Lung": true}, "PublicationStatus": {"Published": true}, "PublicationType": {"Editorial": true}, "Section": {"Full Text": true}, "Species": {"9606": true}, "Technique": {"computed tomography": true}}, "citation": {"authors": ["Bucci E", "Gan J", "Huang J", "Huang X", "Ippolito G", "Melino G", "Piacentini M", "Shao C", "Shi Y", "Wang Y"], "date": "2020-03-23", "db": "PubMed", "db_id": "32205856", "db_name": "Cell death and differentiation", "first": "Shi Y", "last": "Melino G"}, "evidence": "CT images revealed that there are characteristic white patches called \u201cground glass\u201d, containing fluid in the lungs [2].", "line": 117, "relation": "increases"}
path(DO:"adult respiratory distress syndrome")	association	a(CHEBI:"hyaluronic acid")	{"annotations": {"Custom_Disease": {"COVID-19": true}, "MeSHAnatomy": {"Lung": true}, "PublicationStatus": {"Published": true}, "PublicationType": {"Editorial": true}, "Section": {"Full Text": true}, "Species": {"9606": true}}, "citation": {"authors": ["Bucci E", "Gan J", "Huang J", "Huang X", "Ippolito G", "Melino G", "Piacentini M", "Shao C", "Shi Y", "Wang Y"], "date": "2020-03-23", "db": "PubMed", "db_id": "32205856", "db_name": "Cell death and differentiation", "first": "Shi Y", "last": "Melino G"}, "evidence": "Although the nature of the clear jelly has yet to be determined, hyaluronan (HA) is associated with ARDS [12]; moreover, during SARS infection, the production and regulation of hyaluronan is defective.", "line": 124, "relation": "association"}
path(MESH:"Lung Injury")	increases	a(MESH:Macrophages)	{"annotations": {"Custom_Disease": {"COVID-19": true}, "MeSHAnatomy": {"Lung": true}, "PublicationStatus": {"Published": true}, "PublicationType": {"Editorial": true}, "Section": {"Full Text": true}, "Species": {"9606": true}}, "citation": {"authors": ["Bucci E", "Gan J", "Huang J", "Huang X", "Ippolito G", "Melino G", "Piacentini M", "Shao C", "Shi Y", "Wang Y"], "date": "2020-03-23", "db": "PubMed", "db_id": "32205856", "db_name": "Cell death and differentiation", "first": "Shi Y", "last": "Melino G"}, "evidence": "The damaged cells induce innate inflammation in the lungs that is largely mediated by pro-inflammatory macrophages and granulocytes. Lung inflammation is the main cause of life-threatening respiratory disorders at the severe stage [4].", "line": 66, "relation": "increases"}
path(MESH:"Lung Injury")	increases	a(MESH:Granulocytes)	{"annotations": {"Custom_Disease": {"COVID-19": true}, "MeSHAnatomy": {"Lung": true}, "PublicationStatus": {"Published": true}, "PublicationType": {"Editorial": true}, "Section": {"Full Text": true}, "Species": {"9606": true}}, "citation": {"authors": ["Bucci E", "Gan J", "Huang J", "Huang X", "Ippolito G", "Melino G", "Piacentini M", "Shao C", "Shi Y", "Wang Y"], "date": "2020-03-23", "db": "PubMed", "db_id": "32205856", "db_name": "Cell death and differentiation", "first": "Shi Y", "last": "Melino G"}, "evidence": "The damaged cells induce innate inflammation in the lungs that is largely mediated by pro-inflammatory macrophages and granulocytes. Lung inflammation is the main cause of life-threatening respiratory disorders at the severe stage [4].", "line": 67, "relation": "increases"}
path(MESH:"Lung Injury")	increases	bp(GO:"inflammatory response")	{"annotations": {"Custom_Disease": {"COVID-19": true}, "PublicationStatus": {"Published": true}, "PublicationType": {"Editorial": true}, "Section": {"Full Text": true}, "Species": {"9606": true}}, "citation": {"authors": ["Bucci E", "Gan J", "Huang J", "Huang X", "Ippolito G", "Melino G", "Piacentini M", "Shao C", "Shi Y", "Wang Y"], "date": "2020-03-23", "db": "PubMed", "db_id": "32205856", "db_name": "Cell death and differentiation", "first": "Shi Y", "last": "Melino G"}, "evidence": "The innate immune response to tissue damage caused by the virus could lead to acute respiratory distress syndrome (ARDS), in which respiratory failure is characterized by the rapid onset of widespread inflammation in the lungs and subsequent fatality [4].", "line": 105, "relation": "increases"}
path(MESH:"T-Lymphocytopenia")	negativeCorrelation	a(MESH:"T-Lymphocytes")	{"annotations": {"Custom_Disease": {"COVID-19": true}, "PublicationStatus": {"Published": true}, "PublicationType": {"Editorial": true}, "Section": {"Full Text": true}, "Species": {"9606": true}}, "citation": {"authors": ["Bucci E", "Gan J", "Huang J", "Huang X", "Ippolito G", "Melino G", "Piacentini M", "Shao C", "Shi Y", "Wang Y"], "date": "2020-03-23", "db": "PubMed", "db_id": "32205856", "db_name": "Cell death and differentiation", "first": "Shi Y", "last": "Melino G"}, "evidence": "Since lymphocytopenia is often seen in severe COVID-19 patients, the CRS caused by SARS-CoV-2 virus has to be mediated by leukocytes other than T cells, as in patients receiving CAR-T therapy; a high WBC-count is common, suggesting it, in association with lymphocytopenia, as a differential diagnostic criterion for COVID-19.", "line": 78, "relation": "negativeCorrelation"}
path(MESH:"T-Lymphocytopenia")	association	path(DO:"COVID-19")	{"annotations": {"Custom_Disease": {"COVID-19": true}, "PublicationStatus": {"Published": true}, "PublicationType": {"Editorial": true}, "Section": {"Full Text": true}, "Species": {"9606": true}}, "citation": {"authors": ["Bucci E", "Gan J", "Huang J", "Huang X", "Ippolito G", "Melino G", "Piacentini M", "Shao C", "Shi Y", "Wang Y"], "date": "2020-03-23", "db": "PubMed", "db_id": "32205856", "db_name": "Cell death and differentiation", "first": "Shi Y", "last": "Melino G"}, "evidence": "Since lymphocytopenia is often seen in severe COVID-19 patients, the CRS caused by SARS-CoV-2 virus has to be mediated by leukocytes other than T cells, as in patients receiving CAR-T therapy; a high WBC-count is common, suggesting it, in association with lymphocytopenia, as a differential diagnostic criterion for COVID-19.", "line": 80, "relation": "association"}
path(MESH:Cyanosis)	positiveCorrelation	path(DO:"adult respiratory distress syndrome")	{"annotations": {"Custom_Disease": {"COVID-19": true}, "PublicationStatus": {"Published": true}, "PublicationType": {"Editorial": true}, "Section": {"Full Text": true}, "Species": {"9606": true}}, "citation": {"authors": ["Bucci E", "Gan J", "Huang J", "Huang X", "Ippolito G", "Melino G", "Piacentini M", "Shao C", "Shi Y", "Wang Y"], "date": "2020-03-23", "db": "PubMed", "db_id": "32205856", "db_name": "Cell death and differentiation", "first": "Shi Y", "last": "Melino G"}, "evidence": "The symptoms of ARDS patients include short/rapid breathing, and cyanosis.", "line": 112, "relation": "positiveCorrelation"}
path(MESH:Dyspnea)	positiveCorrelation	path(DO:"adult respiratory distress syndrome")	{"annotations": {"Custom_Disease": {"COVID-19": true}, "PublicationStatus": {"Published": true}, "PublicationType": {"Editorial": true}, "Section": {"Full Text": true}, "Species": {"9606": true}}, "citation": {"authors": ["Bucci E", "Gan J", "Huang J", "Huang X", "Ippolito G", "Melino G", "Piacentini M", "Shao C", "Shi Y", "Wang Y"], "date": "2020-03-23", "db": "PubMed", "db_id": "32205856", "db_name": "Cell death and differentiation", "first": "Shi Y", "last": "Melino G"}, "evidence": "The symptoms of ARDS patients include short/rapid breathing, and cyanosis.", "line": 111, "relation": "positiveCorrelation"}
