a(CHEBI:"6-methylprednisolone")	regulates	path(DO:"COVID-19")	{"annotations": {"Cohort_Mean_Age": {"58.50 years": true}, "Custom_Disease": {"COVID-19": true}, "PublicationStatus": {"Preprint": true}, "PublicationType": {"Research": true}, "Section": {"Results": true}, "Species": {"9606": true}}, "citation": {"authors": ["Chen M", "Fan Y", "Guo T", "He T", "Lu Z", "Wan J", "Wang H", "Wang X", "Wu X", "Zhang L"], "date": "2020-03-27", "db": "PubMed", "db_id": "32219356", "db_name": "JAMA cardiology", "first": "Guo T", "last": "Lu Z"}, "evidence": "Antiviral (oseltamivir, 75 mg twice a day; ribavirin, 0.5 g twice a day; umifenovir, 0.2 g 3 times a day), antibacterial (moxifloxacin, 0.4 g every day), glucocorticoid (methylprednisolone, 40-80 mg every day), and respiratory support were the main treatment approaches for the hospitalized patients (Table 1).", "line": 108, "relation": "regulates"}
a(CHEBI:creatinine)	positiveCorrelation	p(HGNC:TNNT2)	{"annotations": {"Cohort_Mean_Age": {"58.50 years": true}, "Custom_Disease": {"COVID-19": true}, "MeSHAnatomy": {"Plasma": true}, "PublicationStatus": {"Preprint": true}, "PublicationType": {"Research": true}, "Section": {"Results": true}, "Species": {"9606": true}}, "citation": {"authors": ["Chen M", "Fan Y", "Guo T", "He T", "Lu Z", "Wan J", "Wang H", "Wang X", "Wu X", "Zhang L"], "date": "2020-03-27", "db": "PubMed", "db_id": "32219356", "db_name": "JAMA cardiology", "first": "Guo T", "last": "Lu Z"}, "evidence": "Those with elevated TnT levels also had higher levels of creatinine (median [IQR], 0.79 [0.71-1.17] vs 0.63 [0.55-0.79] mg/dL [to convert to micromoles per liter, multiply by 88.4]) and aspartate aminotransferase (median [IQR], 39.5 [27.2-57.8] vs 29.0 [21.0-39.0]U/L [to convert to microkatal per liter, multiply by 0.0167]) (P < .001, both), but alanine aminotransferase did not differ between the 2 groups.", "line": 87, "relation": "positiveCorrelation"}
a(CHEBI:moxifloxacin)	regulates	path(DO:"COVID-19")	{"annotations": {"Cohort_Mean_Age": {"58.50 years": true}, "Custom_Disease": {"COVID-19": true}, "PublicationStatus": {"Preprint": true}, "PublicationType": {"Research": true}, "Section": {"Results": true}, "Species": {"9606": true}}, "citation": {"authors": ["Chen M", "Fan Y", "Guo T", "He T", "Lu Z", "Wan J", "Wang H", "Wang X", "Wu X", "Zhang L"], "date": "2020-03-27", "db": "PubMed", "db_id": "32219356", "db_name": "JAMA cardiology", "first": "Guo T", "last": "Lu Z"}, "evidence": "Antiviral (oseltamivir, 75 mg twice a day; ribavirin, 0.5 g twice a day; umifenovir, 0.2 g 3 times a day), antibacterial (moxifloxacin, 0.4 g every day), glucocorticoid (methylprednisolone, 40-80 mg every day), and respiratory support were the main treatment approaches for the hospitalized patients (Table 1).", "line": 107, "relation": "regulates"}
a(CHEBI:oseltamivir)	regulates	path(DO:"COVID-19")	{"annotations": {"Cohort_Mean_Age": {"58.50 years": true}, "Custom_Disease": {"COVID-19": true}, "PublicationStatus": {"Preprint": true}, "PublicationType": {"Research": true}, "Section": {"Results": true}, "Species": {"9606": true}}, "citation": {"authors": ["Chen M", "Fan Y", "Guo T", "He T", "Lu Z", "Wan J", "Wang H", "Wang X", "Wu X", "Zhang L"], "date": "2020-03-27", "db": "PubMed", "db_id": "32219356", "db_name": "JAMA cardiology", "first": "Guo T", "last": "Lu Z"}, "evidence": "Antiviral (oseltamivir, 75 mg twice a day; ribavirin, 0.5 g twice a day; umifenovir, 0.2 g 3 times a day), antibacterial (moxifloxacin, 0.4 g every day), glucocorticoid (methylprednisolone, 40-80 mg every day), and respiratory support were the main treatment approaches for the hospitalized patients (Table 1).", "line": 104, "relation": "regulates"}
a(CHEBI:ribavirin)	regulates	path(DO:"COVID-19")	{"annotations": {"Cohort_Mean_Age": {"58.50 years": true}, "Custom_Disease": {"COVID-19": true}, "PublicationStatus": {"Preprint": true}, "PublicationType": {"Research": true}, "Section": {"Results": true}, "Species": {"9606": true}}, "citation": {"authors": ["Chen M", "Fan Y", "Guo T", "He T", "Lu Z", "Wan J", "Wang H", "Wang X", "Wu X", "Zhang L"], "date": "2020-03-27", "db": "PubMed", "db_id": "32219356", "db_name": "JAMA cardiology", "first": "Guo T", "last": "Lu Z"}, "evidence": "Antiviral (oseltamivir, 75 mg twice a day; ribavirin, 0.5 g twice a day; umifenovir, 0.2 g 3 times a day), antibacterial (moxifloxacin, 0.4 g every day), glucocorticoid (methylprednisolone, 40-80 mg every day), and respiratory support were the main treatment approaches for the hospitalized patients (Table 1).", "line": 105, "relation": "regulates"}
a(CHEBI:triglyceride)	positiveCorrelation	p(HGNC:TNNT2)	{"annotations": {"Cohort_Mean_Age": {"58.50 years": true}, "Custom_Disease": {"COVID-19": true}, "MeSHAnatomy": {"Plasma": true}, "PublicationStatus": {"Preprint": true}, "PublicationType": {"Research": true}, "Section": {"Results": true}, "Species": {"9606": true}}, "citation": {"authors": ["Chen M", "Fan Y", "Guo T", "He T", "Lu Z", "Wan J", "Wang H", "Wang X", "Wu X", "Zhang L"], "date": "2020-03-27", "db": "PubMed", "db_id": "32219356", "db_name": "JAMA cardiology", "first": "Guo T", "last": "Lu Z"}, "evidence": "Total, high-density lipoprotein, and low-density lipoprotein cholesterol levels did not differ according to TnT levels, but patients with elevated TnT levels had higher triglyceride levels (median [IQR], 92.04 [69.91-159.29] vs 82.30 [59.29- 115.04]mg/dL [to convert to millimoles per liter, multiply by 0.0259];P=.04).", "line": 70, "relation": "positiveCorrelation"}
a(CHEBI:umifenovir)	regulates	path(DO:"COVID-19")	{"annotations": {"Cohort_Mean_Age": {"58.50 years": true}, "Custom_Disease": {"COVID-19": true}, "PublicationStatus": {"Preprint": true}, "PublicationType": {"Research": true}, "Section": {"Results": true}, "Species": {"9606": true}}, "citation": {"authors": ["Chen M", "Fan Y", "Guo T", "He T", "Lu Z", "Wan J", "Wang H", "Wang X", "Wu X", "Zhang L"], "date": "2020-03-27", "db": "PubMed", "db_id": "32219356", "db_name": "JAMA cardiology", "first": "Guo T", "last": "Lu Z"}, "evidence": "Antiviral (oseltamivir, 75 mg twice a day; ribavirin, 0.5 g twice a day; umifenovir, 0.2 g 3 times a day), antibacterial (moxifloxacin, 0.4 g every day), glucocorticoid (methylprednisolone, 40-80 mg every day), and respiratory support were the main treatment approaches for the hospitalized patients (Table 1).", "line": 106, "relation": "regulates"}
a(MESH:"Angiotensin II Type 1 Receptor Blockers")	positiveCorrelation	p(HGNC:TNNT2)	{"annotations": {"Cohort_Mean_Age": {"58.50 years": true}, "Custom_Disease": {"COVID-19": true}, "PublicationStatus": {"Preprint": true}, "PublicationType": {"Research": true}, "Section": {"Results": true}, "Species": {"9606": true}}, "citation": {"authors": ["Chen M", "Fan Y", "Guo T", "He T", "Lu Z", "Wan J", "Wang H", "Wang X", "Wu X", "Zhang L"], "date": "2020-03-27", "db": "PubMed", "db_id": "32219356", "db_name": "JAMA cardiology", "first": "Guo T", "last": "Lu Z"}, "evidence": "Notably, the use of angiotensin-converting enzyme inhibitors (ACEIs)/angiotensin receptor blockers (ARBs) was higher in patients with elevated TnT levels (11 [21.1%] vs 8 [5.9%]; Table 1), reflecting the higher rates ofCVD.", "line": 113, "relation": "positiveCorrelation"}
a(MESH:"Angiotensin II Type 2 Receptor Blockers")	positiveCorrelation	p(HGNC:TNNT2)	{"annotations": {"Cohort_Mean_Age": {"58.50 years": true}, "Custom_Disease": {"COVID-19": true}, "PublicationStatus": {"Preprint": true}, "PublicationType": {"Research": true}, "Section": {"Results": true}, "Species": {"9606": true}}, "citation": {"authors": ["Chen M", "Fan Y", "Guo T", "He T", "Lu Z", "Wan J", "Wang H", "Wang X", "Wu X", "Zhang L"], "date": "2020-03-27", "db": "PubMed", "db_id": "32219356", "db_name": "JAMA cardiology", "first": "Guo T", "last": "Lu Z"}, "evidence": "Notably, the use of angiotensin-converting enzyme inhibitors (ACEIs)/angiotensin receptor blockers (ARBs) was higher in patients with elevated TnT levels (11 [21.1%] vs 8 [5.9%]; Table 1), reflecting the higher rates ofCVD.", "line": 114, "relation": "positiveCorrelation"}
a(MESH:"Angiotensin-Converting Enzyme Inhibitors")	positiveCorrelation	p(HGNC:TNNT2)	{"annotations": {"Cohort_Mean_Age": {"58.50 years": true}, "Custom_Disease": {"COVID-19": true}, "PublicationStatus": {"Preprint": true}, "PublicationType": {"Research": true}, "Section": {"Results": true}, "Species": {"9606": true}}, "citation": {"authors": ["Chen M", "Fan Y", "Guo T", "He T", "Lu Z", "Wan J", "Wang H", "Wang X", "Wu X", "Zhang L"], "date": "2020-03-27", "db": "PubMed", "db_id": "32219356", "db_name": "JAMA cardiology", "first": "Guo T", "last": "Lu Z"}, "evidence": "Notably, the use of angiotensin-converting enzyme inhibitors (ACEIs)/angiotensin receptor blockers (ARBs) was higher in patients with elevated TnT levels (11 [21.1%] vs 8 [5.9%]; Table 1), reflecting the higher rates ofCVD.", "line": 112, "relation": "positiveCorrelation"}
a(MESH:"Ventilators, Mechanical")	regulates	path(DO:"COVID-19")	{"annotations": {"Cohort_Mean_Age": {"58.50 years": true}, "Custom_Disease": {"COVID-19": true}, "PublicationStatus": {"Preprint": true}, "PublicationType": {"Research": true}, "Section": {"Results": true}, "Species": {"9606": true}}, "citation": {"authors": ["Chen M", "Fan Y", "Guo T", "He T", "Lu Z", "Wan J", "Wang H", "Wang X", "Wu X", "Zhang L"], "date": "2020-03-27", "db": "PubMed", "db_id": "32219356", "db_name": "JAMA cardiology", "first": "Guo T", "last": "Lu Z"}, "evidence": "Antiviral (oseltamivir, 75 mg twice a day; ribavirin, 0.5 g twice a day; umifenovir, 0.2 g 3 times a day), antibacterial (moxifloxacin, 0.4 g every day), glucocorticoid (methylprednisolone, 40-80 mg every day), and respiratory support were the main treatment approaches for the hospitalized patients (Table 1).", "line": 109, "relation": "regulates"}
a(MESH:Globulins)	positiveCorrelation	p(HGNC:TNNT2)	{"annotations": {"Cohort_Mean_Age": {"58.50 years": true}, "Custom_Disease": {"COVID-19": true}, "MeSHAnatomy": {"Plasma": true}, "PublicationStatus": {"Preprint": true}, "PublicationType": {"Research": true}, "Section": {"Results": true}, "Species": {"9606": true}}, "citation": {"authors": ["Chen M", "Fan Y", "Guo T", "He T", "Lu Z", "Wan J", "Wang H", "Wang X", "Wu X", "Zhang L"], "date": "2020-03-27", "db": "PubMed", "db_id": "32219356", "db_name": "JAMA cardiology", "first": "Guo T", "last": "Lu Z"}, "evidence": "The inflammatory biomarkers, including high sensitivity C-reactive protein (median [IQR], 8.55 [4.87- 15.165] vs 3.13 [1.24-5.75]mg/dL [to convert to milligrams per liter, multiply by 10]), procalcitonin (median [IQR], 0.21 [0.11- 0.45] vs 0.05 [0.04-0.11] ng/mL), and globulin (median [IQR],29.7 [27.0-34.6] vs 27.4 [25.6-29.6] grams per liter) were significantly higher in patientswith elevated TnT levels (P < .001 for all).", "line": 75, "relation": "positiveCorrelation"}
a(MESH:Leukocytes)	positiveCorrelation	p(HGNC:TNNT2)	{"annotations": {"Cohort_Mean_Age": {"58.50 years": true}, "Custom_Disease": {"COVID-19": true}, "MeSHAnatomy": {"Plasma": true}, "PublicationStatus": {"Preprint": true}, "PublicationType": {"Research": true}, "Section": {"Results": true}, "Species": {"9606": true}}, "citation": {"authors": ["Chen M", "Fan Y", "Guo T", "He T", "Lu Z", "Wan J", "Wang H", "Wang X", "Wu X", "Zhang L"], "date": "2020-03-27", "db": "PubMed", "db_id": "32219356", "db_name": "JAMA cardiology", "first": "Guo T", "last": "Lu Z"}, "evidence": "Patients with elevated TnT levels presented with significantly higher white blood cell count(median[IQR],4640[6170- 3740] vs 7390 [4890-11 630] /\u03bcL [to convert to \u00d7109 per liter, multiply by0.001])and neutrophil counts (median [IQR],3070 [2350-4870] vs 6010 [3540-10 120] /\u03bcL [to convert to \u00d7109 per liter, multiply by 0.001]) (P < .001 for both) and lower lymphocyte counts (median [IQR], 840 [630-1130] vs 690 [340- 1010] /\u03bcL [toconvert to\u00d7109 per liter, multiplyby0.001;P = .01) than those with normal TnT levels (Table 2).", "line": 60, "relation": "positiveCorrelation"}
a(MESH:Mortality)	positiveCorrelation	p(HGNC:TNNT2)	{"annotations": {"Cohort_Mean_Age": {"58.50 years": true}, "Custom_Disease": {"COVID-19": true}, "MeSHAnatomy": {"Plasma": true}, "PublicationStatus": {"Preprint": true}, "PublicationType": {"Research": true}, "Section": {"Results": true}, "Species": {"9606": true}}, "citation": {"authors": ["Chen M", "Fan Y", "Guo T", "He T", "Lu Z", "Wan J", "Wang H", "Wang X", "Wu X", "Zhang L"], "date": "2020-03-27", "db": "PubMed", "db_id": "32219356", "db_name": "JAMA cardiology", "first": "Guo T", "last": "Lu Z"}, "evidence": "Mortality was markedly higher in patients with elevated plasma TnT levels than in patients with normal TnT levels (31 [59.6%]vs 12 [8.9%]) (Table 1).", "line": 49, "relation": "positiveCorrelation"}
a(MESH:Mortality)	positiveCorrelation	p(HGNC:TNNT2)	{"annotations": {"Cohort_Mean_Age": {"58.50 years": true}, "Custom_Disease": {"COVID-19": true}, "PublicationStatus": {"Preprint": true}, "PublicationType": {"Research": true}, "Section": {"Results": true}, "Species": {"9606": true}}, "citation": {"authors": ["Chen M", "Fan Y", "Guo T", "He T", "Lu Z", "Wan J", "Wang H", "Wang X", "Wu X", "Zhang L"], "date": "2020-03-27", "db": "PubMed", "db_id": "32219356", "db_name": "JAMA cardiology", "first": "Guo T", "last": "Lu Z"}, "evidence": "Both TnT and NT-proBNP levels increased significantly during the course of hospitalization in those who ultimately died, but no such dynamic changes of TnT or NT-proBNP levels were evident in survivors.", "line": 117, "relation": "positiveCorrelation"}
a(MESH:Mortality)	positiveCorrelation	p(HGNC:NPPB, frag("?"))	{"annotations": {"Cohort_Mean_Age": {"58.50 years": true}, "Custom_Disease": {"COVID-19": true}, "PublicationStatus": {"Preprint": true}, "PublicationType": {"Research": true}, "Section": {"Results": true}, "Species": {"9606": true}}, "citation": {"authors": ["Chen M", "Fan Y", "Guo T", "He T", "Lu Z", "Wan J", "Wang H", "Wang X", "Wu X", "Zhang L"], "date": "2020-03-27", "db": "PubMed", "db_id": "32219356", "db_name": "JAMA cardiology", "first": "Guo T", "last": "Lu Z"}, "evidence": "Both TnT and NT-proBNP levels increased significantly during the course of hospitalization in those who ultimately died, but no such dynamic changes of TnT or NT-proBNP levels were evident in survivors.", "line": 118, "relation": "positiveCorrelation"}
a(MESH:Neutrophils)	positiveCorrelation	p(HGNC:TNNT2)	{"annotations": {"Cohort_Mean_Age": {"58.50 years": true}, "Custom_Disease": {"COVID-19": true}, "MeSHAnatomy": {"Plasma": true}, "PublicationStatus": {"Preprint": true}, "PublicationType": {"Research": true}, "Section": {"Results": true}, "Species": {"9606": true}}, "citation": {"authors": ["Chen M", "Fan Y", "Guo T", "He T", "Lu Z", "Wan J", "Wang H", "Wang X", "Wu X", "Zhang L"], "date": "2020-03-27", "db": "PubMed", "db_id": "32219356", "db_name": "JAMA cardiology", "first": "Guo T", "last": "Lu Z"}, "evidence": "Patients with elevated TnT levels presented with significantly higher white blood cell count(median[IQR],4640[6170- 3740] vs 7390 [4890-11 630] /\u03bcL [to convert to \u00d7109 per liter, multiply by0.001])and neutrophil counts (median [IQR],3070 [2350-4870] vs 6010 [3540-10 120] /\u03bcL [to convert to \u00d7109 per liter, multiply by 0.001]) (P < .001 for both) and lower lymphocyte counts (median [IQR], 840 [630-1130] vs 690 [340- 1010] /\u03bcL [toconvert to\u00d7109 per liter, multiplyby0.001;P = .01) than those with normal TnT levels (Table 2).", "line": 61, "relation": "positiveCorrelation"}
bp(MESH:"Lymphocyte Count")	negativeCorrelation	p(HGNC:TNNT2)	{"annotations": {"Cohort_Mean_Age": {"58.50 years": true}, "Custom_Disease": {"COVID-19": true}, "MeSHAnatomy": {"Plasma": true}, "PublicationStatus": {"Preprint": true}, "PublicationType": {"Research": true}, "Section": {"Results": true}, "Species": {"9606": true}}, "citation": {"authors": ["Chen M", "Fan Y", "Guo T", "He T", "Lu Z", "Wan J", "Wang H", "Wang X", "Wu X", "Zhang L"], "date": "2020-03-27", "db": "PubMed", "db_id": "32219356", "db_name": "JAMA cardiology", "first": "Guo T", "last": "Lu Z"}, "evidence": "Patients with elevated TnT levels presented with significantly higher white blood cell count(median[IQR],4640[6170- 3740] vs 7390 [4890-11 630] /\u03bcL [to convert to \u00d7109 per liter, multiply by0.001])and neutrophil counts (median [IQR],3070 [2350-4870] vs 6010 [3540-10 120] /\u03bcL [to convert to \u00d7109 per liter, multiply by 0.001]) (P < .001 for both) and lower lymphocyte counts (median [IQR], 840 [630-1130] vs 690 [340- 1010] /\u03bcL [toconvert to\u00d7109 per liter, multiplyby0.001;P = .01) than those with normal TnT levels (Table 2).", "line": 62, "relation": "negativeCorrelation"}
bp(MESH:"Partial Thromboplastin Time")	negativeCorrelation	p(HGNC:TNNT2)	{"annotations": {"Cohort_Mean_Age": {"58.50 years": true}, "Custom_Disease": {"COVID-19": true}, "MeSHAnatomy": {"Plasma": true}, "PublicationStatus": {"Preprint": true}, "PublicationType": {"Research": true}, "Section": {"Results": true}, "Species": {"9606": true}}, "citation": {"authors": ["Chen M", "Fan Y", "Guo T", "He T", "Lu Z", "Wan J", "Wang H", "Wang X", "Wu X", "Zhang L"], "date": "2020-03-27", "db": "PubMed", "db_id": "32219356", "db_name": "JAMA cardiology", "first": "Guo T", "last": "Lu Z"}, "evidence": "Patients with elevated TnT levels also had significantly longer prothrombin time (median [IQR], 12.4 [12.0-13.0] vs 13.3 [12.2-15.3] seconds; P = .005), shorter activated partial thromboplastin time (median [IQR], 31.2 [27.5-33.2] vs 32.7 [31.0-35.8] seconds; P = .003), and a significant higher level of D-dimer (median [IQR], 0.29 [0.17-0.60] vs 3.85 [0.51-25.58] \u03bcg/mL[to convert to nanomoles per liter, multiply by 5.476]; P < .001).", "line": 66, "relation": "negativeCorrelation"}
p(HGNC:CALCA)	positiveCorrelation	p(HGNC:TNNT2)	{"annotations": {"Cohort_Mean_Age": {"58.50 years": true}, "Custom_Disease": {"COVID-19": true}, "MeSHAnatomy": {"Plasma": true}, "PublicationStatus": {"Preprint": true}, "PublicationType": {"Research": true}, "Section": {"Results": true}, "Species": {"9606": true}}, "citation": {"authors": ["Chen M", "Fan Y", "Guo T", "He T", "Lu Z", "Wan J", "Wang H", "Wang X", "Wu X", "Zhang L"], "date": "2020-03-27", "db": "PubMed", "db_id": "32219356", "db_name": "JAMA cardiology", "first": "Guo T", "last": "Lu Z"}, "evidence": "The inflammatory biomarkers, including high sensitivity C-reactive protein (median [IQR], 8.55 [4.87- 15.165] vs 3.13 [1.24-5.75]mg/dL [to convert to milligrams per liter, multiply by 10]), procalcitonin (median [IQR], 0.21 [0.11- 0.45] vs 0.05 [0.04-0.11] ng/mL), and globulin (median [IQR],29.7 [27.0-34.6] vs 27.4 [25.6-29.6] grams per liter) were significantly higher in patientswith elevated TnT levels (P < .001 for all).", "line": 74, "relation": "positiveCorrelation"}
p(HGNC:CKM)	positiveCorrelation	p(HGNC:TNNT2)	{"annotations": {"Cohort_Mean_Age": {"58.50 years": true}, "Custom_Disease": {"COVID-19": true}, "MeSHAnatomy": {"Plasma": true}, "PublicationStatus": {"Preprint": true}, "PublicationType": {"Research": true}, "Section": {"Results": true}, "Species": {"9606": true}}, "citation": {"authors": ["Chen M", "Fan Y", "Guo T", "He T", "Lu Z", "Wan J", "Wang H", "Wang X", "Wu X", "Zhang L"], "date": "2020-03-27", "db": "PubMed", "db_id": "32219356", "db_name": "JAMA cardiology", "first": "Guo T", "last": "Lu Z"}, "evidence": "Those with elevated TnT levels had significantly higher levels of other biomarkers of cardiac injury, specifically creatine kinase\u2013 myocardial band test (median [IQR], 3.34 [2.11-5.80] vs 0.81 [0.54-1.38], ng/mL [to convert to micrograms per liter, multiply by 1]) and myoglobin (median [IQR], 128.7 [65.8-206.9] vs 27.2 [21.0-49.8] \u03bcg/L [to convert to nanomoles per liter, multiply by 0.05814]) (P < .001, for all) and also had higher levels of N-terminal pro\u2013brain natriuretic peptide (NT-proBNP) (median [IQR], 817.4 (336.0-1944.0] vs 141.4 [39.3-303.6] pg/mL [to convert to nanograms per liter, multiply by 1]).", "line": 79, "relation": "positiveCorrelation"}
p(HGNC:CRP)	positiveCorrelation	p(HGNC:TNNT2)	{"annotations": {"Cohort_Mean_Age": {"58.50 years": true}, "Custom_Disease": {"COVID-19": true}, "MeSHAnatomy": {"Plasma": true}, "PublicationStatus": {"Preprint": true}, "PublicationType": {"Research": true}, "Section": {"Results": true}, "Species": {"9606": true}}, "citation": {"authors": ["Chen M", "Fan Y", "Guo T", "He T", "Lu Z", "Wan J", "Wang H", "Wang X", "Wu X", "Zhang L"], "date": "2020-03-27", "db": "PubMed", "db_id": "32219356", "db_name": "JAMA cardiology", "first": "Guo T", "last": "Lu Z"}, "evidence": "The inflammatory biomarkers, including high sensitivity C-reactive protein (median [IQR], 8.55 [4.87- 15.165] vs 3.13 [1.24-5.75]mg/dL [to convert to milligrams per liter, multiply by 10]), procalcitonin (median [IQR], 0.21 [0.11- 0.45] vs 0.05 [0.04-0.11] ng/mL), and globulin (median [IQR],29.7 [27.0-34.6] vs 27.4 [25.6-29.6] grams per liter) were significantly higher in patientswith elevated TnT levels (P < .001 for all).", "line": 73, "relation": "positiveCorrelation"}
p(HGNC:GOT1)	positiveCorrelation	p(HGNC:TNNT2)	{"annotations": {"Cohort_Mean_Age": {"58.50 years": true}, "Custom_Disease": {"COVID-19": true}, "MeSHAnatomy": {"Plasma": true}, "PublicationStatus": {"Preprint": true}, "PublicationType": {"Research": true}, "Section": {"Results": true}, "Species": {"9606": true}}, "citation": {"authors": ["Chen M", "Fan Y", "Guo T", "He T", "Lu Z", "Wan J", "Wang H", "Wang X", "Wu X", "Zhang L"], "date": "2020-03-27", "db": "PubMed", "db_id": "32219356", "db_name": "JAMA cardiology", "first": "Guo T", "last": "Lu Z"}, "evidence": "Those with elevated TnT levels also had higher levels of creatinine (median [IQR], 0.79 [0.71-1.17] vs 0.63 [0.55-0.79] mg/dL [to convert to micromoles per liter, multiply by 88.4]) and aspartate aminotransferase (median [IQR], 39.5 [27.2-57.8] vs 29.0 [21.0-39.0]U/L [to convert to microkatal per liter, multiply by 0.0167]) (P < .001, both), but alanine aminotransferase did not differ between the 2 groups.", "line": 88, "relation": "positiveCorrelation"}
p(HGNC:GOT2)	positiveCorrelation	p(HGNC:TNNT2)	{"annotations": {"Cohort_Mean_Age": {"58.50 years": true}, "Custom_Disease": {"COVID-19": true}, "MeSHAnatomy": {"Plasma": true}, "PublicationStatus": {"Preprint": true}, "PublicationType": {"Research": true}, "Section": {"Results": true}, "Species": {"9606": true}}, "citation": {"authors": ["Chen M", "Fan Y", "Guo T", "He T", "Lu Z", "Wan J", "Wang H", "Wang X", "Wu X", "Zhang L"], "date": "2020-03-27", "db": "PubMed", "db_id": "32219356", "db_name": "JAMA cardiology", "first": "Guo T", "last": "Lu Z"}, "evidence": "Those with elevated TnT levels also had higher levels of creatinine (median [IQR], 0.79 [0.71-1.17] vs 0.63 [0.55-0.79] mg/dL [to convert to micromoles per liter, multiply by 88.4]) and aspartate aminotransferase (median [IQR], 39.5 [27.2-57.8] vs 29.0 [21.0-39.0]U/L [to convert to microkatal per liter, multiply by 0.0167]) (P < .001, both), but alanine aminotransferase did not differ between the 2 groups.", "line": 89, "relation": "positiveCorrelation"}
p(HGNC:MB)	positiveCorrelation	p(HGNC:TNNT2)	{"annotations": {"Cohort_Mean_Age": {"58.50 years": true}, "Custom_Disease": {"COVID-19": true}, "MeSHAnatomy": {"Plasma": true}, "PublicationStatus": {"Preprint": true}, "PublicationType": {"Research": true}, "Section": {"Results": true}, "Species": {"9606": true}}, "citation": {"authors": ["Chen M", "Fan Y", "Guo T", "He T", "Lu Z", "Wan J", "Wang H", "Wang X", "Wu X", "Zhang L"], "date": "2020-03-27", "db": "PubMed", "db_id": "32219356", "db_name": "JAMA cardiology", "first": "Guo T", "last": "Lu Z"}, "evidence": "Those with elevated TnT levels had significantly higher levels of other biomarkers of cardiac injury, specifically creatine kinase\u2013 myocardial band test (median [IQR], 3.34 [2.11-5.80] vs 0.81 [0.54-1.38], ng/mL [to convert to micrograms per liter, multiply by 1]) and myoglobin (median [IQR], 128.7 [65.8-206.9] vs 27.2 [21.0-49.8] \u03bcg/L [to convert to nanomoles per liter, multiply by 0.05814]) (P < .001, for all) and also had higher levels of N-terminal pro\u2013brain natriuretic peptide (NT-proBNP) (median [IQR], 817.4 (336.0-1944.0] vs 141.4 [39.3-303.6] pg/mL [to convert to nanograms per liter, multiply by 1]).", "line": 80, "relation": "positiveCorrelation"}
p(HGNC:NPPB)	hasVariant	p(HGNC:NPPB, frag("?"))	{"relation": "hasVariant"}
p(HGNC:NPPB, frag("?"))	positiveCorrelation	p(HGNC:TNNT2)	{"annotations": {"Cohort_Mean_Age": {"58.50 years": true}, "Custom_Disease": {"COVID-19": true}, "MeSHAnatomy": {"Plasma": true}, "PublicationStatus": {"Preprint": true}, "PublicationType": {"Research": true}, "Section": {"Results": true}, "Species": {"9606": true}}, "citation": {"authors": ["Chen M", "Fan Y", "Guo T", "He T", "Lu Z", "Wan J", "Wang H", "Wang X", "Wu X", "Zhang L"], "date": "2020-03-27", "db": "PubMed", "db_id": "32219356", "db_name": "JAMA cardiology", "first": "Guo T", "last": "Lu Z"}, "evidence": "Those with elevated TnT levels had significantly higher levels of other biomarkers of cardiac injury, specifically creatine kinase\u2013 myocardial band test (median [IQR], 3.34 [2.11-5.80] vs 0.81 [0.54-1.38], ng/mL [to convert to micrograms per liter, multiply by 1]) and myoglobin (median [IQR], 128.7 [65.8-206.9] vs 27.2 [21.0-49.8] \u03bcg/L [to convert to nanomoles per liter, multiply by 0.05814]) (P < .001, for all) and also had higher levels of N-terminal pro\u2013brain natriuretic peptide (NT-proBNP) (median [IQR], 817.4 (336.0-1944.0] vs 141.4 [39.3-303.6] pg/mL [to convert to nanograms per liter, multiply by 1]).", "line": 81, "relation": "positiveCorrelation"}
p(HGNC:NPPB, frag("?"))	positiveCorrelation	a(MESH:Mortality)	{"annotations": {"Cohort_Mean_Age": {"58.50 years": true}, "Custom_Disease": {"COVID-19": true}, "PublicationStatus": {"Preprint": true}, "PublicationType": {"Research": true}, "Section": {"Results": true}, "Species": {"9606": true}}, "citation": {"authors": ["Chen M", "Fan Y", "Guo T", "He T", "Lu Z", "Wan J", "Wang H", "Wang X", "Wu X", "Zhang L"], "date": "2020-03-27", "db": "PubMed", "db_id": "32219356", "db_name": "JAMA cardiology", "first": "Guo T", "last": "Lu Z"}, "evidence": "Both TnT and NT-proBNP levels increased significantly during the course of hospitalization in those who ultimately died, but no such dynamic changes of TnT or NT-proBNP levels were evident in survivors.", "line": 118, "relation": "positiveCorrelation"}
p(HGNC:TNNT2)	positiveCorrelation	a(MESH:Mortality)	{"annotations": {"Cohort_Mean_Age": {"58.50 years": true}, "Custom_Disease": {"COVID-19": true}, "MeSHAnatomy": {"Plasma": true}, "PublicationStatus": {"Preprint": true}, "PublicationType": {"Research": true}, "Section": {"Results": true}, "Species": {"9606": true}}, "citation": {"authors": ["Chen M", "Fan Y", "Guo T", "He T", "Lu Z", "Wan J", "Wang H", "Wang X", "Wu X", "Zhang L"], "date": "2020-03-27", "db": "PubMed", "db_id": "32219356", "db_name": "JAMA cardiology", "first": "Guo T", "last": "Lu Z"}, "evidence": "Mortality was markedly higher in patients with elevated plasma TnT levels than in patients with normal TnT levels (31 [59.6%]vs 12 [8.9%]) (Table 1).", "line": 49, "relation": "positiveCorrelation"}
p(HGNC:TNNT2)	positiveCorrelation	a(MESH:Mortality)	{"annotations": {"Cohort_Mean_Age": {"58.50 years": true}, "Custom_Disease": {"COVID-19": true}, "PublicationStatus": {"Preprint": true}, "PublicationType": {"Research": true}, "Section": {"Results": true}, "Species": {"9606": true}}, "citation": {"authors": ["Chen M", "Fan Y", "Guo T", "He T", "Lu Z", "Wan J", "Wang H", "Wang X", "Wu X", "Zhang L"], "date": "2020-03-27", "db": "PubMed", "db_id": "32219356", "db_name": "JAMA cardiology", "first": "Guo T", "last": "Lu Z"}, "evidence": "Both TnT and NT-proBNP levels increased significantly during the course of hospitalization in those who ultimately died, but no such dynamic changes of TnT or NT-proBNP levels were evident in survivors.", "line": 117, "relation": "positiveCorrelation"}
p(HGNC:TNNT2)	positiveCorrelation	path(DO:hypertension)	{"annotations": {"Cohort_Mean_Age": {"58.50 years": true}, "Custom_Disease": {"COVID-19": true}, "MeSHAnatomy": {"Plasma": true}, "PublicationStatus": {"Preprint": true}, "PublicationType": {"Research": true}, "Section": {"Results": true}, "Species": {"9606": true}}, "citation": {"authors": ["Chen M", "Fan Y", "Guo T", "He T", "Lu Z", "Wan J", "Wang H", "Wang X", "Wu X", "Zhang L"], "date": "2020-03-27", "db": "PubMed", "db_id": "32219356", "db_name": "JAMA cardiology", "first": "Guo T", "last": "Lu Z"}, "evidence": "Patients with elevated TnT levels had significantly higher rates of comorbidities including hypertension (33 [63.5%] vs 28 [20.7%]), coronary heart disease (17 [32.7%] vs4[3.0%]), cardiomyopathy (8[15.4%]vs0), diabetes (16 [30.8%] vs 12 [8.9%]), chronic obstructive pulmonary disease (4 [7.7%] vs 0), and chronic kidney disease (1 [0.7%] vs 5 [9.6%]).", "line": 52, "relation": "positiveCorrelation"}
p(HGNC:TNNT2)	positiveCorrelation	path(MESH:"Coronary Disease")	{"annotations": {"Cohort_Mean_Age": {"58.50 years": true}, "Custom_Disease": {"COVID-19": true}, "MeSHAnatomy": {"Plasma": true}, "PublicationStatus": {"Preprint": true}, "PublicationType": {"Research": true}, "Section": {"Results": true}, "Species": {"9606": true}}, "citation": {"authors": ["Chen M", "Fan Y", "Guo T", "He T", "Lu Z", "Wan J", "Wang H", "Wang X", "Wu X", "Zhang L"], "date": "2020-03-27", "db": "PubMed", "db_id": "32219356", "db_name": "JAMA cardiology", "first": "Guo T", "last": "Lu Z"}, "evidence": "Patients with elevated TnT levels had significantly higher rates of comorbidities including hypertension (33 [63.5%] vs 28 [20.7%]), coronary heart disease (17 [32.7%] vs4[3.0%]), cardiomyopathy (8[15.4%]vs0), diabetes (16 [30.8%] vs 12 [8.9%]), chronic obstructive pulmonary disease (4 [7.7%] vs 0), and chronic kidney disease (1 [0.7%] vs 5 [9.6%]).", "line": 53, "relation": "positiveCorrelation"}
p(HGNC:TNNT2)	positiveCorrelation	path(DO:cardiomyopathy)	{"annotations": {"Cohort_Mean_Age": {"58.50 years": true}, "Custom_Disease": {"COVID-19": true}, "MeSHAnatomy": {"Plasma": true}, "PublicationStatus": {"Preprint": true}, "PublicationType": {"Research": true}, "Section": {"Results": true}, "Species": {"9606": true}}, "citation": {"authors": ["Chen M", "Fan Y", "Guo T", "He T", "Lu Z", "Wan J", "Wang H", "Wang X", "Wu X", "Zhang L"], "date": "2020-03-27", "db": "PubMed", "db_id": "32219356", "db_name": "JAMA cardiology", "first": "Guo T", "last": "Lu Z"}, "evidence": "Patients with elevated TnT levels had significantly higher rates of comorbidities including hypertension (33 [63.5%] vs 28 [20.7%]), coronary heart disease (17 [32.7%] vs4[3.0%]), cardiomyopathy (8[15.4%]vs0), diabetes (16 [30.8%] vs 12 [8.9%]), chronic obstructive pulmonary disease (4 [7.7%] vs 0), and chronic kidney disease (1 [0.7%] vs 5 [9.6%]).", "line": 54, "relation": "positiveCorrelation"}
p(HGNC:TNNT2)	positiveCorrelation	path(DO:"diabetes mellitus")	{"annotations": {"Cohort_Mean_Age": {"58.50 years": true}, "Custom_Disease": {"COVID-19": true}, "MeSHAnatomy": {"Plasma": true}, "PublicationStatus": {"Preprint": true}, "PublicationType": {"Research": true}, "Section": {"Results": true}, "Species": {"9606": true}}, "citation": {"authors": ["Chen M", "Fan Y", "Guo T", "He T", "Lu Z", "Wan J", "Wang H", "Wang X", "Wu X", "Zhang L"], "date": "2020-03-27", "db": "PubMed", "db_id": "32219356", "db_name": "JAMA cardiology", "first": "Guo T", "last": "Lu Z"}, "evidence": "Patients with elevated TnT levels had significantly higher rates of comorbidities including hypertension (33 [63.5%] vs 28 [20.7%]), coronary heart disease (17 [32.7%] vs4[3.0%]), cardiomyopathy (8[15.4%]vs0), diabetes (16 [30.8%] vs 12 [8.9%]), chronic obstructive pulmonary disease (4 [7.7%] vs 0), and chronic kidney disease (1 [0.7%] vs 5 [9.6%]).", "line": 55, "relation": "positiveCorrelation"}
p(HGNC:TNNT2)	positiveCorrelation	path(DO:"chronic obstructive pulmonary disease")	{"annotations": {"Cohort_Mean_Age": {"58.50 years": true}, "Custom_Disease": {"COVID-19": true}, "MeSHAnatomy": {"Plasma": true}, "PublicationStatus": {"Preprint": true}, "PublicationType": {"Research": true}, "Section": {"Results": true}, "Species": {"9606": true}}, "citation": {"authors": ["Chen M", "Fan Y", "Guo T", "He T", "Lu Z", "Wan J", "Wang H", "Wang X", "Wu X", "Zhang L"], "date": "2020-03-27", "db": "PubMed", "db_id": "32219356", "db_name": "JAMA cardiology", "first": "Guo T", "last": "Lu Z"}, "evidence": "Patients with elevated TnT levels had significantly higher rates of comorbidities including hypertension (33 [63.5%] vs 28 [20.7%]), coronary heart disease (17 [32.7%] vs4[3.0%]), cardiomyopathy (8[15.4%]vs0), diabetes (16 [30.8%] vs 12 [8.9%]), chronic obstructive pulmonary disease (4 [7.7%] vs 0), and chronic kidney disease (1 [0.7%] vs 5 [9.6%]).", "line": 56, "relation": "positiveCorrelation"}
p(HGNC:TNNT2)	positiveCorrelation	path(DO:"chronic kidney disease")	{"annotations": {"Cohort_Mean_Age": {"58.50 years": true}, "Custom_Disease": {"COVID-19": true}, "MeSHAnatomy": {"Plasma": true}, "PublicationStatus": {"Preprint": true}, "PublicationType": {"Research": true}, "Section": {"Results": true}, "Species": {"9606": true}}, "citation": {"authors": ["Chen M", "Fan Y", "Guo T", "He T", "Lu Z", "Wan J", "Wang H", "Wang X", "Wu X", "Zhang L"], "date": "2020-03-27", "db": "PubMed", "db_id": "32219356", "db_name": "JAMA cardiology", "first": "Guo T", "last": "Lu Z"}, "evidence": "Patients with elevated TnT levels had significantly higher rates of comorbidities including hypertension (33 [63.5%] vs 28 [20.7%]), coronary heart disease (17 [32.7%] vs4[3.0%]), cardiomyopathy (8[15.4%]vs0), diabetes (16 [30.8%] vs 12 [8.9%]), chronic obstructive pulmonary disease (4 [7.7%] vs 0), and chronic kidney disease (1 [0.7%] vs 5 [9.6%]).", "line": 57, "relation": "positiveCorrelation"}
p(HGNC:TNNT2)	positiveCorrelation	a(MESH:Leukocytes)	{"annotations": {"Cohort_Mean_Age": {"58.50 years": true}, "Custom_Disease": {"COVID-19": true}, "MeSHAnatomy": {"Plasma": true}, "PublicationStatus": {"Preprint": true}, "PublicationType": {"Research": true}, "Section": {"Results": true}, "Species": {"9606": true}}, "citation": {"authors": ["Chen M", "Fan Y", "Guo T", "He T", "Lu Z", "Wan J", "Wang H", "Wang X", "Wu X", "Zhang L"], "date": "2020-03-27", "db": "PubMed", "db_id": "32219356", "db_name": "JAMA cardiology", "first": "Guo T", "last": "Lu Z"}, "evidence": "Patients with elevated TnT levels presented with significantly higher white blood cell count(median[IQR],4640[6170- 3740] vs 7390 [4890-11 630] /\u03bcL [to convert to \u00d7109 per liter, multiply by0.001])and neutrophil counts (median [IQR],3070 [2350-4870] vs 6010 [3540-10 120] /\u03bcL [to convert to \u00d7109 per liter, multiply by 0.001]) (P < .001 for both) and lower lymphocyte counts (median [IQR], 840 [630-1130] vs 690 [340- 1010] /\u03bcL [toconvert to\u00d7109 per liter, multiplyby0.001;P = .01) than those with normal TnT levels (Table 2).", "line": 60, "relation": "positiveCorrelation"}
p(HGNC:TNNT2)	positiveCorrelation	a(MESH:Neutrophils)	{"annotations": {"Cohort_Mean_Age": {"58.50 years": true}, "Custom_Disease": {"COVID-19": true}, "MeSHAnatomy": {"Plasma": true}, "PublicationStatus": {"Preprint": true}, "PublicationType": {"Research": true}, "Section": {"Results": true}, "Species": {"9606": true}}, "citation": {"authors": ["Chen M", "Fan Y", "Guo T", "He T", "Lu Z", "Wan J", "Wang H", "Wang X", "Wu X", "Zhang L"], "date": "2020-03-27", "db": "PubMed", "db_id": "32219356", "db_name": "JAMA cardiology", "first": "Guo T", "last": "Lu Z"}, "evidence": "Patients with elevated TnT levels presented with significantly higher white blood cell count(median[IQR],4640[6170- 3740] vs 7390 [4890-11 630] /\u03bcL [to convert to \u00d7109 per liter, multiply by0.001])and neutrophil counts (median [IQR],3070 [2350-4870] vs 6010 [3540-10 120] /\u03bcL [to convert to \u00d7109 per liter, multiply by 0.001]) (P < .001 for both) and lower lymphocyte counts (median [IQR], 840 [630-1130] vs 690 [340- 1010] /\u03bcL [toconvert to\u00d7109 per liter, multiplyby0.001;P = .01) than those with normal TnT levels (Table 2).", "line": 61, "relation": "positiveCorrelation"}
p(HGNC:TNNT2)	negativeCorrelation	bp(MESH:"Lymphocyte Count")	{"annotations": {"Cohort_Mean_Age": {"58.50 years": true}, "Custom_Disease": {"COVID-19": true}, "MeSHAnatomy": {"Plasma": true}, "PublicationStatus": {"Preprint": true}, "PublicationType": {"Research": true}, "Section": {"Results": true}, "Species": {"9606": true}}, "citation": {"authors": ["Chen M", "Fan Y", "Guo T", "He T", "Lu Z", "Wan J", "Wang H", "Wang X", "Wu X", "Zhang L"], "date": "2020-03-27", "db": "PubMed", "db_id": "32219356", "db_name": "JAMA cardiology", "first": "Guo T", "last": "Lu Z"}, "evidence": "Patients with elevated TnT levels presented with significantly higher white blood cell count(median[IQR],4640[6170- 3740] vs 7390 [4890-11 630] /\u03bcL [to convert to \u00d7109 per liter, multiply by0.001])and neutrophil counts (median [IQR],3070 [2350-4870] vs 6010 [3540-10 120] /\u03bcL [to convert to \u00d7109 per liter, multiply by 0.001]) (P < .001 for both) and lower lymphocyte counts (median [IQR], 840 [630-1130] vs 690 [340- 1010] /\u03bcL [toconvert to\u00d7109 per liter, multiplyby0.001;P = .01) than those with normal TnT levels (Table 2).", "line": 62, "relation": "negativeCorrelation"}
p(HGNC:TNNT2)	association	path(HP:"Prolonged prothrombin time")	{"annotations": {"Cohort_Mean_Age": {"58.50 years": true}, "Custom_Disease": {"COVID-19": true}, "MeSHAnatomy": {"Plasma": true}, "PublicationStatus": {"Preprint": true}, "PublicationType": {"Research": true}, "Section": {"Results": true}, "Species": {"9606": true}}, "citation": {"authors": ["Chen M", "Fan Y", "Guo T", "He T", "Lu Z", "Wan J", "Wang H", "Wang X", "Wu X", "Zhang L"], "date": "2020-03-27", "db": "PubMed", "db_id": "32219356", "db_name": "JAMA cardiology", "first": "Guo T", "last": "Lu Z"}, "evidence": "Patients with elevated TnT levels also had significantly longer prothrombin time (median [IQR], 12.4 [12.0-13.0] vs 13.3 [12.2-15.3] seconds; P = .005), shorter activated partial thromboplastin time (median [IQR], 31.2 [27.5-33.2] vs 32.7 [31.0-35.8] seconds; P = .003), and a significant higher level of D-dimer (median [IQR], 0.29 [0.17-0.60] vs 3.85 [0.51-25.58] \u03bcg/mL[to convert to nanomoles per liter, multiply by 5.476]; P < .001).", "line": 65, "relation": "association"}
p(HGNC:TNNT2)	negativeCorrelation	bp(MESH:"Partial Thromboplastin Time")	{"annotations": {"Cohort_Mean_Age": {"58.50 years": true}, "Custom_Disease": {"COVID-19": true}, "MeSHAnatomy": {"Plasma": true}, "PublicationStatus": {"Preprint": true}, "PublicationType": {"Research": true}, "Section": {"Results": true}, "Species": {"9606": true}}, "citation": {"authors": ["Chen M", "Fan Y", "Guo T", "He T", "Lu Z", "Wan J", "Wang H", "Wang X", "Wu X", "Zhang L"], "date": "2020-03-27", "db": "PubMed", "db_id": "32219356", "db_name": "JAMA cardiology", "first": "Guo T", "last": "Lu Z"}, "evidence": "Patients with elevated TnT levels also had significantly longer prothrombin time (median [IQR], 12.4 [12.0-13.0] vs 13.3 [12.2-15.3] seconds; P = .005), shorter activated partial thromboplastin time (median [IQR], 31.2 [27.5-33.2] vs 32.7 [31.0-35.8] seconds; P = .003), and a significant higher level of D-dimer (median [IQR], 0.29 [0.17-0.60] vs 3.85 [0.51-25.58] \u03bcg/mL[to convert to nanomoles per liter, multiply by 5.476]; P < .001).", "line": 66, "relation": "negativeCorrelation"}
p(HGNC:TNNT2)	positiveCorrelation	p(MESH:"fibrin fragment D")	{"annotations": {"Cohort_Mean_Age": {"58.50 years": true}, "Custom_Disease": {"COVID-19": true}, "MeSHAnatomy": {"Plasma": true}, "PublicationStatus": {"Preprint": true}, "PublicationType": {"Research": true}, "Section": {"Results": true}, "Species": {"9606": true}}, "citation": {"authors": ["Chen M", "Fan Y", "Guo T", "He T", "Lu Z", "Wan J", "Wang H", "Wang X", "Wu X", "Zhang L"], "date": "2020-03-27", "db": "PubMed", "db_id": "32219356", "db_name": "JAMA cardiology", "first": "Guo T", "last": "Lu Z"}, "evidence": "Patients with elevated TnT levels also had significantly longer prothrombin time (median [IQR], 12.4 [12.0-13.0] vs 13.3 [12.2-15.3] seconds; P = .005), shorter activated partial thromboplastin time (median [IQR], 31.2 [27.5-33.2] vs 32.7 [31.0-35.8] seconds; P = .003), and a significant higher level of D-dimer (median [IQR], 0.29 [0.17-0.60] vs 3.85 [0.51-25.58] \u03bcg/mL[to convert to nanomoles per liter, multiply by 5.476]; P < .001).", "line": 67, "relation": "positiveCorrelation"}
p(HGNC:TNNT2)	positiveCorrelation	a(CHEBI:triglyceride)	{"annotations": {"Cohort_Mean_Age": {"58.50 years": true}, "Custom_Disease": {"COVID-19": true}, "MeSHAnatomy": {"Plasma": true}, "PublicationStatus": {"Preprint": true}, "PublicationType": {"Research": true}, "Section": {"Results": true}, "Species": {"9606": true}}, "citation": {"authors": ["Chen M", "Fan Y", "Guo T", "He T", "Lu Z", "Wan J", "Wang H", "Wang X", "Wu X", "Zhang L"], "date": "2020-03-27", "db": "PubMed", "db_id": "32219356", "db_name": "JAMA cardiology", "first": "Guo T", "last": "Lu Z"}, "evidence": "Total, high-density lipoprotein, and low-density lipoprotein cholesterol levels did not differ according to TnT levels, but patients with elevated TnT levels had higher triglyceride levels (median [IQR], 92.04 [69.91-159.29] vs 82.30 [59.29- 115.04]mg/dL [to convert to millimoles per liter, multiply by 0.0259];P=.04).", "line": 70, "relation": "positiveCorrelation"}
p(HGNC:TNNT2)	positiveCorrelation	p(HGNC:CRP)	{"annotations": {"Cohort_Mean_Age": {"58.50 years": true}, "Custom_Disease": {"COVID-19": true}, "MeSHAnatomy": {"Plasma": true}, "PublicationStatus": {"Preprint": true}, "PublicationType": {"Research": true}, "Section": {"Results": true}, "Species": {"9606": true}}, "citation": {"authors": ["Chen M", "Fan Y", "Guo T", "He T", "Lu Z", "Wan J", "Wang H", "Wang X", "Wu X", "Zhang L"], "date": "2020-03-27", "db": "PubMed", "db_id": "32219356", "db_name": "JAMA cardiology", "first": "Guo T", "last": "Lu Z"}, "evidence": "The inflammatory biomarkers, including high sensitivity C-reactive protein (median [IQR], 8.55 [4.87- 15.165] vs 3.13 [1.24-5.75]mg/dL [to convert to milligrams per liter, multiply by 10]), procalcitonin (median [IQR], 0.21 [0.11- 0.45] vs 0.05 [0.04-0.11] ng/mL), and globulin (median [IQR],29.7 [27.0-34.6] vs 27.4 [25.6-29.6] grams per liter) were significantly higher in patientswith elevated TnT levels (P < .001 for all).", "line": 73, "relation": "positiveCorrelation"}
p(HGNC:TNNT2)	positiveCorrelation	p(HGNC:CALCA)	{"annotations": {"Cohort_Mean_Age": {"58.50 years": true}, "Custom_Disease": {"COVID-19": true}, "MeSHAnatomy": {"Plasma": true}, "PublicationStatus": {"Preprint": true}, "PublicationType": {"Research": true}, "Section": {"Results": true}, "Species": {"9606": true}}, "citation": {"authors": ["Chen M", "Fan Y", "Guo T", "He T", "Lu Z", "Wan J", "Wang H", "Wang X", "Wu X", "Zhang L"], "date": "2020-03-27", "db": "PubMed", "db_id": "32219356", "db_name": "JAMA cardiology", "first": "Guo T", "last": "Lu Z"}, "evidence": "The inflammatory biomarkers, including high sensitivity C-reactive protein (median [IQR], 8.55 [4.87- 15.165] vs 3.13 [1.24-5.75]mg/dL [to convert to milligrams per liter, multiply by 10]), procalcitonin (median [IQR], 0.21 [0.11- 0.45] vs 0.05 [0.04-0.11] ng/mL), and globulin (median [IQR],29.7 [27.0-34.6] vs 27.4 [25.6-29.6] grams per liter) were significantly higher in patientswith elevated TnT levels (P < .001 for all).", "line": 74, "relation": "positiveCorrelation"}
p(HGNC:TNNT2)	positiveCorrelation	a(MESH:Globulins)	{"annotations": {"Cohort_Mean_Age": {"58.50 years": true}, "Custom_Disease": {"COVID-19": true}, "MeSHAnatomy": {"Plasma": true}, "PublicationStatus": {"Preprint": true}, "PublicationType": {"Research": true}, "Section": {"Results": true}, "Species": {"9606": true}}, "citation": {"authors": ["Chen M", "Fan Y", "Guo T", "He T", "Lu Z", "Wan J", "Wang H", "Wang X", "Wu X", "Zhang L"], "date": "2020-03-27", "db": "PubMed", "db_id": "32219356", "db_name": "JAMA cardiology", "first": "Guo T", "last": "Lu Z"}, "evidence": "The inflammatory biomarkers, including high sensitivity C-reactive protein (median [IQR], 8.55 [4.87- 15.165] vs 3.13 [1.24-5.75]mg/dL [to convert to milligrams per liter, multiply by 10]), procalcitonin (median [IQR], 0.21 [0.11- 0.45] vs 0.05 [0.04-0.11] ng/mL), and globulin (median [IQR],29.7 [27.0-34.6] vs 27.4 [25.6-29.6] grams per liter) were significantly higher in patientswith elevated TnT levels (P < .001 for all).", "line": 75, "relation": "positiveCorrelation"}
p(HGNC:TNNT2)	positiveCorrelation	p(HGNC:CKM)	{"annotations": {"Cohort_Mean_Age": {"58.50 years": true}, "Custom_Disease": {"COVID-19": true}, "MeSHAnatomy": {"Plasma": true}, "PublicationStatus": {"Preprint": true}, "PublicationType": {"Research": true}, "Section": {"Results": true}, "Species": {"9606": true}}, "citation": {"authors": ["Chen M", "Fan Y", "Guo T", "He T", "Lu Z", "Wan J", "Wang H", "Wang X", "Wu X", "Zhang L"], "date": "2020-03-27", "db": "PubMed", "db_id": "32219356", "db_name": "JAMA cardiology", "first": "Guo T", "last": "Lu Z"}, "evidence": "Those with elevated TnT levels had significantly higher levels of other biomarkers of cardiac injury, specifically creatine kinase\u2013 myocardial band test (median [IQR], 3.34 [2.11-5.80] vs 0.81 [0.54-1.38], ng/mL [to convert to micrograms per liter, multiply by 1]) and myoglobin (median [IQR], 128.7 [65.8-206.9] vs 27.2 [21.0-49.8] \u03bcg/L [to convert to nanomoles per liter, multiply by 0.05814]) (P < .001, for all) and also had higher levels of N-terminal pro\u2013brain natriuretic peptide (NT-proBNP) (median [IQR], 817.4 (336.0-1944.0] vs 141.4 [39.3-303.6] pg/mL [to convert to nanograms per liter, multiply by 1]).", "line": 79, "relation": "positiveCorrelation"}
p(HGNC:TNNT2)	positiveCorrelation	p(HGNC:MB)	{"annotations": {"Cohort_Mean_Age": {"58.50 years": true}, "Custom_Disease": {"COVID-19": true}, "MeSHAnatomy": {"Plasma": true}, "PublicationStatus": {"Preprint": true}, "PublicationType": {"Research": true}, "Section": {"Results": true}, "Species": {"9606": true}}, "citation": {"authors": ["Chen M", "Fan Y", "Guo T", "He T", "Lu Z", "Wan J", "Wang H", "Wang X", "Wu X", "Zhang L"], "date": "2020-03-27", "db": "PubMed", "db_id": "32219356", "db_name": "JAMA cardiology", "first": "Guo T", "last": "Lu Z"}, "evidence": "Those with elevated TnT levels had significantly higher levels of other biomarkers of cardiac injury, specifically creatine kinase\u2013 myocardial band test (median [IQR], 3.34 [2.11-5.80] vs 0.81 [0.54-1.38], ng/mL [to convert to micrograms per liter, multiply by 1]) and myoglobin (median [IQR], 128.7 [65.8-206.9] vs 27.2 [21.0-49.8] \u03bcg/L [to convert to nanomoles per liter, multiply by 0.05814]) (P < .001, for all) and also had higher levels of N-terminal pro\u2013brain natriuretic peptide (NT-proBNP) (median [IQR], 817.4 (336.0-1944.0] vs 141.4 [39.3-303.6] pg/mL [to convert to nanograms per liter, multiply by 1]).", "line": 80, "relation": "positiveCorrelation"}
p(HGNC:TNNT2)	positiveCorrelation	p(HGNC:NPPB, frag("?"))	{"annotations": {"Cohort_Mean_Age": {"58.50 years": true}, "Custom_Disease": {"COVID-19": true}, "MeSHAnatomy": {"Plasma": true}, "PublicationStatus": {"Preprint": true}, "PublicationType": {"Research": true}, "Section": {"Results": true}, "Species": {"9606": true}}, "citation": {"authors": ["Chen M", "Fan Y", "Guo T", "He T", "Lu Z", "Wan J", "Wang H", "Wang X", "Wu X", "Zhang L"], "date": "2020-03-27", "db": "PubMed", "db_id": "32219356", "db_name": "JAMA cardiology", "first": "Guo T", "last": "Lu Z"}, "evidence": "Those with elevated TnT levels had significantly higher levels of other biomarkers of cardiac injury, specifically creatine kinase\u2013 myocardial band test (median [IQR], 3.34 [2.11-5.80] vs 0.81 [0.54-1.38], ng/mL [to convert to micrograms per liter, multiply by 1]) and myoglobin (median [IQR], 128.7 [65.8-206.9] vs 27.2 [21.0-49.8] \u03bcg/L [to convert to nanomoles per liter, multiply by 0.05814]) (P < .001, for all) and also had higher levels of N-terminal pro\u2013brain natriuretic peptide (NT-proBNP) (median [IQR], 817.4 (336.0-1944.0] vs 141.4 [39.3-303.6] pg/mL [to convert to nanograms per liter, multiply by 1]).", "line": 81, "relation": "positiveCorrelation"}
p(HGNC:TNNT2)	positiveCorrelation	path(DO:"respiratory failure")	{"annotations": {"Cohort_Mean_Age": {"58.50 years": true}, "Custom_Disease": {"COVID-19": true}, "MeSHAnatomy": {"Plasma": true}, "PublicationStatus": {"Preprint": true}, "PublicationType": {"Research": true}, "Section": {"Results": true}, "Species": {"9606": true}}, "citation": {"authors": ["Chen M", "Fan Y", "Guo T", "He T", "Lu Z", "Wan J", "Wang H", "Wang X", "Wu X", "Zhang L"], "date": "2020-03-27", "db": "PubMed", "db_id": "32219356", "db_name": "JAMA cardiology", "first": "Guo T", "last": "Lu Z"}, "evidence": "Patients with elevated TnT levels had evidence of more severe respiratory dysfunction, with lower partial pressure of oxygen (PaO2) (median [IQR], 64.0[51.0-93.0] vs 91.0[75.0-121.0]mmHg),HCO3 (median [IQR], 23.3 [20.0-27.1] vs 25.7 [23.8-27.9] mEq/L [to convert to to millimoles per liter, multiply by 1]), and PaO2/ fraction of inspired oxygen (FiO2) (median [IQR], 153.3 [103.3- 323.8] vs 390.5 [285.7-461.9]mmHg), and higher levels of lactic acid (median [IQR], 2.10 [1.40-3.10] vs 1.80 [1.30-2.10]mm Hg) (P < .001,P < .001,P = .004,P = .001, respectively).", "line": 84, "relation": "positiveCorrelation"}
p(HGNC:TNNT2)	positiveCorrelation	a(CHEBI:creatinine)	{"annotations": {"Cohort_Mean_Age": {"58.50 years": true}, "Custom_Disease": {"COVID-19": true}, "MeSHAnatomy": {"Plasma": true}, "PublicationStatus": {"Preprint": true}, "PublicationType": {"Research": true}, "Section": {"Results": true}, "Species": {"9606": true}}, "citation": {"authors": ["Chen M", "Fan Y", "Guo T", "He T", "Lu Z", "Wan J", "Wang H", "Wang X", "Wu X", "Zhang L"], "date": "2020-03-27", "db": "PubMed", "db_id": "32219356", "db_name": "JAMA cardiology", "first": "Guo T", "last": "Lu Z"}, "evidence": "Those with elevated TnT levels also had higher levels of creatinine (median [IQR], 0.79 [0.71-1.17] vs 0.63 [0.55-0.79] mg/dL [to convert to micromoles per liter, multiply by 88.4]) and aspartate aminotransferase (median [IQR], 39.5 [27.2-57.8] vs 29.0 [21.0-39.0]U/L [to convert to microkatal per liter, multiply by 0.0167]) (P < .001, both), but alanine aminotransferase did not differ between the 2 groups.", "line": 87, "relation": "positiveCorrelation"}
p(HGNC:TNNT2)	positiveCorrelation	p(HGNC:GOT1)	{"annotations": {"Cohort_Mean_Age": {"58.50 years": true}, "Custom_Disease": {"COVID-19": true}, "MeSHAnatomy": {"Plasma": true}, "PublicationStatus": {"Preprint": true}, "PublicationType": {"Research": true}, "Section": {"Results": true}, "Species": {"9606": true}}, "citation": {"authors": ["Chen M", "Fan Y", "Guo T", "He T", "Lu Z", "Wan J", "Wang H", "Wang X", "Wu X", "Zhang L"], "date": "2020-03-27", "db": "PubMed", "db_id": "32219356", "db_name": "JAMA cardiology", "first": "Guo T", "last": "Lu Z"}, "evidence": "Those with elevated TnT levels also had higher levels of creatinine (median [IQR], 0.79 [0.71-1.17] vs 0.63 [0.55-0.79] mg/dL [to convert to micromoles per liter, multiply by 88.4]) and aspartate aminotransferase (median [IQR], 39.5 [27.2-57.8] vs 29.0 [21.0-39.0]U/L [to convert to microkatal per liter, multiply by 0.0167]) (P < .001, both), but alanine aminotransferase did not differ between the 2 groups.", "line": 88, "relation": "positiveCorrelation"}
p(HGNC:TNNT2)	positiveCorrelation	p(HGNC:GOT2)	{"annotations": {"Cohort_Mean_Age": {"58.50 years": true}, "Custom_Disease": {"COVID-19": true}, "MeSHAnatomy": {"Plasma": true}, "PublicationStatus": {"Preprint": true}, "PublicationType": {"Research": true}, "Section": {"Results": true}, "Species": {"9606": true}}, "citation": {"authors": ["Chen M", "Fan Y", "Guo T", "He T", "Lu Z", "Wan J", "Wang H", "Wang X", "Wu X", "Zhang L"], "date": "2020-03-27", "db": "PubMed", "db_id": "32219356", "db_name": "JAMA cardiology", "first": "Guo T", "last": "Lu Z"}, "evidence": "Those with elevated TnT levels also had higher levels of creatinine (median [IQR], 0.79 [0.71-1.17] vs 0.63 [0.55-0.79] mg/dL [to convert to micromoles per liter, multiply by 88.4]) and aspartate aminotransferase (median [IQR], 39.5 [27.2-57.8] vs 29.0 [21.0-39.0]U/L [to convert to microkatal per liter, multiply by 0.0167]) (P < .001, both), but alanine aminotransferase did not differ between the 2 groups.", "line": 89, "relation": "positiveCorrelation"}
p(HGNC:TNNT2)	association	path(MESH:"Cardiovascular Diseases")	{"annotations": {"Cohort_Mean_Age": {"58.50 years": true}, "Custom_Disease": {"COVID-19": true}, "MeSHAnatomy": {"Plasma": true}, "PublicationStatus": {"Preprint": true}, "PublicationType": {"Research": true}, "Section": {"Results": true}, "Species": {"9606": true}}, "citation": {"authors": ["Chen M", "Fan Y", "Guo T", "He T", "Lu Z", "Wan J", "Wang H", "Wang X", "Wu X", "Zhang L"], "date": "2020-03-27", "db": "PubMed", "db_id": "32219356", "db_name": "JAMA cardiology", "first": "Guo T", "last": "Lu Z"}, "evidence": "Patients with underlying CVD were more likely to exhibit elevation of TnT levels (36 [54.5%]) compared with patients without CVD (16 [13.2%]).", "line": 92, "relation": "association"}
p(HGNC:TNNT2)	positiveCorrelation	path(DO:"severe acute respiratory syndrome")	{"annotations": {"Cohort_Mean_Age": {"58.50 years": true}, "Custom_Disease": {"COVID-19": true}, "MeSHAnatomy": {"Plasma": true}, "PublicationStatus": {"Preprint": true}, "PublicationType": {"Research": true}, "Section": {"Results": true}, "Species": {"9606": true}}, "citation": {"authors": ["Chen M", "Fan Y", "Guo T", "He T", "Lu Z", "Wan J", "Wang H", "Wang X", "Wu X", "Zhang L"], "date": "2020-03-27", "db": "PubMed", "db_id": "32219356", "db_name": "JAMA cardiology", "first": "Guo T", "last": "Lu Z"}, "evidence": "During hospitalization, patients with elevated TnT levels developed more frequent complications (Table 1), including acute respiratory distress syndrome (30 [57.7%] vs 16 [11.9%]), malignant arrhythmias (6 [11.5%] vs 7 [5.2%]) including ventricular tachycardia/ ventricular fibrillation, acute coagulopathy (25 [65.8%] vs 17 [20.0%]), and acute kidney injury (14 [36.8%] vs 4 [4.7%]), compared with those with normal TnT levels.", "line": 95, "relation": "positiveCorrelation"}
p(HGNC:TNNT2)	positiveCorrelation	path(MESH:"Arrhythmias, Cardiac")	{"annotations": {"Cohort_Mean_Age": {"58.50 years": true}, "Custom_Disease": {"COVID-19": true}, "MeSHAnatomy": {"Plasma": true}, "PublicationStatus": {"Preprint": true}, "PublicationType": {"Research": true}, "Section": {"Results": true}, "Species": {"9606": true}}, "citation": {"authors": ["Chen M", "Fan Y", "Guo T", "He T", "Lu Z", "Wan J", "Wang H", "Wang X", "Wu X", "Zhang L"], "date": "2020-03-27", "db": "PubMed", "db_id": "32219356", "db_name": "JAMA cardiology", "first": "Guo T", "last": "Lu Z"}, "evidence": "During hospitalization, patients with elevated TnT levels developed more frequent complications (Table 1), including acute respiratory distress syndrome (30 [57.7%] vs 16 [11.9%]), malignant arrhythmias (6 [11.5%] vs 7 [5.2%]) including ventricular tachycardia/ ventricular fibrillation, acute coagulopathy (25 [65.8%] vs 17 [20.0%]), and acute kidney injury (14 [36.8%] vs 4 [4.7%]), compared with those with normal TnT levels.", "line": 96, "relation": "positiveCorrelation"}
p(HGNC:TNNT2)	positiveCorrelation	path(HP:"Ventricular tachycardia")	{"annotations": {"Cohort_Mean_Age": {"58.50 years": true}, "Custom_Disease": {"COVID-19": true}, "MeSHAnatomy": {"Plasma": true}, "PublicationStatus": {"Preprint": true}, "PublicationType": {"Research": true}, "Section": {"Results": true}, "Species": {"9606": true}}, "citation": {"authors": ["Chen M", "Fan Y", "Guo T", "He T", "Lu Z", "Wan J", "Wang H", "Wang X", "Wu X", "Zhang L"], "date": "2020-03-27", "db": "PubMed", "db_id": "32219356", "db_name": "JAMA cardiology", "first": "Guo T", "last": "Lu Z"}, "evidence": "During hospitalization, patients with elevated TnT levels developed more frequent complications (Table 1), including acute respiratory distress syndrome (30 [57.7%] vs 16 [11.9%]), malignant arrhythmias (6 [11.5%] vs 7 [5.2%]) including ventricular tachycardia/ ventricular fibrillation, acute coagulopathy (25 [65.8%] vs 17 [20.0%]), and acute kidney injury (14 [36.8%] vs 4 [4.7%]), compared with those with normal TnT levels.", "line": 97, "relation": "positiveCorrelation"}
p(HGNC:TNNT2)	positiveCorrelation	path(HP:"Ventricular fibrillation")	{"annotations": {"Cohort_Mean_Age": {"58.50 years": true}, "Custom_Disease": {"COVID-19": true}, "MeSHAnatomy": {"Plasma": true}, "PublicationStatus": {"Preprint": true}, "PublicationType": {"Research": true}, "Section": {"Results": true}, "Species": {"9606": true}}, "citation": {"authors": ["Chen M", "Fan Y", "Guo T", "He T", "Lu Z", "Wan J", "Wang H", "Wang X", "Wu X", "Zhang L"], "date": "2020-03-27", "db": "PubMed", "db_id": "32219356", "db_name": "JAMA cardiology", "first": "Guo T", "last": "Lu Z"}, "evidence": "During hospitalization, patients with elevated TnT levels developed more frequent complications (Table 1), including acute respiratory distress syndrome (30 [57.7%] vs 16 [11.9%]), malignant arrhythmias (6 [11.5%] vs 7 [5.2%]) including ventricular tachycardia/ ventricular fibrillation, acute coagulopathy (25 [65.8%] vs 17 [20.0%]), and acute kidney injury (14 [36.8%] vs 4 [4.7%]), compared with those with normal TnT levels.", "line": 98, "relation": "positiveCorrelation"}
p(HGNC:TNNT2)	positiveCorrelation	path(MESH:"Blood Coagulation Disorders")	{"annotations": {"Cohort_Mean_Age": {"58.50 years": true}, "Custom_Disease": {"COVID-19": true}, "MeSHAnatomy": {"Plasma": true}, "PublicationStatus": {"Preprint": true}, "PublicationType": {"Research": true}, "Section": {"Results": true}, "Species": {"9606": true}}, "citation": {"authors": ["Chen M", "Fan Y", "Guo T", "He T", "Lu Z", "Wan J", "Wang H", "Wang X", "Wu X", "Zhang L"], "date": "2020-03-27", "db": "PubMed", "db_id": "32219356", "db_name": "JAMA cardiology", "first": "Guo T", "last": "Lu Z"}, "evidence": "During hospitalization, patients with elevated TnT levels developed more frequent complications (Table 1), including acute respiratory distress syndrome (30 [57.7%] vs 16 [11.9%]), malignant arrhythmias (6 [11.5%] vs 7 [5.2%]) including ventricular tachycardia/ ventricular fibrillation, acute coagulopathy (25 [65.8%] vs 17 [20.0%]), and acute kidney injury (14 [36.8%] vs 4 [4.7%]), compared with those with normal TnT levels.", "line": 99, "relation": "positiveCorrelation"}
p(HGNC:TNNT2)	positiveCorrelation	path(HP:"Acute kidney injury")	{"annotations": {"Cohort_Mean_Age": {"58.50 years": true}, "Custom_Disease": {"COVID-19": true}, "MeSHAnatomy": {"Plasma": true}, "PublicationStatus": {"Preprint": true}, "PublicationType": {"Research": true}, "Section": {"Results": true}, "Species": {"9606": true}}, "citation": {"authors": ["Chen M", "Fan Y", "Guo T", "He T", "Lu Z", "Wan J", "Wang H", "Wang X", "Wu X", "Zhang L"], "date": "2020-03-27", "db": "PubMed", "db_id": "32219356", "db_name": "JAMA cardiology", "first": "Guo T", "last": "Lu Z"}, "evidence": "During hospitalization, patients with elevated TnT levels developed more frequent complications (Table 1), including acute respiratory distress syndrome (30 [57.7%] vs 16 [11.9%]), malignant arrhythmias (6 [11.5%] vs 7 [5.2%]) including ventricular tachycardia/ ventricular fibrillation, acute coagulopathy (25 [65.8%] vs 17 [20.0%]), and acute kidney injury (14 [36.8%] vs 4 [4.7%]), compared with those with normal TnT levels.", "line": 100, "relation": "positiveCorrelation"}
p(HGNC:TNNT2)	positiveCorrelation	a(MESH:"Angiotensin-Converting Enzyme Inhibitors")	{"annotations": {"Cohort_Mean_Age": {"58.50 years": true}, "Custom_Disease": {"COVID-19": true}, "PublicationStatus": {"Preprint": true}, "PublicationType": {"Research": true}, "Section": {"Results": true}, "Species": {"9606": true}}, "citation": {"authors": ["Chen M", "Fan Y", "Guo T", "He T", "Lu Z", "Wan J", "Wang H", "Wang X", "Wu X", "Zhang L"], "date": "2020-03-27", "db": "PubMed", "db_id": "32219356", "db_name": "JAMA cardiology", "first": "Guo T", "last": "Lu Z"}, "evidence": "Notably, the use of angiotensin-converting enzyme inhibitors (ACEIs)/angiotensin receptor blockers (ARBs) was higher in patients with elevated TnT levels (11 [21.1%] vs 8 [5.9%]; Table 1), reflecting the higher rates ofCVD.", "line": 112, "relation": "positiveCorrelation"}
p(HGNC:TNNT2)	positiveCorrelation	a(MESH:"Angiotensin II Type 1 Receptor Blockers")	{"annotations": {"Cohort_Mean_Age": {"58.50 years": true}, "Custom_Disease": {"COVID-19": true}, "PublicationStatus": {"Preprint": true}, "PublicationType": {"Research": true}, "Section": {"Results": true}, "Species": {"9606": true}}, "citation": {"authors": ["Chen M", "Fan Y", "Guo T", "He T", "Lu Z", "Wan J", "Wang H", "Wang X", "Wu X", "Zhang L"], "date": "2020-03-27", "db": "PubMed", "db_id": "32219356", "db_name": "JAMA cardiology", "first": "Guo T", "last": "Lu Z"}, "evidence": "Notably, the use of angiotensin-converting enzyme inhibitors (ACEIs)/angiotensin receptor blockers (ARBs) was higher in patients with elevated TnT levels (11 [21.1%] vs 8 [5.9%]; Table 1), reflecting the higher rates ofCVD.", "line": 113, "relation": "positiveCorrelation"}
p(HGNC:TNNT2)	positiveCorrelation	a(MESH:"Angiotensin II Type 2 Receptor Blockers")	{"annotations": {"Cohort_Mean_Age": {"58.50 years": true}, "Custom_Disease": {"COVID-19": true}, "PublicationStatus": {"Preprint": true}, "PublicationType": {"Research": true}, "Section": {"Results": true}, "Species": {"9606": true}}, "citation": {"authors": ["Chen M", "Fan Y", "Guo T", "He T", "Lu Z", "Wan J", "Wang H", "Wang X", "Wu X", "Zhang L"], "date": "2020-03-27", "db": "PubMed", "db_id": "32219356", "db_name": "JAMA cardiology", "first": "Guo T", "last": "Lu Z"}, "evidence": "Notably, the use of angiotensin-converting enzyme inhibitors (ACEIs)/angiotensin receptor blockers (ARBs) was higher in patients with elevated TnT levels (11 [21.1%] vs 8 [5.9%]; Table 1), reflecting the higher rates ofCVD.", "line": 114, "relation": "positiveCorrelation"}
p(MESH:"fibrin fragment D")	positiveCorrelation	p(HGNC:TNNT2)	{"annotations": {"Cohort_Mean_Age": {"58.50 years": true}, "Custom_Disease": {"COVID-19": true}, "MeSHAnatomy": {"Plasma": true}, "PublicationStatus": {"Preprint": true}, "PublicationType": {"Research": true}, "Section": {"Results": true}, "Species": {"9606": true}}, "citation": {"authors": ["Chen M", "Fan Y", "Guo T", "He T", "Lu Z", "Wan J", "Wang H", "Wang X", "Wu X", "Zhang L"], "date": "2020-03-27", "db": "PubMed", "db_id": "32219356", "db_name": "JAMA cardiology", "first": "Guo T", "last": "Lu Z"}, "evidence": "Patients with elevated TnT levels also had significantly longer prothrombin time (median [IQR], 12.4 [12.0-13.0] vs 13.3 [12.2-15.3] seconds; P = .005), shorter activated partial thromboplastin time (median [IQR], 31.2 [27.5-33.2] vs 32.7 [31.0-35.8] seconds; P = .003), and a significant higher level of D-dimer (median [IQR], 0.29 [0.17-0.60] vs 3.85 [0.51-25.58] \u03bcg/mL[to convert to nanomoles per liter, multiply by 5.476]; P < .001).", "line": 67, "relation": "positiveCorrelation"}
path(DO:"chronic kidney disease")	positiveCorrelation	p(HGNC:TNNT2)	{"annotations": {"Cohort_Mean_Age": {"58.50 years": true}, "Custom_Disease": {"COVID-19": true}, "MeSHAnatomy": {"Plasma": true}, "PublicationStatus": {"Preprint": true}, "PublicationType": {"Research": true}, "Section": {"Results": true}, "Species": {"9606": true}}, "citation": {"authors": ["Chen M", "Fan Y", "Guo T", "He T", "Lu Z", "Wan J", "Wang H", "Wang X", "Wu X", "Zhang L"], "date": "2020-03-27", "db": "PubMed", "db_id": "32219356", "db_name": "JAMA cardiology", "first": "Guo T", "last": "Lu Z"}, "evidence": "Patients with elevated TnT levels had significantly higher rates of comorbidities including hypertension (33 [63.5%] vs 28 [20.7%]), coronary heart disease (17 [32.7%] vs4[3.0%]), cardiomyopathy (8[15.4%]vs0), diabetes (16 [30.8%] vs 12 [8.9%]), chronic obstructive pulmonary disease (4 [7.7%] vs 0), and chronic kidney disease (1 [0.7%] vs 5 [9.6%]).", "line": 57, "relation": "positiveCorrelation"}
path(DO:"chronic obstructive pulmonary disease")	positiveCorrelation	p(HGNC:TNNT2)	{"annotations": {"Cohort_Mean_Age": {"58.50 years": true}, "Custom_Disease": {"COVID-19": true}, "MeSHAnatomy": {"Plasma": true}, "PublicationStatus": {"Preprint": true}, "PublicationType": {"Research": true}, "Section": {"Results": true}, "Species": {"9606": true}}, "citation": {"authors": ["Chen M", "Fan Y", "Guo T", "He T", "Lu Z", "Wan J", "Wang H", "Wang X", "Wu X", "Zhang L"], "date": "2020-03-27", "db": "PubMed", "db_id": "32219356", "db_name": "JAMA cardiology", "first": "Guo T", "last": "Lu Z"}, "evidence": "Patients with elevated TnT levels had significantly higher rates of comorbidities including hypertension (33 [63.5%] vs 28 [20.7%]), coronary heart disease (17 [32.7%] vs4[3.0%]), cardiomyopathy (8[15.4%]vs0), diabetes (16 [30.8%] vs 12 [8.9%]), chronic obstructive pulmonary disease (4 [7.7%] vs 0), and chronic kidney disease (1 [0.7%] vs 5 [9.6%]).", "line": 56, "relation": "positiveCorrelation"}
path(DO:"diabetes mellitus")	positiveCorrelation	p(HGNC:TNNT2)	{"annotations": {"Cohort_Mean_Age": {"58.50 years": true}, "Custom_Disease": {"COVID-19": true}, "MeSHAnatomy": {"Plasma": true}, "PublicationStatus": {"Preprint": true}, "PublicationType": {"Research": true}, "Section": {"Results": true}, "Species": {"9606": true}}, "citation": {"authors": ["Chen M", "Fan Y", "Guo T", "He T", "Lu Z", "Wan J", "Wang H", "Wang X", "Wu X", "Zhang L"], "date": "2020-03-27", "db": "PubMed", "db_id": "32219356", "db_name": "JAMA cardiology", "first": "Guo T", "last": "Lu Z"}, "evidence": "Patients with elevated TnT levels had significantly higher rates of comorbidities including hypertension (33 [63.5%] vs 28 [20.7%]), coronary heart disease (17 [32.7%] vs4[3.0%]), cardiomyopathy (8[15.4%]vs0), diabetes (16 [30.8%] vs 12 [8.9%]), chronic obstructive pulmonary disease (4 [7.7%] vs 0), and chronic kidney disease (1 [0.7%] vs 5 [9.6%]).", "line": 55, "relation": "positiveCorrelation"}
path(DO:"respiratory failure")	positiveCorrelation	p(HGNC:TNNT2)	{"annotations": {"Cohort_Mean_Age": {"58.50 years": true}, "Custom_Disease": {"COVID-19": true}, "MeSHAnatomy": {"Plasma": true}, "PublicationStatus": {"Preprint": true}, "PublicationType": {"Research": true}, "Section": {"Results": true}, "Species": {"9606": true}}, "citation": {"authors": ["Chen M", "Fan Y", "Guo T", "He T", "Lu Z", "Wan J", "Wang H", "Wang X", "Wu X", "Zhang L"], "date": "2020-03-27", "db": "PubMed", "db_id": "32219356", "db_name": "JAMA cardiology", "first": "Guo T", "last": "Lu Z"}, "evidence": "Patients with elevated TnT levels had evidence of more severe respiratory dysfunction, with lower partial pressure of oxygen (PaO2) (median [IQR], 64.0[51.0-93.0] vs 91.0[75.0-121.0]mmHg),HCO3 (median [IQR], 23.3 [20.0-27.1] vs 25.7 [23.8-27.9] mEq/L [to convert to to millimoles per liter, multiply by 1]), and PaO2/ fraction of inspired oxygen (FiO2) (median [IQR], 153.3 [103.3- 323.8] vs 390.5 [285.7-461.9]mmHg), and higher levels of lactic acid (median [IQR], 2.10 [1.40-3.10] vs 1.80 [1.30-2.10]mm Hg) (P < .001,P < .001,P = .004,P = .001, respectively).", "line": 84, "relation": "positiveCorrelation"}
path(DO:"severe acute respiratory syndrome")	positiveCorrelation	p(HGNC:TNNT2)	{"annotations": {"Cohort_Mean_Age": {"58.50 years": true}, "Custom_Disease": {"COVID-19": true}, "MeSHAnatomy": {"Plasma": true}, "PublicationStatus": {"Preprint": true}, "PublicationType": {"Research": true}, "Section": {"Results": true}, "Species": {"9606": true}}, "citation": {"authors": ["Chen M", "Fan Y", "Guo T", "He T", "Lu Z", "Wan J", "Wang H", "Wang X", "Wu X", "Zhang L"], "date": "2020-03-27", "db": "PubMed", "db_id": "32219356", "db_name": "JAMA cardiology", "first": "Guo T", "last": "Lu Z"}, "evidence": "During hospitalization, patients with elevated TnT levels developed more frequent complications (Table 1), including acute respiratory distress syndrome (30 [57.7%] vs 16 [11.9%]), malignant arrhythmias (6 [11.5%] vs 7 [5.2%]) including ventricular tachycardia/ ventricular fibrillation, acute coagulopathy (25 [65.8%] vs 17 [20.0%]), and acute kidney injury (14 [36.8%] vs 4 [4.7%]), compared with those with normal TnT levels.", "line": 95, "relation": "positiveCorrelation"}
path(DO:cardiomyopathy)	positiveCorrelation	p(HGNC:TNNT2)	{"annotations": {"Cohort_Mean_Age": {"58.50 years": true}, "Custom_Disease": {"COVID-19": true}, "MeSHAnatomy": {"Plasma": true}, "PublicationStatus": {"Preprint": true}, "PublicationType": {"Research": true}, "Section": {"Results": true}, "Species": {"9606": true}}, "citation": {"authors": ["Chen M", "Fan Y", "Guo T", "He T", "Lu Z", "Wan J", "Wang H", "Wang X", "Wu X", "Zhang L"], "date": "2020-03-27", "db": "PubMed", "db_id": "32219356", "db_name": "JAMA cardiology", "first": "Guo T", "last": "Lu Z"}, "evidence": "Patients with elevated TnT levels had significantly higher rates of comorbidities including hypertension (33 [63.5%] vs 28 [20.7%]), coronary heart disease (17 [32.7%] vs4[3.0%]), cardiomyopathy (8[15.4%]vs0), diabetes (16 [30.8%] vs 12 [8.9%]), chronic obstructive pulmonary disease (4 [7.7%] vs 0), and chronic kidney disease (1 [0.7%] vs 5 [9.6%]).", "line": 54, "relation": "positiveCorrelation"}
path(DO:hypertension)	positiveCorrelation	p(HGNC:TNNT2)	{"annotations": {"Cohort_Mean_Age": {"58.50 years": true}, "Custom_Disease": {"COVID-19": true}, "MeSHAnatomy": {"Plasma": true}, "PublicationStatus": {"Preprint": true}, "PublicationType": {"Research": true}, "Section": {"Results": true}, "Species": {"9606": true}}, "citation": {"authors": ["Chen M", "Fan Y", "Guo T", "He T", "Lu Z", "Wan J", "Wang H", "Wang X", "Wu X", "Zhang L"], "date": "2020-03-27", "db": "PubMed", "db_id": "32219356", "db_name": "JAMA cardiology", "first": "Guo T", "last": "Lu Z"}, "evidence": "Patients with elevated TnT levels had significantly higher rates of comorbidities including hypertension (33 [63.5%] vs 28 [20.7%]), coronary heart disease (17 [32.7%] vs4[3.0%]), cardiomyopathy (8[15.4%]vs0), diabetes (16 [30.8%] vs 12 [8.9%]), chronic obstructive pulmonary disease (4 [7.7%] vs 0), and chronic kidney disease (1 [0.7%] vs 5 [9.6%]).", "line": 52, "relation": "positiveCorrelation"}
path(HP:"Acute kidney injury")	positiveCorrelation	p(HGNC:TNNT2)	{"annotations": {"Cohort_Mean_Age": {"58.50 years": true}, "Custom_Disease": {"COVID-19": true}, "MeSHAnatomy": {"Plasma": true}, "PublicationStatus": {"Preprint": true}, "PublicationType": {"Research": true}, "Section": {"Results": true}, "Species": {"9606": true}}, "citation": {"authors": ["Chen M", "Fan Y", "Guo T", "He T", "Lu Z", "Wan J", "Wang H", "Wang X", "Wu X", "Zhang L"], "date": "2020-03-27", "db": "PubMed", "db_id": "32219356", "db_name": "JAMA cardiology", "first": "Guo T", "last": "Lu Z"}, "evidence": "During hospitalization, patients with elevated TnT levels developed more frequent complications (Table 1), including acute respiratory distress syndrome (30 [57.7%] vs 16 [11.9%]), malignant arrhythmias (6 [11.5%] vs 7 [5.2%]) including ventricular tachycardia/ ventricular fibrillation, acute coagulopathy (25 [65.8%] vs 17 [20.0%]), and acute kidney injury (14 [36.8%] vs 4 [4.7%]), compared with those with normal TnT levels.", "line": 100, "relation": "positiveCorrelation"}
path(HP:"Prolonged prothrombin time")	association	p(HGNC:TNNT2)	{"annotations": {"Cohort_Mean_Age": {"58.50 years": true}, "Custom_Disease": {"COVID-19": true}, "MeSHAnatomy": {"Plasma": true}, "PublicationStatus": {"Preprint": true}, "PublicationType": {"Research": true}, "Section": {"Results": true}, "Species": {"9606": true}}, "citation": {"authors": ["Chen M", "Fan Y", "Guo T", "He T", "Lu Z", "Wan J", "Wang H", "Wang X", "Wu X", "Zhang L"], "date": "2020-03-27", "db": "PubMed", "db_id": "32219356", "db_name": "JAMA cardiology", "first": "Guo T", "last": "Lu Z"}, "evidence": "Patients with elevated TnT levels also had significantly longer prothrombin time (median [IQR], 12.4 [12.0-13.0] vs 13.3 [12.2-15.3] seconds; P = .005), shorter activated partial thromboplastin time (median [IQR], 31.2 [27.5-33.2] vs 32.7 [31.0-35.8] seconds; P = .003), and a significant higher level of D-dimer (median [IQR], 0.29 [0.17-0.60] vs 3.85 [0.51-25.58] \u03bcg/mL[to convert to nanomoles per liter, multiply by 5.476]; P < .001).", "line": 65, "relation": "association"}
path(HP:"Ventricular fibrillation")	positiveCorrelation	p(HGNC:TNNT2)	{"annotations": {"Cohort_Mean_Age": {"58.50 years": true}, "Custom_Disease": {"COVID-19": true}, "MeSHAnatomy": {"Plasma": true}, "PublicationStatus": {"Preprint": true}, "PublicationType": {"Research": true}, "Section": {"Results": true}, "Species": {"9606": true}}, "citation": {"authors": ["Chen M", "Fan Y", "Guo T", "He T", "Lu Z", "Wan J", "Wang H", "Wang X", "Wu X", "Zhang L"], "date": "2020-03-27", "db": "PubMed", "db_id": "32219356", "db_name": "JAMA cardiology", "first": "Guo T", "last": "Lu Z"}, "evidence": "During hospitalization, patients with elevated TnT levels developed more frequent complications (Table 1), including acute respiratory distress syndrome (30 [57.7%] vs 16 [11.9%]), malignant arrhythmias (6 [11.5%] vs 7 [5.2%]) including ventricular tachycardia/ ventricular fibrillation, acute coagulopathy (25 [65.8%] vs 17 [20.0%]), and acute kidney injury (14 [36.8%] vs 4 [4.7%]), compared with those with normal TnT levels.", "line": 98, "relation": "positiveCorrelation"}
path(HP:"Ventricular tachycardia")	positiveCorrelation	p(HGNC:TNNT2)	{"annotations": {"Cohort_Mean_Age": {"58.50 years": true}, "Custom_Disease": {"COVID-19": true}, "MeSHAnatomy": {"Plasma": true}, "PublicationStatus": {"Preprint": true}, "PublicationType": {"Research": true}, "Section": {"Results": true}, "Species": {"9606": true}}, "citation": {"authors": ["Chen M", "Fan Y", "Guo T", "He T", "Lu Z", "Wan J", "Wang H", "Wang X", "Wu X", "Zhang L"], "date": "2020-03-27", "db": "PubMed", "db_id": "32219356", "db_name": "JAMA cardiology", "first": "Guo T", "last": "Lu Z"}, "evidence": "During hospitalization, patients with elevated TnT levels developed more frequent complications (Table 1), including acute respiratory distress syndrome (30 [57.7%] vs 16 [11.9%]), malignant arrhythmias (6 [11.5%] vs 7 [5.2%]) including ventricular tachycardia/ ventricular fibrillation, acute coagulopathy (25 [65.8%] vs 17 [20.0%]), and acute kidney injury (14 [36.8%] vs 4 [4.7%]), compared with those with normal TnT levels.", "line": 97, "relation": "positiveCorrelation"}
path(MESH:"Arrhythmias, Cardiac")	positiveCorrelation	p(HGNC:TNNT2)	{"annotations": {"Cohort_Mean_Age": {"58.50 years": true}, "Custom_Disease": {"COVID-19": true}, "MeSHAnatomy": {"Plasma": true}, "PublicationStatus": {"Preprint": true}, "PublicationType": {"Research": true}, "Section": {"Results": true}, "Species": {"9606": true}}, "citation": {"authors": ["Chen M", "Fan Y", "Guo T", "He T", "Lu Z", "Wan J", "Wang H", "Wang X", "Wu X", "Zhang L"], "date": "2020-03-27", "db": "PubMed", "db_id": "32219356", "db_name": "JAMA cardiology", "first": "Guo T", "last": "Lu Z"}, "evidence": "During hospitalization, patients with elevated TnT levels developed more frequent complications (Table 1), including acute respiratory distress syndrome (30 [57.7%] vs 16 [11.9%]), malignant arrhythmias (6 [11.5%] vs 7 [5.2%]) including ventricular tachycardia/ ventricular fibrillation, acute coagulopathy (25 [65.8%] vs 17 [20.0%]), and acute kidney injury (14 [36.8%] vs 4 [4.7%]), compared with those with normal TnT levels.", "line": 96, "relation": "positiveCorrelation"}
path(MESH:"Blood Coagulation Disorders")	positiveCorrelation	p(HGNC:TNNT2)	{"annotations": {"Cohort_Mean_Age": {"58.50 years": true}, "Custom_Disease": {"COVID-19": true}, "MeSHAnatomy": {"Plasma": true}, "PublicationStatus": {"Preprint": true}, "PublicationType": {"Research": true}, "Section": {"Results": true}, "Species": {"9606": true}}, "citation": {"authors": ["Chen M", "Fan Y", "Guo T", "He T", "Lu Z", "Wan J", "Wang H", "Wang X", "Wu X", "Zhang L"], "date": "2020-03-27", "db": "PubMed", "db_id": "32219356", "db_name": "JAMA cardiology", "first": "Guo T", "last": "Lu Z"}, "evidence": "During hospitalization, patients with elevated TnT levels developed more frequent complications (Table 1), including acute respiratory distress syndrome (30 [57.7%] vs 16 [11.9%]), malignant arrhythmias (6 [11.5%] vs 7 [5.2%]) including ventricular tachycardia/ ventricular fibrillation, acute coagulopathy (25 [65.8%] vs 17 [20.0%]), and acute kidney injury (14 [36.8%] vs 4 [4.7%]), compared with those with normal TnT levels.", "line": 99, "relation": "positiveCorrelation"}
path(MESH:"Cardiovascular Diseases")	association	p(HGNC:TNNT2)	{"annotations": {"Cohort_Mean_Age": {"58.50 years": true}, "Custom_Disease": {"COVID-19": true}, "MeSHAnatomy": {"Plasma": true}, "PublicationStatus": {"Preprint": true}, "PublicationType": {"Research": true}, "Section": {"Results": true}, "Species": {"9606": true}}, "citation": {"authors": ["Chen M", "Fan Y", "Guo T", "He T", "Lu Z", "Wan J", "Wang H", "Wang X", "Wu X", "Zhang L"], "date": "2020-03-27", "db": "PubMed", "db_id": "32219356", "db_name": "JAMA cardiology", "first": "Guo T", "last": "Lu Z"}, "evidence": "Patients with underlying CVD were more likely to exhibit elevation of TnT levels (36 [54.5%]) compared with patients without CVD (16 [13.2%]).", "line": 92, "relation": "association"}
path(MESH:"Coronary Disease")	positiveCorrelation	p(HGNC:TNNT2)	{"annotations": {"Cohort_Mean_Age": {"58.50 years": true}, "Custom_Disease": {"COVID-19": true}, "MeSHAnatomy": {"Plasma": true}, "PublicationStatus": {"Preprint": true}, "PublicationType": {"Research": true}, "Section": {"Results": true}, "Species": {"9606": true}}, "citation": {"authors": ["Chen M", "Fan Y", "Guo T", "He T", "Lu Z", "Wan J", "Wang H", "Wang X", "Wu X", "Zhang L"], "date": "2020-03-27", "db": "PubMed", "db_id": "32219356", "db_name": "JAMA cardiology", "first": "Guo T", "last": "Lu Z"}, "evidence": "Patients with elevated TnT levels had significantly higher rates of comorbidities including hypertension (33 [63.5%] vs 28 [20.7%]), coronary heart disease (17 [32.7%] vs4[3.0%]), cardiomyopathy (8[15.4%]vs0), diabetes (16 [30.8%] vs 12 [8.9%]), chronic obstructive pulmonary disease (4 [7.7%] vs 0), and chronic kidney disease (1 [0.7%] vs 5 [9.6%]).", "line": 53, "relation": "positiveCorrelation"}
