a(MESH:"Age of Onset")	negativeCorrelation	path(MESH:Mortality)	{"annotations": {"Cohort_Age": {"below 40": true}, "Custom_Disease": {"COVID-19": true}, "PublicationType": {"Case Report": true}, "Section": {"Results": true}, "Species": {"9606": true}}, "citation": {"authors": ["Qiu S", "Wang B", "Wang Q", "Zhang G", "Zhang J", "Zhu X"], "date": "2020-03-26", "db": "PubMed", "db_id": "32216803", "db_name": "Respiratory research", "first": "Zhang G", "last": "Qiu S", "pages": "74", "volume": "21"}, "evidence": "As shown by Table 1, <40\u2009years or >60\u2009years group was related to higher risk of reaching the composite endpoint (R2\u2009=\u20090.203, P4\u2009=\u20090.049).", "line": 88, "relation": "negativeCorrelation"}
a(MESH:"Age of Onset")	positiveCorrelation	path(MESH:Mortality)	{"annotations": {"Cohort_Age": {"above 60": true}, "Custom_Disease": {"COVID-19": true}, "PublicationType": {"Case Report": true}, "Section": {"Results": true}, "Species": {"9606": true}}, "citation": {"authors": ["Qiu S", "Wang B", "Wang Q", "Zhang G", "Zhang J", "Zhu X"], "date": "2020-03-26", "db": "PubMed", "db_id": "32216803", "db_name": "Respiratory research", "first": "Zhang G", "last": "Qiu S", "pages": "74", "volume": "21"}, "evidence": "As shown by Table 1, <40\u2009years or >60\u2009years group was related to higher risk of reaching the composite endpoint (R2\u2009=\u20090.203, P4\u2009=\u20090.049).", "line": 91, "relation": "positiveCorrelation"}
a(MESH:"Blood Proteins")	negativeCorrelation	path(MESH:Mortality)	{"annotations": {"Custom_Disease": {"COVID-19": true}, "MeSHAnatomy": {"Blood": true}, "PublicationType": {"Case Report": true}, "Section": {"Results": true}, "Severity": {"Severe": true}, "Species": {"9606": true}}, "citation": {"authors": ["Qiu S", "Wang B", "Wang Q", "Zhang G", "Zhang J", "Zhu X"], "date": "2020-03-26", "db": "PubMed", "db_id": "32216803", "db_name": "Respiratory research", "first": "Zhang G", "last": "Qiu S", "pages": "74", "volume": "21"}, "evidence": "Lower total protein level correlated with severe 2019 novel coronavirus pneumonia and composite endpoint. (R1\u2009=\u2009\u2212\u20090.340, P3\u2009=\u20090.001, R2\u2009=\u2009\u2212\u20090.252, P4\u2009=\u20090.015).", "line": 168, "relation": "negativeCorrelation"}
a(MESH:"C-Reactive Protein")	positiveCorrelation	path(MESH:Mortality)	{"annotations": {"Custom_Disease": {"COVID-19": true}, "MeSHAnatomy": {"Blood": true}, "PublicationType": {"Case Report": true}, "Section": {"Results": true}, "Severity": {"Severe": true}, "Species": {"9606": true}}, "citation": {"authors": ["Qiu S", "Wang B", "Wang Q", "Zhang G", "Zhang J", "Zhu X"], "date": "2020-03-26", "db": "PubMed", "db_id": "32216803", "db_name": "Respiratory research", "first": "Zhang G", "last": "Qiu S", "pages": "74", "volume": "21"}, "evidence": "Higher C-reactive protein level was strongly related to severe 2019 novel coronavirus pneumonia and composite endpoint. (R1\u2009=\u20090.572, P3<0.001, R2\u2009=\u20090.503, P4<0.001).", "line": 124, "relation": "positiveCorrelation"}
a(MESH:Leukocytes)	positiveCorrelation	path(MESH:Mortality)	{"annotations": {"Custom_Disease": {"COVID-19": true}, "MeSHAnatomy": {"Blood": true}, "PublicationType": {"Case Report": true}, "Section": {"Results": true}, "Severity": {"Severe": true}, "Species": {"9606": true}}, "citation": {"authors": ["Qiu S", "Wang B", "Wang Q", "Zhang G", "Zhang J", "Zhu X"], "date": "2020-03-26", "db": "PubMed", "db_id": "32216803", "db_name": "Respiratory research", "first": "Zhang G", "last": "Qiu S", "pages": "74", "volume": "21"}, "evidence": ">\u200910*10^9/L group were strongly related to severe 2019 novel coronavirus pneumonia and composite endpoint. (R1\u2009=\u20090.604, P3<0.001, R2\u2009=\u20090.543, P4<0.001).", "line": 106, "relation": "positiveCorrelation"}
a(MESH:Lymphocytes)	negativeCorrelation	path(MESH:Mortality)	{"annotations": {"Custom_Disease": {"COVID-19": true}, "MeSHAnatomy": {"Blood": true}, "PublicationType": {"Case Report": true}, "Section": {"Results": true}, "Severity": {"Severe": true}, "Species": {"9606": true}}, "citation": {"authors": ["Qiu S", "Wang B", "Wang Q", "Zhang G", "Zhang J", "Zhu X"], "date": "2020-03-26", "db": "PubMed", "db_id": "32216803", "db_name": "Respiratory research", "first": "Zhang G", "last": "Qiu S", "pages": "74", "volume": "21"}, "evidence": "Lower lymphocyte count was strongly related to severe 2019 novel coronavirus pneumonia and composite endpoint. (R1\u2009=\u2009-0.451, P3<0.001, R2\u2009=\u2009-0.415, P4<0.001).", "line": 118, "relation": "negativeCorrelation"}
a(MESH:Neutrophils)	positiveCorrelation	path(MESH:Mortality)	{"annotations": {"Custom_Disease": {"COVID-19": true}, "MeSHAnatomy": {"Blood": true}, "PublicationType": {"Case Report": true}, "Section": {"Results": true}, "Severity": {"Severe": true}, "Species": {"9606": true}}, "citation": {"authors": ["Qiu S", "Wang B", "Wang Q", "Zhang G", "Zhang J", "Zhu X"], "date": "2020-03-26", "db": "PubMed", "db_id": "32216803", "db_name": "Respiratory research", "first": "Zhang G", "last": "Qiu S", "pages": "74", "volume": "21"}, "evidence": "Higher neutrophil percentage was strongly related to severe 2019 novel coronavirus pneumonia and composite endpoint. (R1\u2009=\u20090.641, P3<0.001, R2\u2009=\u20090.492, P4<0.001).", "line": 112, "relation": "positiveCorrelation"}
bp(EFO:"D dimer measurement")	positiveCorrelation	path(MESH:Mortality)	{"annotations": {"Custom_Disease": {"COVID-19": true}, "MeSHAnatomy": {"Blood": true}, "PublicationType": {"Case Report": true}, "Section": {"Results": true}, "Severity": {"Severe": true}, "Species": {"9606": true}}, "citation": {"authors": ["Qiu S", "Wang B", "Wang Q", "Zhang G", "Zhang J", "Zhu X"], "date": "2020-03-26", "db": "PubMed", "db_id": "32216803", "db_name": "Respiratory research", "first": "Zhang G", "last": "Qiu S", "pages": "74", "volume": "21"}, "evidence": "Higher D-dimer level was strongly related to severe 2019 novel coronavirus pneumonia and composite endpoint. (R1\u2009=\u20090.717, P3<0.001,R2\u2009=\u20090.737,P4<0.001).", "line": 130, "relation": "positiveCorrelation"}
bp(MESH:"Body Temperature")	positiveCorrelation	path(MESH:Mortality)	{"annotations": {"Custom_Disease": {"COVID-19": true}, "PublicationType": {"Case Report": true}, "Section": {"Results": true}, "Severity": {"Severe": true}, "Species": {"9606": true}}, "citation": {"authors": ["Qiu S", "Wang B", "Wang Q", "Zhang G", "Zhang J", "Zhu X"], "date": "2020-03-26", "db": "PubMed", "db_id": "32216803", "db_name": "Respiratory research", "first": "Zhang G", "last": "Qiu S", "pages": "74", "volume": "21"}, "evidence": "Higher temperature was related to severe 2019 novel coronavirus pneumonia and composite endpoint. (R1\u2009=\u20090.362, R2\u2009=\u20090.383, P3<0.001, P4<0.001).", "line": 99, "relation": "positiveCorrelation"}
act(p(HGNC:BDH1))	positiveCorrelation	path(MESH:Mortality)	{"annotations": {"Custom_Disease": {"COVID-19": true}, "MeSHAnatomy": {"Blood": true}, "PublicationType": {"Case Report": true}, "Section": {"Results": true}, "Severity": {"Severe": true}, "Species": {"9606": true}}, "citation": {"authors": ["Qiu S", "Wang B", "Wang Q", "Zhang G", "Zhang J", "Zhu X"], "date": "2020-03-26", "db": "PubMed", "db_id": "32216803", "db_name": "Respiratory research", "first": "Zhang G", "last": "Qiu S", "pages": "74", "volume": "21"}, "evidence": "Higher \u03b1 - hydroxybutyrate dehydrogenase activity correlated strongly with severe 2019 novel coronavirus pneumonia and composite endpoint. (R1\u2009=\u20090.449, P3<0.001, R2\u2009=\u20090.439, P4<0.001).", "line": 149, "relation": "positiveCorrelation", "subject": {"modifier": "Activity"}}
act(p(HGNC:CKB))	positiveCorrelation	path(MESH:Mortality)	{"annotations": {"Custom_Disease": {"COVID-19": true}, "MeSHAnatomy": {"Blood": true}, "PublicationType": {"Case Report": true}, "Section": {"Results": true}, "Severity": {"Severe": true}, "Species": {"9606": true}}, "citation": {"authors": ["Qiu S", "Wang B", "Wang Q", "Zhang G", "Zhang J", "Zhu X"], "date": "2020-03-26", "db": "PubMed", "db_id": "32216803", "db_name": "Respiratory research", "first": "Zhang G", "last": "Qiu S", "pages": "74", "volume": "21"}, "evidence": "Higher creatine kinase activity correlated strongly with severe 2019 novel coronavirus pneumonia and composite endpoint. (R1\u2009=\u20090.231, P3\u2009=\u20090.019, R2\u2009=\u20090.289, P4\u2009=\u20090.003).", "line": 162, "relation": "positiveCorrelation", "subject": {"modifier": "Activity"}}
act(p(HGNC:GOT1))	positiveCorrelation	path(MESH:Mortality)	{"annotations": {"Custom_Disease": {"COVID-19": true}, "MeSHAnatomy": {"Blood": true}, "PublicationType": {"Case Report": true}, "Section": {"Results": true}, "Severity": {"Severe": true}, "Species": {"9606": true}}, "citation": {"authors": ["Qiu S", "Wang B", "Wang Q", "Zhang G", "Zhang J", "Zhu X"], "date": "2020-03-26", "db": "PubMed", "db_id": "32216803", "db_name": "Respiratory research", "first": "Zhang G", "last": "Qiu S", "pages": "74", "volume": "21"}, "evidence": "Higher aspartate aminotransferase activity was related to severe 2019 novel coronavirus pneumonia and composite endpoint. (R1\u2009=\u20090.202, P3\u2009=\u20090.042, R2\u2009=\u20090.325, P4\u2009=\u20090.001).", "line": 142, "relation": "positiveCorrelation", "subject": {"modifier": "Activity"}}
act(p(HGNC:GOT2))	positiveCorrelation	path(MESH:Mortality)	{"annotations": {"Custom_Disease": {"COVID-19": true}, "MeSHAnatomy": {"Blood": true}, "PublicationType": {"Case Report": true}, "Section": {"Results": true}, "Severity": {"Severe": true}, "Species": {"9606": true}}, "citation": {"authors": ["Qiu S", "Wang B", "Wang Q", "Zhang G", "Zhang J", "Zhu X"], "date": "2020-03-26", "db": "PubMed", "db_id": "32216803", "db_name": "Respiratory research", "first": "Zhang G", "last": "Qiu S", "pages": "74", "volume": "21"}, "evidence": "Higher aspartate aminotransferase activity was related to severe 2019 novel coronavirus pneumonia and composite endpoint. (R1\u2009=\u20090.202, P3\u2009=\u20090.042, R2\u2009=\u20090.325, P4\u2009=\u20090.001).", "line": 143, "relation": "positiveCorrelation", "subject": {"modifier": "Activity"}}
act(p(HGNC:GPT))	positiveCorrelation	path(MESH:Mortality)	{"annotations": {"Custom_Disease": {"COVID-19": true}, "MeSHAnatomy": {"Blood": true}, "PublicationType": {"Case Report": true}, "Section": {"Results": true}, "Severity": {"Severe": true}, "Species": {"9606": true}}, "citation": {"authors": ["Qiu S", "Wang B", "Wang Q", "Zhang G", "Zhang J", "Zhu X"], "date": "2020-03-26", "db": "PubMed", "db_id": "32216803", "db_name": "Respiratory research", "first": "Zhang G", "last": "Qiu S", "pages": "74", "volume": "21"}, "evidence": "Higher alanine aminotransferase activity was related to severe 2019 novel coronavirus pneumonia and composite endpoint. (R1\u2009=\u20090.243, P3\u2009=\u20090.013, R2\u2009=\u20090.306, P4\u2009=\u20090.002).", "line": 136, "relation": "positiveCorrelation", "subject": {"modifier": "Activity"}}
act(p(HGNC:LDHA))	positiveCorrelation	path(MESH:Mortality)	{"annotations": {"Custom_Disease": {"COVID-19": true}, "MeSHAnatomy": {"Blood": true}, "PublicationType": {"Case Report": true}, "Section": {"Results": true}, "Severity": {"Severe": true}, "Species": {"9606": true}}, "citation": {"authors": ["Qiu S", "Wang B", "Wang Q", "Zhang G", "Zhang J", "Zhu X"], "date": "2020-03-26", "db": "PubMed", "db_id": "32216803", "db_name": "Respiratory research", "first": "Zhang G", "last": "Qiu S", "pages": "74", "volume": "21"}, "evidence": "Higher lactate dehydrogenase activity correlated strongly with severe 2019 novel coronavirus pneumonia and composite endpoint. (R1\u2009=\u20090.454, P3<0.001, R2\u2009=\u20090.453, P4<0.001).", "line": 155, "relation": "positiveCorrelation", "subject": {"modifier": "Activity"}}
act(p(HGNC:LDHB))	positiveCorrelation	path(MESH:Mortality)	{"annotations": {"Custom_Disease": {"COVID-19": true}, "MeSHAnatomy": {"Blood": true}, "PublicationType": {"Case Report": true}, "Section": {"Results": true}, "Severity": {"Severe": true}, "Species": {"9606": true}}, "citation": {"authors": ["Qiu S", "Wang B", "Wang Q", "Zhang G", "Zhang J", "Zhu X"], "date": "2020-03-26", "db": "PubMed", "db_id": "32216803", "db_name": "Respiratory research", "first": "Zhang G", "last": "Qiu S", "pages": "74", "volume": "21"}, "evidence": "Higher lactate dehydrogenase activity correlated strongly with severe 2019 novel coronavirus pneumonia and composite endpoint. (R1\u2009=\u20090.454, P3<0.001, R2\u2009=\u20090.453, P4<0.001).", "line": 156, "relation": "positiveCorrelation", "subject": {"modifier": "Activity"}}
path(MESH:Mortality)	negativeCorrelation	a(MESH:"Age of Onset")	{"annotations": {"Cohort_Age": {"below 40": true}, "Custom_Disease": {"COVID-19": true}, "PublicationType": {"Case Report": true}, "Section": {"Results": true}, "Species": {"9606": true}}, "citation": {"authors": ["Qiu S", "Wang B", "Wang Q", "Zhang G", "Zhang J", "Zhu X"], "date": "2020-03-26", "db": "PubMed", "db_id": "32216803", "db_name": "Respiratory research", "first": "Zhang G", "last": "Qiu S", "pages": "74", "volume": "21"}, "evidence": "As shown by Table 1, <40\u2009years or >60\u2009years group was related to higher risk of reaching the composite endpoint (R2\u2009=\u20090.203, P4\u2009=\u20090.049).", "line": 88, "relation": "negativeCorrelation"}
path(MESH:Mortality)	positiveCorrelation	a(MESH:"Age of Onset")	{"annotations": {"Cohort_Age": {"above 60": true}, "Custom_Disease": {"COVID-19": true}, "PublicationType": {"Case Report": true}, "Section": {"Results": true}, "Species": {"9606": true}}, "citation": {"authors": ["Qiu S", "Wang B", "Wang Q", "Zhang G", "Zhang J", "Zhu X"], "date": "2020-03-26", "db": "PubMed", "db_id": "32216803", "db_name": "Respiratory research", "first": "Zhang G", "last": "Qiu S", "pages": "74", "volume": "21"}, "evidence": "As shown by Table 1, <40\u2009years or >60\u2009years group was related to higher risk of reaching the composite endpoint (R2\u2009=\u20090.203, P4\u2009=\u20090.049).", "line": 91, "relation": "positiveCorrelation"}
path(MESH:Mortality)	positiveCorrelation	bp(MESH:"Body Temperature")	{"annotations": {"Custom_Disease": {"COVID-19": true}, "PublicationType": {"Case Report": true}, "Section": {"Results": true}, "Severity": {"Severe": true}, "Species": {"9606": true}}, "citation": {"authors": ["Qiu S", "Wang B", "Wang Q", "Zhang G", "Zhang J", "Zhu X"], "date": "2020-03-26", "db": "PubMed", "db_id": "32216803", "db_name": "Respiratory research", "first": "Zhang G", "last": "Qiu S", "pages": "74", "volume": "21"}, "evidence": "Higher temperature was related to severe 2019 novel coronavirus pneumonia and composite endpoint. (R1\u2009=\u20090.362, R2\u2009=\u20090.383, P3<0.001, P4<0.001).", "line": 99, "relation": "positiveCorrelation"}
path(MESH:Mortality)	positiveCorrelation	a(MESH:Leukocytes)	{"annotations": {"Custom_Disease": {"COVID-19": true}, "MeSHAnatomy": {"Blood": true}, "PublicationType": {"Case Report": true}, "Section": {"Results": true}, "Severity": {"Severe": true}, "Species": {"9606": true}}, "citation": {"authors": ["Qiu S", "Wang B", "Wang Q", "Zhang G", "Zhang J", "Zhu X"], "date": "2020-03-26", "db": "PubMed", "db_id": "32216803", "db_name": "Respiratory research", "first": "Zhang G", "last": "Qiu S", "pages": "74", "volume": "21"}, "evidence": ">\u200910*10^9/L group were strongly related to severe 2019 novel coronavirus pneumonia and composite endpoint. (R1\u2009=\u20090.604, P3<0.001, R2\u2009=\u20090.543, P4<0.001).", "line": 106, "relation": "positiveCorrelation"}
path(MESH:Mortality)	positiveCorrelation	a(MESH:Neutrophils)	{"annotations": {"Custom_Disease": {"COVID-19": true}, "MeSHAnatomy": {"Blood": true}, "PublicationType": {"Case Report": true}, "Section": {"Results": true}, "Severity": {"Severe": true}, "Species": {"9606": true}}, "citation": {"authors": ["Qiu S", "Wang B", "Wang Q", "Zhang G", "Zhang J", "Zhu X"], "date": "2020-03-26", "db": "PubMed", "db_id": "32216803", "db_name": "Respiratory research", "first": "Zhang G", "last": "Qiu S", "pages": "74", "volume": "21"}, "evidence": "Higher neutrophil percentage was strongly related to severe 2019 novel coronavirus pneumonia and composite endpoint. (R1\u2009=\u20090.641, P3<0.001, R2\u2009=\u20090.492, P4<0.001).", "line": 112, "relation": "positiveCorrelation"}
path(MESH:Mortality)	negativeCorrelation	a(MESH:Lymphocytes)	{"annotations": {"Custom_Disease": {"COVID-19": true}, "MeSHAnatomy": {"Blood": true}, "PublicationType": {"Case Report": true}, "Section": {"Results": true}, "Severity": {"Severe": true}, "Species": {"9606": true}}, "citation": {"authors": ["Qiu S", "Wang B", "Wang Q", "Zhang G", "Zhang J", "Zhu X"], "date": "2020-03-26", "db": "PubMed", "db_id": "32216803", "db_name": "Respiratory research", "first": "Zhang G", "last": "Qiu S", "pages": "74", "volume": "21"}, "evidence": "Lower lymphocyte count was strongly related to severe 2019 novel coronavirus pneumonia and composite endpoint. (R1\u2009=\u2009-0.451, P3<0.001, R2\u2009=\u2009-0.415, P4<0.001).", "line": 118, "relation": "negativeCorrelation"}
path(MESH:Mortality)	positiveCorrelation	a(MESH:"C-Reactive Protein")	{"annotations": {"Custom_Disease": {"COVID-19": true}, "MeSHAnatomy": {"Blood": true}, "PublicationType": {"Case Report": true}, "Section": {"Results": true}, "Severity": {"Severe": true}, "Species": {"9606": true}}, "citation": {"authors": ["Qiu S", "Wang B", "Wang Q", "Zhang G", "Zhang J", "Zhu X"], "date": "2020-03-26", "db": "PubMed", "db_id": "32216803", "db_name": "Respiratory research", "first": "Zhang G", "last": "Qiu S", "pages": "74", "volume": "21"}, "evidence": "Higher C-reactive protein level was strongly related to severe 2019 novel coronavirus pneumonia and composite endpoint. (R1\u2009=\u20090.572, P3<0.001, R2\u2009=\u20090.503, P4<0.001).", "line": 124, "relation": "positiveCorrelation"}
path(MESH:Mortality)	positiveCorrelation	bp(EFO:"D dimer measurement")	{"annotations": {"Custom_Disease": {"COVID-19": true}, "MeSHAnatomy": {"Blood": true}, "PublicationType": {"Case Report": true}, "Section": {"Results": true}, "Severity": {"Severe": true}, "Species": {"9606": true}}, "citation": {"authors": ["Qiu S", "Wang B", "Wang Q", "Zhang G", "Zhang J", "Zhu X"], "date": "2020-03-26", "db": "PubMed", "db_id": "32216803", "db_name": "Respiratory research", "first": "Zhang G", "last": "Qiu S", "pages": "74", "volume": "21"}, "evidence": "Higher D-dimer level was strongly related to severe 2019 novel coronavirus pneumonia and composite endpoint. (R1\u2009=\u20090.717, P3<0.001,R2\u2009=\u20090.737,P4<0.001).", "line": 130, "relation": "positiveCorrelation"}
path(MESH:Mortality)	positiveCorrelation	act(p(HGNC:GPT))	{"annotations": {"Custom_Disease": {"COVID-19": true}, "MeSHAnatomy": {"Blood": true}, "PublicationType": {"Case Report": true}, "Section": {"Results": true}, "Severity": {"Severe": true}, "Species": {"9606": true}}, "citation": {"authors": ["Qiu S", "Wang B", "Wang Q", "Zhang G", "Zhang J", "Zhu X"], "date": "2020-03-26", "db": "PubMed", "db_id": "32216803", "db_name": "Respiratory research", "first": "Zhang G", "last": "Qiu S", "pages": "74", "volume": "21"}, "evidence": "Higher alanine aminotransferase activity was related to severe 2019 novel coronavirus pneumonia and composite endpoint. (R1\u2009=\u20090.243, P3\u2009=\u20090.013, R2\u2009=\u20090.306, P4\u2009=\u20090.002).", "line": 136, "object": {"modifier": "Activity"}, "relation": "positiveCorrelation"}
path(MESH:Mortality)	positiveCorrelation	act(p(HGNC:GOT1))	{"annotations": {"Custom_Disease": {"COVID-19": true}, "MeSHAnatomy": {"Blood": true}, "PublicationType": {"Case Report": true}, "Section": {"Results": true}, "Severity": {"Severe": true}, "Species": {"9606": true}}, "citation": {"authors": ["Qiu S", "Wang B", "Wang Q", "Zhang G", "Zhang J", "Zhu X"], "date": "2020-03-26", "db": "PubMed", "db_id": "32216803", "db_name": "Respiratory research", "first": "Zhang G", "last": "Qiu S", "pages": "74", "volume": "21"}, "evidence": "Higher aspartate aminotransferase activity was related to severe 2019 novel coronavirus pneumonia and composite endpoint. (R1\u2009=\u20090.202, P3\u2009=\u20090.042, R2\u2009=\u20090.325, P4\u2009=\u20090.001).", "line": 142, "object": {"modifier": "Activity"}, "relation": "positiveCorrelation"}
path(MESH:Mortality)	positiveCorrelation	act(p(HGNC:GOT2))	{"annotations": {"Custom_Disease": {"COVID-19": true}, "MeSHAnatomy": {"Blood": true}, "PublicationType": {"Case Report": true}, "Section": {"Results": true}, "Severity": {"Severe": true}, "Species": {"9606": true}}, "citation": {"authors": ["Qiu S", "Wang B", "Wang Q", "Zhang G", "Zhang J", "Zhu X"], "date": "2020-03-26", "db": "PubMed", "db_id": "32216803", "db_name": "Respiratory research", "first": "Zhang G", "last": "Qiu S", "pages": "74", "volume": "21"}, "evidence": "Higher aspartate aminotransferase activity was related to severe 2019 novel coronavirus pneumonia and composite endpoint. (R1\u2009=\u20090.202, P3\u2009=\u20090.042, R2\u2009=\u20090.325, P4\u2009=\u20090.001).", "line": 143, "object": {"modifier": "Activity"}, "relation": "positiveCorrelation"}
path(MESH:Mortality)	positiveCorrelation	act(p(HGNC:BDH1))	{"annotations": {"Custom_Disease": {"COVID-19": true}, "MeSHAnatomy": {"Blood": true}, "PublicationType": {"Case Report": true}, "Section": {"Results": true}, "Severity": {"Severe": true}, "Species": {"9606": true}}, "citation": {"authors": ["Qiu S", "Wang B", "Wang Q", "Zhang G", "Zhang J", "Zhu X"], "date": "2020-03-26", "db": "PubMed", "db_id": "32216803", "db_name": "Respiratory research", "first": "Zhang G", "last": "Qiu S", "pages": "74", "volume": "21"}, "evidence": "Higher \u03b1 - hydroxybutyrate dehydrogenase activity correlated strongly with severe 2019 novel coronavirus pneumonia and composite endpoint. (R1\u2009=\u20090.449, P3<0.001, R2\u2009=\u20090.439, P4<0.001).", "line": 149, "object": {"modifier": "Activity"}, "relation": "positiveCorrelation"}
path(MESH:Mortality)	positiveCorrelation	act(p(HGNC:LDHA))	{"annotations": {"Custom_Disease": {"COVID-19": true}, "MeSHAnatomy": {"Blood": true}, "PublicationType": {"Case Report": true}, "Section": {"Results": true}, "Severity": {"Severe": true}, "Species": {"9606": true}}, "citation": {"authors": ["Qiu S", "Wang B", "Wang Q", "Zhang G", "Zhang J", "Zhu X"], "date": "2020-03-26", "db": "PubMed", "db_id": "32216803", "db_name": "Respiratory research", "first": "Zhang G", "last": "Qiu S", "pages": "74", "volume": "21"}, "evidence": "Higher lactate dehydrogenase activity correlated strongly with severe 2019 novel coronavirus pneumonia and composite endpoint. (R1\u2009=\u20090.454, P3<0.001, R2\u2009=\u20090.453, P4<0.001).", "line": 155, "object": {"modifier": "Activity"}, "relation": "positiveCorrelation"}
path(MESH:Mortality)	positiveCorrelation	act(p(HGNC:LDHB))	{"annotations": {"Custom_Disease": {"COVID-19": true}, "MeSHAnatomy": {"Blood": true}, "PublicationType": {"Case Report": true}, "Section": {"Results": true}, "Severity": {"Severe": true}, "Species": {"9606": true}}, "citation": {"authors": ["Qiu S", "Wang B", "Wang Q", "Zhang G", "Zhang J", "Zhu X"], "date": "2020-03-26", "db": "PubMed", "db_id": "32216803", "db_name": "Respiratory research", "first": "Zhang G", "last": "Qiu S", "pages": "74", "volume": "21"}, "evidence": "Higher lactate dehydrogenase activity correlated strongly with severe 2019 novel coronavirus pneumonia and composite endpoint. (R1\u2009=\u20090.454, P3<0.001, R2\u2009=\u20090.453, P4<0.001).", "line": 156, "object": {"modifier": "Activity"}, "relation": "positiveCorrelation"}
path(MESH:Mortality)	positiveCorrelation	act(p(HGNC:CKB))	{"annotations": {"Custom_Disease": {"COVID-19": true}, "MeSHAnatomy": {"Blood": true}, "PublicationType": {"Case Report": true}, "Section": {"Results": true}, "Severity": {"Severe": true}, "Species": {"9606": true}}, "citation": {"authors": ["Qiu S", "Wang B", "Wang Q", "Zhang G", "Zhang J", "Zhu X"], "date": "2020-03-26", "db": "PubMed", "db_id": "32216803", "db_name": "Respiratory research", "first": "Zhang G", "last": "Qiu S", "pages": "74", "volume": "21"}, "evidence": "Higher creatine kinase activity correlated strongly with severe 2019 novel coronavirus pneumonia and composite endpoint. (R1\u2009=\u20090.231, P3\u2009=\u20090.019, R2\u2009=\u20090.289, P4\u2009=\u20090.003).", "line": 162, "object": {"modifier": "Activity"}, "relation": "positiveCorrelation"}
path(MESH:Mortality)	negativeCorrelation	a(MESH:"Blood Proteins")	{"annotations": {"Custom_Disease": {"COVID-19": true}, "MeSHAnatomy": {"Blood": true}, "PublicationType": {"Case Report": true}, "Section": {"Results": true}, "Severity": {"Severe": true}, "Species": {"9606": true}}, "citation": {"authors": ["Qiu S", "Wang B", "Wang Q", "Zhang G", "Zhang J", "Zhu X"], "date": "2020-03-26", "db": "PubMed", "db_id": "32216803", "db_name": "Respiratory research", "first": "Zhang G", "last": "Qiu S", "pages": "74", "volume": "21"}, "evidence": "Lower total protein level correlated with severe 2019 novel coronavirus pneumonia and composite endpoint. (R1\u2009=\u2009\u2212\u20090.340, P3\u2009=\u20090.001, R2\u2009=\u2009\u2212\u20090.252, P4\u2009=\u20090.015).", "line": 168, "relation": "negativeCorrelation"}
