a(TAX:"Severe acute respiratory syndrome coronavirus 2")	partOf	complex(a(TAX:"Severe acute respiratory syndrome coronavirus 2"), p(HGNC:ACE2))	{"relation": "partOf"}
a(TAX:"Severe acute respiratory syndrome coronavirus 2")	increases	path(DO:"COVID-19")	{"annotations": {"PublicationStatus": {"Preprint": true}, "PublicationType": {"Editorial": true}, "Section": {"Full Text": true}, "Species": {"9606": true}}, "citation": {"authors": ["Chan WCW"], "date": "2020-03-31", "db": "PubMed", "db_id": "32227916", "db_name": "ACS nano", "first": "Chan WCW", "last": "Chan WCW"}, "evidence": "The coronavirus infectious disease (COVID-19), which started in late 2019, was found to be caused by the SARS-CoV-2 virus.", "line": 48, "relation": "increases"}
a(TAX:"Severe acute respiratory syndrome coronavirus 2")	isA	a(MESH:"RNA Viruses")	{"annotations": {"PublicationStatus": {"Preprint": true}, "PublicationType": {"Editorial": true}, "Section": {"Full Text": true}, "Species": {"9606": true}}, "citation": {"authors": ["Chan WCW"], "date": "2020-03-31", "db": "PubMed", "db_id": "32227916", "db_name": "ACS nano", "first": "Chan WCW", "last": "Chan WCW"}, "evidence": "On January 10, 2020, the previously unknown pathogen was identified through next-generation sequencing as an RNA virus.2", "line": 51, "relation": "isA"}
complex(a(TAX:"Severe acute respiratory syndrome coronavirus 2"), p(HGNC:ACE2))	increases	bp(GO:"viral entry into host cell")	{"annotations": {"PublicationStatus": {"Preprint": true}, "PublicationType": {"Editorial": true}, "Section": {"Full Text": true}, "Species": {"9606": true}}, "citation": {"authors": ["Chan WCW"], "date": "2020-03-31", "db": "PubMed", "db_id": "32227916", "db_name": "ACS nano", "first": "Chan WCW", "last": "Chan WCW"}, "evidence": "Basic studies of the nano-bio interactions could be adapted to understand how SARS-CoV-2 infects their cells (e.g., SARS-CoV-2 is 60\u2212140 nm and binds to angiotensin converting enzyme receptor 2, ACE2), which can lead to new therapeutic agents and design.", "line": 60, "relation": "increases"}
p(HGNC:ACE2)	partOf	complex(a(TAX:"Severe acute respiratory syndrome coronavirus 2"), p(HGNC:ACE2))	{"relation": "partOf"}
path(DO:"COVID-19")	association	path(HP:Fever)	{"annotations": {"PublicationStatus": {"Preprint": true}, "PublicationType": {"Editorial": true}, "Section": {"Full Text": true}, "Species": {"9606": true}}, "citation": {"authors": ["Chan WCW"], "date": "2020-03-31", "db": "PubMed", "db_id": "32227916", "db_name": "ACS nano", "first": "Chan WCW", "last": "Chan WCW"}, "evidence": "Persons infected with SARS-CoV-2 present with a wide range of symptoms similar to other respiratory infections (e.g., fever, cough, and shortness of breath) or may be silent carriers.", "line": 55, "relation": "association"}
path(DO:"COVID-19")	association	path(HP:Cough)	{"annotations": {"PublicationStatus": {"Preprint": true}, "PublicationType": {"Editorial": true}, "Section": {"Full Text": true}, "Species": {"9606": true}}, "citation": {"authors": ["Chan WCW"], "date": "2020-03-31", "db": "PubMed", "db_id": "32227916", "db_name": "ACS nano", "first": "Chan WCW", "last": "Chan WCW"}, "evidence": "Persons infected with SARS-CoV-2 present with a wide range of symptoms similar to other respiratory infections (e.g., fever, cough, and shortness of breath) or may be silent carriers.", "line": 56, "relation": "association"}
path(DO:"COVID-19")	association	path(HP:Dyspnea)	{"annotations": {"PublicationStatus": {"Preprint": true}, "PublicationType": {"Editorial": true}, "Section": {"Full Text": true}, "Species": {"9606": true}}, "citation": {"authors": ["Chan WCW"], "date": "2020-03-31", "db": "PubMed", "db_id": "32227916", "db_name": "ACS nano", "first": "Chan WCW", "last": "Chan WCW"}, "evidence": "Persons infected with SARS-CoV-2 present with a wide range of symptoms similar to other respiratory infections (e.g., fever, cough, and shortness of breath) or may be silent carriers.", "line": 57, "relation": "association"}
path(HP:Cough)	association	path(DO:"COVID-19")	{"annotations": {"PublicationStatus": {"Preprint": true}, "PublicationType": {"Editorial": true}, "Section": {"Full Text": true}, "Species": {"9606": true}}, "citation": {"authors": ["Chan WCW"], "date": "2020-03-31", "db": "PubMed", "db_id": "32227916", "db_name": "ACS nano", "first": "Chan WCW", "last": "Chan WCW"}, "evidence": "Persons infected with SARS-CoV-2 present with a wide range of symptoms similar to other respiratory infections (e.g., fever, cough, and shortness of breath) or may be silent carriers.", "line": 56, "relation": "association"}
path(HP:Dyspnea)	association	path(DO:"COVID-19")	{"annotations": {"PublicationStatus": {"Preprint": true}, "PublicationType": {"Editorial": true}, "Section": {"Full Text": true}, "Species": {"9606": true}}, "citation": {"authors": ["Chan WCW"], "date": "2020-03-31", "db": "PubMed", "db_id": "32227916", "db_name": "ACS nano", "first": "Chan WCW", "last": "Chan WCW"}, "evidence": "Persons infected with SARS-CoV-2 present with a wide range of symptoms similar to other respiratory infections (e.g., fever, cough, and shortness of breath) or may be silent carriers.", "line": 57, "relation": "association"}
path(HP:Fever)	association	path(DO:"COVID-19")	{"annotations": {"PublicationStatus": {"Preprint": true}, "PublicationType": {"Editorial": true}, "Section": {"Full Text": true}, "Species": {"9606": true}}, "citation": {"authors": ["Chan WCW"], "date": "2020-03-31", "db": "PubMed", "db_id": "32227916", "db_name": "ACS nano", "first": "Chan WCW", "last": "Chan WCW"}, "evidence": "Persons infected with SARS-CoV-2 present with a wide range of symptoms similar to other respiratory infections (e.g., fever, cough, and shortness of breath) or may be silent carriers.", "line": 55, "relation": "association"}
