a(MESH:"Blood Glucose")	negativeCorrelation	act(p(HGNC:DPP4))	{"annotations": {"MeSHDisease": {"Diabetes Mellitus, Type 2": true}, "PublicationStatus": {"Preprint": true}, "PublicationType": {"Review": true}, "Section": {"Full Text": true}, "Species": {"9606": true}}, "citation": {"authors": ["Iacobellis G"], "date": "2020-03-26", "db": "PubMed", "db_id": "32224164", "db_name": "Diabetes research and clinical practice", "first": "Iacobellis G", "last": "Iacobellis G", "pages": "108125", "volume": "162"}, "evidence": "DPP4 inhibitors target the enzymatic activity of DPP4 and consequently block the breakdown of GLP-1. This increase insulin secretion and decrease blood glucose levels in patients with type 2 diabetes.", "line": 156, "object": {"modifier": "Activity"}, "relation": "negativeCorrelation"}
a(MESH:"Middle East Respiratory Syndrome Coronavirus")	increases	path(MESH:"Weight Loss")	{"annotations": {"Mouse_Type": {"DPP4 KO": true}, "PublicationStatus": {"Preprint": true}, "PublicationType": {"Review": true}, "Section": {"Full Text": true}, "Species": {"10090": true}}, "citation": {"authors": ["Iacobellis G"], "date": "2020-03-26", "db": "PubMed", "db_id": "32224164", "db_name": "Diabetes research and clinical practice", "first": "Iacobellis G", "last": "Iacobellis G", "pages": "108125", "volume": "162"}, "evidence": "Upon infection with MERS-CoV, diabetic DPP4H/M mice developed weight loss, and had a prolonged phase of severe disease and delayed recovery.", "line": 126, "relation": "increases"}
a(MESH:"T-Lymphocytes")	positiveCorrelation	p(HGNC:DPP4)	{"annotations": {"PublicationStatus": {"Preprint": true}, "PublicationType": {"Review": true}, "Section": {"Full Text": true}, "Species": {"9606": true}}, "citation": {"authors": ["Iacobellis G"], "date": "2020-03-26", "db": "PubMed", "db_id": "32224164", "db_name": "Diabetes research and clinical practice", "first": "Iacobellis G", "last": "Iacobellis G", "pages": "108125", "volume": "162"}, "evidence": "DPP4 plays also an important role in immune regulation by activating T cells and upregulating CD86 expression and NF-\u03baB pathway.", "line": 103, "relation": "positiveCorrelation"}
a(TAX:"Severe acute respiratory syndrome coronavirus 2")	positiveCorrelation	path(DO:"type 2 diabetes mellitus")	{"annotations": {"Country": {"Italy": true}, "PublicationStatus": {"Preprint": true}, "PublicationType": {"Review": true}, "Section": {"Full Text": true}, "Species": {"9606": true}}, "citation": {"authors": ["Iacobellis G"], "date": "2020-03-26", "db": "PubMed", "db_id": "32224164", "db_name": "Diabetes research and clinical practice", "first": "Iacobellis G", "last": "Iacobellis G", "pages": "108125", "volume": "162"}, "evidence": "More recent data from Italy showed the more than two-thirds of those who died by severe acute respiratory syndrome coronavirus 2 (SARS-CoV-2) had diabetes [2].", "line": 65, "relation": "positiveCorrelation"}
bp(GO:"insulin secretion")	negativeCorrelation	p(HGNC:DPP4)	{"annotations": {"PublicationStatus": {"Preprint": true}, "PublicationType": {"Review": true}, "Section": {"Full Text": true}, "Species": {"9606": true}}, "citation": {"authors": ["Iacobellis G"], "date": "2020-03-26", "db": "PubMed", "db_id": "32224164", "db_name": "Diabetes research and clinical practice", "first": "Iacobellis G", "last": "Iacobellis G", "pages": "108125", "volume": "162"}, "evidence": "DPP4 degrades incretins such as glucagon like peptide 1 (GLP-1) and glucose-dependent insulinotropic polypeptide, ultimately leading to reduced insulin secretion and abnormal visceral adipose tissue metabolism.", "line": 88, "relation": "negativeCorrelation"}
bp(GO:"insulin secretion")	positiveCorrelation	act(p(HGNC:DPP4))	{"annotations": {"MeSHDisease": {"Diabetes Mellitus, Type 2": true}, "PublicationStatus": {"Preprint": true}, "PublicationType": {"Review": true}, "Section": {"Full Text": true}, "Species": {"9606": true}}, "citation": {"authors": ["Iacobellis G"], "date": "2020-03-26", "db": "PubMed", "db_id": "32224164", "db_name": "Diabetes research and clinical practice", "first": "Iacobellis G", "last": "Iacobellis G", "pages": "108125", "volume": "162"}, "evidence": "DPP4 inhibitors target the enzymatic activity of DPP4 and consequently block the breakdown of GLP-1. This increase insulin secretion and decrease blood glucose levels in patients with type 2 diabetes.", "line": 155, "object": {"modifier": "Activity"}, "relation": "positiveCorrelation"}
complex(GO:"NF-kappaB complex")	positiveCorrelation	p(HGNC:DPP4)	{"annotations": {"PublicationStatus": {"Preprint": true}, "PublicationType": {"Review": true}, "Section": {"Full Text": true}, "Species": {"9606": true}}, "citation": {"authors": ["Iacobellis G"], "date": "2020-03-26", "db": "PubMed", "db_id": "32224164", "db_name": "Diabetes research and clinical practice", "first": "Iacobellis G", "last": "Iacobellis G", "pages": "108125", "volume": "162"}, "evidence": "DPP4 plays also an important role in immune regulation by activating T cells and upregulating CD86 expression and NF-\u03baB pathway.", "line": 105, "relation": "positiveCorrelation"}
complex(p(HGNC:DPP4), p(UNIPROT:A0A140AYZ5))	positiveCorrelation	p(GFAM:"NF-kappa B complex subunits")	{"annotations": {"PublicationStatus": {"Preprint": true}, "PublicationType": {"Review": true}, "Section": {"Full Text": true}, "Species": {"9606": true}}, "citation": {"authors": ["Iacobellis G"], "date": "2020-03-26", "db": "PubMed", "db_id": "32224164", "db_name": "Diabetes research and clinical practice", "first": "Iacobellis G", "last": "Iacobellis G", "pages": "108125", "volume": "162"}, "evidence": "Remarkably, human dipeptidyl peptidase 4 (DPP4 was identified as a functional receptor for the spike protein of the MERS-Co-V [4]. MERS-CoV binds to the receptor-binding domain and interacts with T cells and nuclear factors, such as NF-\u03baB, highly involved in the pathogenesis of inflammatory disorders.", "line": 72, "relation": "positiveCorrelation"}
p(HGNC:DPP4)	partOf	complex(p(HGNC:DPP4), p(UNIPROT:A0A140AYZ5))	{"relation": "partOf"}
p(HGNC:DPP4)	regulates	bp(GO:"glucose metabolic process")	{"annotations": {"PublicationStatus": {"Preprint": true}, "PublicationType": {"Review": true}, "Section": {"Full Text": true}, "Species": {"9606": true}}, "citation": {"authors": ["Iacobellis G"], "date": "2020-03-26", "db": "PubMed", "db_id": "32224164", "db_name": "Diabetes research and clinical practice", "first": "Iacobellis G", "last": "Iacobellis G", "pages": "108125", "volume": "162"}, "evidence": "Although its functions are not fully understood yet, DPP4 plays a major role in glucose and insulin metabolism.", "line": 79, "relation": "regulates"}
p(HGNC:DPP4)	regulates	bp(GO:"insulin metabolic process")	{"annotations": {"PublicationStatus": {"Preprint": true}, "PublicationType": {"Review": true}, "Section": {"Full Text": true}, "Species": {"9606": true}}, "citation": {"authors": ["Iacobellis G"], "date": "2020-03-26", "db": "PubMed", "db_id": "32224164", "db_name": "Diabetes research and clinical practice", "first": "Iacobellis G", "last": "Iacobellis G", "pages": "108125", "volume": "162"}, "evidence": "Although its functions are not fully understood yet, DPP4 plays a major role in glucose and insulin metabolism.", "line": 80, "relation": "regulates"}
p(HGNC:DPP4)	positiveCorrelation	deg(p(HGNC:GLP1R))	{"annotations": {"PublicationStatus": {"Preprint": true}, "PublicationType": {"Review": true}, "Section": {"Full Text": true}, "Species": {"9606": true}}, "citation": {"authors": ["Iacobellis G"], "date": "2020-03-26", "db": "PubMed", "db_id": "32224164", "db_name": "Diabetes research and clinical practice", "first": "Iacobellis G", "last": "Iacobellis G", "pages": "108125", "volume": "162"}, "evidence": "DPP4 degrades incretins such as glucagon like peptide 1 (GLP-1) and glucose-dependent insulinotropic polypeptide, ultimately leading to reduced insulin secretion and abnormal visceral adipose tissue metabolism.", "line": 86, "object": {"modifier": "Degradation"}, "relation": "positiveCorrelation"}
p(HGNC:DPP4)	positiveCorrelation	deg(p(HGNC:GLP1R))	{"annotations": {"Period": {"postprandial": true}, "PublicationStatus": {"Preprint": true}, "PublicationType": {"Review": true}, "Section": {"Full Text": true}, "Species": {"9606": true}}, "citation": {"authors": ["Iacobellis G"], "date": "2020-03-26", "db": "PubMed", "db_id": "32224164", "db_name": "Diabetes research and clinical practice", "first": "Iacobellis G", "last": "Iacobellis G", "pages": "108125", "volume": "162"}, "evidence": "DPP4 regulates postprandial glucose via degradation of GLP-1.", "line": 95, "object": {"modifier": "Degradation"}, "relation": "positiveCorrelation"}
act(p(HGNC:DPP4))	negativeCorrelation	deg(p(HGNC:GLP1R))	{"annotations": {"MeSHDisease": {"Diabetes Mellitus, Type 2": true}, "PublicationStatus": {"Preprint": true}, "PublicationType": {"Review": true}, "Section": {"Full Text": true}, "Species": {"9606": true}}, "citation": {"authors": ["Iacobellis G"], "date": "2020-03-26", "db": "PubMed", "db_id": "32224164", "db_name": "Diabetes research and clinical practice", "first": "Iacobellis G", "last": "Iacobellis G", "pages": "108125", "volume": "162"}, "evidence": "DPP4 inhibitors target the enzymatic activity of DPP4 and consequently block the breakdown of GLP-1. This increase insulin secretion and decrease blood glucose levels in patients with type 2 diabetes.", "line": 154, "object": {"modifier": "Degradation"}, "relation": "negativeCorrelation", "subject": {"modifier": "Activity"}}
p(HGNC:DPP4)	positiveCorrelation	deg(p(HGNC:GIP))	{"annotations": {"PublicationStatus": {"Preprint": true}, "PublicationType": {"Review": true}, "Section": {"Full Text": true}, "Species": {"9606": true}}, "citation": {"authors": ["Iacobellis G"], "date": "2020-03-26", "db": "PubMed", "db_id": "32224164", "db_name": "Diabetes research and clinical practice", "first": "Iacobellis G", "last": "Iacobellis G", "pages": "108125", "volume": "162"}, "evidence": "DPP4 degrades incretins such as glucagon like peptide 1 (GLP-1) and glucose-dependent insulinotropic polypeptide, ultimately leading to reduced insulin secretion and abnormal visceral adipose tissue metabolism.", "line": 87, "object": {"modifier": "Degradation"}, "relation": "positiveCorrelation"}
p(HGNC:DPP4)	negativeCorrelation	bp(GO:"insulin secretion")	{"annotations": {"PublicationStatus": {"Preprint": true}, "PublicationType": {"Review": true}, "Section": {"Full Text": true}, "Species": {"9606": true}}, "citation": {"authors": ["Iacobellis G"], "date": "2020-03-26", "db": "PubMed", "db_id": "32224164", "db_name": "Diabetes research and clinical practice", "first": "Iacobellis G", "last": "Iacobellis G", "pages": "108125", "volume": "162"}, "evidence": "DPP4 degrades incretins such as glucagon like peptide 1 (GLP-1) and glucose-dependent insulinotropic polypeptide, ultimately leading to reduced insulin secretion and abnormal visceral adipose tissue metabolism.", "line": 88, "relation": "negativeCorrelation"}
act(p(HGNC:DPP4))	positiveCorrelation	bp(GO:"insulin secretion")	{"annotations": {"MeSHDisease": {"Diabetes Mellitus, Type 2": true}, "PublicationStatus": {"Preprint": true}, "PublicationType": {"Review": true}, "Section": {"Full Text": true}, "Species": {"9606": true}}, "citation": {"authors": ["Iacobellis G"], "date": "2020-03-26", "db": "PubMed", "db_id": "32224164", "db_name": "Diabetes research and clinical practice", "first": "Iacobellis G", "last": "Iacobellis G", "pages": "108125", "volume": "162"}, "evidence": "DPP4 inhibitors target the enzymatic activity of DPP4 and consequently block the breakdown of GLP-1. This increase insulin secretion and decrease blood glucose levels in patients with type 2 diabetes.", "line": 155, "relation": "positiveCorrelation", "subject": {"modifier": "Activity"}}
p(HGNC:DPP4)	regulates	a(CHEBI:glucose)	{"annotations": {"Period": {"postprandial": true}, "PublicationStatus": {"Preprint": true}, "PublicationType": {"Review": true}, "Section": {"Full Text": true}, "Species": {"9606": true}}, "citation": {"authors": ["Iacobellis G"], "date": "2020-03-26", "db": "PubMed", "db_id": "32224164", "db_name": "Diabetes research and clinical practice", "first": "Iacobellis G", "last": "Iacobellis G", "pages": "108125", "volume": "162"}, "evidence": "DPP4 regulates postprandial glucose via degradation of GLP-1.", "line": 96, "relation": "regulates"}
p(HGNC:DPP4)	positiveCorrelation	a(MESH:"T-Lymphocytes")	{"annotations": {"PublicationStatus": {"Preprint": true}, "PublicationType": {"Review": true}, "Section": {"Full Text": true}, "Species": {"9606": true}}, "citation": {"authors": ["Iacobellis G"], "date": "2020-03-26", "db": "PubMed", "db_id": "32224164", "db_name": "Diabetes research and clinical practice", "first": "Iacobellis G", "last": "Iacobellis G", "pages": "108125", "volume": "162"}, "evidence": "DPP4 plays also an important role in immune regulation by activating T cells and upregulating CD86 expression and NF-\u03baB pathway.", "line": 103, "relation": "positiveCorrelation"}
p(HGNC:DPP4)	positiveCorrelation	p(HGNC:CD86)	{"annotations": {"PublicationStatus": {"Preprint": true}, "PublicationType": {"Review": true}, "Section": {"Full Text": true}, "Species": {"9606": true}}, "citation": {"authors": ["Iacobellis G"], "date": "2020-03-26", "db": "PubMed", "db_id": "32224164", "db_name": "Diabetes research and clinical practice", "first": "Iacobellis G", "last": "Iacobellis G", "pages": "108125", "volume": "162"}, "evidence": "DPP4 plays also an important role in immune regulation by activating T cells and upregulating CD86 expression and NF-\u03baB pathway.", "line": 104, "relation": "positiveCorrelation"}
p(HGNC:DPP4)	positiveCorrelation	complex(GO:"NF-kappaB complex")	{"annotations": {"PublicationStatus": {"Preprint": true}, "PublicationType": {"Review": true}, "Section": {"Full Text": true}, "Species": {"9606": true}}, "citation": {"authors": ["Iacobellis G"], "date": "2020-03-26", "db": "PubMed", "db_id": "32224164", "db_name": "Diabetes research and clinical practice", "first": "Iacobellis G", "last": "Iacobellis G", "pages": "108125", "volume": "162"}, "evidence": "DPP4 plays also an important role in immune regulation by activating T cells and upregulating CD86 expression and NF-\u03baB pathway.", "line": 105, "relation": "positiveCorrelation"}
p(HGNC:DPP4)	positiveCorrelation	path(MESH:Inflammation)	{"annotations": {"MeSHDisease": {"Diabetes Mellitus, Type 2": true}, "PublicationStatus": {"Preprint": true}, "PublicationType": {"Review": true}, "Section": {"Full Text": true}, "Species": {"9606": true}}, "citation": {"authors": ["Iacobellis G"], "date": "2020-03-26", "db": "PubMed", "db_id": "32224164", "db_name": "Diabetes research and clinical practice", "first": "Iacobellis G", "last": "Iacobellis G", "pages": "108125", "volume": "162"}, "evidence": "DPP4 plays also an important role in immune regulation by activating T cells and upregulating CD86 expression and NF-\u03baB pathway.", "line": 107, "relation": "positiveCorrelation"}
act(p(HGNC:DPP4))	negativeCorrelation	path(DO:"type 2 diabetes mellitus")	{"annotations": {"PublicationStatus": {"Preprint": true}, "PublicationType": {"Review": true}, "Section": {"Full Text": true}, "Species": {"9606": true}}, "citation": {"authors": ["Iacobellis G"], "date": "2020-03-26", "db": "PubMed", "db_id": "32224164", "db_name": "Diabetes research and clinical practice", "first": "Iacobellis G", "last": "Iacobellis G", "pages": "108125", "volume": "162"}, "evidence": "Individuals with type 2 diabetes and obesity are commonly prescribed with DPP-4 inhibitors and/or GLP-1 receptor analogs.", "line": 146, "relation": "negativeCorrelation", "subject": {"modifier": "Activity"}}
act(p(HGNC:DPP4))	negativeCorrelation	path(DO:obesity)	{"annotations": {"PublicationStatus": {"Preprint": true}, "PublicationType": {"Review": true}, "Section": {"Full Text": true}, "Species": {"9606": true}}, "citation": {"authors": ["Iacobellis G"], "date": "2020-03-26", "db": "PubMed", "db_id": "32224164", "db_name": "Diabetes research and clinical practice", "first": "Iacobellis G", "last": "Iacobellis G", "pages": "108125", "volume": "162"}, "evidence": "Individuals with type 2 diabetes and obesity are commonly prescribed with DPP-4 inhibitors and/or GLP-1 receptor analogs.", "line": 147, "relation": "negativeCorrelation", "subject": {"modifier": "Activity"}}
act(p(HGNC:DPP4))	negativeCorrelation	a(MESH:"Blood Glucose")	{"annotations": {"MeSHDisease": {"Diabetes Mellitus, Type 2": true}, "PublicationStatus": {"Preprint": true}, "PublicationType": {"Review": true}, "Section": {"Full Text": true}, "Species": {"9606": true}}, "citation": {"authors": ["Iacobellis G"], "date": "2020-03-26", "db": "PubMed", "db_id": "32224164", "db_name": "Diabetes research and clinical practice", "first": "Iacobellis G", "last": "Iacobellis G", "pages": "108125", "volume": "162"}, "evidence": "DPP4 inhibitors target the enzymatic activity of DPP4 and consequently block the breakdown of GLP-1. This increase insulin secretion and decrease blood glucose levels in patients with type 2 diabetes.", "line": 156, "relation": "negativeCorrelation", "subject": {"modifier": "Activity"}}
p(UNIPROT:A0A140AYZ5)	partOf	complex(p(HGNC:DPP4), p(UNIPROT:A0A140AYZ5))	{"relation": "partOf"}
p(GFAM:"NF-kappa B complex subunits")	positiveCorrelation	complex(p(HGNC:DPP4), p(UNIPROT:A0A140AYZ5))	{"annotations": {"PublicationStatus": {"Preprint": true}, "PublicationType": {"Review": true}, "Section": {"Full Text": true}, "Species": {"9606": true}}, "citation": {"authors": ["Iacobellis G"], "date": "2020-03-26", "db": "PubMed", "db_id": "32224164", "db_name": "Diabetes research and clinical practice", "first": "Iacobellis G", "last": "Iacobellis G", "pages": "108125", "volume": "162"}, "evidence": "Remarkably, human dipeptidyl peptidase 4 (DPP4 was identified as a functional receptor for the spike protein of the MERS-Co-V [4]. MERS-CoV binds to the receptor-binding domain and interacts with T cells and nuclear factors, such as NF-\u03baB, highly involved in the pathogenesis of inflammatory disorders.", "line": 72, "relation": "positiveCorrelation"}
p(GFAM:"NF-kappa B complex subunits")	positiveCorrelation	path(GO:"inflammatory response")	{"annotations": {"PublicationStatus": {"Preprint": true}, "PublicationType": {"Review": true}, "Section": {"Full Text": true}, "Species": {"9606": true}}, "citation": {"authors": ["Iacobellis G"], "date": "2020-03-26", "db": "PubMed", "db_id": "32224164", "db_name": "Diabetes research and clinical practice", "first": "Iacobellis G", "last": "Iacobellis G", "pages": "108125", "volume": "162"}, "evidence": "Remarkably, human dipeptidyl peptidase 4 (DPP4 was identified as a functional receptor for the spike protein of the MERS-Co-V [4]. MERS-CoV binds to the receptor-binding domain and interacts with T cells and nuclear factors, such as NF-\u03baB, highly involved in the pathogenesis of inflammatory disorders.", "line": 73, "relation": "positiveCorrelation"}
p(HGNC:CD86)	positiveCorrelation	p(HGNC:DPP4)	{"annotations": {"PublicationStatus": {"Preprint": true}, "PublicationType": {"Review": true}, "Section": {"Full Text": true}, "Species": {"9606": true}}, "citation": {"authors": ["Iacobellis G"], "date": "2020-03-26", "db": "PubMed", "db_id": "32224164", "db_name": "Diabetes research and clinical practice", "first": "Iacobellis G", "last": "Iacobellis G", "pages": "108125", "volume": "162"}, "evidence": "DPP4 plays also an important role in immune regulation by activating T cells and upregulating CD86 expression and NF-\u03baB pathway.", "line": 104, "relation": "positiveCorrelation"}
deg(p(HGNC:GIP))	positiveCorrelation	p(HGNC:DPP4)	{"annotations": {"PublicationStatus": {"Preprint": true}, "PublicationType": {"Review": true}, "Section": {"Full Text": true}, "Species": {"9606": true}}, "citation": {"authors": ["Iacobellis G"], "date": "2020-03-26", "db": "PubMed", "db_id": "32224164", "db_name": "Diabetes research and clinical practice", "first": "Iacobellis G", "last": "Iacobellis G", "pages": "108125", "volume": "162"}, "evidence": "DPP4 degrades incretins such as glucagon like peptide 1 (GLP-1) and glucose-dependent insulinotropic polypeptide, ultimately leading to reduced insulin secretion and abnormal visceral adipose tissue metabolism.", "line": 87, "relation": "positiveCorrelation", "subject": {"modifier": "Degradation"}}
deg(p(HGNC:GLP1R))	positiveCorrelation	p(HGNC:DPP4)	{"annotations": {"PublicationStatus": {"Preprint": true}, "PublicationType": {"Review": true}, "Section": {"Full Text": true}, "Species": {"9606": true}}, "citation": {"authors": ["Iacobellis G"], "date": "2020-03-26", "db": "PubMed", "db_id": "32224164", "db_name": "Diabetes research and clinical practice", "first": "Iacobellis G", "last": "Iacobellis G", "pages": "108125", "volume": "162"}, "evidence": "DPP4 degrades incretins such as glucagon like peptide 1 (GLP-1) and glucose-dependent insulinotropic polypeptide, ultimately leading to reduced insulin secretion and abnormal visceral adipose tissue metabolism.", "line": 86, "relation": "positiveCorrelation", "subject": {"modifier": "Degradation"}}
deg(p(HGNC:GLP1R))	positiveCorrelation	p(HGNC:DPP4)	{"annotations": {"Period": {"postprandial": true}, "PublicationStatus": {"Preprint": true}, "PublicationType": {"Review": true}, "Section": {"Full Text": true}, "Species": {"9606": true}}, "citation": {"authors": ["Iacobellis G"], "date": "2020-03-26", "db": "PubMed", "db_id": "32224164", "db_name": "Diabetes research and clinical practice", "first": "Iacobellis G", "last": "Iacobellis G", "pages": "108125", "volume": "162"}, "evidence": "DPP4 regulates postprandial glucose via degradation of GLP-1.", "line": 95, "relation": "positiveCorrelation", "subject": {"modifier": "Degradation"}}
deg(p(HGNC:GLP1R))	negativeCorrelation	act(p(HGNC:DPP4))	{"annotations": {"MeSHDisease": {"Diabetes Mellitus, Type 2": true}, "PublicationStatus": {"Preprint": true}, "PublicationType": {"Review": true}, "Section": {"Full Text": true}, "Species": {"9606": true}}, "citation": {"authors": ["Iacobellis G"], "date": "2020-03-26", "db": "PubMed", "db_id": "32224164", "db_name": "Diabetes research and clinical practice", "first": "Iacobellis G", "last": "Iacobellis G", "pages": "108125", "volume": "162"}, "evidence": "DPP4 inhibitors target the enzymatic activity of DPP4 and consequently block the breakdown of GLP-1. This increase insulin secretion and decrease blood glucose levels in patients with type 2 diabetes.", "line": 154, "object": {"modifier": "Activity"}, "relation": "negativeCorrelation", "subject": {"modifier": "Degradation"}}
p(MGI:Dpp4)	decreases	path(DO:hyperglycemia)	{"annotations": {"Diet": {"Diet, High-Fat": true}, "Mouse_Type": {"DPP4 KO": true}, "PublicationStatus": {"Preprint": true}, "PublicationType": {"Review": true}, "Section": {"Full Text": true}, "Species": {"10090": true}}, "citation": {"authors": ["Iacobellis G"], "date": "2020-03-26", "db": "PubMed", "db_id": "32224164", "db_name": "Diabetes research and clinical practice", "first": "Iacobellis G", "last": "Iacobellis G", "pages": "108125", "volume": "162"}, "evidence": "Male DPP4 H/M mice fed a high-fat diet (HFD) for 12 to 17 weeks develop hyperglycemia, and hyperinsulinemia, resembling human type 2 diabetes.", "line": 116, "relation": "decreases"}
p(MGI:Dpp4)	decreases	path(DO:hyperinsulinism)	{"annotations": {"Diet": {"Diet, High-Fat": true}, "Mouse_Type": {"DPP4 KO": true}, "PublicationStatus": {"Preprint": true}, "PublicationType": {"Review": true}, "Section": {"Full Text": true}, "Species": {"10090": true}}, "citation": {"authors": ["Iacobellis G"], "date": "2020-03-26", "db": "PubMed", "db_id": "32224164", "db_name": "Diabetes research and clinical practice", "first": "Iacobellis G", "last": "Iacobellis G", "pages": "108125", "volume": "162"}, "evidence": "Male DPP4 H/M mice fed a high-fat diet (HFD) for 12 to 17 weeks develop hyperglycemia, and hyperinsulinemia, resembling human type 2 diabetes.", "line": 117, "relation": "decreases"}
p(MGI:Dpp4)	increases	a(MESH:Monocytes)	{"annotations": {"Mouse_Type": {"DPP4 KO": true}, "PublicationStatus": {"Preprint": true}, "PublicationType": {"Review": true}, "Section": {"Full Text": true}, "Species": {"10090": true}}, "citation": {"authors": ["Iacobellis G"], "date": "2020-03-26", "db": "PubMed", "db_id": "32224164", "db_name": "Diabetes research and clinical practice", "first": "Iacobellis G", "last": "Iacobellis G", "pages": "108125", "volume": "162"}, "evidence": "Interestingly, diabetic mice had fewer inflammatory monocyte/macrophages, CD4+ T cells, and lower expression of TNF\u03b1, IL-6 and Arg1 expression.", "line": 134, "relation": "increases"}
p(MGI:Dpp4)	increases	a(MESH:Macrophages)	{"annotations": {"Mouse_Type": {"DPP4 KO": true}, "PublicationStatus": {"Preprint": true}, "PublicationType": {"Review": true}, "Section": {"Full Text": true}, "Species": {"10090": true}}, "citation": {"authors": ["Iacobellis G"], "date": "2020-03-26", "db": "PubMed", "db_id": "32224164", "db_name": "Diabetes research and clinical practice", "first": "Iacobellis G", "last": "Iacobellis G", "pages": "108125", "volume": "162"}, "evidence": "Interestingly, diabetic mice had fewer inflammatory monocyte/macrophages, CD4+ T cells, and lower expression of TNF\u03b1, IL-6 and Arg1 expression.", "line": 135, "relation": "increases"}
p(MGI:Dpp4)	increases	a(MESH:"T-Lymphocytes, Regulatory")	{"annotations": {"Mouse_Type": {"DPP4 KO": true}, "PublicationStatus": {"Preprint": true}, "PublicationType": {"Review": true}, "Section": {"Full Text": true}, "Species": {"10090": true}}, "citation": {"authors": ["Iacobellis G"], "date": "2020-03-26", "db": "PubMed", "db_id": "32224164", "db_name": "Diabetes research and clinical practice", "first": "Iacobellis G", "last": "Iacobellis G", "pages": "108125", "volume": "162"}, "evidence": "Interestingly, diabetic mice had fewer inflammatory monocyte/macrophages, CD4+ T cells, and lower expression of TNF\u03b1, IL-6 and Arg1 expression.", "line": 136, "relation": "increases"}
p(MGI:Dpp4)	increases	p(MGI:Tnf)	{"annotations": {"Mouse_Type": {"DPP4 KO": true}, "PublicationStatus": {"Preprint": true}, "PublicationType": {"Review": true}, "Section": {"Full Text": true}, "Species": {"10090": true}}, "citation": {"authors": ["Iacobellis G"], "date": "2020-03-26", "db": "PubMed", "db_id": "32224164", "db_name": "Diabetes research and clinical practice", "first": "Iacobellis G", "last": "Iacobellis G", "pages": "108125", "volume": "162"}, "evidence": "Interestingly, diabetic mice had fewer inflammatory monocyte/macrophages, CD4+ T cells, and lower expression of TNF\u03b1, IL-6 and Arg1 expression.", "line": 137, "relation": "increases"}
p(MGI:Dpp4)	increases	p(MGI:Il6)	{"annotations": {"Mouse_Type": {"DPP4 KO": true}, "PublicationStatus": {"Preprint": true}, "PublicationType": {"Review": true}, "Section": {"Full Text": true}, "Species": {"10090": true}}, "citation": {"authors": ["Iacobellis G"], "date": "2020-03-26", "db": "PubMed", "db_id": "32224164", "db_name": "Diabetes research and clinical practice", "first": "Iacobellis G", "last": "Iacobellis G", "pages": "108125", "volume": "162"}, "evidence": "Interestingly, diabetic mice had fewer inflammatory monocyte/macrophages, CD4+ T cells, and lower expression of TNF\u03b1, IL-6 and Arg1 expression.", "line": 138, "relation": "increases"}
p(MGI:Dpp4)	increases	p(MGI:Arg1)	{"annotations": {"Mouse_Type": {"DPP4 KO": true}, "PublicationStatus": {"Preprint": true}, "PublicationType": {"Review": true}, "Section": {"Full Text": true}, "Species": {"10090": true}}, "citation": {"authors": ["Iacobellis G"], "date": "2020-03-26", "db": "PubMed", "db_id": "32224164", "db_name": "Diabetes research and clinical practice", "first": "Iacobellis G", "last": "Iacobellis G", "pages": "108125", "volume": "162"}, "evidence": "Interestingly, diabetic mice had fewer inflammatory monocyte/macrophages, CD4+ T cells, and lower expression of TNF\u03b1, IL-6 and Arg1 expression.", "line": 139, "relation": "increases"}
path(DO:"COVID-19")	positiveCorrelation	path(DO:"type 2 diabetes mellitus")	{"annotations": {"PublicationStatus": {"Preprint": true}, "PublicationType": {"Review": true}, "Section": {"Full Text": true}, "Species": {"9606": true}, "age": {"old": true}}, "citation": {"authors": ["Iacobellis G"], "date": "2020-03-26", "db": "PubMed", "db_id": "32224164", "db_name": "Diabetes research and clinical practice", "first": "Iacobellis G", "last": "Iacobellis G", "pages": "108125", "volume": "162"}, "evidence": "The recent data from the coronavirus disease 2019 (COVID-19) caused by the 2019 novel coronavirus (2019-nCoV), confirm that diabetes, along with advanced age, is a major risk factor for an adverse outcome.", "line": 57, "relation": "positiveCorrelation"}
path(DO:"type 2 diabetes mellitus")	positiveCorrelation	path(DO:"COVID-19")	{"annotations": {"PublicationStatus": {"Preprint": true}, "PublicationType": {"Review": true}, "Section": {"Full Text": true}, "Species": {"9606": true}, "age": {"old": true}}, "citation": {"authors": ["Iacobellis G"], "date": "2020-03-26", "db": "PubMed", "db_id": "32224164", "db_name": "Diabetes research and clinical practice", "first": "Iacobellis G", "last": "Iacobellis G", "pages": "108125", "volume": "162"}, "evidence": "The recent data from the coronavirus disease 2019 (COVID-19) caused by the 2019 novel coronavirus (2019-nCoV), confirm that diabetes, along with advanced age, is a major risk factor for an adverse outcome.", "line": 57, "relation": "positiveCorrelation"}
path(DO:"type 2 diabetes mellitus")	positiveCorrelation	a(TAX:"Severe acute respiratory syndrome coronavirus 2")	{"annotations": {"Country": {"Italy": true}, "PublicationStatus": {"Preprint": true}, "PublicationType": {"Review": true}, "Section": {"Full Text": true}, "Species": {"9606": true}}, "citation": {"authors": ["Iacobellis G"], "date": "2020-03-26", "db": "PubMed", "db_id": "32224164", "db_name": "Diabetes research and clinical practice", "first": "Iacobellis G", "last": "Iacobellis G", "pages": "108125", "volume": "162"}, "evidence": "More recent data from Italy showed the more than two-thirds of those who died by severe acute respiratory syndrome coronavirus 2 (SARS-CoV-2) had diabetes [2].", "line": 65, "relation": "positiveCorrelation"}
path(DO:"type 2 diabetes mellitus")	negativeCorrelation	act(p(HGNC:DPP4))	{"annotations": {"PublicationStatus": {"Preprint": true}, "PublicationType": {"Review": true}, "Section": {"Full Text": true}, "Species": {"9606": true}}, "citation": {"authors": ["Iacobellis G"], "date": "2020-03-26", "db": "PubMed", "db_id": "32224164", "db_name": "Diabetes research and clinical practice", "first": "Iacobellis G", "last": "Iacobellis G", "pages": "108125", "volume": "162"}, "evidence": "Individuals with type 2 diabetes and obesity are commonly prescribed with DPP-4 inhibitors and/or GLP-1 receptor analogs.", "line": 146, "object": {"modifier": "Activity"}, "relation": "negativeCorrelation"}
path(DO:obesity)	negativeCorrelation	act(p(HGNC:DPP4))	{"annotations": {"PublicationStatus": {"Preprint": true}, "PublicationType": {"Review": true}, "Section": {"Full Text": true}, "Species": {"9606": true}}, "citation": {"authors": ["Iacobellis G"], "date": "2020-03-26", "db": "PubMed", "db_id": "32224164", "db_name": "Diabetes research and clinical practice", "first": "Iacobellis G", "last": "Iacobellis G", "pages": "108125", "volume": "162"}, "evidence": "Individuals with type 2 diabetes and obesity are commonly prescribed with DPP-4 inhibitors and/or GLP-1 receptor analogs.", "line": 147, "object": {"modifier": "Activity"}, "relation": "negativeCorrelation"}
path(GO:"inflammatory response")	positiveCorrelation	p(GFAM:"NF-kappa B complex subunits")	{"annotations": {"PublicationStatus": {"Preprint": true}, "PublicationType": {"Review": true}, "Section": {"Full Text": true}, "Species": {"9606": true}}, "citation": {"authors": ["Iacobellis G"], "date": "2020-03-26", "db": "PubMed", "db_id": "32224164", "db_name": "Diabetes research and clinical practice", "first": "Iacobellis G", "last": "Iacobellis G", "pages": "108125", "volume": "162"}, "evidence": "Remarkably, human dipeptidyl peptidase 4 (DPP4 was identified as a functional receptor for the spike protein of the MERS-Co-V [4]. MERS-CoV binds to the receptor-binding domain and interacts with T cells and nuclear factors, such as NF-\u03baB, highly involved in the pathogenesis of inflammatory disorders.", "line": 73, "relation": "positiveCorrelation"}
path(MESH:Inflammation)	positiveCorrelation	p(HGNC:DPP4)	{"annotations": {"MeSHDisease": {"Diabetes Mellitus, Type 2": true}, "PublicationStatus": {"Preprint": true}, "PublicationType": {"Review": true}, "Section": {"Full Text": true}, "Species": {"9606": true}}, "citation": {"authors": ["Iacobellis G"], "date": "2020-03-26", "db": "PubMed", "db_id": "32224164", "db_name": "Diabetes research and clinical practice", "first": "Iacobellis G", "last": "Iacobellis G", "pages": "108125", "volume": "162"}, "evidence": "DPP4 plays also an important role in immune regulation by activating T cells and upregulating CD86 expression and NF-\u03baB pathway.", "line": 107, "relation": "positiveCorrelation"}
