complex(GO:"IgG immunoglobulin complex, circulating")	decreases	p(COVID:N)	{"annotations": {"Custom_Disease": {"COVID-19": true}, "PublicationStatus": {"Published": true}, "PublicationType": {"Research": true}, "Section": {"Full Text": true}, "Species": {"9606": true}}, "citation": {"authors": ["Cao JF", "Dai EH", "Gao HX", "Huang Y", "Li L", "Li YN", "Liu YZ", "Lu JH", "Wang HB", "Wang YL", "Xu Y", "Xu ZG", "Yuan DQ", "Zhang Z"], "date": "2020-03-26", "db": "PubMed", "db_id": "32221133", "db_name": "Chinese medical journal", "first": "Gao HX", "last": "Dai EH"}, "evidence": "The level of serum IgM and IgG antibodies were detected using three different commercial testing kits (CLIA, GICA, and ELISA) developed by the Beier Bioengineering Company (Beijing, China), which targeted the spike (S) and nucleocapsid (N) proteins of 2019-nCoV.", "line": 47, "relation": "decreases"}
complex(GO:"IgG immunoglobulin complex, circulating")	prognosticBiomarkerFor	path(DO:"COVID-19")	{"annotations": {"BioAssay": {"ELISA": true}, "Custom_Disease": {"COVID-19": true}, "Disease_Stage": {"early stage": true, "late stage": true, "middle stage": true}, "MeSHAnatomy": {"Serum": true}, "PublicationStatus": {"Published": true}, "PublicationType": {"Research": true}, "Section": {"Full Text": true}, "Species": {"9606": true}}, "citation": {"authors": ["Cao JF", "Dai EH", "Gao HX", "Huang Y", "Li L", "Li YN", "Liu YZ", "Lu JH", "Wang HB", "Wang YL", "Xu Y", "Xu ZG", "Yuan DQ", "Zhang Z"], "date": "2020-03-26", "db": "PubMed", "db_id": "32221133", "db_name": "Chinese medical journal", "first": "Gao HX", "last": "Dai EH"}, "evidence": "GICA possessed a relatively higher positive rate in serum IgM detection (5/10, 5/13, and 9/14 in the early, middle, and late stages, respectively) and ELISA exhibited a comparatively higher positive rate in serum IgG testing (4/10, 8/13, and 12/14 in the early, middle, and late stages, respectively)", "line": 75, "relation": "prognosticBiomarkerFor"}
complex(GO:"IgM immunoglobulin complex, circulating")	decreases	p(COVID:S)	{"annotations": {"Custom_Disease": {"COVID-19": true}, "PublicationStatus": {"Published": true}, "PublicationType": {"Research": true}, "Section": {"Full Text": true}, "Species": {"9606": true}}, "citation": {"authors": ["Cao JF", "Dai EH", "Gao HX", "Huang Y", "Li L", "Li YN", "Liu YZ", "Lu JH", "Wang HB", "Wang YL", "Xu Y", "Xu ZG", "Yuan DQ", "Zhang Z"], "date": "2020-03-26", "db": "PubMed", "db_id": "32221133", "db_name": "Chinese medical journal", "first": "Gao HX", "last": "Dai EH"}, "evidence": "The level of serum IgM and IgG antibodies were detected using three different commercial testing kits (CLIA, GICA, and ELISA) developed by the Beier Bioengineering Company (Beijing, China), which targeted the spike (S) and nucleocapsid (N) proteins of 2019-nCoV.", "line": 46, "relation": "decreases"}
complex(GO:"IgM immunoglobulin complex, circulating")	prognosticBiomarkerFor	path(DO:"COVID-19")	{"annotations": {"Assay": {"gold immunochromatographic assay": true}, "BioAssay": {"ELISA": true, "chemiluminescence-linked immunosorbent assay": true}, "Custom_Disease": {"COVID-19": true}, "Disease_Stage": {"early stage": true, "late stage": true, "middle stage": true}, "MeSHAnatomy": {"Serum": true}, "PublicationStatus": {"Published": true}, "PublicationType": {"Research": true}, "Section": {"Full Text": true}, "Species": {"9606": true}}, "citation": {"authors": ["Cao JF", "Dai EH", "Gao HX", "Huang Y", "Li L", "Li YN", "Liu YZ", "Lu JH", "Wang HB", "Wang YL", "Xu Y", "Xu ZG", "Yuan DQ", "Zhang Z"], "date": "2020-03-26", "db": "PubMed", "db_id": "32221133", "db_name": "Chinese medical journal", "first": "Gao HX", "last": "Dai EH"}, "evidence": "As shown in Table 1, at the early, middle and late stages of infection, the serum IgM antibody was detected in 6/10, 7/13, and 11/14 of cases, respectively (at least one immunoassay was positive). Meanwhile, at the early and middle stages of infection, 5/10 and 10/13 cases demonstrated positive serum IgG results, whereas the serum IgG was detected in all cases (14/14) when it came to the late stage of infection", "line": 61, "relation": "prognosticBiomarkerFor"}
complex(GO:"IgM immunoglobulin complex, circulating")	prognosticBiomarkerFor	path(DO:"COVID-19")	{"annotations": {"Assay": {"gold immunochromatographic assay": true}, "Custom_Disease": {"COVID-19": true}, "Disease_Stage": {"early stage": true, "late stage": true, "middle stage": true}, "MeSHAnatomy": {"Serum": true}, "PublicationStatus": {"Published": true}, "PublicationType": {"Research": true}, "Section": {"Full Text": true}, "Species": {"9606": true}}, "citation": {"authors": ["Cao JF", "Dai EH", "Gao HX", "Huang Y", "Li L", "Li YN", "Liu YZ", "Lu JH", "Wang HB", "Wang YL", "Xu Y", "Xu ZG", "Yuan DQ", "Zhang Z"], "date": "2020-03-26", "db": "PubMed", "db_id": "32221133", "db_name": "Chinese medical journal", "first": "Gao HX", "last": "Dai EH"}, "evidence": "GICA possessed a relatively higher positive rate in serum IgM detection (5/10, 5/13, and 9/14 in the early, middle, and late stages, respectively) and ELISA exhibited a comparatively higher positive rate in serum IgG testing (4/10, 8/13, and 12/14 in the early, middle, and late stages, respectively)", "line": 72, "relation": "prognosticBiomarkerFor"}
