a(CHEBI:"adrenergic antagonist")	negativeCorrelation	path(DO:"COVID-19")	{"annotations": {"Custom_Disease": {"COVID-19": true}, "PublicationStatus": {"Published": true}, "PublicationType": {"Medical Hypothesis": true}, "Section": {"Full Text": true}, "Species": {"9606": true}}, "citation": {"authors": ["Gallo G", "Manenti A", "Palmieri B", "Roncati L"], "date": "2020-03-21", "db": "PubMed", "db_id": "32220710", "db_name": "Medical hypotheses", "first": "Roncati L", "last": "Palmieri B", "pages": "109686", "volume": "140"}, "evidence": "In our opinion, during the COVID-19 pandemic, it would be more prudent to replace these drugs, when possible, with calcium channel blockers, adrenergic receptor blockers, diuretics or vasodilators.", "line": 69, "relation": "negativeCorrelation"}
a(CHEBI:"calcium channel blocker")	negativeCorrelation	path(DO:"COVID-19")	{"annotations": {"Custom_Disease": {"COVID-19": true}, "PublicationStatus": {"Published": true}, "PublicationType": {"Medical Hypothesis": true}, "Section": {"Full Text": true}, "Species": {"9606": true}}, "citation": {"authors": ["Gallo G", "Manenti A", "Palmieri B", "Roncati L"], "date": "2020-03-21", "db": "PubMed", "db_id": "32220710", "db_name": "Medical hypotheses", "first": "Roncati L", "last": "Palmieri B", "pages": "109686", "volume": "140"}, "evidence": "In our opinion, during the COVID-19 pandemic, it would be more prudent to replace these drugs, when possible, with calcium channel blockers, adrenergic receptor blockers, diuretics or vasodilators.", "line": 68, "relation": "negativeCorrelation"}
a(CHEBI:"vasodilator agent")	negativeCorrelation	path(DO:"COVID-19")	{"annotations": {"Custom_Disease": {"COVID-19": true}, "PublicationStatus": {"Published": true}, "PublicationType": {"Medical Hypothesis": true}, "Section": {"Full Text": true}, "Species": {"9606": true}}, "citation": {"authors": ["Gallo G", "Manenti A", "Palmieri B", "Roncati L"], "date": "2020-03-21", "db": "PubMed", "db_id": "32220710", "db_name": "Medical hypotheses", "first": "Roncati L", "last": "Palmieri B", "pages": "109686", "volume": "140"}, "evidence": "In our opinion, during the COVID-19 pandemic, it would be more prudent to replace these drugs, when possible, with calcium channel blockers, adrenergic receptor blockers, diuretics or vasodilators.", "line": 71, "relation": "negativeCorrelation"}
a(CHEBI:diuretic)	negativeCorrelation	path(DO:"COVID-19")	{"annotations": {"Custom_Disease": {"COVID-19": true}, "PublicationStatus": {"Published": true}, "PublicationType": {"Medical Hypothesis": true}, "Section": {"Full Text": true}, "Species": {"9606": true}}, "citation": {"authors": ["Gallo G", "Manenti A", "Palmieri B", "Roncati L"], "date": "2020-03-21", "db": "PubMed", "db_id": "32220710", "db_name": "Medical hypotheses", "first": "Roncati L", "last": "Palmieri B", "pages": "109686", "volume": "140"}, "evidence": "In our opinion, during the COVID-19 pandemic, it would be more prudent to replace these drugs, when possible, with calcium channel blockers, adrenergic receptor blockers, diuretics or vasodilators.", "line": 70, "relation": "negativeCorrelation"}
a(TAX:"Severe acute respiratory syndrome coronavirus 2")	increases	path(DO:"COVID-19")	{"annotations": {"Custom_Disease": {"COVID-19": true}, "PublicationStatus": {"Published": true}, "PublicationType": {"Medical Hypothesis": true}, "Section": {"Full Text": true}, "Species": {"9606": true}}, "citation": {"authors": ["Gallo G", "Manenti A", "Palmieri B", "Roncati L"], "date": "2020-03-21", "db": "PubMed", "db_id": "32220710", "db_name": "Medical hypotheses", "first": "Roncati L", "last": "Palmieri B", "pages": "109686", "volume": "140"}, "evidence": "Surprisingly, the surface spike proteins of the \u2018severe-acute-respiratory-syndrome-coronavirus-2\u2032 (SARS-CoV-2), the etiological agent of the ongoing \u2018coronavirus disease 2019\u2019 (COVID-19), are able to bind the ACE2 receptors [2].", "line": 62, "relation": "increases"}
a(TAX:"Severe acute respiratory syndrome coronavirus 2")	association	p(COVID:S)	{"annotations": {"Custom_Disease": {"COVID-19": true}, "PublicationStatus": {"Published": true}, "PublicationType": {"Medical Hypothesis": true}, "Section": {"Full Text": true}, "Species": {"9606": true}}, "citation": {"authors": ["Gallo G", "Manenti A", "Palmieri B", "Roncati L"], "date": "2020-03-21", "db": "PubMed", "db_id": "32220710", "db_name": "Medical hypotheses", "first": "Roncati L", "last": "Palmieri B", "pages": "109686", "volume": "140"}, "evidence": "Surprisingly, the surface spike proteins of the \u2018severe-acute-respiratory-syndrome-coronavirus-2\u2032 (SARS-CoV-2), the etiological agent of the ongoing \u2018coronavirus disease 2019\u2019 (COVID-19), are able to bind the ACE2 receptors [2].", "line": 64, "relation": "association"}
bp(MESH:"Renin-Angiotensin System")	regulates	bp(MESH:"Blood Pressure")	{"annotations": {"Custom_Disease": {"COVID-19": true}, "PublicationStatus": {"Published": true}, "PublicationType": {"Medical Hypothesis": true}, "Section": {"Full Text": true}, "Species": {"9606": true}}, "citation": {"authors": ["Gallo G", "Manenti A", "Palmieri B", "Roncati L"], "date": "2020-03-21", "db": "PubMed", "db_id": "32220710", "db_name": "Medical hypotheses", "first": "Roncati L", "last": "Palmieri B", "pages": "109686", "volume": "140"}, "evidence": "In humans the renin-angiotensin system is the hormone system which regulates blood pressure and vascular resistances, as well as electrolytic balance; within this important system, the angiotensin-converting enzyme (ACE), present on the surface of vascular endothelial cells, in particular those of the lungs, is deputed to the conversion of angiotensin I to angiotensin II (AII), a potent vasoconstrictive peptide [1].", "line": 47, "relation": "regulates"}
bp(MESH:"Renin-Angiotensin System")	regulates	bp(MESH:"Water-Electrolyte Balance")	{"annotations": {"Custom_Disease": {"COVID-19": true}, "PublicationStatus": {"Published": true}, "PublicationType": {"Medical Hypothesis": true}, "Section": {"Full Text": true}, "Species": {"9606": true}}, "citation": {"authors": ["Gallo G", "Manenti A", "Palmieri B", "Roncati L"], "date": "2020-03-21", "db": "PubMed", "db_id": "32220710", "db_name": "Medical hypotheses", "first": "Roncati L", "last": "Palmieri B", "pages": "109686", "volume": "140"}, "evidence": "In humans the renin-angiotensin system is the hormone system which regulates blood pressure and vascular resistances, as well as electrolytic balance; within this important system, the angiotensin-converting enzyme (ACE), present on the surface of vascular endothelial cells, in particular those of the lungs, is deputed to the conversion of angiotensin I to angiotensin II (AII), a potent vasoconstrictive peptide [1].", "line": 48, "relation": "regulates"}
bp(MESH:"Renin-Angiotensin System")	regulates	bp(MESH:"Vascular Resistance")	{"annotations": {"Custom_Disease": {"COVID-19": true}, "PublicationStatus": {"Published": true}, "PublicationType": {"Medical Hypothesis": true}, "Section": {"Full Text": true}, "Species": {"9606": true}}, "citation": {"authors": ["Gallo G", "Manenti A", "Palmieri B", "Roncati L"], "date": "2020-03-21", "db": "PubMed", "db_id": "32220710", "db_name": "Medical hypotheses", "first": "Roncati L", "last": "Palmieri B", "pages": "109686", "volume": "140"}, "evidence": "In humans the renin-angiotensin system is the hormone system which regulates blood pressure and vascular resistances, as well as electrolytic balance; within this important system, the angiotensin-converting enzyme (ACE), present on the surface of vascular endothelial cells, in particular those of the lungs, is deputed to the conversion of angiotensin I to angiotensin II (AII), a potent vasoconstrictive peptide [1].", "line": 49, "relation": "regulates"}
bp(MESH:"Renin-Angiotensin System")	association	p(HGNC:ACE2)	{"annotations": {"Custom_Disease": {"COVID-19": true}, "MeSHAnatomy": {"Lung": true}, "PublicationStatus": {"Published": true}, "PublicationType": {"Medical Hypothesis": true}, "Section": {"Full Text": true}, "Species": {"9606": true}}, "citation": {"authors": ["Gallo G", "Manenti A", "Palmieri B", "Roncati L"], "date": "2020-03-21", "db": "PubMed", "db_id": "32220710", "db_name": "Medical hypotheses", "first": "Roncati L", "last": "Palmieri B", "pages": "109686", "volume": "140"}, "evidence": "In humans the renin-angiotensin system is the hormone system which regulates blood pressure and vascular resistances, as well as electrolytic balance; within this important system, the angiotensin-converting enzyme (ACE), present on the surface of vascular endothelial cells, in particular those of the lungs, is deputed to the conversion of angiotensin I to angiotensin II (AII), a potent vasoconstrictive peptide [1].", "line": 51, "relation": "association"}
complex(p(COVID:S), p(HGNC:ACE2))	positiveCorrelation	path(DO:"COVID-19")	{"annotations": {"Custom_Disease": {"COVID-19": true}, "PublicationStatus": {"Published": true}, "PublicationType": {"Medical Hypothesis": true}, "Section": {"Full Text": true}, "Species": {"9606": true}}, "citation": {"authors": ["Gallo G", "Manenti A", "Palmieri B", "Roncati L"], "date": "2020-03-21", "db": "PubMed", "db_id": "32220710", "db_name": "Medical hypotheses", "first": "Roncati L", "last": "Palmieri B", "pages": "109686", "volume": "140"}, "evidence": "Surprisingly, the surface spike proteins of the \u2018severe-acute-respiratory-syndrome-coronavirus-2\u2032 (SARS-CoV-2), the etiological agent of the ongoing \u2018coronavirus disease 2019\u2019 (COVID-19), are able to bind the ACE2 receptors [2].", "line": 63, "relation": "positiveCorrelation"}
p(COVID:S)	partOf	complex(p(COVID:S), p(HGNC:ACE2))	{"relation": "partOf"}
p(COVID:S)	association	a(TAX:"Severe acute respiratory syndrome coronavirus 2")	{"annotations": {"Custom_Disease": {"COVID-19": true}, "PublicationStatus": {"Published": true}, "PublicationType": {"Medical Hypothesis": true}, "Section": {"Full Text": true}, "Species": {"9606": true}}, "citation": {"authors": ["Gallo G", "Manenti A", "Palmieri B", "Roncati L"], "date": "2020-03-21", "db": "PubMed", "db_id": "32220710", "db_name": "Medical hypotheses", "first": "Roncati L", "last": "Palmieri B", "pages": "109686", "volume": "140"}, "evidence": "Surprisingly, the surface spike proteins of the \u2018severe-acute-respiratory-syndrome-coronavirus-2\u2032 (SARS-CoV-2), the etiological agent of the ongoing \u2018coronavirus disease 2019\u2019 (COVID-19), are able to bind the ACE2 receptors [2].", "line": 64, "relation": "association"}
p(HGNC:ACE2)	partOf	complex(p(COVID:S), p(HGNC:ACE2))	{"relation": "partOf"}
p(HGNC:ACE2)	association	bp(MESH:"Renin-Angiotensin System")	{"annotations": {"Custom_Disease": {"COVID-19": true}, "MeSHAnatomy": {"Lung": true}, "PublicationStatus": {"Published": true}, "PublicationType": {"Medical Hypothesis": true}, "Section": {"Full Text": true}, "Species": {"9606": true}}, "citation": {"authors": ["Gallo G", "Manenti A", "Palmieri B", "Roncati L"], "date": "2020-03-21", "db": "PubMed", "db_id": "32220710", "db_name": "Medical hypotheses", "first": "Roncati L", "last": "Palmieri B", "pages": "109686", "volume": "140"}, "evidence": "In humans the renin-angiotensin system is the hormone system which regulates blood pressure and vascular resistances, as well as electrolytic balance; within this important system, the angiotensin-converting enzyme (ACE), present on the surface of vascular endothelial cells, in particular those of the lungs, is deputed to the conversion of angiotensin I to angiotensin II (AII), a potent vasoconstrictive peptide [1].", "line": 51, "relation": "association"}
act(p(HGNC:ACE2))	positiveCorrelation	path(DO:hypertension)	{"annotations": {"Custom_Disease": {"COVID-19": true}, "PublicationStatus": {"Published": true}, "PublicationType": {"Medical Hypothesis": true}, "Section": {"Full Text": true}, "Species": {"9606": true}}, "citation": {"authors": ["Gallo G", "Manenti A", "Palmieri B", "Roncati L"], "date": "2020-03-21", "db": "PubMed", "db_id": "32220710", "db_name": "Medical hypotheses", "first": "Roncati L", "last": "Palmieri B", "pages": "109686", "volume": "140"}, "evidence": "For this, both ACE and AII have been widely exploited as pharmacological targets in the treatment of hypertension, heart failure or diabetic nephropathy by means of ACE inhibitors and AII receptor antagonists, respectively [1].", "line": 56, "relation": "positiveCorrelation", "subject": {"modifier": "Activity"}}
act(p(HGNC:ACE2))	positiveCorrelation	path(MESH:"Heart Failure")	{"annotations": {"Custom_Disease": {"COVID-19": true}, "PublicationStatus": {"Published": true}, "PublicationType": {"Medical Hypothesis": true}, "Section": {"Full Text": true}, "Species": {"9606": true}}, "citation": {"authors": ["Gallo G", "Manenti A", "Palmieri B", "Roncati L"], "date": "2020-03-21", "db": "PubMed", "db_id": "32220710", "db_name": "Medical hypotheses", "first": "Roncati L", "last": "Palmieri B", "pages": "109686", "volume": "140"}, "evidence": "For this, both ACE and AII have been widely exploited as pharmacological targets in the treatment of hypertension, heart failure or diabetic nephropathy by means of ACE inhibitors and AII receptor antagonists, respectively [1].", "line": 57, "relation": "positiveCorrelation", "subject": {"modifier": "Activity"}}
act(p(HGNC:ACE2))	positiveCorrelation	path(MESH:"Diabetic Nephropathies")	{"annotations": {"Custom_Disease": {"COVID-19": true}, "PublicationStatus": {"Published": true}, "PublicationType": {"Medical Hypothesis": true}, "Section": {"Full Text": true}, "Species": {"9606": true}}, "citation": {"authors": ["Gallo G", "Manenti A", "Palmieri B", "Roncati L"], "date": "2020-03-21", "db": "PubMed", "db_id": "32220710", "db_name": "Medical hypotheses", "first": "Roncati L", "last": "Palmieri B", "pages": "109686", "volume": "140"}, "evidence": "For this, both ACE and AII have been widely exploited as pharmacological targets in the treatment of hypertension, heart failure or diabetic nephropathy by means of ACE inhibitors and AII receptor antagonists, respectively [1].", "line": 58, "relation": "positiveCorrelation", "subject": {"modifier": "Activity"}}
path(DO:"COVID-19")	positiveCorrelation	complex(p(COVID:S), p(HGNC:ACE2))	{"annotations": {"Custom_Disease": {"COVID-19": true}, "PublicationStatus": {"Published": true}, "PublicationType": {"Medical Hypothesis": true}, "Section": {"Full Text": true}, "Species": {"9606": true}}, "citation": {"authors": ["Gallo G", "Manenti A", "Palmieri B", "Roncati L"], "date": "2020-03-21", "db": "PubMed", "db_id": "32220710", "db_name": "Medical hypotheses", "first": "Roncati L", "last": "Palmieri B", "pages": "109686", "volume": "140"}, "evidence": "Surprisingly, the surface spike proteins of the \u2018severe-acute-respiratory-syndrome-coronavirus-2\u2032 (SARS-CoV-2), the etiological agent of the ongoing \u2018coronavirus disease 2019\u2019 (COVID-19), are able to bind the ACE2 receptors [2].", "line": 63, "relation": "positiveCorrelation"}
path(DO:"COVID-19")	negativeCorrelation	a(CHEBI:"calcium channel blocker")	{"annotations": {"Custom_Disease": {"COVID-19": true}, "PublicationStatus": {"Published": true}, "PublicationType": {"Medical Hypothesis": true}, "Section": {"Full Text": true}, "Species": {"9606": true}}, "citation": {"authors": ["Gallo G", "Manenti A", "Palmieri B", "Roncati L"], "date": "2020-03-21", "db": "PubMed", "db_id": "32220710", "db_name": "Medical hypotheses", "first": "Roncati L", "last": "Palmieri B", "pages": "109686", "volume": "140"}, "evidence": "In our opinion, during the COVID-19 pandemic, it would be more prudent to replace these drugs, when possible, with calcium channel blockers, adrenergic receptor blockers, diuretics or vasodilators.", "line": 68, "relation": "negativeCorrelation"}
path(DO:"COVID-19")	negativeCorrelation	a(CHEBI:"adrenergic antagonist")	{"annotations": {"Custom_Disease": {"COVID-19": true}, "PublicationStatus": {"Published": true}, "PublicationType": {"Medical Hypothesis": true}, "Section": {"Full Text": true}, "Species": {"9606": true}}, "citation": {"authors": ["Gallo G", "Manenti A", "Palmieri B", "Roncati L"], "date": "2020-03-21", "db": "PubMed", "db_id": "32220710", "db_name": "Medical hypotheses", "first": "Roncati L", "last": "Palmieri B", "pages": "109686", "volume": "140"}, "evidence": "In our opinion, during the COVID-19 pandemic, it would be more prudent to replace these drugs, when possible, with calcium channel blockers, adrenergic receptor blockers, diuretics or vasodilators.", "line": 69, "relation": "negativeCorrelation"}
path(DO:"COVID-19")	negativeCorrelation	a(CHEBI:diuretic)	{"annotations": {"Custom_Disease": {"COVID-19": true}, "PublicationStatus": {"Published": true}, "PublicationType": {"Medical Hypothesis": true}, "Section": {"Full Text": true}, "Species": {"9606": true}}, "citation": {"authors": ["Gallo G", "Manenti A", "Palmieri B", "Roncati L"], "date": "2020-03-21", "db": "PubMed", "db_id": "32220710", "db_name": "Medical hypotheses", "first": "Roncati L", "last": "Palmieri B", "pages": "109686", "volume": "140"}, "evidence": "In our opinion, during the COVID-19 pandemic, it would be more prudent to replace these drugs, when possible, with calcium channel blockers, adrenergic receptor blockers, diuretics or vasodilators.", "line": 70, "relation": "negativeCorrelation"}
path(DO:"COVID-19")	negativeCorrelation	a(CHEBI:"vasodilator agent")	{"annotations": {"Custom_Disease": {"COVID-19": true}, "PublicationStatus": {"Published": true}, "PublicationType": {"Medical Hypothesis": true}, "Section": {"Full Text": true}, "Species": {"9606": true}}, "citation": {"authors": ["Gallo G", "Manenti A", "Palmieri B", "Roncati L"], "date": "2020-03-21", "db": "PubMed", "db_id": "32220710", "db_name": "Medical hypotheses", "first": "Roncati L", "last": "Palmieri B", "pages": "109686", "volume": "140"}, "evidence": "In our opinion, during the COVID-19 pandemic, it would be more prudent to replace these drugs, when possible, with calcium channel blockers, adrenergic receptor blockers, diuretics or vasodilators.", "line": 71, "relation": "negativeCorrelation"}
path(DO:hypertension)	positiveCorrelation	act(p(HGNC:ACE2))	{"annotations": {"Custom_Disease": {"COVID-19": true}, "PublicationStatus": {"Published": true}, "PublicationType": {"Medical Hypothesis": true}, "Section": {"Full Text": true}, "Species": {"9606": true}}, "citation": {"authors": ["Gallo G", "Manenti A", "Palmieri B", "Roncati L"], "date": "2020-03-21", "db": "PubMed", "db_id": "32220710", "db_name": "Medical hypotheses", "first": "Roncati L", "last": "Palmieri B", "pages": "109686", "volume": "140"}, "evidence": "For this, both ACE and AII have been widely exploited as pharmacological targets in the treatment of hypertension, heart failure or diabetic nephropathy by means of ACE inhibitors and AII receptor antagonists, respectively [1].", "line": 56, "object": {"modifier": "Activity"}, "relation": "positiveCorrelation"}
path(MESH:"Diabetic Nephropathies")	positiveCorrelation	act(p(HGNC:ACE2))	{"annotations": {"Custom_Disease": {"COVID-19": true}, "PublicationStatus": {"Published": true}, "PublicationType": {"Medical Hypothesis": true}, "Section": {"Full Text": true}, "Species": {"9606": true}}, "citation": {"authors": ["Gallo G", "Manenti A", "Palmieri B", "Roncati L"], "date": "2020-03-21", "db": "PubMed", "db_id": "32220710", "db_name": "Medical hypotheses", "first": "Roncati L", "last": "Palmieri B", "pages": "109686", "volume": "140"}, "evidence": "For this, both ACE and AII have been widely exploited as pharmacological targets in the treatment of hypertension, heart failure or diabetic nephropathy by means of ACE inhibitors and AII receptor antagonists, respectively [1].", "line": 58, "object": {"modifier": "Activity"}, "relation": "positiveCorrelation"}
path(MESH:"Heart Failure")	positiveCorrelation	act(p(HGNC:ACE2))	{"annotations": {"Custom_Disease": {"COVID-19": true}, "PublicationStatus": {"Published": true}, "PublicationType": {"Medical Hypothesis": true}, "Section": {"Full Text": true}, "Species": {"9606": true}}, "citation": {"authors": ["Gallo G", "Manenti A", "Palmieri B", "Roncati L"], "date": "2020-03-21", "db": "PubMed", "db_id": "32220710", "db_name": "Medical hypotheses", "first": "Roncati L", "last": "Palmieri B", "pages": "109686", "volume": "140"}, "evidence": "For this, both ACE and AII have been widely exploited as pharmacological targets in the treatment of hypertension, heart failure or diabetic nephropathy by means of ACE inhibitors and AII receptor antagonists, respectively [1].", "line": 57, "object": {"modifier": "Activity"}, "relation": "positiveCorrelation"}
