a(MESH:"B-Lymphocytes")	partOf	complex(a(MESH:"B-Lymphocytes"), p(COVID:S))	{"relation": "partOf"}
a(MESH:"B-Lymphocytes")	partOf	complex(a(MESH:"B-Lymphocytes"), p(NCBIGENE:43740568, frag("?")))	{"relation": "partOf"}
a(MESH:Immunoglobulins)	partOf	complex(a(MESH:Immunoglobulins), p(COVID:N))	{"relation": "partOf"}
a(MESH:Immunoglobulins)	partOf	complex(a(MESH:Immunoglobulins), p(COVID:S))	{"relation": "partOf"}
a(MESH:Immunoglobulins)	partOf	complex(a(MESH:Immunoglobulins), p(NCBIGENE:43740568, frag("?")))	{"relation": "partOf"}
a(MESH:Immunoglobulins)	partOf	complex(a(MESH:Immunoglobulins), p(UNIPROT:A0A140AYZ5))	{"relation": "partOf"}
a(MESH:Immunoglobulins)	partOf	complex(a(MESH:Immunoglobulins), p(UNIPROT:J9SFL2))	{"relation": "partOf"}
a(MESH:Immunoglobulins)	association	a(TAX:"Severe acute respiratory syndrome coronavirus 2")	{"annotations": {"BioAssay": {"ELISA": true}, "Custom_Disease": {"COVID-19": true}, "MeSHAnatomy": {"Plasma": true}, "PublicationStatus": {"Preprint": true}, "PublicationType": {"Research": true}, "Section": {"Results": true}, "Species": {"9606": true}}, "citation": {"db": "DOI", "db_id": "10.1101/2020.03.21.990770"}, "evidence": "Samples from P#1, P#2, P#5, and P#16 demonstrated higher binding to both SARS-CoV-2 RBD and NP than the rest (Figure 1A).", "line": 58, "relation": "association"}
a(TAX:"Severe acute respiratory syndrome coronavirus 2")	association	a(MESH:Immunoglobulins)	{"annotations": {"BioAssay": {"ELISA": true}, "Custom_Disease": {"COVID-19": true}, "MeSHAnatomy": {"Plasma": true}, "PublicationStatus": {"Preprint": true}, "PublicationType": {"Research": true}, "Section": {"Results": true}, "Species": {"9606": true}}, "citation": {"db": "DOI", "db_id": "10.1101/2020.03.21.990770"}, "evidence": "Samples from P#1, P#2, P#5, and P#16 demonstrated higher binding to both SARS-CoV-2 RBD and NP than the rest (Figure 1A).", "line": 58, "relation": "association"}
p(COVID:S)	partOf	complex(a(MESH:"B-Lymphocytes"), p(COVID:S))	{"relation": "partOf"}
p(COVID:S)	partOf	complex(a(MESH:Immunoglobulins), p(COVID:S))	{"relation": "partOf"}
p(COVID:S)	association	p(NCBIGENE:43740568, frag("?"))	{"annotations": {"BioAssay": {"ELISA": true}, "Custom_Disease": {"COVID-19": true}, "MeSHAnatomy": {"Plasma": true}, "PublicationStatus": {"Preprint": true}, "PublicationType": {"Research": true}, "Section": {"Results": true}, "Species": {"9606": true}}, "citation": {"db": "DOI", "db_id": "10.1101/2020.03.21.990770"}, "evidence": "Samples from P#1, P#2, P#5, and P#16 demonstrated higher binding to both SARS-CoV-2 RBD and NP than the rest (Figure 1A).", "line": 60, "relation": "association"}
p(NCBIGENE:43740568, frag("?"))	partOf	complex(a(MESH:"B-Lymphocytes"), p(NCBIGENE:43740568, frag("?")))	{"relation": "partOf"}
p(NCBIGENE:43740568, frag("?"))	partOf	complex(a(MESH:Immunoglobulins), p(NCBIGENE:43740568, frag("?")))	{"relation": "partOf"}
p(NCBIGENE:43740568, frag("?"))	partOf	complex(p(HGNC:ACE2), p(NCBIGENE:43740568, frag("?")))	{"relation": "partOf"}
p(NCBIGENE:43740568, frag("?"))	association	p(COVID:S)	{"annotations": {"BioAssay": {"ELISA": true}, "Custom_Disease": {"COVID-19": true}, "MeSHAnatomy": {"Plasma": true}, "PublicationStatus": {"Preprint": true}, "PublicationType": {"Research": true}, "Section": {"Results": true}, "Species": {"9606": true}}, "citation": {"db": "DOI", "db_id": "10.1101/2020.03.21.990770"}, "evidence": "Samples from P#1, P#2, P#5, and P#16 demonstrated higher binding to both SARS-CoV-2 RBD and NP than the rest (Figure 1A).", "line": 60, "relation": "association"}
p(NCBIGENE:43740568)	hasVariant	p(NCBIGENE:43740568, frag("?"))	{"relation": "hasVariant"}
p(COVID:N)	partOf	complex(a(MESH:Immunoglobulins), p(COVID:N))	{"relation": "partOf"}
p(UNIPROT:A0A140AYZ5)	partOf	complex(a(MESH:Immunoglobulins), p(UNIPROT:A0A140AYZ5))	{"relation": "partOf"}
p(UNIPROT:J9SFL2)	partOf	complex(a(MESH:Immunoglobulins), p(UNIPROT:J9SFL2))	{"relation": "partOf"}
p(HGNC:ACE2)	partOf	complex(p(HGNC:ACE2), p(NCBIGENE:43740568, frag("?")))	{"relation": "partOf"}
p(FIXME:"P2A-1A10")	decreases	complex(p(HGNC:ACE2), p(NCBIGENE:43740568, frag("?")))	{"annotations": {"Custom_Disease": {"COVID-19": true}, "PublicationStatus": {"Preprint": true}, "PublicationType": {"Research": true}, "Section": {"Results": true}, "Species": {"9606": true}}, "citation": {"db": "DOI", "db_id": "10.1101/2020.03.21.990770"}, "evidence": "Two of the three representative antibodies from the clonal expanded clusters (P2A-1A10 and P2A-1B3) had slightly over 80% and 90% reduction, respectively.", "line": 86, "relation": "decreases"}
p(FIXME:"P2A-1B3")	decreases	complex(p(HGNC:ACE2), p(NCBIGENE:43740568, frag("?")))	{"annotations": {"Custom_Disease": {"COVID-19": true}, "PublicationStatus": {"Preprint": true}, "PublicationType": {"Research": true}, "Section": {"Results": true}, "Species": {"9606": true}}, "citation": {"db": "DOI", "db_id": "10.1101/2020.03.21.990770"}, "evidence": "Two of the three representative antibodies from the clonal expanded clusters (P2A-1A10 and P2A-1B3) had slightly over 80% and 90% reduction, respectively.", "line": 87, "relation": "decreases"}
p(FIXME:"P2B-2F6")	decreases	complex(p(HGNC:ACE2), p(NCBIGENE:43740568, frag("?")))	{"annotations": {"Custom_Disease": {"COVID-19": true}, "PublicationStatus": {"Preprint": true}, "PublicationType": {"Research": true}, "Section": {"Results": true}, "Species": {"9606": true}}, "citation": {"db": "DOI", "db_id": "10.1101/2020.03.21.990770"}, "evidence": "The most powerful were P2C-1F11 and P2B-2F6, which reduced ACE2 binding about 99.2% and 98.5%, respectively.", "line": 83, "relation": "decreases"}
p(FIXME:"P2B-2F6")	decreases	p(COVID:S)	{"annotations": {"Custom_Disease": {"COVID-19": true}, "PublicationStatus": {"Preprint": true}, "PublicationType": {"Research": true}, "Section": {"Results": true}, "Species": {"9606": true}}, "citation": {"db": "DOI", "db_id": "10.1101/2020.03.21.990770"}, "evidence": "P2C-1F11 and P2B-2F6 were the most potent, followed by P2C-1A3 and P2C-1C10.", "line": 91, "relation": "decreases"}
p(FIXME:"P2C-1A3")	decreases	p(COVID:S)	{"annotations": {"Custom_Disease": {"COVID-19": true}, "PublicationStatus": {"Preprint": true}, "PublicationType": {"Research": true}, "Section": {"Results": true}, "Species": {"9606": true}}, "citation": {"db": "DOI", "db_id": "10.1101/2020.03.21.990770"}, "evidence": "P2C-1F11 and P2B-2F6 were the most potent, followed by P2C-1A3 and P2C-1C10.", "line": 92, "relation": "decreases"}
p(FIXME:"P2C-1C10")	decreases	p(COVID:S)	{"annotations": {"Custom_Disease": {"COVID-19": true}, "PublicationStatus": {"Preprint": true}, "PublicationType": {"Research": true}, "Section": {"Results": true}, "Species": {"9606": true}}, "citation": {"db": "DOI", "db_id": "10.1101/2020.03.21.990770"}, "evidence": "P2C-1F11 and P2B-2F6 were the most potent, followed by P2C-1A3 and P2C-1C10.", "line": 93, "relation": "decreases"}
p(FIXME:"P2C-1F11")	decreases	complex(p(HGNC:ACE2), p(NCBIGENE:43740568, frag("?")))	{"annotations": {"Custom_Disease": {"COVID-19": true}, "PublicationStatus": {"Preprint": true}, "PublicationType": {"Research": true}, "Section": {"Results": true}, "Species": {"9606": true}}, "citation": {"db": "DOI", "db_id": "10.1101/2020.03.21.990770"}, "evidence": "The most powerful were P2C-1F11 and P2B-2F6, which reduced ACE2 binding about 99.2% and 98.5%, respectively.", "line": 82, "relation": "decreases"}
p(FIXME:"P2C-1F11")	decreases	p(COVID:S)	{"annotations": {"Custom_Disease": {"COVID-19": true}, "PublicationStatus": {"Preprint": true}, "PublicationType": {"Research": true}, "Section": {"Results": true}, "Species": {"9606": true}}, "citation": {"db": "DOI", "db_id": "10.1101/2020.03.21.990770"}, "evidence": "P2C-1F11 and P2B-2F6 were the most potent, followed by P2C-1A3 and P2C-1C10.", "line": 90, "relation": "decreases"}
