a(CHEBI:diltiazem)	partOf	composite(a(CHEBI:diltiazem), a(PUBCHEM:121304016))	{"relation": "partOf"}
a(CHEBI:diltiazem)	isA	a(CHEBI:"calcium channel blocker")	{"annotations": {"PublicationStatus": {"Preprint": true}, "PublicationType": {"Research": true}, "Section": {"Full Text": true}, "Species": {"9606": true}}, "citation": {"db": "DOI", "db_id": "10.1101/2020.03.31.017889"}, "evidence": "Diltiazem is a voltage gated Ca 2+ channel antagonist currently used as anti-hypertensive for the control of angina pectoris and cardiac arrhythmia (26), which we have recently repurposed as an effective host-directed influenza inhibitor due to its so far undescribed capacity of inducing the interferon (IFN) antiviral response, particularly type III IFNs (Fig. S2) (8).", "line": 135, "relation": "isA"}
a(CHEBI:diltiazem)	isA	a(CHEBI:"antihypertensive agent")	{"annotations": {"PublicationStatus": {"Preprint": true}, "PublicationType": {"Research": true}, "Section": {"Full Text": true}, "Species": {"9606": true}}, "citation": {"db": "DOI", "db_id": "10.1101/2020.03.31.017889"}, "evidence": "Diltiazem is a voltage gated Ca 2+ channel antagonist currently used as anti-hypertensive for the control of angina pectoris and cardiac arrhythmia (26), which we have recently repurposed as an effective host-directed influenza inhibitor due to its so far undescribed capacity of inducing the interferon (IFN) antiviral response, particularly type III IFNs (Fig. S2) (8).", "line": 136, "relation": "isA"}
a(CHEBI:diltiazem)	decreases	path(MESH:"Angina Pectoris")	{"annotations": {"PublicationStatus": {"Preprint": true}, "PublicationType": {"Research": true}, "Section": {"Full Text": true}, "Species": {"9606": true}}, "citation": {"db": "DOI", "db_id": "10.1101/2020.03.31.017889"}, "evidence": "Diltiazem is a voltage gated Ca 2+ channel antagonist currently used as anti-hypertensive for the control of angina pectoris and cardiac arrhythmia (26), which we have recently repurposed as an effective host-directed influenza inhibitor due to its so far undescribed capacity of inducing the interferon (IFN) antiviral response, particularly type III IFNs (Fig. S2) (8).", "line": 137, "relation": "decreases"}
a(CHEBI:diltiazem)	decreases	path(MESH:"Arrhythmias, Cardiac")	{"annotations": {"PublicationStatus": {"Preprint": true}, "PublicationType": {"Research": true}, "Section": {"Full Text": true}, "Species": {"9606": true}}, "citation": {"db": "DOI", "db_id": "10.1101/2020.03.31.017889"}, "evidence": "Diltiazem is a voltage gated Ca 2+ channel antagonist currently used as anti-hypertensive for the control of angina pectoris and cardiac arrhythmia (26), which we have recently repurposed as an effective host-directed influenza inhibitor due to its so far undescribed capacity of inducing the interferon (IFN) antiviral response, particularly type III IFNs (Fig. S2) (8).", "line": 138, "relation": "decreases"}
a(CHEBI:diltiazem)	increases	p(HGNC:IFNB1)	{"annotations": {"PublicationStatus": {"Preprint": true}, "PublicationType": {"Research": true}, "Section": {"Full Text": true}, "Species": {"9606": true}}, "citation": {"db": "DOI", "db_id": "10.1101/2020.03.31.017889"}, "evidence": "Diltiazem is a voltage gated Ca 2+ channel antagonist currently used as anti-hypertensive for the control of angina pectoris and cardiac arrhythmia (26), which we have recently repurposed as an effective host-directed influenza inhibitor due to its so far undescribed capacity of inducing the interferon (IFN) antiviral response, particularly type III IFNs (Fig. S2) (8).", "line": 139, "relation": "increases"}
a(CHEBI:diltiazem)	increases	p(HGNC:IFNL1)	{"annotations": {"PublicationStatus": {"Preprint": true}, "PublicationType": {"Research": true}, "Section": {"Full Text": true}, "Species": {"9606": true}}, "citation": {"db": "DOI", "db_id": "10.1101/2020.03.31.017889"}, "evidence": "Diltiazem is a voltage gated Ca 2+ channel antagonist currently used as anti-hypertensive for the control of angina pectoris and cardiac arrhythmia (26), which we have recently repurposed as an effective host-directed influenza inhibitor due to its so far undescribed capacity of inducing the interferon (IFN) antiviral response, particularly type III IFNs (Fig. S2) (8).", "line": 140, "relation": "increases"}
a(CHEBI:diltiazem)	increases	p(HGNC:IFNL2)	{"annotations": {"PublicationStatus": {"Preprint": true}, "PublicationType": {"Research": true}, "Section": {"Full Text": true}, "Species": {"9606": true}}, "citation": {"db": "DOI", "db_id": "10.1101/2020.03.31.017889"}, "evidence": "Diltiazem is a voltage gated Ca 2+ channel antagonist currently used as anti-hypertensive for the control of angina pectoris and cardiac arrhythmia (26), which we have recently repurposed as an effective host-directed influenza inhibitor due to its so far undescribed capacity of inducing the interferon (IFN) antiviral response, particularly type III IFNs (Fig. S2) (8).", "line": 141, "relation": "increases"}
a(CHEBI:diltiazem)	increases	p(HGNC:IFNL3)	{"annotations": {"PublicationStatus": {"Preprint": true}, "PublicationType": {"Research": true}, "Section": {"Full Text": true}, "Species": {"9606": true}}, "citation": {"db": "DOI", "db_id": "10.1101/2020.03.31.017889"}, "evidence": "Diltiazem is a voltage gated Ca 2+ channel antagonist currently used as anti-hypertensive for the control of angina pectoris and cardiac arrhythmia (26), which we have recently repurposed as an effective host-directed influenza inhibitor due to its so far undescribed capacity of inducing the interferon (IFN) antiviral response, particularly type III IFNs (Fig. S2) (8).", "line": 142, "relation": "increases"}
a(CHEBI:diltiazem)	increases	p(HGNC:IFNL4)	{"annotations": {"PublicationStatus": {"Preprint": true}, "PublicationType": {"Research": true}, "Section": {"Full Text": true}, "Species": {"9606": true}}, "citation": {"db": "DOI", "db_id": "10.1101/2020.03.31.017889"}, "evidence": "Diltiazem is a voltage gated Ca 2+ channel antagonist currently used as anti-hypertensive for the control of angina pectoris and cardiac arrhythmia (26), which we have recently repurposed as an effective host-directed influenza inhibitor due to its so far undescribed capacity of inducing the interferon (IFN) antiviral response, particularly type III IFNs (Fig. S2) (8).", "line": 143, "relation": "increases"}
a(GO:"RNA viral genome")	association	a(TAX:"Severe acute respiratory syndrome coronavirus 2")	{"annotations": {"PublicationStatus": {"Preprint": true}, "PublicationType": {"Research": true}, "Sample": {"basal medium": true}, "Section": {"Full Text": true}, "Species": {"9606": true}, "Timeline": {"48 hours post infection": true}}, "citation": {"db": "DOI", "db_id": "10.1101/2020.03.31.017889"}, "evidence": "Interestingly, viral genome was detected in the basal medium from 48 hpi, with the peak observed at 72 hpi (Fig. 1H) coinciding with the highest impact of SARS-CoV-2 infection on epithelium integrity.", "line": 74, "relation": "association"}
a(PUBCHEM:121304016)	partOf	composite(a(CHEBI:diltiazem), a(PUBCHEM:121304016))	{"relation": "partOf"}
a(PUBCHEM:121304016)	decreases	path(DO:"COVID-19")	{"annotations": {"Custom_CellLine": {"Vero E6 cell": true}, "PublicationStatus": {"Preprint": true}, "PublicationType": {"Research": true}, "Section": {"Full Text": true}, "Species": {"9606": true}}, "citation": {"db": "DOI", "db_id": "10.1101/2020.03.31.017889"}, "evidence": "Figure 4A-C shows a very strong antiviral effect of post-infection treatment with remdesivir in VeroE6 cells, with 50% inhibitory concentration (IC50) values of 0.98 \u00b1 0.07 \u00b5M at 180 48 hpi and 0.72 \u00b1 0.03 \u00b5M at 72 hpi.", "line": 153, "relation": "decreases"}
a(TAX:"Severe acute respiratory syndrome coronavirus 2")	positiveCorrelation	path(DO:"COVID-19")	{"annotations": {"Cell": {"bronchial epithelial cell": true}, "PublicationStatus": {"Preprint": true}, "PublicationType": {"Research": true}, "Section": {"Full Text": true}, "Species": {"9606": true}, "Timeline": {"48-72 hours post infection": true}}, "citation": {"db": "DOI", "db_id": "10.1101/2020.03.31.017889"}, "evidence": "SARS-CoV-2 viral production at the epithelial apical surface increased sharply at 48 hpi, reaching 5.8 and 6.3 log10 TCID50/mL in nasal and bronchial HAE, respectively. The peak of viral replication was reached earlier in bronchial (48-72 hpi) than in nasal HAE, in which a progressive increase in infectious viral titers was observed until at least 96 hpi (Fig. 1D).", "line": 52, "relation": "positiveCorrelation"}
a(TAX:"Severe acute respiratory syndrome coronavirus 2")	association	a(GO:"RNA viral genome")	{"annotations": {"PublicationStatus": {"Preprint": true}, "PublicationType": {"Research": true}, "Sample": {"basal medium": true}, "Section": {"Full Text": true}, "Species": {"9606": true}, "Timeline": {"48 hours post infection": true}}, "citation": {"db": "DOI", "db_id": "10.1101/2020.03.31.017889"}, "evidence": "Interestingly, viral genome was detected in the basal medium from 48 hpi, with the peak observed at 72 hpi (Fig. 1H) coinciding with the highest impact of SARS-CoV-2 infection on epithelium integrity.", "line": 74, "relation": "association"}
a(TAX:"Severe acute respiratory syndrome coronavirus 2")	association	bp(MESH:"Virus Replication")	{"annotations": {"Cell": {"bronchial epithelial cell": true, "nasopharyngeal epithelial cell": true}, "PublicationStatus": {"Preprint": true}, "PublicationType": {"Research": true}, "Section": {"Full Text": true}, "Species": {"9606": true}, "Timeline": {"48 hours post infection": true}}, "citation": {"db": "DOI", "db_id": "10.1101/2020.03.31.017889"}, "evidence": "At 48 hpi, both HAE exhibited a well-established infection, with ciliated, goblet and to a lesser extent basal cells showing active production of viral progeny.", "line": 84, "relation": "association"}
bp(MESH:"Virus Replication")	association	a(TAX:"Severe acute respiratory syndrome coronavirus 2")	{"annotations": {"Cell": {"bronchial epithelial cell": true, "nasopharyngeal epithelial cell": true}, "PublicationStatus": {"Preprint": true}, "PublicationType": {"Research": true}, "Section": {"Full Text": true}, "Species": {"9606": true}, "Timeline": {"48 hours post infection": true}}, "citation": {"db": "DOI", "db_id": "10.1101/2020.03.31.017889"}, "evidence": "At 48 hpi, both HAE exhibited a well-established infection, with ciliated, goblet and to a lesser extent basal cells showing active production of viral progeny.", "line": 84, "relation": "association"}
composite(a(CHEBI:diltiazem), a(PUBCHEM:121304016))	decreases	path(DO:"COVID-19")	{"annotations": {"PublicationStatus": {"Preprint": true}, "PublicationType": {"Research": true}, "Section": {"Full Text": true}, "Species": {"9606": true}}, "citation": {"db": "DOI", "db_id": "10.1101/2020.03.31.017889"}, "evidence": "Nonetheless, addition of 11.5 \u00b5M diltiazem significantly potentiated the antiviral effect of remdesivir (Fig. 4A-C), inducing 68% and 50% reductions in remdesivir IC50 values at 48 and 72 hpi, respectively.", "line": 158, "relation": "decreases"}
composite(a(CHEBI:diltiazem), a(PUBCHEM:121304016))	decreases	path(DO:"COVID-19")	{"annotations": {"Cell": {"nasopharyngeal epithelial cell": true}, "PublicationStatus": {"Preprint": true}, "PublicationType": {"Research": true}, "Section": {"Full Text": true}, "Species": {"9606": true}}, "citation": {"db": "DOI", "db_id": "10.1101/2020.03.31.017889"}, "evidence": "In all cases, the antiviral effects induced by remdesivir, diltiazem or the remdesivir-diltiazem combination translated into a protection of the nasal but not the bronchial HAE barrier integrity, preventing the drop on TEER values induced by the infection (Fig. 4D, lower panel). Importantly, remdesivir also showed a strong antiviral effect at 72 hpi (Fig. 4E, upper panel).", "line": 169, "relation": "decreases"}
composite(a(CHEBI:diltiazem), a(PUBCHEM:121304016))	decreases	a(TAX:"Severe acute respiratory syndrome coronavirus 2")	{"annotations": {"Cell": {"nasopharyngeal epithelial cell": true}, "PublicationStatus": {"Preprint": true}, "PublicationType": {"Research": true}, "Section": {"Full Text": true}, "Species": {"9606": true}}, "citation": {"db": "DOI", "db_id": "10.1101/2020.03.31.017889"}, "evidence": "On top of that, we observed an additional 1.3 log10 reduction in nasal HAE viral titers for the remdesivir-diltiazem combination when compared with remdesivir monotherapy.", "line": 163, "relation": "decreases"}
p(HGNC:IFNB1)	negativeCorrelation	path(DO:"COVID-19")	{"annotations": {"PublicationStatus": {"Preprint": true}, "PublicationType": {"Research": true}, "Section": {"Full Text": true}, "Species": {"9606": true}}, "citation": {"db": "DOI", "db_id": "10.1101/2020.03.31.017889"}, "evidence": "Diltiazem is a voltage gated Ca 2+ channel antagonist currently used as anti-hypertensive for the control of angina pectoris and cardiac arrhythmia (26), which we have recently repurposed as an effective host-directed influenza inhibitor due to its so far undescribed capacity of inducing the interferon (IFN) antiviral response, particularly type III IFNs (Fig. S2) (8).", "line": 144, "relation": "negativeCorrelation"}
p(HGNC:IFNL1)	negativeCorrelation	path(DO:"COVID-19")	{"annotations": {"PublicationStatus": {"Preprint": true}, "PublicationType": {"Research": true}, "Section": {"Full Text": true}, "Species": {"9606": true}}, "citation": {"db": "DOI", "db_id": "10.1101/2020.03.31.017889"}, "evidence": "Diltiazem is a voltage gated Ca 2+ channel antagonist currently used as anti-hypertensive for the control of angina pectoris and cardiac arrhythmia (26), which we have recently repurposed as an effective host-directed influenza inhibitor due to its so far undescribed capacity of inducing the interferon (IFN) antiviral response, particularly type III IFNs (Fig. S2) (8).", "line": 145, "relation": "negativeCorrelation"}
p(HGNC:IFNL2)	negativeCorrelation	path(DO:"COVID-19")	{"annotations": {"PublicationStatus": {"Preprint": true}, "PublicationType": {"Research": true}, "Section": {"Full Text": true}, "Species": {"9606": true}}, "citation": {"db": "DOI", "db_id": "10.1101/2020.03.31.017889"}, "evidence": "Diltiazem is a voltage gated Ca 2+ channel antagonist currently used as anti-hypertensive for the control of angina pectoris and cardiac arrhythmia (26), which we have recently repurposed as an effective host-directed influenza inhibitor due to its so far undescribed capacity of inducing the interferon (IFN) antiviral response, particularly type III IFNs (Fig. S2) (8).", "line": 146, "relation": "negativeCorrelation"}
p(HGNC:IFNL3)	negativeCorrelation	path(DO:"COVID-19")	{"annotations": {"PublicationStatus": {"Preprint": true}, "PublicationType": {"Research": true}, "Section": {"Full Text": true}, "Species": {"9606": true}}, "citation": {"db": "DOI", "db_id": "10.1101/2020.03.31.017889"}, "evidence": "Diltiazem is a voltage gated Ca 2+ channel antagonist currently used as anti-hypertensive for the control of angina pectoris and cardiac arrhythmia (26), which we have recently repurposed as an effective host-directed influenza inhibitor due to its so far undescribed capacity of inducing the interferon (IFN) antiviral response, particularly type III IFNs (Fig. S2) (8).", "line": 147, "relation": "negativeCorrelation"}
p(HGNC:IFNL4)	negativeCorrelation	path(DO:"COVID-19")	{"annotations": {"PublicationStatus": {"Preprint": true}, "PublicationType": {"Research": true}, "Section": {"Full Text": true}, "Species": {"9606": true}}, "citation": {"db": "DOI", "db_id": "10.1101/2020.03.31.017889"}, "evidence": "Diltiazem is a voltage gated Ca 2+ channel antagonist currently used as anti-hypertensive for the control of angina pectoris and cardiac arrhythmia (26), which we have recently repurposed as an effective host-directed influenza inhibitor due to its so far undescribed capacity of inducing the interferon (IFN) antiviral response, particularly type III IFNs (Fig. S2) (8).", "line": 148, "relation": "negativeCorrelation"}
path(DO:"COVID-19")	positiveCorrelation	a(TAX:"Severe acute respiratory syndrome coronavirus 2")	{"annotations": {"Cell": {"bronchial epithelial cell": true}, "PublicationStatus": {"Preprint": true}, "PublicationType": {"Research": true}, "Section": {"Full Text": true}, "Species": {"9606": true}, "Timeline": {"48-72 hours post infection": true}}, "citation": {"db": "DOI", "db_id": "10.1101/2020.03.31.017889"}, "evidence": "SARS-CoV-2 viral production at the epithelial apical surface increased sharply at 48 hpi, reaching 5.8 and 6.3 log10 TCID50/mL in nasal and bronchial HAE, respectively. The peak of viral replication was reached earlier in bronchial (48-72 hpi) than in nasal HAE, in which a progressive increase in infectious viral titers was observed until at least 96 hpi (Fig. 1D).", "line": 52, "relation": "positiveCorrelation"}
path(DO:"COVID-19")	decreases	bp(GO:"epithelial structure maintenance")	{"annotations": {"Cell": {"bronchial epithelial cell": true, "nasopharyngeal epithelial cell": true}, "PublicationStatus": {"Preprint": true}, "PublicationType": {"Research": true}, "Section": {"Full Text": true}, "Species": {"9606": true}, "Timeline": {"48 hours post infection": true}}, "citation": {"db": "DOI", "db_id": "10.1101/2020.03.31.017889"}, "evidence": "High viral replication correlated with a reduction in epithelium integrity at 48 hpi, reflected by more than 2.8- and 4-fold decreases in bronchial and nasal HAE TEER values, respectively, followed by a partial recovery in the case of bronchial HAE (Fig. 1E).", "line": 65, "relation": "decreases"}
path(DO:"COVID-19")	increases	a(GO:"RNA viral genome")	{"annotations": {"PublicationStatus": {"Preprint": true}, "PublicationType": {"Research": true}, "Sample": {"basal medium": true}, "Section": {"Full Text": true}, "Species": {"9606": true}, "Timeline": {"48 hours post infection": true}}, "citation": {"db": "DOI", "db_id": "10.1101/2020.03.31.017889"}, "evidence": "Interestingly, viral genome was detected in the basal medium from 48 hpi, with the peak observed at 72 hpi (Fig. 1H) coinciding with the highest impact of SARS-CoV-2 infection on epithelium integrity.", "line": 73, "relation": "increases"}
path(DO:"COVID-19")	increases	path(HP:"ciliated cell")	{"annotations": {"Cell": {"bronchial epithelial cell": true, "nasopharyngeal epithelial cell": true}, "PublicationStatus": {"Preprint": true}, "PublicationType": {"Research": true}, "Section": {"Full Text": true}, "Species": {"9606": true}, "Timeline": {"48 hours post infection": true}}, "citation": {"db": "DOI", "db_id": "10.1101/2020.03.31.017889"}, "evidence": "At 48 hpi, both HAE exhibited a well-established infection, with ciliated, goblet and to a lesser extent basal cells showing active production of viral progeny.", "line": 82, "relation": "increases"}
path(DO:"COVID-19")	increases	bp(MESH:"Virus Replication")	{"annotations": {"Cell": {"bronchial epithelial cell": true, "nasopharyngeal epithelial cell": true}, "PublicationStatus": {"Preprint": true}, "PublicationType": {"Research": true}, "Section": {"Full Text": true}, "Species": {"9606": true}, "Timeline": {"48 hours post infection": true}}, "citation": {"db": "DOI", "db_id": "10.1101/2020.03.31.017889"}, "evidence": "At 48 hpi, both HAE exhibited a well-established infection, with ciliated, goblet and to a lesser extent basal cells showing active production of viral progeny.", "line": 83, "relation": "increases"}
path(DO:"COVID-19")	increases	bp(MESH:"Virus Replication")	{"annotations": {"PublicationStatus": {"Preprint": true}, "PublicationType": {"Research": true}, "Section": {"Full Text": true}, "Species": {"9606": true}, "Timeline": {"48 hours post infection": true}}, "citation": {"db": "DOI", "db_id": "10.1101/2020.03.31.017889"}, "evidence": "Large electron-dense structures corresponding to the accumulation of viral material in active virus replication zones as well as typical double-membrane spherules containing pieces of membranes interspaced among virions being formed were also observed at 48 hpi (Fig. 2B, D).", "line": 91, "relation": "increases"}
path(DO:"COVID-19")	increases	a(GO:"double membrane vesicle viral factory")	{"annotations": {"PublicationStatus": {"Preprint": true}, "PublicationType": {"Research": true}, "Section": {"Full Text": true}, "Species": {"9606": true}, "Timeline": {"48 hours post infection": true}}, "citation": {"db": "DOI", "db_id": "10.1101/2020.03.31.017889"}, "evidence": "Large electron-dense structures corresponding to the accumulation of viral material in active virus replication zones as well as typical double-membrane spherules containing pieces of membranes interspaced among virions being formed were also observed at 48 hpi (Fig. 2B, D).", "line": 92, "relation": "increases"}
path(DO:"COVID-19")	positiveCorrelation	r(HGNC:IFNB1)	{"annotations": {"Cell": {"nasopharyngeal epithelial cell": true}, "PublicationStatus": {"Preprint": true}, "PublicationType": {"Research": true}, "Section": {"Full Text": true}, "Species": {"9606": true}, "Timeline": {"24 hours post infection": true}}, "citation": {"db": "DOI", "db_id": "10.1101/2020.03.31.017889"}, "evidence": "In the nasal HAE, the response after 24 hpi (peak at 72-96 hpi) is driven by a strong upregulation of type I and type III IFNs (IFNB1, IFNL1, IFNL2-3-4) as well as other immunity-related genes. Whereas only a subset of these genes (CXCL10/IP10, CXCL2/MIP2A, IL1A, IL1B, Mx1 and ZBP1) follow the same pattern in the bronchial HAE, though at overall lower expression levels, the initial modulation of IFNB1, IFNL1, CCL2/MCP1 and IL6 in this tissue seems to fade at 96 hpi.", "line": 99, "relation": "positiveCorrelation"}
path(DO:"COVID-19")	negativeCorrelation	r(HGNC:IFNB1)	{"annotations": {"Cell": {"bronchial epithelial cell": true}, "PublicationStatus": {"Preprint": true}, "PublicationType": {"Research": true}, "Section": {"Full Text": true}, "Species": {"9606": true}, "Timeline": {"96 hours post infection": true}}, "citation": {"db": "DOI", "db_id": "10.1101/2020.03.31.017889"}, "evidence": "In the nasal HAE, the response after 24 hpi (peak at 72-96 hpi) is driven by a strong upregulation of type I and type III IFNs (IFNB1, IFNL1, IFNL2-3-4) as well as other immunity-related genes. Whereas only a subset of these genes (CXCL10/IP10, CXCL2/MIP2A, IL1A, IL1B, Mx1 and ZBP1) follow the same pattern in the bronchial HAE, though at overall lower expression levels, the initial modulation of IFNB1, IFNL1, CCL2/MCP1 and IL6 in this tissue seems to fade at 96 hpi.", "line": 114, "relation": "negativeCorrelation"}
path(DO:"COVID-19")	positiveCorrelation	r(HGNC:IFNL1)	{"annotations": {"Cell": {"nasopharyngeal epithelial cell": true}, "PublicationStatus": {"Preprint": true}, "PublicationType": {"Research": true}, "Section": {"Full Text": true}, "Species": {"9606": true}, "Timeline": {"24 hours post infection": true}}, "citation": {"db": "DOI", "db_id": "10.1101/2020.03.31.017889"}, "evidence": "In the nasal HAE, the response after 24 hpi (peak at 72-96 hpi) is driven by a strong upregulation of type I and type III IFNs (IFNB1, IFNL1, IFNL2-3-4) as well as other immunity-related genes. Whereas only a subset of these genes (CXCL10/IP10, CXCL2/MIP2A, IL1A, IL1B, Mx1 and ZBP1) follow the same pattern in the bronchial HAE, though at overall lower expression levels, the initial modulation of IFNB1, IFNL1, CCL2/MCP1 and IL6 in this tissue seems to fade at 96 hpi.", "line": 100, "relation": "positiveCorrelation"}
path(DO:"COVID-19")	negativeCorrelation	r(HGNC:IFNL1)	{"annotations": {"Cell": {"bronchial epithelial cell": true}, "PublicationStatus": {"Preprint": true}, "PublicationType": {"Research": true}, "Section": {"Full Text": true}, "Species": {"9606": true}, "Timeline": {"96 hours post infection": true}}, "citation": {"db": "DOI", "db_id": "10.1101/2020.03.31.017889"}, "evidence": "In the nasal HAE, the response after 24 hpi (peak at 72-96 hpi) is driven by a strong upregulation of type I and type III IFNs (IFNB1, IFNL1, IFNL2-3-4) as well as other immunity-related genes. Whereas only a subset of these genes (CXCL10/IP10, CXCL2/MIP2A, IL1A, IL1B, Mx1 and ZBP1) follow the same pattern in the bronchial HAE, though at overall lower expression levels, the initial modulation of IFNB1, IFNL1, CCL2/MCP1 and IL6 in this tissue seems to fade at 96 hpi.", "line": 115, "relation": "negativeCorrelation"}
path(DO:"COVID-19")	positiveCorrelation	r(HGNC:IFNL2)	{"annotations": {"Cell": {"nasopharyngeal epithelial cell": true}, "PublicationStatus": {"Preprint": true}, "PublicationType": {"Research": true}, "Section": {"Full Text": true}, "Species": {"9606": true}, "Timeline": {"24 hours post infection": true}}, "citation": {"db": "DOI", "db_id": "10.1101/2020.03.31.017889"}, "evidence": "In the nasal HAE, the response after 24 hpi (peak at 72-96 hpi) is driven by a strong upregulation of type I and type III IFNs (IFNB1, IFNL1, IFNL2-3-4) as well as other immunity-related genes. Whereas only a subset of these genes (CXCL10/IP10, CXCL2/MIP2A, IL1A, IL1B, Mx1 and ZBP1) follow the same pattern in the bronchial HAE, though at overall lower expression levels, the initial modulation of IFNB1, IFNL1, CCL2/MCP1 and IL6 in this tissue seems to fade at 96 hpi.", "line": 101, "relation": "positiveCorrelation"}
path(DO:"COVID-19")	positiveCorrelation	r(HGNC:IFNL3)	{"annotations": {"Cell": {"nasopharyngeal epithelial cell": true}, "PublicationStatus": {"Preprint": true}, "PublicationType": {"Research": true}, "Section": {"Full Text": true}, "Species": {"9606": true}, "Timeline": {"24 hours post infection": true}}, "citation": {"db": "DOI", "db_id": "10.1101/2020.03.31.017889"}, "evidence": "In the nasal HAE, the response after 24 hpi (peak at 72-96 hpi) is driven by a strong upregulation of type I and type III IFNs (IFNB1, IFNL1, IFNL2-3-4) as well as other immunity-related genes. Whereas only a subset of these genes (CXCL10/IP10, CXCL2/MIP2A, IL1A, IL1B, Mx1 and ZBP1) follow the same pattern in the bronchial HAE, though at overall lower expression levels, the initial modulation of IFNB1, IFNL1, CCL2/MCP1 and IL6 in this tissue seems to fade at 96 hpi.", "line": 102, "relation": "positiveCorrelation"}
path(DO:"COVID-19")	positiveCorrelation	r(HGNC:IFNL4)	{"annotations": {"Cell": {"nasopharyngeal epithelial cell": true}, "PublicationStatus": {"Preprint": true}, "PublicationType": {"Research": true}, "Section": {"Full Text": true}, "Species": {"9606": true}, "Timeline": {"24 hours post infection": true}}, "citation": {"db": "DOI", "db_id": "10.1101/2020.03.31.017889"}, "evidence": "In the nasal HAE, the response after 24 hpi (peak at 72-96 hpi) is driven by a strong upregulation of type I and type III IFNs (IFNB1, IFNL1, IFNL2-3-4) as well as other immunity-related genes. Whereas only a subset of these genes (CXCL10/IP10, CXCL2/MIP2A, IL1A, IL1B, Mx1 and ZBP1) follow the same pattern in the bronchial HAE, though at overall lower expression levels, the initial modulation of IFNB1, IFNL1, CCL2/MCP1 and IL6 in this tissue seems to fade at 96 hpi.", "line": 103, "relation": "positiveCorrelation"}
path(DO:"COVID-19")	positiveCorrelation	r(HGNC:CXCL10)	{"annotations": {"Cell": {"bronchial epithelial cell": true}, "PublicationStatus": {"Preprint": true}, "PublicationType": {"Research": true}, "Section": {"Full Text": true}, "Species": {"9606": true}, "Timeline": {"24 hours post infection": true}}, "citation": {"db": "DOI", "db_id": "10.1101/2020.03.31.017889"}, "evidence": "In the nasal HAE, the response after 24 hpi (peak at 72-96 hpi) is driven by a strong upregulation of type I and type III IFNs (IFNB1, IFNL1, IFNL2-3-4) as well as other immunity-related genes. Whereas only a subset of these genes (CXCL10/IP10, CXCL2/MIP2A, IL1A, IL1B, Mx1 and ZBP1) follow the same pattern in the bronchial HAE, though at overall lower expression levels, the initial modulation of IFNB1, IFNL1, CCL2/MCP1 and IL6 in this tissue seems to fade at 96 hpi.", "line": 106, "relation": "positiveCorrelation"}
path(DO:"COVID-19")	positiveCorrelation	r(HGNC:CXCL2)	{"annotations": {"Cell": {"bronchial epithelial cell": true}, "PublicationStatus": {"Preprint": true}, "PublicationType": {"Research": true}, "Section": {"Full Text": true}, "Species": {"9606": true}, "Timeline": {"24 hours post infection": true}}, "citation": {"db": "DOI", "db_id": "10.1101/2020.03.31.017889"}, "evidence": "In the nasal HAE, the response after 24 hpi (peak at 72-96 hpi) is driven by a strong upregulation of type I and type III IFNs (IFNB1, IFNL1, IFNL2-3-4) as well as other immunity-related genes. Whereas only a subset of these genes (CXCL10/IP10, CXCL2/MIP2A, IL1A, IL1B, Mx1 and ZBP1) follow the same pattern in the bronchial HAE, though at overall lower expression levels, the initial modulation of IFNB1, IFNL1, CCL2/MCP1 and IL6 in this tissue seems to fade at 96 hpi.", "line": 107, "relation": "positiveCorrelation"}
path(DO:"COVID-19")	positiveCorrelation	r(HGNC:IL1A)	{"annotations": {"Cell": {"bronchial epithelial cell": true}, "PublicationStatus": {"Preprint": true}, "PublicationType": {"Research": true}, "Section": {"Full Text": true}, "Species": {"9606": true}, "Timeline": {"24 hours post infection": true}}, "citation": {"db": "DOI", "db_id": "10.1101/2020.03.31.017889"}, "evidence": "In the nasal HAE, the response after 24 hpi (peak at 72-96 hpi) is driven by a strong upregulation of type I and type III IFNs (IFNB1, IFNL1, IFNL2-3-4) as well as other immunity-related genes. Whereas only a subset of these genes (CXCL10/IP10, CXCL2/MIP2A, IL1A, IL1B, Mx1 and ZBP1) follow the same pattern in the bronchial HAE, though at overall lower expression levels, the initial modulation of IFNB1, IFNL1, CCL2/MCP1 and IL6 in this tissue seems to fade at 96 hpi.", "line": 108, "relation": "positiveCorrelation"}
path(DO:"COVID-19")	positiveCorrelation	r(HGNC:IL1B)	{"annotations": {"Cell": {"bronchial epithelial cell": true}, "PublicationStatus": {"Preprint": true}, "PublicationType": {"Research": true}, "Section": {"Full Text": true}, "Species": {"9606": true}, "Timeline": {"24 hours post infection": true}}, "citation": {"db": "DOI", "db_id": "10.1101/2020.03.31.017889"}, "evidence": "In the nasal HAE, the response after 24 hpi (peak at 72-96 hpi) is driven by a strong upregulation of type I and type III IFNs (IFNB1, IFNL1, IFNL2-3-4) as well as other immunity-related genes. Whereas only a subset of these genes (CXCL10/IP10, CXCL2/MIP2A, IL1A, IL1B, Mx1 and ZBP1) follow the same pattern in the bronchial HAE, though at overall lower expression levels, the initial modulation of IFNB1, IFNL1, CCL2/MCP1 and IL6 in this tissue seems to fade at 96 hpi.", "line": 109, "relation": "positiveCorrelation"}
path(DO:"COVID-19")	positiveCorrelation	r(HGNC:MX1)	{"annotations": {"Cell": {"bronchial epithelial cell": true}, "PublicationStatus": {"Preprint": true}, "PublicationType": {"Research": true}, "Section": {"Full Text": true}, "Species": {"9606": true}, "Timeline": {"24 hours post infection": true}}, "citation": {"db": "DOI", "db_id": "10.1101/2020.03.31.017889"}, "evidence": "In the nasal HAE, the response after 24 hpi (peak at 72-96 hpi) is driven by a strong upregulation of type I and type III IFNs (IFNB1, IFNL1, IFNL2-3-4) as well as other immunity-related genes. Whereas only a subset of these genes (CXCL10/IP10, CXCL2/MIP2A, IL1A, IL1B, Mx1 and ZBP1) follow the same pattern in the bronchial HAE, though at overall lower expression levels, the initial modulation of IFNB1, IFNL1, CCL2/MCP1 and IL6 in this tissue seems to fade at 96 hpi.", "line": 110, "relation": "positiveCorrelation"}
path(DO:"COVID-19")	positiveCorrelation	r(HGNC:ZBP1)	{"annotations": {"Cell": {"bronchial epithelial cell": true}, "PublicationStatus": {"Preprint": true}, "PublicationType": {"Research": true}, "Section": {"Full Text": true}, "Species": {"9606": true}, "Timeline": {"24 hours post infection": true}}, "citation": {"db": "DOI", "db_id": "10.1101/2020.03.31.017889"}, "evidence": "In the nasal HAE, the response after 24 hpi (peak at 72-96 hpi) is driven by a strong upregulation of type I and type III IFNs (IFNB1, IFNL1, IFNL2-3-4) as well as other immunity-related genes. Whereas only a subset of these genes (CXCL10/IP10, CXCL2/MIP2A, IL1A, IL1B, Mx1 and ZBP1) follow the same pattern in the bronchial HAE, though at overall lower expression levels, the initial modulation of IFNB1, IFNL1, CCL2/MCP1 and IL6 in this tissue seems to fade at 96 hpi.", "line": 111, "relation": "positiveCorrelation"}
path(DO:"COVID-19")	negativeCorrelation	r(HGNC:CCL2)	{"annotations": {"Cell": {"bronchial epithelial cell": true}, "PublicationStatus": {"Preprint": true}, "PublicationType": {"Research": true}, "Section": {"Full Text": true}, "Species": {"9606": true}, "Timeline": {"96 hours post infection": true}}, "citation": {"db": "DOI", "db_id": "10.1101/2020.03.31.017889"}, "evidence": "In the nasal HAE, the response after 24 hpi (peak at 72-96 hpi) is driven by a strong upregulation of type I and type III IFNs (IFNB1, IFNL1, IFNL2-3-4) as well as other immunity-related genes. Whereas only a subset of these genes (CXCL10/IP10, CXCL2/MIP2A, IL1A, IL1B, Mx1 and ZBP1) follow the same pattern in the bronchial HAE, though at overall lower expression levels, the initial modulation of IFNB1, IFNL1, CCL2/MCP1 and IL6 in this tissue seems to fade at 96 hpi.", "line": 116, "relation": "negativeCorrelation"}
path(DO:"COVID-19")	negativeCorrelation	r(HGNC:IL6)	{"annotations": {"Cell": {"bronchial epithelial cell": true}, "PublicationStatus": {"Preprint": true}, "PublicationType": {"Research": true}, "Section": {"Full Text": true}, "Species": {"9606": true}, "Timeline": {"96 hours post infection": true}}, "citation": {"db": "DOI", "db_id": "10.1101/2020.03.31.017889"}, "evidence": "In the nasal HAE, the response after 24 hpi (peak at 72-96 hpi) is driven by a strong upregulation of type I and type III IFNs (IFNB1, IFNL1, IFNL2-3-4) as well as other immunity-related genes. Whereas only a subset of these genes (CXCL10/IP10, CXCL2/MIP2A, IL1A, IL1B, Mx1 and ZBP1) follow the same pattern in the bronchial HAE, though at overall lower expression levels, the initial modulation of IFNB1, IFNL1, CCL2/MCP1 and IL6 in this tissue seems to fade at 96 hpi.", "line": 117, "relation": "negativeCorrelation"}
path(DO:"COVID-19")	positiveCorrelation	r(HGNC:IL18)	{"annotations": {"Cell": {"nasopharyngeal epithelial cell": true}, "PublicationStatus": {"Preprint": true}, "PublicationType": {"Research": true}, "Section": {"Full Text": true}, "Species": {"9606": true}, "Timeline": {"48 hours post infection": true}}, "citation": {"db": "DOI", "db_id": "10.1101/2020.03.31.017889"}, "evidence": "Moreover, the relative expression of a subset of genes associated with the NF-kB and TNF\u03b1 pathways (e.g. IL18, IL18R1, NFKB2, NFKBIA, TNFA, and TNFAIP3) is mostly unchanged all throughout the infection in bronchial HAE but it is highly upregulated in nasal HAE at 48 hpi and onwards (Fig. 3C and Data S1).", "line": 125, "relation": "positiveCorrelation"}
path(DO:"COVID-19")	positiveCorrelation	r(HGNC:IL18R1)	{"annotations": {"Cell": {"nasopharyngeal epithelial cell": true}, "PublicationStatus": {"Preprint": true}, "PublicationType": {"Research": true}, "Section": {"Full Text": true}, "Species": {"9606": true}, "Timeline": {"48 hours post infection": true}}, "citation": {"db": "DOI", "db_id": "10.1101/2020.03.31.017889"}, "evidence": "Moreover, the relative expression of a subset of genes associated with the NF-kB and TNF\u03b1 pathways (e.g. IL18, IL18R1, NFKB2, NFKBIA, TNFA, and TNFAIP3) is mostly unchanged all throughout the infection in bronchial HAE but it is highly upregulated in nasal HAE at 48 hpi and onwards (Fig. 3C and Data S1).", "line": 126, "relation": "positiveCorrelation"}
path(DO:"COVID-19")	positiveCorrelation	r(HGNC:NFKB2)	{"annotations": {"Cell": {"nasopharyngeal epithelial cell": true}, "PublicationStatus": {"Preprint": true}, "PublicationType": {"Research": true}, "Section": {"Full Text": true}, "Species": {"9606": true}, "Timeline": {"48 hours post infection": true}}, "citation": {"db": "DOI", "db_id": "10.1101/2020.03.31.017889"}, "evidence": "Moreover, the relative expression of a subset of genes associated with the NF-kB and TNF\u03b1 pathways (e.g. IL18, IL18R1, NFKB2, NFKBIA, TNFA, and TNFAIP3) is mostly unchanged all throughout the infection in bronchial HAE but it is highly upregulated in nasal HAE at 48 hpi and onwards (Fig. 3C and Data S1).", "line": 127, "relation": "positiveCorrelation"}
path(DO:"COVID-19")	positiveCorrelation	r(HGNC:TNF)	{"annotations": {"Cell": {"nasopharyngeal epithelial cell": true}, "PublicationStatus": {"Preprint": true}, "PublicationType": {"Research": true}, "Section": {"Full Text": true}, "Species": {"9606": true}, "Timeline": {"48 hours post infection": true}}, "citation": {"db": "DOI", "db_id": "10.1101/2020.03.31.017889"}, "evidence": "Moreover, the relative expression of a subset of genes associated with the NF-kB and TNF\u03b1 pathways (e.g. IL18, IL18R1, NFKB2, NFKBIA, TNFA, and TNFAIP3) is mostly unchanged all throughout the infection in bronchial HAE but it is highly upregulated in nasal HAE at 48 hpi and onwards (Fig. 3C and Data S1).", "line": 128, "relation": "positiveCorrelation"}
path(DO:"COVID-19")	positiveCorrelation	r(HGNC:TNFAIP3)	{"annotations": {"Cell": {"nasopharyngeal epithelial cell": true}, "PublicationStatus": {"Preprint": true}, "PublicationType": {"Research": true}, "Section": {"Full Text": true}, "Species": {"9606": true}, "Timeline": {"48 hours post infection": true}}, "citation": {"db": "DOI", "db_id": "10.1101/2020.03.31.017889"}, "evidence": "Moreover, the relative expression of a subset of genes associated with the NF-kB and TNF\u03b1 pathways (e.g. IL18, IL18R1, NFKB2, NFKBIA, TNFA, and TNFAIP3) is mostly unchanged all throughout the infection in bronchial HAE but it is highly upregulated in nasal HAE at 48 hpi and onwards (Fig. 3C and Data S1).", "line": 129, "relation": "positiveCorrelation"}
path(DO:"COVID-19")	negativeCorrelation	p(HGNC:IFNB1)	{"annotations": {"PublicationStatus": {"Preprint": true}, "PublicationType": {"Research": true}, "Section": {"Full Text": true}, "Species": {"9606": true}}, "citation": {"db": "DOI", "db_id": "10.1101/2020.03.31.017889"}, "evidence": "Diltiazem is a voltage gated Ca 2+ channel antagonist currently used as anti-hypertensive for the control of angina pectoris and cardiac arrhythmia (26), which we have recently repurposed as an effective host-directed influenza inhibitor due to its so far undescribed capacity of inducing the interferon (IFN) antiviral response, particularly type III IFNs (Fig. S2) (8).", "line": 144, "relation": "negativeCorrelation"}
path(DO:"COVID-19")	negativeCorrelation	p(HGNC:IFNL1)	{"annotations": {"PublicationStatus": {"Preprint": true}, "PublicationType": {"Research": true}, "Section": {"Full Text": true}, "Species": {"9606": true}}, "citation": {"db": "DOI", "db_id": "10.1101/2020.03.31.017889"}, "evidence": "Diltiazem is a voltage gated Ca 2+ channel antagonist currently used as anti-hypertensive for the control of angina pectoris and cardiac arrhythmia (26), which we have recently repurposed as an effective host-directed influenza inhibitor due to its so far undescribed capacity of inducing the interferon (IFN) antiviral response, particularly type III IFNs (Fig. S2) (8).", "line": 145, "relation": "negativeCorrelation"}
path(DO:"COVID-19")	negativeCorrelation	p(HGNC:IFNL2)	{"annotations": {"PublicationStatus": {"Preprint": true}, "PublicationType": {"Research": true}, "Section": {"Full Text": true}, "Species": {"9606": true}}, "citation": {"db": "DOI", "db_id": "10.1101/2020.03.31.017889"}, "evidence": "Diltiazem is a voltage gated Ca 2+ channel antagonist currently used as anti-hypertensive for the control of angina pectoris and cardiac arrhythmia (26), which we have recently repurposed as an effective host-directed influenza inhibitor due to its so far undescribed capacity of inducing the interferon (IFN) antiviral response, particularly type III IFNs (Fig. S2) (8).", "line": 146, "relation": "negativeCorrelation"}
path(DO:"COVID-19")	negativeCorrelation	p(HGNC:IFNL3)	{"annotations": {"PublicationStatus": {"Preprint": true}, "PublicationType": {"Research": true}, "Section": {"Full Text": true}, "Species": {"9606": true}}, "citation": {"db": "DOI", "db_id": "10.1101/2020.03.31.017889"}, "evidence": "Diltiazem is a voltage gated Ca 2+ channel antagonist currently used as anti-hypertensive for the control of angina pectoris and cardiac arrhythmia (26), which we have recently repurposed as an effective host-directed influenza inhibitor due to its so far undescribed capacity of inducing the interferon (IFN) antiviral response, particularly type III IFNs (Fig. S2) (8).", "line": 147, "relation": "negativeCorrelation"}
path(DO:"COVID-19")	negativeCorrelation	p(HGNC:IFNL4)	{"annotations": {"PublicationStatus": {"Preprint": true}, "PublicationType": {"Research": true}, "Section": {"Full Text": true}, "Species": {"9606": true}}, "citation": {"db": "DOI", "db_id": "10.1101/2020.03.31.017889"}, "evidence": "Diltiazem is a voltage gated Ca 2+ channel antagonist currently used as anti-hypertensive for the control of angina pectoris and cardiac arrhythmia (26), which we have recently repurposed as an effective host-directed influenza inhibitor due to its so far undescribed capacity of inducing the interferon (IFN) antiviral response, particularly type III IFNs (Fig. S2) (8).", "line": 148, "relation": "negativeCorrelation"}
r(HGNC:CCL2)	negativeCorrelation	path(DO:"COVID-19")	{"annotations": {"Cell": {"bronchial epithelial cell": true}, "PublicationStatus": {"Preprint": true}, "PublicationType": {"Research": true}, "Section": {"Full Text": true}, "Species": {"9606": true}, "Timeline": {"96 hours post infection": true}}, "citation": {"db": "DOI", "db_id": "10.1101/2020.03.31.017889"}, "evidence": "In the nasal HAE, the response after 24 hpi (peak at 72-96 hpi) is driven by a strong upregulation of type I and type III IFNs (IFNB1, IFNL1, IFNL2-3-4) as well as other immunity-related genes. Whereas only a subset of these genes (CXCL10/IP10, CXCL2/MIP2A, IL1A, IL1B, Mx1 and ZBP1) follow the same pattern in the bronchial HAE, though at overall lower expression levels, the initial modulation of IFNB1, IFNL1, CCL2/MCP1 and IL6 in this tissue seems to fade at 96 hpi.", "line": 116, "relation": "negativeCorrelation"}
r(HGNC:CXCL10)	positiveCorrelation	path(DO:"COVID-19")	{"annotations": {"Cell": {"bronchial epithelial cell": true}, "PublicationStatus": {"Preprint": true}, "PublicationType": {"Research": true}, "Section": {"Full Text": true}, "Species": {"9606": true}, "Timeline": {"24 hours post infection": true}}, "citation": {"db": "DOI", "db_id": "10.1101/2020.03.31.017889"}, "evidence": "In the nasal HAE, the response after 24 hpi (peak at 72-96 hpi) is driven by a strong upregulation of type I and type III IFNs (IFNB1, IFNL1, IFNL2-3-4) as well as other immunity-related genes. Whereas only a subset of these genes (CXCL10/IP10, CXCL2/MIP2A, IL1A, IL1B, Mx1 and ZBP1) follow the same pattern in the bronchial HAE, though at overall lower expression levels, the initial modulation of IFNB1, IFNL1, CCL2/MCP1 and IL6 in this tissue seems to fade at 96 hpi.", "line": 106, "relation": "positiveCorrelation"}
r(HGNC:CXCL2)	positiveCorrelation	path(DO:"COVID-19")	{"annotations": {"Cell": {"bronchial epithelial cell": true}, "PublicationStatus": {"Preprint": true}, "PublicationType": {"Research": true}, "Section": {"Full Text": true}, "Species": {"9606": true}, "Timeline": {"24 hours post infection": true}}, "citation": {"db": "DOI", "db_id": "10.1101/2020.03.31.017889"}, "evidence": "In the nasal HAE, the response after 24 hpi (peak at 72-96 hpi) is driven by a strong upregulation of type I and type III IFNs (IFNB1, IFNL1, IFNL2-3-4) as well as other immunity-related genes. Whereas only a subset of these genes (CXCL10/IP10, CXCL2/MIP2A, IL1A, IL1B, Mx1 and ZBP1) follow the same pattern in the bronchial HAE, though at overall lower expression levels, the initial modulation of IFNB1, IFNL1, CCL2/MCP1 and IL6 in this tissue seems to fade at 96 hpi.", "line": 107, "relation": "positiveCorrelation"}
r(HGNC:IFNB1)	positiveCorrelation	path(DO:"COVID-19")	{"annotations": {"Cell": {"nasopharyngeal epithelial cell": true}, "PublicationStatus": {"Preprint": true}, "PublicationType": {"Research": true}, "Section": {"Full Text": true}, "Species": {"9606": true}, "Timeline": {"24 hours post infection": true}}, "citation": {"db": "DOI", "db_id": "10.1101/2020.03.31.017889"}, "evidence": "In the nasal HAE, the response after 24 hpi (peak at 72-96 hpi) is driven by a strong upregulation of type I and type III IFNs (IFNB1, IFNL1, IFNL2-3-4) as well as other immunity-related genes. Whereas only a subset of these genes (CXCL10/IP10, CXCL2/MIP2A, IL1A, IL1B, Mx1 and ZBP1) follow the same pattern in the bronchial HAE, though at overall lower expression levels, the initial modulation of IFNB1, IFNL1, CCL2/MCP1 and IL6 in this tissue seems to fade at 96 hpi.", "line": 99, "relation": "positiveCorrelation"}
r(HGNC:IFNB1)	negativeCorrelation	path(DO:"COVID-19")	{"annotations": {"Cell": {"bronchial epithelial cell": true}, "PublicationStatus": {"Preprint": true}, "PublicationType": {"Research": true}, "Section": {"Full Text": true}, "Species": {"9606": true}, "Timeline": {"96 hours post infection": true}}, "citation": {"db": "DOI", "db_id": "10.1101/2020.03.31.017889"}, "evidence": "In the nasal HAE, the response after 24 hpi (peak at 72-96 hpi) is driven by a strong upregulation of type I and type III IFNs (IFNB1, IFNL1, IFNL2-3-4) as well as other immunity-related genes. Whereas only a subset of these genes (CXCL10/IP10, CXCL2/MIP2A, IL1A, IL1B, Mx1 and ZBP1) follow the same pattern in the bronchial HAE, though at overall lower expression levels, the initial modulation of IFNB1, IFNL1, CCL2/MCP1 and IL6 in this tissue seems to fade at 96 hpi.", "line": 114, "relation": "negativeCorrelation"}
r(HGNC:IFNL1)	positiveCorrelation	path(DO:"COVID-19")	{"annotations": {"Cell": {"nasopharyngeal epithelial cell": true}, "PublicationStatus": {"Preprint": true}, "PublicationType": {"Research": true}, "Section": {"Full Text": true}, "Species": {"9606": true}, "Timeline": {"24 hours post infection": true}}, "citation": {"db": "DOI", "db_id": "10.1101/2020.03.31.017889"}, "evidence": "In the nasal HAE, the response after 24 hpi (peak at 72-96 hpi) is driven by a strong upregulation of type I and type III IFNs (IFNB1, IFNL1, IFNL2-3-4) as well as other immunity-related genes. Whereas only a subset of these genes (CXCL10/IP10, CXCL2/MIP2A, IL1A, IL1B, Mx1 and ZBP1) follow the same pattern in the bronchial HAE, though at overall lower expression levels, the initial modulation of IFNB1, IFNL1, CCL2/MCP1 and IL6 in this tissue seems to fade at 96 hpi.", "line": 100, "relation": "positiveCorrelation"}
r(HGNC:IFNL1)	negativeCorrelation	path(DO:"COVID-19")	{"annotations": {"Cell": {"bronchial epithelial cell": true}, "PublicationStatus": {"Preprint": true}, "PublicationType": {"Research": true}, "Section": {"Full Text": true}, "Species": {"9606": true}, "Timeline": {"96 hours post infection": true}}, "citation": {"db": "DOI", "db_id": "10.1101/2020.03.31.017889"}, "evidence": "In the nasal HAE, the response after 24 hpi (peak at 72-96 hpi) is driven by a strong upregulation of type I and type III IFNs (IFNB1, IFNL1, IFNL2-3-4) as well as other immunity-related genes. Whereas only a subset of these genes (CXCL10/IP10, CXCL2/MIP2A, IL1A, IL1B, Mx1 and ZBP1) follow the same pattern in the bronchial HAE, though at overall lower expression levels, the initial modulation of IFNB1, IFNL1, CCL2/MCP1 and IL6 in this tissue seems to fade at 96 hpi.", "line": 115, "relation": "negativeCorrelation"}
r(HGNC:IFNL2)	positiveCorrelation	path(DO:"COVID-19")	{"annotations": {"Cell": {"nasopharyngeal epithelial cell": true}, "PublicationStatus": {"Preprint": true}, "PublicationType": {"Research": true}, "Section": {"Full Text": true}, "Species": {"9606": true}, "Timeline": {"24 hours post infection": true}}, "citation": {"db": "DOI", "db_id": "10.1101/2020.03.31.017889"}, "evidence": "In the nasal HAE, the response after 24 hpi (peak at 72-96 hpi) is driven by a strong upregulation of type I and type III IFNs (IFNB1, IFNL1, IFNL2-3-4) as well as other immunity-related genes. Whereas only a subset of these genes (CXCL10/IP10, CXCL2/MIP2A, IL1A, IL1B, Mx1 and ZBP1) follow the same pattern in the bronchial HAE, though at overall lower expression levels, the initial modulation of IFNB1, IFNL1, CCL2/MCP1 and IL6 in this tissue seems to fade at 96 hpi.", "line": 101, "relation": "positiveCorrelation"}
r(HGNC:IFNL3)	positiveCorrelation	path(DO:"COVID-19")	{"annotations": {"Cell": {"nasopharyngeal epithelial cell": true}, "PublicationStatus": {"Preprint": true}, "PublicationType": {"Research": true}, "Section": {"Full Text": true}, "Species": {"9606": true}, "Timeline": {"24 hours post infection": true}}, "citation": {"db": "DOI", "db_id": "10.1101/2020.03.31.017889"}, "evidence": "In the nasal HAE, the response after 24 hpi (peak at 72-96 hpi) is driven by a strong upregulation of type I and type III IFNs (IFNB1, IFNL1, IFNL2-3-4) as well as other immunity-related genes. Whereas only a subset of these genes (CXCL10/IP10, CXCL2/MIP2A, IL1A, IL1B, Mx1 and ZBP1) follow the same pattern in the bronchial HAE, though at overall lower expression levels, the initial modulation of IFNB1, IFNL1, CCL2/MCP1 and IL6 in this tissue seems to fade at 96 hpi.", "line": 102, "relation": "positiveCorrelation"}
r(HGNC:IFNL4)	positiveCorrelation	path(DO:"COVID-19")	{"annotations": {"Cell": {"nasopharyngeal epithelial cell": true}, "PublicationStatus": {"Preprint": true}, "PublicationType": {"Research": true}, "Section": {"Full Text": true}, "Species": {"9606": true}, "Timeline": {"24 hours post infection": true}}, "citation": {"db": "DOI", "db_id": "10.1101/2020.03.31.017889"}, "evidence": "In the nasal HAE, the response after 24 hpi (peak at 72-96 hpi) is driven by a strong upregulation of type I and type III IFNs (IFNB1, IFNL1, IFNL2-3-4) as well as other immunity-related genes. Whereas only a subset of these genes (CXCL10/IP10, CXCL2/MIP2A, IL1A, IL1B, Mx1 and ZBP1) follow the same pattern in the bronchial HAE, though at overall lower expression levels, the initial modulation of IFNB1, IFNL1, CCL2/MCP1 and IL6 in this tissue seems to fade at 96 hpi.", "line": 103, "relation": "positiveCorrelation"}
r(HGNC:IL18)	positiveCorrelation	path(DO:"COVID-19")	{"annotations": {"Cell": {"nasopharyngeal epithelial cell": true}, "PublicationStatus": {"Preprint": true}, "PublicationType": {"Research": true}, "Section": {"Full Text": true}, "Species": {"9606": true}, "Timeline": {"48 hours post infection": true}}, "citation": {"db": "DOI", "db_id": "10.1101/2020.03.31.017889"}, "evidence": "Moreover, the relative expression of a subset of genes associated with the NF-kB and TNF\u03b1 pathways (e.g. IL18, IL18R1, NFKB2, NFKBIA, TNFA, and TNFAIP3) is mostly unchanged all throughout the infection in bronchial HAE but it is highly upregulated in nasal HAE at 48 hpi and onwards (Fig. 3C and Data S1).", "line": 125, "relation": "positiveCorrelation"}
r(HGNC:IL18R1)	positiveCorrelation	path(DO:"COVID-19")	{"annotations": {"Cell": {"nasopharyngeal epithelial cell": true}, "PublicationStatus": {"Preprint": true}, "PublicationType": {"Research": true}, "Section": {"Full Text": true}, "Species": {"9606": true}, "Timeline": {"48 hours post infection": true}}, "citation": {"db": "DOI", "db_id": "10.1101/2020.03.31.017889"}, "evidence": "Moreover, the relative expression of a subset of genes associated with the NF-kB and TNF\u03b1 pathways (e.g. IL18, IL18R1, NFKB2, NFKBIA, TNFA, and TNFAIP3) is mostly unchanged all throughout the infection in bronchial HAE but it is highly upregulated in nasal HAE at 48 hpi and onwards (Fig. 3C and Data S1).", "line": 126, "relation": "positiveCorrelation"}
r(HGNC:IL1A)	positiveCorrelation	path(DO:"COVID-19")	{"annotations": {"Cell": {"bronchial epithelial cell": true}, "PublicationStatus": {"Preprint": true}, "PublicationType": {"Research": true}, "Section": {"Full Text": true}, "Species": {"9606": true}, "Timeline": {"24 hours post infection": true}}, "citation": {"db": "DOI", "db_id": "10.1101/2020.03.31.017889"}, "evidence": "In the nasal HAE, the response after 24 hpi (peak at 72-96 hpi) is driven by a strong upregulation of type I and type III IFNs (IFNB1, IFNL1, IFNL2-3-4) as well as other immunity-related genes. Whereas only a subset of these genes (CXCL10/IP10, CXCL2/MIP2A, IL1A, IL1B, Mx1 and ZBP1) follow the same pattern in the bronchial HAE, though at overall lower expression levels, the initial modulation of IFNB1, IFNL1, CCL2/MCP1 and IL6 in this tissue seems to fade at 96 hpi.", "line": 108, "relation": "positiveCorrelation"}
r(HGNC:IL1B)	positiveCorrelation	path(DO:"COVID-19")	{"annotations": {"Cell": {"bronchial epithelial cell": true}, "PublicationStatus": {"Preprint": true}, "PublicationType": {"Research": true}, "Section": {"Full Text": true}, "Species": {"9606": true}, "Timeline": {"24 hours post infection": true}}, "citation": {"db": "DOI", "db_id": "10.1101/2020.03.31.017889"}, "evidence": "In the nasal HAE, the response after 24 hpi (peak at 72-96 hpi) is driven by a strong upregulation of type I and type III IFNs (IFNB1, IFNL1, IFNL2-3-4) as well as other immunity-related genes. Whereas only a subset of these genes (CXCL10/IP10, CXCL2/MIP2A, IL1A, IL1B, Mx1 and ZBP1) follow the same pattern in the bronchial HAE, though at overall lower expression levels, the initial modulation of IFNB1, IFNL1, CCL2/MCP1 and IL6 in this tissue seems to fade at 96 hpi.", "line": 109, "relation": "positiveCorrelation"}
r(HGNC:IL6)	negativeCorrelation	path(DO:"COVID-19")	{"annotations": {"Cell": {"bronchial epithelial cell": true}, "PublicationStatus": {"Preprint": true}, "PublicationType": {"Research": true}, "Section": {"Full Text": true}, "Species": {"9606": true}, "Timeline": {"96 hours post infection": true}}, "citation": {"db": "DOI", "db_id": "10.1101/2020.03.31.017889"}, "evidence": "In the nasal HAE, the response after 24 hpi (peak at 72-96 hpi) is driven by a strong upregulation of type I and type III IFNs (IFNB1, IFNL1, IFNL2-3-4) as well as other immunity-related genes. Whereas only a subset of these genes (CXCL10/IP10, CXCL2/MIP2A, IL1A, IL1B, Mx1 and ZBP1) follow the same pattern in the bronchial HAE, though at overall lower expression levels, the initial modulation of IFNB1, IFNL1, CCL2/MCP1 and IL6 in this tissue seems to fade at 96 hpi.", "line": 117, "relation": "negativeCorrelation"}
r(HGNC:MX1)	positiveCorrelation	path(DO:"COVID-19")	{"annotations": {"Cell": {"bronchial epithelial cell": true}, "PublicationStatus": {"Preprint": true}, "PublicationType": {"Research": true}, "Section": {"Full Text": true}, "Species": {"9606": true}, "Timeline": {"24 hours post infection": true}}, "citation": {"db": "DOI", "db_id": "10.1101/2020.03.31.017889"}, "evidence": "In the nasal HAE, the response after 24 hpi (peak at 72-96 hpi) is driven by a strong upregulation of type I and type III IFNs (IFNB1, IFNL1, IFNL2-3-4) as well as other immunity-related genes. Whereas only a subset of these genes (CXCL10/IP10, CXCL2/MIP2A, IL1A, IL1B, Mx1 and ZBP1) follow the same pattern in the bronchial HAE, though at overall lower expression levels, the initial modulation of IFNB1, IFNL1, CCL2/MCP1 and IL6 in this tissue seems to fade at 96 hpi.", "line": 110, "relation": "positiveCorrelation"}
r(HGNC:NFKB2)	positiveCorrelation	path(DO:"COVID-19")	{"annotations": {"Cell": {"nasopharyngeal epithelial cell": true}, "PublicationStatus": {"Preprint": true}, "PublicationType": {"Research": true}, "Section": {"Full Text": true}, "Species": {"9606": true}, "Timeline": {"48 hours post infection": true}}, "citation": {"db": "DOI", "db_id": "10.1101/2020.03.31.017889"}, "evidence": "Moreover, the relative expression of a subset of genes associated with the NF-kB and TNF\u03b1 pathways (e.g. IL18, IL18R1, NFKB2, NFKBIA, TNFA, and TNFAIP3) is mostly unchanged all throughout the infection in bronchial HAE but it is highly upregulated in nasal HAE at 48 hpi and onwards (Fig. 3C and Data S1).", "line": 127, "relation": "positiveCorrelation"}
r(HGNC:TNF)	positiveCorrelation	path(DO:"COVID-19")	{"annotations": {"Cell": {"nasopharyngeal epithelial cell": true}, "PublicationStatus": {"Preprint": true}, "PublicationType": {"Research": true}, "Section": {"Full Text": true}, "Species": {"9606": true}, "Timeline": {"48 hours post infection": true}}, "citation": {"db": "DOI", "db_id": "10.1101/2020.03.31.017889"}, "evidence": "Moreover, the relative expression of a subset of genes associated with the NF-kB and TNF\u03b1 pathways (e.g. IL18, IL18R1, NFKB2, NFKBIA, TNFA, and TNFAIP3) is mostly unchanged all throughout the infection in bronchial HAE but it is highly upregulated in nasal HAE at 48 hpi and onwards (Fig. 3C and Data S1).", "line": 128, "relation": "positiveCorrelation"}
r(HGNC:TNFAIP3)	positiveCorrelation	path(DO:"COVID-19")	{"annotations": {"Cell": {"nasopharyngeal epithelial cell": true}, "PublicationStatus": {"Preprint": true}, "PublicationType": {"Research": true}, "Section": {"Full Text": true}, "Species": {"9606": true}, "Timeline": {"48 hours post infection": true}}, "citation": {"db": "DOI", "db_id": "10.1101/2020.03.31.017889"}, "evidence": "Moreover, the relative expression of a subset of genes associated with the NF-kB and TNF\u03b1 pathways (e.g. IL18, IL18R1, NFKB2, NFKBIA, TNFA, and TNFAIP3) is mostly unchanged all throughout the infection in bronchial HAE but it is highly upregulated in nasal HAE at 48 hpi and onwards (Fig. 3C and Data S1).", "line": 129, "relation": "positiveCorrelation"}
r(HGNC:ZBP1)	positiveCorrelation	path(DO:"COVID-19")	{"annotations": {"Cell": {"bronchial epithelial cell": true}, "PublicationStatus": {"Preprint": true}, "PublicationType": {"Research": true}, "Section": {"Full Text": true}, "Species": {"9606": true}, "Timeline": {"24 hours post infection": true}}, "citation": {"db": "DOI", "db_id": "10.1101/2020.03.31.017889"}, "evidence": "In the nasal HAE, the response after 24 hpi (peak at 72-96 hpi) is driven by a strong upregulation of type I and type III IFNs (IFNB1, IFNL1, IFNL2-3-4) as well as other immunity-related genes. Whereas only a subset of these genes (CXCL10/IP10, CXCL2/MIP2A, IL1A, IL1B, Mx1 and ZBP1) follow the same pattern in the bronchial HAE, though at overall lower expression levels, the initial modulation of IFNB1, IFNL1, CCL2/MCP1 and IL6 in this tissue seems to fade at 96 hpi.", "line": 111, "relation": "positiveCorrelation"}
