{
  "directed": true,
  "graph": {
    "annotation_list": {
      "PublicationStatus": [
        "Preprint",
        "Published"
      ],
      "PublicationType": [
        "Editorial",
        "Research",
        "Review"
      ],
      "Section": [
        "Abstract",
        "Full Text",
        "Results"
      ]
    },
    "annotation_pattern": {},
    "annotation_url": {
      "CellLine": "https://arty.scai.fraunhofer.de/artifactory/bel/annotation/cell-line/cell-line-20190128.belanno",
      "MeSHDisease": "https://arty.scai.fraunhofer.de/artifactory/bel/annotation/mesh-diseases/mesh-diseases-20190128.belanno",
      "Species": "https://arty.scai.fraunhofer.de/artifactory/bel/annotation/species-taxonomy-id/species-taxonomy-id-20170511.belanno"
    },
    "document_metadata": {
      "authors": "Shounak Baksi",
      "contact": "shounak.baksi@causalitybiomodels.com",
      "copyright": "Copyright © 2020 Fraunhofer Institute SCAI, All rights reserved",
      "description": "COVID Knowledge Curation project",
      "licenses": "Private Ownership to Fraunhofer Institute SCAI",
      "name": "17176632.bel",
      "version": "2.0.0"
    },
    "namespace_pattern": {
      "PUBCHEM": "^\\d+$"
    },
    "namespace_url": {
      "CHEBI": "https://arty.scai.fraunhofer.de/artifactory/bel/namespace/chebi/chebi-20190708.belns",
      "GO": "https://arty.scai.fraunhofer.de/artifactory/bel/namespace/go/go-20180109.belns",
      "MESH": "https://arty.scai.fraunhofer.de/artifactory/bel/namespace/mesh/mesh-names-20181007.belns"
    },
    "path": "17176632.bel",
    "pybel_version": "0.14.6"
  },
  "links": [
    {
      "annotations": {
        "CellLine": {
          "VERO 76 cell": true
        },
        "MeSHDisease": {
          "Severe Acute Respiratory Syndrome": true
        },
        "PublicationStatus": {
          "Published": true
        },
        "PublicationType": {
          "Research": true
        },
        "Section": {
          "Results": true
        }
      },
      "citation": {
        "authors": [
          "Bailey K",
          "Barnard DL",
          "Chan PK",
          "Day CW",
          "Heiner M",
          "Lauridsen L",
          "Montgomery R",
          "Sidwell RW"
        ],
        "date": "2006-01-01",
        "db": "PubMed",
        "db_id": "17176632",
        "db_name": "Antiviral chemistry &amp; chemotherapy",
        "first": "Barnard DL",
        "last": "Sidwell RW",
        "pages": "275-84",
        "volume": "17"
      },
      "evidence": "Of the compounds tested, a human α-n3 IFN from leukocytes was the most selective inhibitor of virus replication (Table 1).",
      "key": "33d0ee1e00f50f5f95c324c2aa09d663",
      "line": 81,
      "relation": "decreases",
      "source": 5,
      "target": 4
    },
    {
      "annotations": {
        "MeSHDisease": {
          "Severe Acute Respiratory Syndrome": true
        },
        "PublicationStatus": {
          "Published": true
        },
        "PublicationType": {
          "Research": true
        },
        "Section": {
          "Results": true
        },
        "Species": {
          "10090": true
        }
      },
      "citation": {
        "authors": [
          "Bailey K",
          "Barnard DL",
          "Chan PK",
          "Day CW",
          "Heiner M",
          "Lauridsen L",
          "Montgomery R",
          "Sidwell RW"
        ],
        "date": "2006-01-01",
        "db": "PubMed",
        "db_id": "17176632",
        "db_name": "Antiviral chemistry &amp; chemotherapy",
        "first": "Barnard DL",
        "last": "Sidwell RW",
        "pages": "275-84",
        "volume": "17"
      },
      "evidence": ". Mice were treated with three doses of IFN-α B/D, once a day for 3 days beginning 4 h before virus exposure. At day 3 after virus exposure, all doses of the IFN significantly reduced virus lung titres compared with those from the control animals (Table 7).",
      "key": "387a48830d9ab08b63b000484adefa6b",
      "line": 101,
      "relation": "decreases",
      "source": 5,
      "target": 4
    },
    {
      "annotations": {
        "CellLine": {
          "VERO 76 cell": true
        },
        "MeSHDisease": {
          "Severe Acute Respiratory Syndrome": true
        },
        "PublicationStatus": {
          "Published": true
        },
        "PublicationType": {
          "Research": true
        },
        "Section": {
          "Results": true
        }
      },
      "citation": {
        "authors": [
          "Bailey K",
          "Barnard DL",
          "Chan PK",
          "Day CW",
          "Heiner M",
          "Lauridsen L",
          "Montgomery R",
          "Sidwell RW"
        ],
        "date": "2006-01-01",
        "db": "PubMed",
        "db_id": "17176632",
        "db_name": "Antiviral chemistry &amp; chemotherapy",
        "first": "Barnard DL",
        "last": "Sidwell RW",
        "pages": "275-84",
        "volume": "17"
      },
      "evidence": "β-Hydroxcytidine was the most potent inhibitor of the nonIFNs evaluated, with IC50=0.1 µM, but it was not as potent in reducing virus yields (IC90=6 µM). ",
      "key": "e332fdb4881020cc63009c4a63b1120f",
      "line": 86,
      "relation": "decreases",
      "source": 2,
      "target": 4
    },
    {
      "annotations": {
        "CellLine": {
          "VERO 76 cell": true
        },
        "MeSHDisease": {
          "Severe Acute Respiratory Syndrome": true
        },
        "PublicationStatus": {
          "Published": true
        },
        "PublicationType": {
          "Research": true
        },
        "Section": {
          "Results": true
        }
      },
      "citation": {
        "authors": [
          "Bailey K",
          "Barnard DL",
          "Chan PK",
          "Day CW",
          "Heiner M",
          "Lauridsen L",
          "Montgomery R",
          "Sidwell RW"
        ],
        "date": "2006-01-01",
        "db": "PubMed",
        "db_id": "17176632",
        "db_name": "Antiviral chemistry &amp; chemotherapy",
        "first": "Barnard DL",
        "last": "Sidwell RW",
        "pages": "275-84",
        "volume": "17"
      },
      "evidence": "Calpain inhibitor VI also inhibited the virus with moderate selectivity with SI values ranging from 15 to 33.",
      "key": "fc824d1e39f65aadadf7606eaa69ea54",
      "line": 90,
      "relation": "decreases",
      "source": 3,
      "target": 4
    },
    {
      "annotations": {
        "CellLine": {
          "VERO 76 cell": true
        },
        "MeSHDisease": {
          "Severe Acute Respiratory Syndrome": true
        },
        "PublicationStatus": {
          "Published": true
        },
        "PublicationType": {
          "Research": true
        },
        "Section": {
          "Results": true
        }
      },
      "citation": {
        "authors": [
          "Bailey K",
          "Barnard DL",
          "Chan PK",
          "Day CW",
          "Heiner M",
          "Lauridsen L",
          "Montgomery R",
          "Sidwell RW"
        ],
        "date": "2006-01-01",
        "db": "PubMed",
        "db_id": "17176632",
        "db_name": "Antiviral chemistry &amp; chemotherapy",
        "first": "Barnard DL",
        "last": "Sidwell RW",
        "pages": "275-84",
        "volume": "17"
      },
      "evidence": "The antimalarial, antiinflammatory drugs, amodiaquin and the chloroquines were selectively active.",
      "key": "6259557e21c069b4427480ba557e9809",
      "line": 94,
      "relation": "decreases",
      "source": 0,
      "target": 4
    },
    {
      "annotations": {
        "CellLine": {
          "VERO 76 cell": true
        },
        "MeSHDisease": {
          "Severe Acute Respiratory Syndrome": true
        },
        "PublicationStatus": {
          "Published": true
        },
        "PublicationType": {
          "Research": true
        },
        "Section": {
          "Results": true
        }
      },
      "citation": {
        "authors": [
          "Bailey K",
          "Barnard DL",
          "Chan PK",
          "Day CW",
          "Heiner M",
          "Lauridsen L",
          "Montgomery R",
          "Sidwell RW"
        ],
        "date": "2006-01-01",
        "db": "PubMed",
        "db_id": "17176632",
        "db_name": "Antiviral chemistry &amp; chemotherapy",
        "first": "Barnard DL",
        "last": "Sidwell RW",
        "pages": "275-84",
        "volume": "17"
      },
      "evidence": "The antimalarial, antiinflammatory drugs, amodiaquin and the chloroquines were selectively active.",
      "key": "766a7aa1364707b7642f77fcca6af4e2",
      "line": 95,
      "relation": "decreases",
      "source": 1,
      "target": 4
    }
  ],
  "multigraph": true,
  "nodes": [
    {
      "bel": "a(CHEBI:amodiaquine)",
      "concept": {
        "name": "amodiaquine",
        "namespace": "CHEBI"
      },
      "function": "Abundance",
      "id": "b2459baf46cb7e29c4891614ef09cb2d"
    },
    {
      "bel": "a(CHEBI:chloroquine)",
      "concept": {
        "name": "chloroquine",
        "namespace": "CHEBI"
      },
      "function": "Abundance",
      "id": "c368fe204031ce23a04cc402914492f6"
    },
    {
      "bel": "a(MESH:\"N(4)-hydroxycytidine\")",
      "concept": {
        "name": "N(4)-hydroxycytidine",
        "namespace": "MESH"
      },
      "function": "Abundance",
      "id": "2af5b71ad641c6c4f0c3ad382e2c8d20"
    },
    {
      "bel": "a(PUBCHEM:9885817)",
      "concept": {
        "name": "9885817",
        "namespace": "PUBCHEM"
      },
      "function": "Abundance",
      "id": "29da13ea68bf6dffdd2082218d06737b"
    },
    {
      "bel": "bp(GO:\"viral genome replication\")",
      "concept": {
        "name": "viral genome replication",
        "namespace": "GO"
      },
      "function": "BiologicalProcess",
      "id": "e08b08a1af1179857efa22393f4badf4"
    },
    {
      "bel": "p(MESH:\"Interferon Alfa-n3\")",
      "concept": {
        "name": "Interferon Alfa-n3",
        "namespace": "MESH"
      },
      "function": "Protein",
      "id": "933ed6046dbfa1016df5629395353ffb"
    }
  ]
}