{
  "directed": true,
  "graph": {
    "annotation_list": {
      "PublicationStatus": [
        "Preprint",
        "Published"
      ],
      "PublicationType": [
        "Research",
        "Review"
      ],
      "Section": [
        "Abstract",
        "Full Text",
        "Results"
      ]
    },
    "annotation_pattern": {
      "BioAssay": ".*"
    },
    "annotation_url": {
      "MeSHAnatomy": "https://arty.scai.fraunhofer.de/artifactory/bel/annotation/mesh-anatomy/mesh-anatomy-20190128.belanno",
      "MeSHDisease": "https://arty.scai.fraunhofer.de/artifactory/bel/annotation/mesh-diseases/mesh-diseases-20190128.belanno",
      "Species": "https://arty.scai.fraunhofer.de/artifactory/bel/annotation/species-taxonomy-id/species-taxonomy-id-20170511.belanno"
    },
    "document_metadata": {
      "authors": "Shounak Baksi",
      "contact": "shounak.baksi@causalitybiomodels.com",
      "copyright": "Copyright © 2020 Fraunhofer Institute SCAI, All rights reserved",
      "description": "COVID Knowledge Curation project",
      "licenses": "Private Ownership to Fraunhofer Institute SCAI",
      "name": "19906920.bel",
      "version": "2.0.0"
    },
    "namespace_pattern": {
      "FIXME": ".*"
    },
    "namespace_url": {
      "DO": "https://arty.scai.fraunhofer.de/artifactory/bel/namespace/disease-ontology/disease-ontology-20190128.belns",
      "HP": "https://arty.scai.fraunhofer.de/artifactory/bel/namespace/hp/hp-20190130.belns",
      "MESH": "https://arty.scai.fraunhofer.de/artifactory/bel/namespace/mesh/mesh-names-20181007.belns",
      "MGI": "https://arty.scai.fraunhofer.de/artifactory/bel/namespace/mgi-mouse-genes/mgi-mouse-genes-20190128.belns",
      "TAX": "https://arty.scai.fraunhofer.de/artifactory/bel/namespace/ncbi-taxonomy/ncbi-taxonomy-20200322.belns"
    },
    "path": "19906920.bel",
    "pybel_version": "0.14.6"
  },
  "links": [
    {
      "annotations": {
        "MeSHAnatomy": {
          "Lung": true
        },
        "MeSHDisease": {
          "Severe Acute Respiratory Syndrome": true
        },
        "PublicationStatus": {
          "Published": true
        },
        "PublicationType": {
          "Research": true
        },
        "Section": {
          "Results": true
        },
        "Species": {
          "10090": true
        }
      },
      "citation": {
        "authors": [
          "Bartlett JH",
          "Chen J",
          "Lamirande EW",
          "Lau YF",
          "Paddock CD",
          "Subbarao K",
          "Zaki SR"
        ],
        "date": "2010-02-01",
        "db": "PubMed",
        "db_id": "19906920",
        "db_name": "Journal of virology",
        "first": "Chen J",
        "last": "Subbarao K",
        "pages": "1289-301",
        "volume": "84"
      },
      "evidence": "First, a modest increase in the levels of IFN-α and IFN-β was detected in the lungs early (on day 3) following SARS-CoV infection, but no statistical difference was found compared to mock-infected control samples (P > 0.05). ",
      "key": "27d0ad95a1535c509b4387113e3cbfa5",
      "line": 84,
      "relation": "increases",
      "source": 8,
      "target": 23
    },
    {
      "annotations": {
        "MeSHAnatomy": {
          "Lung": true
        },
        "MeSHDisease": {
          "Severe Acute Respiratory Syndrome": true
        },
        "PublicationStatus": {
          "Published": true
        },
        "PublicationType": {
          "Research": true
        },
        "Section": {
          "Results": true
        },
        "Species": {
          "10090": true
        }
      },
      "citation": {
        "authors": [
          "Bartlett JH",
          "Chen J",
          "Lamirande EW",
          "Lau YF",
          "Paddock CD",
          "Subbarao K",
          "Zaki SR"
        ],
        "date": "2010-02-01",
        "db": "PubMed",
        "db_id": "19906920",
        "db_name": "Journal of virology",
        "first": "Chen J",
        "last": "Subbarao K",
        "pages": "1289-301",
        "volume": "84"
      },
      "evidence": "First, a modest increase in the levels of IFN-α and IFN-β was detected in the lungs early (on day 3) following SARS-CoV infection, but no statistical difference was found compared to mock-infected control samples (P > 0.05). ",
      "key": "522e2e7e264b4e36a8638b2a6ba39692",
      "line": 85,
      "relation": "increases",
      "source": 8,
      "target": 15
    },
    {
      "annotations": {
        "MeSHAnatomy": {
          "Lung": true
        },
        "MeSHDisease": {
          "Severe Acute Respiratory Syndrome": true
        },
        "PublicationStatus": {
          "Published": true
        },
        "PublicationType": {
          "Research": true
        },
        "Section": {
          "Results": true
        },
        "Species": {
          "10090": true
        }
      },
      "citation": {
        "authors": [
          "Bartlett JH",
          "Chen J",
          "Lamirande EW",
          "Lau YF",
          "Paddock CD",
          "Subbarao K",
          "Zaki SR"
        ],
        "date": "2010-02-01",
        "db": "PubMed",
        "db_id": "19906920",
        "db_name": "Journal of virology",
        "first": "Chen J",
        "last": "Subbarao K",
        "pages": "1289-301",
        "volume": "84"
      },
      "evidence": "First, a modest increase in the levels of IFN-α and IFN-β was detected in the lungs early (on day 3) following SARS-CoV infection, but no statistical difference was found compared to mock-infected control samples (P > 0.05). ",
      "key": "9b0f1b418a6899dc82215403ed7223e0",
      "line": 86,
      "relation": "increases",
      "source": 8,
      "target": 16
    },
    {
      "annotations": {
        "MeSHAnatomy": {
          "Lung": true
        },
        "MeSHDisease": {
          "Severe Acute Respiratory Syndrome": true
        },
        "PublicationStatus": {
          "Published": true
        },
        "PublicationType": {
          "Research": true
        },
        "Section": {
          "Results": true
        },
        "Species": {
          "10090": true
        }
      },
      "citation": {
        "authors": [
          "Bartlett JH",
          "Chen J",
          "Lamirande EW",
          "Lau YF",
          "Paddock CD",
          "Subbarao K",
          "Zaki SR"
        ],
        "date": "2010-02-01",
        "db": "PubMed",
        "db_id": "19906920",
        "db_name": "Journal of virology",
        "first": "Chen J",
        "last": "Subbarao K",
        "pages": "1289-301",
        "volume": "84"
      },
      "evidence": "Second, a marked increase in inflammatory chemokines CCL5/RANTES and CXCL9/MIG, accompanied by an increase of inflammatory cytokines IFN-γ, IL-2, and IL-5, was detected in the lungs predominantly at day 7, the late stage of infection (P < 0.05).",
      "key": "c11f30cfb79a24046b87c1e90e8f180c",
      "line": 90,
      "relation": "increases",
      "source": 8,
      "target": 11
    },
    {
      "annotations": {
        "MeSHAnatomy": {
          "Lung": true
        },
        "MeSHDisease": {
          "Severe Acute Respiratory Syndrome": true
        },
        "PublicationStatus": {
          "Published": true
        },
        "PublicationType": {
          "Research": true
        },
        "Section": {
          "Results": true
        },
        "Species": {
          "10090": true
        }
      },
      "citation": {
        "authors": [
          "Bartlett JH",
          "Chen J",
          "Lamirande EW",
          "Lau YF",
          "Paddock CD",
          "Subbarao K",
          "Zaki SR"
        ],
        "date": "2010-02-01",
        "db": "PubMed",
        "db_id": "19906920",
        "db_name": "Journal of virology",
        "first": "Chen J",
        "last": "Subbarao K",
        "pages": "1289-301",
        "volume": "84"
      },
      "evidence": "Second, a marked increase in inflammatory chemokines CCL5/RANTES and CXCL9/MIG, accompanied by an increase of inflammatory cytokines IFN-γ, IL-2, and IL-5, was detected in the lungs predominantly at day 7, the late stage of infection (P < 0.05).",
      "key": "52a5e94b272f4bffbc22b2fbf034e0f9",
      "line": 91,
      "relation": "increases",
      "source": 8,
      "target": 14
    },
    {
      "annotations": {
        "MeSHAnatomy": {
          "Lung": true
        },
        "MeSHDisease": {
          "Severe Acute Respiratory Syndrome": true
        },
        "PublicationStatus": {
          "Published": true
        },
        "PublicationType": {
          "Research": true
        },
        "Section": {
          "Results": true
        },
        "Species": {
          "10090": true
        }
      },
      "citation": {
        "authors": [
          "Bartlett JH",
          "Chen J",
          "Lamirande EW",
          "Lau YF",
          "Paddock CD",
          "Subbarao K",
          "Zaki SR"
        ],
        "date": "2010-02-01",
        "db": "PubMed",
        "db_id": "19906920",
        "db_name": "Journal of virology",
        "first": "Chen J",
        "last": "Subbarao K",
        "pages": "1289-301",
        "volume": "84"
      },
      "evidence": "Second, a marked increase in inflammatory chemokines CCL5/RANTES and CXCL9/MIG, accompanied by an increase of inflammatory cytokines IFN-γ, IL-2, and IL-5, was detected in the lungs predominantly at day 7, the late stage of infection (P < 0.05).",
      "key": "b1bfb67ff22cbaf205881dc7e17e21ab",
      "line": 92,
      "relation": "increases",
      "source": 8,
      "target": 17
    },
    {
      "annotations": {
        "MeSHAnatomy": {
          "Lung": true
        },
        "MeSHDisease": {
          "Severe Acute Respiratory Syndrome": true
        },
        "PublicationStatus": {
          "Published": true
        },
        "PublicationType": {
          "Research": true
        },
        "Section": {
          "Results": true
        },
        "Species": {
          "10090": true
        }
      },
      "citation": {
        "authors": [
          "Bartlett JH",
          "Chen J",
          "Lamirande EW",
          "Lau YF",
          "Paddock CD",
          "Subbarao K",
          "Zaki SR"
        ],
        "date": "2010-02-01",
        "db": "PubMed",
        "db_id": "19906920",
        "db_name": "Journal of virology",
        "first": "Chen J",
        "last": "Subbarao K",
        "pages": "1289-301",
        "volume": "84"
      },
      "evidence": "Second, a marked increase in inflammatory chemokines CCL5/RANTES and CXCL9/MIG, accompanied by an increase of inflammatory cytokines IFN-γ, IL-2, and IL-5, was detected in the lungs predominantly at day 7, the late stage of infection (P < 0.05).",
      "key": "c098e1c14ed74ccab2d84c4e2367c38d",
      "line": 93,
      "relation": "increases",
      "source": 8,
      "target": 18
    },
    {
      "annotations": {
        "MeSHAnatomy": {
          "Lung": true
        },
        "MeSHDisease": {
          "Severe Acute Respiratory Syndrome": true
        },
        "PublicationStatus": {
          "Published": true
        },
        "PublicationType": {
          "Research": true
        },
        "Section": {
          "Results": true
        },
        "Species": {
          "10090": true
        }
      },
      "citation": {
        "authors": [
          "Bartlett JH",
          "Chen J",
          "Lamirande EW",
          "Lau YF",
          "Paddock CD",
          "Subbarao K",
          "Zaki SR"
        ],
        "date": "2010-02-01",
        "db": "PubMed",
        "db_id": "19906920",
        "db_name": "Journal of virology",
        "first": "Chen J",
        "last": "Subbarao K",
        "pages": "1289-301",
        "volume": "84"
      },
      "evidence": "Second, a marked increase in inflammatory chemokines CCL5/RANTES and CXCL9/MIG, accompanied by an increase of inflammatory cytokines IFN-γ, IL-2, and IL-5, was detected in the lungs predominantly at day 7, the late stage of infection (P < 0.05).",
      "key": "af9e34d275f120aaf2356e318c3e63df",
      "line": 94,
      "relation": "increases",
      "source": 8,
      "target": 20
    },
    {
      "annotations": {
        "MeSHAnatomy": {
          "Lung": true
        },
        "MeSHDisease": {
          "Severe Acute Respiratory Syndrome": true
        },
        "PublicationStatus": {
          "Published": true
        },
        "PublicationType": {
          "Research": true
        },
        "Section": {
          "Results": true
        },
        "Species": {
          "10090": true
        }
      },
      "citation": {
        "authors": [
          "Bartlett JH",
          "Chen J",
          "Lamirande EW",
          "Lau YF",
          "Paddock CD",
          "Subbarao K",
          "Zaki SR"
        ],
        "date": "2010-02-01",
        "db": "PubMed",
        "db_id": "19906920",
        "db_name": "Journal of virology",
        "first": "Chen J",
        "last": "Subbarao K",
        "pages": "1289-301",
        "volume": "84"
      },
      "evidence": "hird, a biphasic pattern of significantly increased production of proinflammatory cytokines TNF-α and IL-6 and chemokines CCL2/MCP-1, CCL3/MIP-1α, and CXCL10/IP-10 was seen both early and late following infection (P < 0.05).",
      "key": "b226941acb213be0fd73457e4bcd92c5",
      "line": 98,
      "relation": "increases",
      "source": 8,
      "target": 22
    },
    {
      "annotations": {
        "MeSHAnatomy": {
          "Lung": true
        },
        "MeSHDisease": {
          "Severe Acute Respiratory Syndrome": true
        },
        "PublicationStatus": {
          "Published": true
        },
        "PublicationType": {
          "Research": true
        },
        "Section": {
          "Results": true
        },
        "Species": {
          "10090": true
        }
      },
      "citation": {
        "authors": [
          "Bartlett JH",
          "Chen J",
          "Lamirande EW",
          "Lau YF",
          "Paddock CD",
          "Subbarao K",
          "Zaki SR"
        ],
        "date": "2010-02-01",
        "db": "PubMed",
        "db_id": "19906920",
        "db_name": "Journal of virology",
        "first": "Chen J",
        "last": "Subbarao K",
        "pages": "1289-301",
        "volume": "84"
      },
      "evidence": "hird, a biphasic pattern of significantly increased production of proinflammatory cytokines TNF-α and IL-6 and chemokines CCL2/MCP-1, CCL3/MIP-1α, and CXCL10/IP-10 was seen both early and late following infection (P < 0.05).",
      "key": "22966ddc3c47e6f5d9298dd6c63abaae",
      "line": 99,
      "relation": "increases",
      "source": 8,
      "target": 21
    },
    {
      "annotations": {
        "MeSHAnatomy": {
          "Lung": true
        },
        "MeSHDisease": {
          "Severe Acute Respiratory Syndrome": true
        },
        "PublicationStatus": {
          "Published": true
        },
        "PublicationType": {
          "Research": true
        },
        "Section": {
          "Results": true
        },
        "Species": {
          "10090": true
        }
      },
      "citation": {
        "authors": [
          "Bartlett JH",
          "Chen J",
          "Lamirande EW",
          "Lau YF",
          "Paddock CD",
          "Subbarao K",
          "Zaki SR"
        ],
        "date": "2010-02-01",
        "db": "PubMed",
        "db_id": "19906920",
        "db_name": "Journal of virology",
        "first": "Chen J",
        "last": "Subbarao K",
        "pages": "1289-301",
        "volume": "84"
      },
      "evidence": "hird, a biphasic pattern of significantly increased production of proinflammatory cytokines TNF-α and IL-6 and chemokines CCL2/MCP-1, CCL3/MIP-1α, and CXCL10/IP-10 was seen both early and late following infection (P < 0.05).",
      "key": "8584e0161d09ad5bd0881e769ed67681",
      "line": 100,
      "relation": "increases",
      "source": 8,
      "target": 9
    },
    {
      "annotations": {
        "MeSHAnatomy": {
          "Lung": true
        },
        "MeSHDisease": {
          "Severe Acute Respiratory Syndrome": true
        },
        "PublicationStatus": {
          "Published": true
        },
        "PublicationType": {
          "Research": true
        },
        "Section": {
          "Results": true
        },
        "Species": {
          "10090": true
        }
      },
      "citation": {
        "authors": [
          "Bartlett JH",
          "Chen J",
          "Lamirande EW",
          "Lau YF",
          "Paddock CD",
          "Subbarao K",
          "Zaki SR"
        ],
        "date": "2010-02-01",
        "db": "PubMed",
        "db_id": "19906920",
        "db_name": "Journal of virology",
        "first": "Chen J",
        "last": "Subbarao K",
        "pages": "1289-301",
        "volume": "84"
      },
      "evidence": "hird, a biphasic pattern of significantly increased production of proinflammatory cytokines TNF-α and IL-6 and chemokines CCL2/MCP-1, CCL3/MIP-1α, and CXCL10/IP-10 was seen both early and late following infection (P < 0.05).",
      "key": "fe283d79e9ca48ada1199815acaa9816",
      "line": 101,
      "relation": "increases",
      "source": 8,
      "target": 10
    },
    {
      "annotations": {
        "MeSHAnatomy": {
          "Lung": true
        },
        "MeSHDisease": {
          "Severe Acute Respiratory Syndrome": true
        },
        "PublicationStatus": {
          "Published": true
        },
        "PublicationType": {
          "Research": true
        },
        "Section": {
          "Results": true
        },
        "Species": {
          "10090": true
        }
      },
      "citation": {
        "authors": [
          "Bartlett JH",
          "Chen J",
          "Lamirande EW",
          "Lau YF",
          "Paddock CD",
          "Subbarao K",
          "Zaki SR"
        ],
        "date": "2010-02-01",
        "db": "PubMed",
        "db_id": "19906920",
        "db_name": "Journal of virology",
        "first": "Chen J",
        "last": "Subbarao K",
        "pages": "1289-301",
        "volume": "84"
      },
      "evidence": "hird, a biphasic pattern of significantly increased production of proinflammatory cytokines TNF-α and IL-6 and chemokines CCL2/MCP-1, CCL3/MIP-1α, and CXCL10/IP-10 was seen both early and late following infection (P < 0.05).",
      "key": "ae7e83870f06d28511bcee3823a749ad",
      "line": 102,
      "relation": "increases",
      "source": 8,
      "target": 12
    },
    {
      "annotations": {
        "MeSHAnatomy": {
          "Lung": true
        },
        "MeSHDisease": {
          "Severe Acute Respiratory Syndrome": true
        },
        "PublicationStatus": {
          "Published": true
        },
        "PublicationType": {
          "Research": true
        },
        "Section": {
          "Results": true
        },
        "Species": {
          "10090": true
        }
      },
      "citation": {
        "authors": [
          "Bartlett JH",
          "Chen J",
          "Lamirande EW",
          "Lau YF",
          "Paddock CD",
          "Subbarao K",
          "Zaki SR"
        ],
        "date": "2010-02-01",
        "db": "PubMed",
        "db_id": "19906920",
        "db_name": "Journal of virology",
        "first": "Chen J",
        "last": "Subbarao K",
        "pages": "1289-301",
        "volume": "84"
      },
      "evidence": "An increase in mRNA transcripts for CCL2/MCP-1, CCL3/MIP-1α, and CXCL10/IP-10 was detected in the lung early on days 2 and 3 p.i., when peak viral replication occurred. ",
      "key": "d794d3da2349cd402fb4d2f86a8bc2ba",
      "line": 106,
      "relation": "increases",
      "source": 8,
      "target": 25
    },
    {
      "annotations": {
        "MeSHAnatomy": {
          "Lung": true
        },
        "MeSHDisease": {
          "Severe Acute Respiratory Syndrome": true
        },
        "PublicationStatus": {
          "Published": true
        },
        "PublicationType": {
          "Research": true
        },
        "Section": {
          "Results": true
        },
        "Species": {
          "10090": true
        }
      },
      "citation": {
        "authors": [
          "Bartlett JH",
          "Chen J",
          "Lamirande EW",
          "Lau YF",
          "Paddock CD",
          "Subbarao K",
          "Zaki SR"
        ],
        "date": "2010-02-01",
        "db": "PubMed",
        "db_id": "19906920",
        "db_name": "Journal of virology",
        "first": "Chen J",
        "last": "Subbarao K",
        "pages": "1289-301",
        "volume": "84"
      },
      "evidence": "An increase in mRNA transcripts for CCL2/MCP-1, CCL3/MIP-1α, and CXCL10/IP-10 was detected in the lung early on days 2 and 3 p.i., when peak viral replication occurred. ",
      "key": "a7062e6478ec82c1c36ad1eab37e6bbf",
      "line": 107,
      "relation": "increases",
      "source": 8,
      "target": 26
    },
    {
      "annotations": {
        "MeSHAnatomy": {
          "Lung": true
        },
        "MeSHDisease": {
          "Severe Acute Respiratory Syndrome": true
        },
        "PublicationStatus": {
          "Published": true
        },
        "PublicationType": {
          "Research": true
        },
        "Section": {
          "Results": true
        },
        "Species": {
          "10090": true
        }
      },
      "citation": {
        "authors": [
          "Bartlett JH",
          "Chen J",
          "Lamirande EW",
          "Lau YF",
          "Paddock CD",
          "Subbarao K",
          "Zaki SR"
        ],
        "date": "2010-02-01",
        "db": "PubMed",
        "db_id": "19906920",
        "db_name": "Journal of virology",
        "first": "Chen J",
        "last": "Subbarao K",
        "pages": "1289-301",
        "volume": "84"
      },
      "evidence": "An increase in mRNA transcripts for CCL2/MCP-1, CCL3/MIP-1α, and CXCL10/IP-10 was detected in the lung early on days 2 and 3 p.i., when peak viral replication occurred. ",
      "key": "e6d7ae6ff98263bfbd834d0cede303d2",
      "line": 108,
      "relation": "increases",
      "source": 8,
      "target": 30
    },
    {
      "annotations": {
        "MeSHAnatomy": {
          "Lung": true
        },
        "MeSHDisease": {
          "Severe Acute Respiratory Syndrome": true
        },
        "PublicationStatus": {
          "Published": true
        },
        "PublicationType": {
          "Research": true
        },
        "Section": {
          "Results": true
        },
        "Species": {
          "10090": true
        }
      },
      "citation": {
        "authors": [
          "Bartlett JH",
          "Chen J",
          "Lamirande EW",
          "Lau YF",
          "Paddock CD",
          "Subbarao K",
          "Zaki SR"
        ],
        "date": "2010-02-01",
        "db": "PubMed",
        "db_id": "19906920",
        "db_name": "Journal of virology",
        "first": "Chen J",
        "last": "Subbarao K",
        "pages": "1289-301",
        "volume": "84"
      },
      "evidence": "In contrast, mRNA transcripts for CCL5/RANTES and CXCL9/MIG increased predominantly late in infection on days 5 and 7, when histopathologic evidence of pneumonitis was seen in the infected lungs.",
      "key": "5216deb2ce8e12c35b159dafabb684a8",
      "line": 112,
      "relation": "increases",
      "source": 8,
      "target": 27
    },
    {
      "annotations": {
        "MeSHAnatomy": {
          "Lung": true
        },
        "MeSHDisease": {
          "Severe Acute Respiratory Syndrome": true
        },
        "PublicationStatus": {
          "Published": true
        },
        "PublicationType": {
          "Research": true
        },
        "Section": {
          "Results": true
        },
        "Species": {
          "10090": true
        }
      },
      "citation": {
        "authors": [
          "Bartlett JH",
          "Chen J",
          "Lamirande EW",
          "Lau YF",
          "Paddock CD",
          "Subbarao K",
          "Zaki SR"
        ],
        "date": "2010-02-01",
        "db": "PubMed",
        "db_id": "19906920",
        "db_name": "Journal of virology",
        "first": "Chen J",
        "last": "Subbarao K",
        "pages": "1289-301",
        "volume": "84"
      },
      "evidence": "In contrast, mRNA transcripts for CCL5/RANTES and CXCL9/MIG increased predominantly late in infection on days 5 and 7, when histopathologic evidence of pneumonitis was seen in the infected lungs.",
      "key": "bd6a064fed102a4368edaa9322df7a3d",
      "line": 113,
      "relation": "increases",
      "source": 8,
      "target": 31
    },
    {
      "annotations": {
        "MeSHAnatomy": {
          "Lung": true
        },
        "MeSHDisease": {
          "Severe Acute Respiratory Syndrome": true
        },
        "PublicationStatus": {
          "Published": true
        },
        "PublicationType": {
          "Research": true
        },
        "Section": {
          "Results": true
        },
        "Species": {
          "10090": true
        }
      },
      "citation": {
        "authors": [
          "Bartlett JH",
          "Chen J",
          "Lamirande EW",
          "Lau YF",
          "Paddock CD",
          "Subbarao K",
          "Zaki SR"
        ],
        "date": "2010-02-01",
        "db": "PubMed",
        "db_id": "19906920",
        "db_name": "Journal of virology",
        "first": "Chen J",
        "last": "Subbarao K",
        "pages": "1289-301",
        "volume": "84"
      },
      "evidence": "An increase in mRNA transcripts for CCR2, CCR5, and CXCR3, which are receptors for the upregulated chemokines (CCR2 for CCL2/MCP-1, CCR5 for CCL3/MIP-1a and CCL5/RANTES, and CXCR3 for CXCL9/MIG and CXCL10/IP-10), was also found in the lungs after infection with SARS-CoV (Fig. 1C).",
      "key": "3b0103b198a0d90c118552f169b46b7b",
      "line": 117,
      "relation": "increases",
      "source": 8,
      "target": 28
    },
    {
      "annotations": {
        "MeSHAnatomy": {
          "Lung": true
        },
        "MeSHDisease": {
          "Severe Acute Respiratory Syndrome": true
        },
        "PublicationStatus": {
          "Published": true
        },
        "PublicationType": {
          "Research": true
        },
        "Section": {
          "Results": true
        },
        "Species": {
          "10090": true
        }
      },
      "citation": {
        "authors": [
          "Bartlett JH",
          "Chen J",
          "Lamirande EW",
          "Lau YF",
          "Paddock CD",
          "Subbarao K",
          "Zaki SR"
        ],
        "date": "2010-02-01",
        "db": "PubMed",
        "db_id": "19906920",
        "db_name": "Journal of virology",
        "first": "Chen J",
        "last": "Subbarao K",
        "pages": "1289-301",
        "volume": "84"
      },
      "evidence": "An increase in mRNA transcripts for CCR2, CCR5, and CXCR3, which are receptors for the upregulated chemokines (CCR2 for CCL2/MCP-1, CCR5 for CCL3/MIP-1a and CCL5/RANTES, and CXCR3 for CXCL9/MIG and CXCL10/IP-10), was also found in the lungs after infection with SARS-CoV (Fig. 1C).",
      "key": "021343e13e224f5e6170cb26b41a3bd1",
      "line": 118,
      "relation": "increases",
      "source": 8,
      "target": 29
    },
    {
      "annotations": {
        "MeSHAnatomy": {
          "Lung": true
        },
        "MeSHDisease": {
          "Severe Acute Respiratory Syndrome": true
        },
        "PublicationStatus": {
          "Published": true
        },
        "PublicationType": {
          "Research": true
        },
        "Section": {
          "Results": true
        },
        "Species": {
          "10090": true
        }
      },
      "citation": {
        "authors": [
          "Bartlett JH",
          "Chen J",
          "Lamirande EW",
          "Lau YF",
          "Paddock CD",
          "Subbarao K",
          "Zaki SR"
        ],
        "date": "2010-02-01",
        "db": "PubMed",
        "db_id": "19906920",
        "db_name": "Journal of virology",
        "first": "Chen J",
        "last": "Subbarao K",
        "pages": "1289-301",
        "volume": "84"
      },
      "evidence": "An increase in mRNA transcripts for CCR2, CCR5, and CXCR3, which are receptors for the upregulated chemokines (CCR2 for CCL2/MCP-1, CCR5 for CCL3/MIP-1a and CCL5/RANTES, and CXCR3 for CXCL9/MIG and CXCL10/IP-10), was also found in the lungs after infection with SARS-CoV (Fig. 1C).",
      "key": "8d45b6e4d999c10302458d68d65a866d",
      "line": 119,
      "relation": "increases",
      "source": 8,
      "target": 32
    },
    {
      "annotations": {
        "MeSHAnatomy": {
          "Lung": true
        },
        "MeSHDisease": {
          "Severe Acute Respiratory Syndrome": true
        },
        "PublicationStatus": {
          "Published": true
        },
        "PublicationType": {
          "Research": true
        },
        "Section": {
          "Results": true
        },
        "Species": {
          "10090": true
        }
      },
      "citation": {
        "authors": [
          "Bartlett JH",
          "Chen J",
          "Lamirande EW",
          "Lau YF",
          "Paddock CD",
          "Subbarao K",
          "Zaki SR"
        ],
        "date": "2010-02-01",
        "db": "PubMed",
        "db_id": "19906920",
        "db_name": "Journal of virology",
        "first": "Chen J",
        "last": "Subbarao K",
        "pages": "1289-301",
        "volume": "84"
      },
      "evidence": "We observed a significant increase in the number of CD45+ leukocytes in the lungs of SARS-CoV-infected mice 7 days p.i. (P = 0.0015).",
      "key": "33ae6fbbd94fa20a4454200716696727",
      "line": 123,
      "relation": "increases",
      "source": 8,
      "target": 1
    },
    {
      "annotations": {
        "MeSHAnatomy": {
          "Lung": true
        },
        "MeSHDisease": {
          "Severe Acute Respiratory Syndrome": true
        },
        "PublicationStatus": {
          "Published": true
        },
        "PublicationType": {
          "Research": true
        },
        "Section": {
          "Results": true
        },
        "Species": {
          "10090": true
        }
      },
      "citation": {
        "authors": [
          "Bartlett JH",
          "Chen J",
          "Lamirande EW",
          "Lau YF",
          "Paddock CD",
          "Subbarao K",
          "Zaki SR"
        ],
        "date": "2010-02-01",
        "db": "PubMed",
        "db_id": "19906920",
        "db_name": "Journal of virology",
        "first": "Chen J",
        "last": "Subbarao K",
        "pages": "1289-301",
        "volume": "84"
      },
      "evidence": "Second, the pulmonary migration of inflammatory cells (such as NK T cells, NK cells, macrophages, and CD4+ T cells) began on day 2, increased rapidly to reach a peak on day 7 and/or 9 (P < 0.01), and declined thereafter.",
      "key": "6f40e19ef0bb845b7086f29d81d59c43",
      "line": 127,
      "relation": "increases",
      "source": 8,
      "target": 5
    },
    {
      "annotations": {
        "MeSHAnatomy": {
          "Lung": true
        },
        "MeSHDisease": {
          "Severe Acute Respiratory Syndrome": true
        },
        "PublicationStatus": {
          "Published": true
        },
        "PublicationType": {
          "Research": true
        },
        "Section": {
          "Results": true
        },
        "Species": {
          "10090": true
        }
      },
      "citation": {
        "authors": [
          "Bartlett JH",
          "Chen J",
          "Lamirande EW",
          "Lau YF",
          "Paddock CD",
          "Subbarao K",
          "Zaki SR"
        ],
        "date": "2010-02-01",
        "db": "PubMed",
        "db_id": "19906920",
        "db_name": "Journal of virology",
        "first": "Chen J",
        "last": "Subbarao K",
        "pages": "1289-301",
        "volume": "84"
      },
      "evidence": "Second, the pulmonary migration of inflammatory cells (such as NK T cells, NK cells, macrophages, and CD4+ T cells) began on day 2, increased rapidly to reach a peak on day 7 and/or 9 (P < 0.01), and declined thereafter.",
      "key": "04f79def5d23b830498083ed2197fce7",
      "line": 128,
      "relation": "increases",
      "source": 8,
      "target": 7
    },
    {
      "annotations": {
        "MeSHAnatomy": {
          "Lung": true
        },
        "MeSHDisease": {
          "Severe Acute Respiratory Syndrome": true
        },
        "PublicationStatus": {
          "Published": true
        },
        "PublicationType": {
          "Research": true
        },
        "Section": {
          "Results": true
        },
        "Species": {
          "10090": true
        }
      },
      "citation": {
        "authors": [
          "Bartlett JH",
          "Chen J",
          "Lamirande EW",
          "Lau YF",
          "Paddock CD",
          "Subbarao K",
          "Zaki SR"
        ],
        "date": "2010-02-01",
        "db": "PubMed",
        "db_id": "19906920",
        "db_name": "Journal of virology",
        "first": "Chen J",
        "last": "Subbarao K",
        "pages": "1289-301",
        "volume": "84"
      },
      "evidence": "Second, the pulmonary migration of inflammatory cells (such as NK T cells, NK cells, macrophages, and CD4+ T cells) began on day 2, increased rapidly to reach a peak on day 7 and/or 9 (P < 0.01), and declined thereafter.",
      "key": "f2758636dbc53b90f5060892b2c64e9f",
      "line": 129,
      "relation": "increases",
      "source": 8,
      "target": 3
    },
    {
      "annotations": {
        "MeSHAnatomy": {
          "Lung": true
        },
        "MeSHDisease": {
          "Severe Acute Respiratory Syndrome": true
        },
        "PublicationStatus": {
          "Published": true
        },
        "PublicationType": {
          "Research": true
        },
        "Section": {
          "Results": true
        },
        "Species": {
          "10090": true
        }
      },
      "citation": {
        "authors": [
          "Bartlett JH",
          "Chen J",
          "Lamirande EW",
          "Lau YF",
          "Paddock CD",
          "Subbarao K",
          "Zaki SR"
        ],
        "date": "2010-02-01",
        "db": "PubMed",
        "db_id": "19906920",
        "db_name": "Journal of virology",
        "first": "Chen J",
        "last": "Subbarao K",
        "pages": "1289-301",
        "volume": "84"
      },
      "evidence": "The number of CD8+ T cells increased sharply on days 7 and 9 (P < 0.05)",
      "key": "5cbd32628c385b97ff13d8099b5d3790",
      "line": 133,
      "relation": "increases",
      "source": 8,
      "target": 4
    },
    {
      "annotations": {
        "BioAssay": {
          "flow cytometry": true
        },
        "MeSHAnatomy": {
          "Lung": true
        },
        "MeSHDisease": {
          "Severe Acute Respiratory Syndrome": true
        },
        "PublicationStatus": {
          "Published": true
        },
        "PublicationType": {
          "Research": true
        },
        "Section": {
          "Results": true
        },
        "Species": {
          "10090": true
        }
      },
      "citation": {
        "authors": [
          "Bartlett JH",
          "Chen J",
          "Lamirande EW",
          "Lau YF",
          "Paddock CD",
          "Subbarao K",
          "Zaki SR"
        ],
        "date": "2010-02-01",
        "db": "PubMed",
        "db_id": "19906920",
        "db_name": "Journal of virology",
        "first": "Chen J",
        "last": "Subbarao K",
        "pages": "1289-301",
        "volume": "84"
      },
      "evidence": "FACS analysis revealed an increased frequency of CD8+ IFN-γ+ and CD4+ IFN-γ+ cells seen in the lungs of SARS-CoV-infected mice following exogenous stimulation with SARS-CoV S protein and to a lesser extent nucleocapsid (N) proteins and PMA/ionomycin.",
      "key": "1afb5ea1a1ee1012cca902188eda2466",
      "line": 138,
      "relation": "increases",
      "source": 8,
      "target": 2
    },
    {
      "annotations": {
        "BioAssay": {
          "flow cytometry": true
        },
        "MeSHAnatomy": {
          "Lung": true
        },
        "MeSHDisease": {
          "Severe Acute Respiratory Syndrome": true
        },
        "PublicationStatus": {
          "Published": true
        },
        "PublicationType": {
          "Research": true
        },
        "Section": {
          "Results": true
        },
        "Species": {
          "10090": true
        }
      },
      "citation": {
        "authors": [
          "Bartlett JH",
          "Chen J",
          "Lamirande EW",
          "Lau YF",
          "Paddock CD",
          "Subbarao K",
          "Zaki SR"
        ],
        "date": "2010-02-01",
        "db": "PubMed",
        "db_id": "19906920",
        "db_name": "Journal of virology",
        "first": "Chen J",
        "last": "Subbarao K",
        "pages": "1289-301",
        "volume": "84"
      },
      "evidence": "FACS analysis revealed an increased frequency of CD8+ IFN-γ+ and CD4+ IFN-γ+ cells seen in the lungs of SARS-CoV-infected mice following exogenous stimulation with SARS-CoV S protein and to a lesser extent nucleocapsid (N) proteins and PMA/ionomycin.",
      "key": "00d6194cc2dc22470256f50e2b6b2ebc",
      "line": 139,
      "relation": "increases",
      "source": 8,
      "target": 0
    },
    {
      "annotations": {
        "BioAssay": {
          "flow cytometry": true
        },
        "MeSHAnatomy": {
          "Lung": true
        },
        "MeSHDisease": {
          "Severe Acute Respiratory Syndrome": true
        },
        "PublicationStatus": {
          "Published": true
        },
        "PublicationType": {
          "Research": true
        },
        "Section": {
          "Results": true
        },
        "Species": {
          "10090": true
        }
      },
      "citation": {
        "authors": [
          "Bartlett JH",
          "Chen J",
          "Lamirande EW",
          "Lau YF",
          "Paddock CD",
          "Subbarao K",
          "Zaki SR"
        ],
        "date": "2010-02-01",
        "db": "PubMed",
        "db_id": "19906920",
        "db_name": "Journal of virology",
        "first": "Chen J",
        "last": "Subbarao K",
        "pages": "1289-301",
        "volume": "84"
      },
      "evidence": "The mice depleted of CD8+ T cells cleared the virus from the lungs as well as the isotype control-treated animals did and exhibited a near complete clearance of virus by day 9 p.i. However, depletion of CD4+ T cells resulted in delayed viral clearance from the lungs.",
      "key": "a5910ccc772d16085ac5b8834a779603",
      "line": 143,
      "relation": "decreases",
      "source": 3,
      "target": 8
    },
    {
      "annotations": {
        "MeSHAnatomy": {
          "Lung": true
        },
        "MeSHDisease": {
          "Severe Acute Respiratory Syndrome": true
        },
        "PublicationStatus": {
          "Published": true
        },
        "PublicationType": {
          "Research": true
        },
        "Section": {
          "Results": true
        },
        "Species": {
          "10090": true
        }
      },
      "citation": {
        "authors": [
          "Bartlett JH",
          "Chen J",
          "Lamirande EW",
          "Lau YF",
          "Paddock CD",
          "Subbarao K",
          "Zaki SR"
        ],
        "date": "2010-02-01",
        "db": "PubMed",
        "db_id": "19906920",
        "db_name": "Journal of virology",
        "first": "Chen J",
        "last": "Subbarao K",
        "pages": "1289-301",
        "volume": "84"
      },
      "evidence": "Compared to the isotype-treated controls, levels of cytokines IFN-γ, IL-2, IL-4, and IL-5 and chemokine MIP-2/CXCL2 were lower in mice depleted of CD4+ T cells (P < 0.05 by Student's t test), and IL-2, IL-4, and MIP-2/CXCL2 levels were lower in mice depleted of both CD4+ and CD8+ T cells (P < 0.05 by Student's t test).",
      "key": "af5dfd9d80e02ee1b0ed13539145cf88",
      "line": 148,
      "relation": "increases",
      "source": 3,
      "target": 17
    },
    {
      "annotations": {
        "MeSHAnatomy": {
          "Lung": true
        },
        "MeSHDisease": {
          "Severe Acute Respiratory Syndrome": true
        },
        "PublicationStatus": {
          "Published": true
        },
        "PublicationType": {
          "Research": true
        },
        "Section": {
          "Results": true
        },
        "Species": {
          "10090": true
        }
      },
      "citation": {
        "authors": [
          "Bartlett JH",
          "Chen J",
          "Lamirande EW",
          "Lau YF",
          "Paddock CD",
          "Subbarao K",
          "Zaki SR"
        ],
        "date": "2010-02-01",
        "db": "PubMed",
        "db_id": "19906920",
        "db_name": "Journal of virology",
        "first": "Chen J",
        "last": "Subbarao K",
        "pages": "1289-301",
        "volume": "84"
      },
      "evidence": "Compared to the isotype-treated controls, levels of cytokines IFN-γ, IL-2, IL-4, and IL-5 and chemokine MIP-2/CXCL2 were lower in mice depleted of CD4+ T cells (P < 0.05 by Student's t test), and IL-2, IL-4, and MIP-2/CXCL2 levels were lower in mice depleted of both CD4+ and CD8+ T cells (P < 0.05 by Student's t test).",
      "key": "25784234e214808bd0145066f9b13528",
      "line": 149,
      "relation": "increases",
      "source": 3,
      "target": 18
    },
    {
      "annotations": {
        "MeSHAnatomy": {
          "Lung": true
        },
        "MeSHDisease": {
          "Severe Acute Respiratory Syndrome": true
        },
        "PublicationStatus": {
          "Published": true
        },
        "PublicationType": {
          "Research": true
        },
        "Section": {
          "Results": true
        },
        "Species": {
          "10090": true
        }
      },
      "citation": {
        "authors": [
          "Bartlett JH",
          "Chen J",
          "Lamirande EW",
          "Lau YF",
          "Paddock CD",
          "Subbarao K",
          "Zaki SR"
        ],
        "date": "2010-02-01",
        "db": "PubMed",
        "db_id": "19906920",
        "db_name": "Journal of virology",
        "first": "Chen J",
        "last": "Subbarao K",
        "pages": "1289-301",
        "volume": "84"
      },
      "evidence": "Compared to the isotype-treated controls, levels of cytokines IFN-γ, IL-2, IL-4, and IL-5 and chemokine MIP-2/CXCL2 were lower in mice depleted of CD4+ T cells (P < 0.05 by Student's t test), and IL-2, IL-4, and MIP-2/CXCL2 levels were lower in mice depleted of both CD4+ and CD8+ T cells (P < 0.05 by Student's t test).",
      "key": "4e224f26d87dce29204db83a204fd40b",
      "line": 150,
      "relation": "increases",
      "source": 3,
      "target": 19
    },
    {
      "annotations": {
        "MeSHAnatomy": {
          "Lung": true
        },
        "MeSHDisease": {
          "Severe Acute Respiratory Syndrome": true
        },
        "PublicationStatus": {
          "Published": true
        },
        "PublicationType": {
          "Research": true
        },
        "Section": {
          "Results": true
        },
        "Species": {
          "10090": true
        }
      },
      "citation": {
        "authors": [
          "Bartlett JH",
          "Chen J",
          "Lamirande EW",
          "Lau YF",
          "Paddock CD",
          "Subbarao K",
          "Zaki SR"
        ],
        "date": "2010-02-01",
        "db": "PubMed",
        "db_id": "19906920",
        "db_name": "Journal of virology",
        "first": "Chen J",
        "last": "Subbarao K",
        "pages": "1289-301",
        "volume": "84"
      },
      "evidence": "Compared to the isotype-treated controls, levels of cytokines IFN-γ, IL-2, IL-4, and IL-5 and chemokine MIP-2/CXCL2 were lower in mice depleted of CD4+ T cells (P < 0.05 by Student's t test), and IL-2, IL-4, and MIP-2/CXCL2 levels were lower in mice depleted of both CD4+ and CD8+ T cells (P < 0.05 by Student's t test).",
      "key": "a20a49b8e8767b9aa7e620199d38b29c",
      "line": 151,
      "relation": "increases",
      "source": 3,
      "target": 20
    },
    {
      "annotations": {
        "MeSHAnatomy": {
          "Lung": true
        },
        "MeSHDisease": {
          "Severe Acute Respiratory Syndrome": true
        },
        "PublicationStatus": {
          "Published": true
        },
        "PublicationType": {
          "Research": true
        },
        "Section": {
          "Results": true
        },
        "Species": {
          "10090": true
        }
      },
      "citation": {
        "authors": [
          "Bartlett JH",
          "Chen J",
          "Lamirande EW",
          "Lau YF",
          "Paddock CD",
          "Subbarao K",
          "Zaki SR"
        ],
        "date": "2010-02-01",
        "db": "PubMed",
        "db_id": "19906920",
        "db_name": "Journal of virology",
        "first": "Chen J",
        "last": "Subbarao K",
        "pages": "1289-301",
        "volume": "84"
      },
      "evidence": "Compared to the isotype-treated controls, levels of cytokines IFN-γ, IL-2, IL-4, and IL-5 and chemokine MIP-2/CXCL2 were lower in mice depleted of CD4+ T cells (P < 0.05 by Student's t test), and IL-2, IL-4, and MIP-2/CXCL2 levels were lower in mice depleted of both CD4+ and CD8+ T cells (P < 0.05 by Student's t test).",
      "key": "926217f322d39d1b222c83471e0c3ccc",
      "line": 152,
      "relation": "increases",
      "source": 3,
      "target": 13
    },
    {
      "annotations": {
        "BioAssay": {
          "flow cytometry": true
        },
        "MeSHAnatomy": {
          "Lung": true
        },
        "MeSHDisease": {
          "Severe Acute Respiratory Syndrome": true
        },
        "PublicationStatus": {
          "Published": true
        },
        "PublicationType": {
          "Research": true
        },
        "Section": {
          "Results": true
        },
        "Species": {
          "10090": true
        }
      },
      "citation": {
        "authors": [
          "Bartlett JH",
          "Chen J",
          "Lamirande EW",
          "Lau YF",
          "Paddock CD",
          "Subbarao K",
          "Zaki SR"
        ],
        "date": "2010-02-01",
        "db": "PubMed",
        "db_id": "19906920",
        "db_name": "Journal of virology",
        "first": "Chen J",
        "last": "Subbarao K",
        "pages": "1289-301",
        "volume": "84"
      },
      "evidence": "FACS analysis revealed that depletion of CD4+ T cells resulted in decreased number of leukocytes infiltrating into the lungs on day 9 p.i. (Fig. 5B),consistent with the decreased chemokine production.",
      "key": "f5ddd5ecbce6fd579f77e66828dc4bca",
      "line": 157,
      "relation": "increases",
      "source": 3,
      "target": 6
    },
    {
      "annotations": {
        "BioAssay": {
          "flow cytometry": true
        },
        "MeSHAnatomy": {
          "Lung": true
        },
        "MeSHDisease": {
          "Severe Acute Respiratory Syndrome": true
        },
        "PublicationStatus": {
          "Published": true
        },
        "PublicationType": {
          "Research": true
        },
        "Section": {
          "Results": true
        },
        "Species": {
          "10090": true
        }
      },
      "citation": {
        "authors": [
          "Bartlett JH",
          "Chen J",
          "Lamirande EW",
          "Lau YF",
          "Paddock CD",
          "Subbarao K",
          "Zaki SR"
        ],
        "date": "2010-02-01",
        "db": "PubMed",
        "db_id": "19906920",
        "db_name": "Journal of virology",
        "first": "Chen J",
        "last": "Subbarao K",
        "pages": "1289-301",
        "volume": "84"
      },
      "evidence": "FACS analysis also revealed that depletion of CD4+ T cells resulted in fewer IFN-γ-producing CD8+ T cells infiltrating into the lungs on day 9 p.i., while depletion of CD8+ T cells did not noticeably affect pulmonary recruitment of virus-specific IFN-γ-producing CD4+ T cells (Fig. 5C).",
      "key": "438233852a69efd968620455262c40cf",
      "line": 161,
      "relation": "increases",
      "source": 3,
      "target": 2
    },
    {
      "annotations": {
        "MeSHAnatomy": {
          "Lung": true
        },
        "MeSHDisease": {
          "Severe Acute Respiratory Syndrome": true
        },
        "PublicationStatus": {
          "Published": true
        },
        "PublicationType": {
          "Research": true
        },
        "Section": {
          "Results": true
        },
        "Species": {
          "10090": true
        }
      },
      "citation": {
        "authors": [
          "Bartlett JH",
          "Chen J",
          "Lamirande EW",
          "Lau YF",
          "Paddock CD",
          "Subbarao K",
          "Zaki SR"
        ],
        "date": "2010-02-01",
        "db": "PubMed",
        "db_id": "19906920",
        "db_name": "Journal of virology",
        "first": "Chen J",
        "last": "Subbarao K",
        "pages": "1289-301",
        "volume": "84"
      },
      "evidence": "Depletion of CD4+ T cells results in enhanced interstitial pneumonitis.",
      "key": "333fcf85c7c5012d3470001f5b410672",
      "line": 166,
      "relation": "decreases",
      "source": 3,
      "target": 24
    }
  ],
  "multigraph": true,
  "nodes": [
    {
      "bel": "a(FIXME:\"CD4+ IFN-γ+ cell\")",
      "concept": {
        "name": "CD4+ IFN-γ+ cell",
        "namespace": "FIXME"
      },
      "function": "Abundance",
      "id": "4da14efd880e01217473e7c566b2b691"
    },
    {
      "bel": "a(FIXME:\"CD45+ leukocyte\")",
      "concept": {
        "name": "CD45+ leukocyte",
        "namespace": "FIXME"
      },
      "function": "Abundance",
      "id": "a138992818f998c95c23bd1a52bb91d0"
    },
    {
      "bel": "a(FIXME:\"CD8+ IFN-γ+ cell\")",
      "concept": {
        "name": "CD8+ IFN-γ+ cell",
        "namespace": "FIXME"
      },
      "function": "Abundance",
      "id": "e2af84eb04c9d55697f8c571461a7d33"
    },
    {
      "bel": "a(MESH:\"CD4-Positive T-Lymphocytes\")",
      "concept": {
        "name": "CD4-Positive T-Lymphocytes",
        "namespace": "MESH"
      },
      "function": "Abundance",
      "id": "d26f55e472a40223e18fc717c6a1b55d"
    },
    {
      "bel": "a(MESH:\"CD8-Positive T-Lymphocytes\")",
      "concept": {
        "name": "CD8-Positive T-Lymphocytes",
        "namespace": "MESH"
      },
      "function": "Abundance",
      "id": "59b2f285d4c75c8c59127aa7c441658c"
    },
    {
      "bel": "a(MESH:\"Killer Cells, Natural\")",
      "concept": {
        "name": "Killer Cells, Natural",
        "namespace": "MESH"
      },
      "function": "Abundance",
      "id": "977a8a88c878a7d9a31a95090c497b26"
    },
    {
      "bel": "a(MESH:Leukocytes)",
      "concept": {
        "name": "Leukocytes",
        "namespace": "MESH"
      },
      "function": "Abundance",
      "id": "b215981af8ba668bcfd399aeb27b72fb"
    },
    {
      "bel": "a(MESH:Macrophages)",
      "concept": {
        "name": "Macrophages",
        "namespace": "MESH"
      },
      "function": "Abundance",
      "id": "311e39dad42597c983d7962f84ee92b6"
    },
    {
      "bel": "a(TAX:\"Severe acute respiratory syndrome-related coronavirus\")",
      "concept": {
        "name": "Severe acute respiratory syndrome-related coronavirus",
        "namespace": "TAX"
      },
      "function": "Abundance",
      "id": "a824ba056422b4e42996cd3269ec9a19"
    },
    {
      "bel": "p(MGI:Ccl2)",
      "concept": {
        "name": "Ccl2",
        "namespace": "MGI"
      },
      "function": "Protein",
      "id": "21140d096b8da36db209e0ae421217c2"
    },
    {
      "bel": "p(MGI:Ccl3)",
      "concept": {
        "name": "Ccl3",
        "namespace": "MGI"
      },
      "function": "Protein",
      "id": "d5e4d4378aa5322c02d921f58f13f208"
    },
    {
      "bel": "p(MGI:Ccl5)",
      "concept": {
        "name": "Ccl5",
        "namespace": "MGI"
      },
      "function": "Protein",
      "id": "90df0ecf7dc759d19c9010000cc67a76"
    },
    {
      "bel": "p(MGI:Cxcl10)",
      "concept": {
        "name": "Cxcl10",
        "namespace": "MGI"
      },
      "function": "Protein",
      "id": "a55c47d98a55ed927b70a538c660ba83"
    },
    {
      "bel": "p(MGI:Cxcl2)",
      "concept": {
        "name": "Cxcl2",
        "namespace": "MGI"
      },
      "function": "Protein",
      "id": "40286432d8cca6c5b6a4f916ace69111"
    },
    {
      "bel": "p(MGI:Cxcl9)",
      "concept": {
        "name": "Cxcl9",
        "namespace": "MGI"
      },
      "function": "Protein",
      "id": "fb08bf515bf453fef0f8a97af7c3c5fb"
    },
    {
      "bel": "p(MGI:Ifna11)",
      "concept": {
        "name": "Ifna11",
        "namespace": "MGI"
      },
      "function": "Protein",
      "id": "7af3c4f786727ab1b87e0edec3d5e4cb"
    },
    {
      "bel": "p(MGI:Ifnb1)",
      "concept": {
        "name": "Ifnb1",
        "namespace": "MGI"
      },
      "function": "Protein",
      "id": "45607b7a8ee6dd81a64f91869dbfe3f8"
    },
    {
      "bel": "p(MGI:Ifng)",
      "concept": {
        "name": "Ifng",
        "namespace": "MGI"
      },
      "function": "Protein",
      "id": "884a98893a870ceea5045d1aafb80d5a"
    },
    {
      "bel": "p(MGI:Il2)",
      "concept": {
        "name": "Il2",
        "namespace": "MGI"
      },
      "function": "Protein",
      "id": "d6659b3ecd1be5fc1fff3c3b4b1a16eb"
    },
    {
      "bel": "p(MGI:Il4)",
      "concept": {
        "name": "Il4",
        "namespace": "MGI"
      },
      "function": "Protein",
      "id": "0dfd2b0437b69095c3d934b69e2d008b"
    },
    {
      "bel": "p(MGI:Il5)",
      "concept": {
        "name": "Il5",
        "namespace": "MGI"
      },
      "function": "Protein",
      "id": "1305dd49579b7b578cc6bb07dd9b9990"
    },
    {
      "bel": "p(MGI:Il6)",
      "concept": {
        "name": "Il6",
        "namespace": "MGI"
      },
      "function": "Protein",
      "id": "461076a43183c4f1e4e9b4954be313fe"
    },
    {
      "bel": "p(MGI:Tnf)",
      "concept": {
        "name": "Tnf",
        "namespace": "MGI"
      },
      "function": "Protein",
      "id": "cd5c5c12b7855d35a3e18c5ee16eb074"
    },
    {
      "bel": "path(DO:\"severe acute respiratory syndrome\")",
      "concept": {
        "name": "severe acute respiratory syndrome",
        "namespace": "DO"
      },
      "function": "Pathology",
      "id": "06fc6690e6ddfff254197e953a470c95"
    },
    {
      "bel": "path(HP:\"Interstitial pneumonitis\")",
      "concept": {
        "name": "Interstitial pneumonitis",
        "namespace": "HP"
      },
      "function": "Pathology",
      "id": "d477feba81989d3bc7d45f3f30ff800b"
    },
    {
      "bel": "r(MGI:Ccl2)",
      "concept": {
        "name": "Ccl2",
        "namespace": "MGI"
      },
      "function": "RNA",
      "id": "12999fe389a0809656f63e4b3a92bcf1"
    },
    {
      "bel": "r(MGI:Ccl3)",
      "concept": {
        "name": "Ccl3",
        "namespace": "MGI"
      },
      "function": "RNA",
      "id": "950f92d8cb8c14b3dbe259d2ed7c23f4"
    },
    {
      "bel": "r(MGI:Ccl5)",
      "concept": {
        "name": "Ccl5",
        "namespace": "MGI"
      },
      "function": "RNA",
      "id": "6934daf134134b72d7c3a371ea804128"
    },
    {
      "bel": "r(MGI:Ccr2)",
      "concept": {
        "name": "Ccr2",
        "namespace": "MGI"
      },
      "function": "RNA",
      "id": "aa4ad3839b66cace5171f9d7cac6a64b"
    },
    {
      "bel": "r(MGI:Ccr5)",
      "concept": {
        "name": "Ccr5",
        "namespace": "MGI"
      },
      "function": "RNA",
      "id": "5fd71d4960e4156d21137632c721f1aa"
    },
    {
      "bel": "r(MGI:Cxcl10)",
      "concept": {
        "name": "Cxcl10",
        "namespace": "MGI"
      },
      "function": "RNA",
      "id": "8a458e388b4ab5032c65e78960fcc1ef"
    },
    {
      "bel": "r(MGI:Cxcl9)",
      "concept": {
        "name": "Cxcl9",
        "namespace": "MGI"
      },
      "function": "RNA",
      "id": "a55c46c37e19dccc453059ebaa89d31f"
    },
    {
      "bel": "r(MGI:Cxcr3)",
      "concept": {
        "name": "Cxcr3",
        "namespace": "MGI"
      },
      "function": "RNA",
      "id": "50225aba47fd27dfb49fa6ad44090d18"
    }
  ]
}