{
  "directed": true,
  "graph": {
    "annotation_list": {
      "CellLine_Infection_Type": [
        "Human coronavirus OC43"
      ],
      "Custom_CellLine": [
        "RD cell"
      ],
      "PublicationStatus": [
        "Published"
      ],
      "PublicationType": [
        "Research"
      ],
      "Section": [
        "Discussion",
        "Results"
      ],
      "Timeline": [
        "3 day"
      ],
      "concentration": [
        "8µM"
      ]
    },
    "annotation_pattern": {},
    "annotation_url": {},
    "document_metadata": {
      "authors": "Thrishna",
      "contact": "thrishna@causalitybiomodels.com",
      "copyright": "Copyright © 2020 Fraunhofer Institute SCAI, All rights reserved",
      "description": "COVID Knowledge Curation project",
      "licenses": "Private Ownership to Fraunhofer Institute SCAI",
      "name": "21356245.bel",
      "version": "2.0.0"
    },
    "namespace_pattern": {
      "UNIPROT": "^([A-N,R-Z][0-9]([A-Z][A-Z, 0-9][A-Z, 0-9][0-9]){1,2})|([O,P,Q][0-9][A-Z, 0-9][A-Z, 0-9][A-Z, 0-9][0-9])(\\.\\d+)?$"
    },
    "namespace_url": {
      "CHEBI": "https://arty.scai.fraunhofer.de/artifactory/bel/namespace/chebi/chebi-20190708.belns",
      "GO": "https://arty.scai.fraunhofer.de/artifactory/bel/namespace/go/go-20180109.belns",
      "MESH": "https://arty.scai.fraunhofer.de/artifactory/bel/namespace/mesh/mesh-names-20181007.belns",
      "TAX": "https://arty.scai.fraunhofer.de/artifactory/bel/namespace/ncbi-taxonomy/ncbi-taxonomy-20200322.belns"
    },
    "path": "21356245.bel",
    "pybel_version": "0.14.6"
  },
  "links": [
    {
      "annotations": {
        "CellLine_Infection_Type": {
          "Human coronavirus OC43": true
        },
        "Custom_CellLine": {
          "RD cell": true
        },
        "PublicationStatus": {
          "Published": true
        },
        "PublicationType": {
          "Research": true
        },
        "Section": {
          "Results": true
        },
        "Timeline": {
          "3 day": true
        },
        "concentration": {
          "8µM": true
        }
      },
      "citation": {
        "authors": [
          "Schwarz S",
          "Schwarz W",
          "Sun B",
          "Wang K",
          "Yu W"
        ],
        "date": "2011-04-01",
        "db": "PubMed",
        "db_id": "21356245",
        "db_name": "Antiviral research",
        "first": "Schwarz S",
        "last": "Schwarz W",
        "pages": "64-9",
        "volume": "90"
      },
      "evidence": "Three days post infection, the typical cytopathic effect(CPE) was observed under a light microscope; the virus-induced CPE was obviously reduce in the presence of 8\u0002M emodin (Fig. 5A).",
      "key": "004c503dd19057ab5a8e6ab6cf057d9d",
      "line": 52,
      "relation": "decreases",
      "source": 0,
      "target": 5
    },
    {
      "annotations": {
        "CellLine_Infection_Type": {
          "Human coronavirus OC43": true
        },
        "Custom_CellLine": {
          "RD cell": true
        },
        "PublicationStatus": {
          "Published": true
        },
        "PublicationType": {
          "Research": true
        },
        "Section": {
          "Results": true
        },
        "Timeline": {
          "3 day": true
        },
        "concentration": {
          "8µM": true
        }
      },
      "citation": {
        "authors": [
          "Schwarz S",
          "Schwarz W",
          "Sun B",
          "Wang K",
          "Yu W"
        ],
        "date": "2011-04-01",
        "db": "PubMed",
        "db_id": "21356245",
        "db_name": "Antiviral research",
        "first": "Schwarz S",
        "last": "Schwarz W",
        "pages": "64-9",
        "volume": "90"
      },
      "evidence": "In addition, the plaque reduction assay showed that emodin decreased the number and size of plaques in a dose-dependentmanner; plaques were hardly detectable at 8\u0002M(Fig. 5B).",
      "key": "270f42830d41e2ed5e18218f70e6b25f",
      "line": 58,
      "relation": "decreases",
      "source": 0,
      "target": 1
    },
    {
      "annotations": {
        "PublicationStatus": {
          "Published": true
        },
        "PublicationType": {
          "Research": true
        },
        "Section": {
          "Discussion": true
        }
      },
      "citation": {
        "authors": [
          "Schwarz S",
          "Schwarz W",
          "Sun B",
          "Wang K",
          "Yu W"
        ],
        "date": "2011-04-01",
        "db": "PubMed",
        "db_id": "21356245",
        "db_name": "Antiviral research",
        "first": "Schwarz S",
        "last": "Schwarz W",
        "pages": "64-9",
        "volume": "90"
      },
      "evidence": "Therefore, we suggest that emodin may contribute to reduced virus release from the SARS-CoV-infected cell through inhibition of the current medi-ated by 3a protein.",
      "key": "aedb00aafbaac66ebc6e746f320dc7b2",
      "line": 70,
      "object": {
        "modifier": "Activity"
      },
      "relation": "decreases",
      "source": 0,
      "target": 4
    },
    {
      "annotations": {
        "PublicationStatus": {
          "Published": true
        },
        "PublicationType": {
          "Research": true
        },
        "Section": {
          "Discussion": true
        }
      },
      "citation": {
        "authors": [
          "Schwarz S",
          "Schwarz W",
          "Sun B",
          "Wang K",
          "Yu W"
        ],
        "date": "2011-04-01",
        "db": "PubMed",
        "db_id": "21356245",
        "db_name": "Antiviral research",
        "first": "Schwarz S",
        "last": "Schwarz W",
        "pages": "64-9",
        "volume": "90"
      },
      "evidence": "Therefore, we suggest that emodin may contribute to reduced virus release from the SARS-CoV-infected cell through inhibition of the current medi-ated by 3a protein.",
      "key": "2a7472d8125782729a2c2ba787e8d613",
      "line": 69,
      "relation": "association",
      "source": 4,
      "target": 2
    },
    {
      "annotations": {
        "PublicationStatus": {
          "Published": true
        },
        "PublicationType": {
          "Research": true
        },
        "Section": {
          "Discussion": true
        }
      },
      "citation": {
        "authors": [
          "Schwarz S",
          "Schwarz W",
          "Sun B",
          "Wang K",
          "Yu W"
        ],
        "date": "2011-04-01",
        "db": "PubMed",
        "db_id": "21356245",
        "db_name": "Antiviral research",
        "first": "Schwarz S",
        "last": "Schwarz W",
        "pages": "64-9",
        "volume": "90"
      },
      "evidence": "Therefore, we suggest that emodin may contribute to reduced virus release from the SARS-CoV-infected cell through inhibition of the current medi-ated by 3a protein.",
      "key": "07df7ea34da2d584b955930203d71578",
      "line": 71,
      "relation": "increases",
      "source": 4,
      "subject": {
        "modifier": "Activity"
      },
      "target": 3
    },
    {
      "annotations": {
        "PublicationStatus": {
          "Published": true
        },
        "PublicationType": {
          "Research": true
        },
        "Section": {
          "Discussion": true
        }
      },
      "citation": {
        "authors": [
          "Schwarz S",
          "Schwarz W",
          "Sun B",
          "Wang K",
          "Yu W"
        ],
        "date": "2011-04-01",
        "db": "PubMed",
        "db_id": "21356245",
        "db_name": "Antiviral research",
        "first": "Schwarz S",
        "last": "Schwarz W",
        "pages": "64-9",
        "volume": "90"
      },
      "evidence": "Therefore, we suggest that emodin may contribute to reduced virus release from the SARS-CoV-infected cell through inhibition of the current medi-ated by 3a protein.",
      "key": "0033b813260375cecc452f99d50263a8",
      "line": 69,
      "relation": "association",
      "source": 2,
      "target": 4
    }
  ],
  "multigraph": true,
  "nodes": [
    {
      "bel": "a(CHEBI:emodin)",
      "concept": {
        "name": "emodin",
        "namespace": "CHEBI"
      },
      "function": "Abundance",
      "id": "4d7bb52514445ca01fd210aa7025359d"
    },
    {
      "bel": "a(TAX:\"Human coronavirus OC43\")",
      "concept": {
        "name": "Human coronavirus OC43",
        "namespace": "TAX"
      },
      "function": "Abundance",
      "id": "27f78f6a35d13ab4ffdc15ef67fcd4c3"
    },
    {
      "bel": "a(TAX:\"Severe acute respiratory syndrome-related coronavirus\")",
      "concept": {
        "name": "Severe acute respiratory syndrome-related coronavirus",
        "namespace": "TAX"
      },
      "function": "Abundance",
      "id": "a824ba056422b4e42996cd3269ec9a19"
    },
    {
      "bel": "bp(GO:\"viral release from host cell\")",
      "concept": {
        "name": "viral release from host cell",
        "namespace": "GO"
      },
      "function": "BiologicalProcess",
      "id": "7ddc4c2af85f52bf1e7fc0a3497fc58b"
    },
    {
      "bel": "p(UNIPROT:J9TEM7)",
      "concept": {
        "name": "J9TEM7",
        "namespace": "UNIPROT"
      },
      "function": "Protein",
      "id": "7d39facb9979054e18c756b501a2f46a"
    },
    {
      "bel": "path(MESH:\"Cytopathogenic Effect, Viral\")",
      "concept": {
        "name": "Cytopathogenic Effect, Viral",
        "namespace": "MESH"
      },
      "function": "Pathology",
      "id": "54c2f9e33e34a9e41204c5ca0be0eeca"
    }
  ]
}