{
  "directed": true,
  "graph": {
    "annotation_list": {
      "CellLine_Infection_Type": [
        "Middle East respiratory syndrome-related coronavirus"
      ],
      "Custom_CellLine": [
        "HAE Cell"
      ],
      "IC50": [
        "0.069 μM",
        "0.074 μM"
      ],
      "Infection_Type": [
        "Severe acute respiratory syndrome-related coronavirus"
      ],
      "Mouse_type": [
        "Ces1c−/−"
      ],
      "PublicationStatus": [
        "Published"
      ],
      "PublicationType": [
        "Research"
      ],
      "Section": [
        "Results"
      ],
      "concentration": [
        "25 mg/kg twice daily",
        "50 mg/kg once daily"
      ]
    },
    "annotation_pattern": {},
    "annotation_url": {
      "MeSHAnatomy": "https://arty.scai.fraunhofer.de/artifactory/bel/annotation/mesh-anatomy/mesh-anatomy-20190128.belanno",
      "MeSHDisease": "https://arty.scai.fraunhofer.de/artifactory/bel/annotation/mesh-diseases/mesh-diseases-20190128.belanno",
      "Species": "https://arty.scai.fraunhofer.de/artifactory/bel/annotation/species-taxonomy-id/species-taxonomy-id-20170511.belanno"
    },
    "document_metadata": {
      "authors": "Thrishna",
      "contact": "thrishna@causalitybiomodels.com",
      "copyright": "Copyright © 2020 Fraunhofer Institute SCAI, All rights reserved",
      "description": "COVID Knowledge Curation project",
      "licenses": "Private Ownership to Fraunhofer Institute SCAI",
      "name": "28659436.bel",
      "version": "2.0.0"
    },
    "namespace_pattern": {
      "FIXME": ".*",
      "PUBCHEM": "^\\d+$",
      "UNIPROT": "^([A-N,R-Z][0-9]([A-Z][A-Z, 0-9][A-Z, 0-9][0-9]){1,2})|([O,P,Q][0-9][A-Z, 0-9][A-Z, 0-9][A-Z, 0-9][0-9])(\\.\\d+)?$"
    },
    "namespace_url": {
      "DO": "https://arty.scai.fraunhofer.de/artifactory/bel/namespace/disease-ontology/disease-ontology-20190128.belns",
      "HP": "https://arty.scai.fraunhofer.de/artifactory/bel/namespace/hp/hp-20190130.belns",
      "MESH": "https://arty.scai.fraunhofer.de/artifactory/bel/namespace/mesh/mesh-names-20181007.belns",
      "TAX": "https://arty.scai.fraunhofer.de/artifactory/bel/namespace/ncbi-taxonomy/ncbi-taxonomy-20200322.belns"
    },
    "path": "28659436.bel",
    "pybel_version": "0.14.6"
  },
  "links": [
    {
      "annotations": {
        "IC50": {
          "0.069 μM": true
        },
        "PublicationStatus": {
          "Published": true
        },
        "PublicationType": {
          "Research": true
        },
        "Section": {
          "Results": true
        }
      },
      "citation": {
        "authors": [
          "Babusis D",
          "Bannister R",
          "Baric RS",
          "Case JB",
          "Cihlar T",
          "Clarke MO",
          "Denison MR",
          "Feng JY",
          "Graham RL",
          "Gralinski LE",
          "Jordan R",
          "Leist SR",
          "Mackman RL",
          "Menachery VD",
          "Palmiotti CA",
          "Park Y",
          "Pyrc K",
          "Ray AS",
          "Sheahan TP",
          "Siegel D",
          "Sims AC",
          "Spahn JE",
          "Trantcheva I"
        ],
        "date": "2017-06-28",
        "db": "PubMed",
        "db_id": "28659436",
        "db_name": "Science translational medicine",
        "first": "Sheahan TP",
        "last": "Baric RS",
        "volume": "9"
      },
      "evidence": "A dose-dependent reduction in replication approaching 1 log10 was observed at 0.1 μM and exceeded 2 log10 at 1 μM GS-5734 as compared to untreated controls (Fig. 2, A and B), with average IC50 values of 0.069 μM (SARS-CoV) and 0.074 μM (MERS-CoV).",
      "key": "0e3002dd9de1f1e8fa95125520d034b8",
      "line": 57,
      "relation": "decreases",
      "source": 0,
      "target": 2
    },
    {
      "annotations": {
        "Infection_Type": {
          "Severe acute respiratory syndrome-related coronavirus": true
        },
        "MeSHAnatomy": {
          "Lung": true
        },
        "Mouse_type": {
          "Ces1c−/−": true
        },
        "PublicationStatus": {
          "Published": true
        },
        "PublicationType": {
          "Research": true
        },
        "Section": {
          "Results": true
        },
        "Species": {
          "10090": true
        }
      },
      "citation": {
        "authors": [
          "Babusis D",
          "Bannister R",
          "Baric RS",
          "Case JB",
          "Cihlar T",
          "Clarke MO",
          "Denison MR",
          "Feng JY",
          "Graham RL",
          "Gralinski LE",
          "Jordan R",
          "Leist SR",
          "Mackman RL",
          "Menachery VD",
          "Palmiotti CA",
          "Park Y",
          "Pyrc K",
          "Ray AS",
          "Sheahan TP",
          "Siegel D",
          "Sims AC",
          "Spahn JE",
          "Trantcheva I"
        ],
        "date": "2017-06-28",
        "db": "PubMed",
        "db_id": "28659436",
        "db_name": "Science translational medicine",
        "first": "Sheahan TP",
        "last": "Baric RS",
        "volume": "9"
      },
      "evidence": "Virus titers in the lung were significantly reduced (P < 0.05) on both 2 and 5 days postinfection (dpi) in GS-5734–treated mice as compared to vehicle-treated animals (Fig. 5B).",
      "key": "287d39dfdaee4aadd364659a4bea3de7",
      "line": 99,
      "relation": "decreases",
      "source": 0,
      "target": 2
    },
    {
      "annotations": {
        "Infection_Type": {
          "Severe acute respiratory syndrome-related coronavirus": true
        },
        "MeSHAnatomy": {
          "Lung": true
        },
        "MeSHDisease": {
          "Severe Acute Respiratory Syndrome": true
        },
        "Mouse_type": {
          "Ces1c−/−": true
        },
        "PublicationStatus": {
          "Published": true
        },
        "PublicationType": {
          "Research": true
        },
        "Section": {
          "Results": true
        },
        "Species": {
          "10090": true
        }
      },
      "citation": {
        "authors": [
          "Babusis D",
          "Bannister R",
          "Baric RS",
          "Case JB",
          "Cihlar T",
          "Clarke MO",
          "Denison MR",
          "Feng JY",
          "Graham RL",
          "Gralinski LE",
          "Jordan R",
          "Leist SR",
          "Mackman RL",
          "Menachery VD",
          "Palmiotti CA",
          "Park Y",
          "Pyrc K",
          "Ray AS",
          "Sheahan TP",
          "Siegel D",
          "Sims AC",
          "Spahn JE",
          "Trantcheva I"
        ],
        "date": "2017-06-28",
        "db": "PubMed",
        "db_id": "28659436",
        "db_name": "Science translational medicine",
        "first": "Sheahan TP",
        "last": "Baric RS",
        "volume": "9"
      },
      "evidence": "Therapeutic GS-5734 substantially reduced the SARS-CoV–induced weight loss in infected animals (Fig. 6, A and B) and significantly suppressed virus lung titers (P = 0.0059), thus demonstrating that therapeutic administration of GS-5734 can reduce disease and suppress replication during an ongoing infection (Fig. 6C).",
      "key": "a5af865f05f96e8d8e90d1afccc8896e",
      "line": 123,
      "relation": "decreases",
      "source": 0,
      "target": 2
    },
    {
      "annotations": {
        "IC50": {
          "0.074 μM": true
        },
        "PublicationStatus": {
          "Published": true
        },
        "PublicationType": {
          "Research": true
        },
        "Section": {
          "Results": true
        }
      },
      "citation": {
        "authors": [
          "Babusis D",
          "Bannister R",
          "Baric RS",
          "Case JB",
          "Cihlar T",
          "Clarke MO",
          "Denison MR",
          "Feng JY",
          "Graham RL",
          "Gralinski LE",
          "Jordan R",
          "Leist SR",
          "Mackman RL",
          "Menachery VD",
          "Palmiotti CA",
          "Park Y",
          "Pyrc K",
          "Ray AS",
          "Sheahan TP",
          "Siegel D",
          "Sims AC",
          "Spahn JE",
          "Trantcheva I"
        ],
        "date": "2017-06-28",
        "db": "PubMed",
        "db_id": "28659436",
        "db_name": "Science translational medicine",
        "first": "Sheahan TP",
        "last": "Baric RS",
        "volume": "9"
      },
      "evidence": "A dose-dependent reduction in replication approaching 1 log10 was observed at 0.1 μM and exceeded 2 log10 at 1 μM GS-5734 as compared to untreated controls (Fig. 2, A and B), with average IC50 values of 0.069 μM (SARS-CoV) and 0.074 μM (MERS-CoV).",
      "key": "426a8f7e05aee68a8eea8e4782c7aa19",
      "line": 60,
      "relation": "decreases",
      "source": 0,
      "target": 1
    },
    {
      "annotations": {
        "PublicationStatus": {
          "Published": true
        },
        "PublicationType": {
          "Research": true
        },
        "Section": {
          "Results": true
        }
      },
      "citation": {
        "authors": [
          "Babusis D",
          "Bannister R",
          "Baric RS",
          "Case JB",
          "Cihlar T",
          "Clarke MO",
          "Denison MR",
          "Feng JY",
          "Graham RL",
          "Gralinski LE",
          "Jordan R",
          "Leist SR",
          "Mackman RL",
          "Menachery VD",
          "Palmiotti CA",
          "Park Y",
          "Pyrc K",
          "Ray AS",
          "Sheahan TP",
          "Siegel D",
          "Sims AC",
          "Spahn JE",
          "Trantcheva I"
        ],
        "date": "2017-06-28",
        "db": "PubMed",
        "db_id": "28659436",
        "db_name": "Science translational medicine",
        "first": "Sheahan TP",
        "last": "Baric RS",
        "volume": "9"
      },
      "evidence": "A dose-dependent reduction in both ORF1a and ORFN was observed for both SARS-CoV and MERS-CoV (Fig. 2, C and D, and table S1), consistent with titer reduction",
      "key": "985c02d2379412da2685e578393674a7",
      "line": 67,
      "relation": "decreases",
      "source": 0,
      "target": 4
    },
    {
      "annotations": {
        "PublicationStatus": {
          "Published": true
        },
        "PublicationType": {
          "Research": true
        },
        "Section": {
          "Results": true
        }
      },
      "citation": {
        "authors": [
          "Babusis D",
          "Bannister R",
          "Baric RS",
          "Case JB",
          "Cihlar T",
          "Clarke MO",
          "Denison MR",
          "Feng JY",
          "Graham RL",
          "Gralinski LE",
          "Jordan R",
          "Leist SR",
          "Mackman RL",
          "Menachery VD",
          "Palmiotti CA",
          "Park Y",
          "Pyrc K",
          "Ray AS",
          "Sheahan TP",
          "Siegel D",
          "Sims AC",
          "Spahn JE",
          "Trantcheva I"
        ],
        "date": "2017-06-28",
        "db": "PubMed",
        "db_id": "28659436",
        "db_name": "Science translational medicine",
        "first": "Sheahan TP",
        "last": "Baric RS",
        "volume": "9"
      },
      "evidence": "A dose-dependent reduction in both ORF1a and ORFN was observed for both SARS-CoV and MERS-CoV (Fig. 2, C and D, and table S1), consistent with titer reduction",
      "key": "996c350def4984f2bc2d841c0d4d5a7d",
      "line": 68,
      "relation": "decreases",
      "source": 0,
      "target": 5
    },
    {
      "annotations": {
        "PublicationStatus": {
          "Published": true
        },
        "PublicationType": {
          "Research": true
        },
        "Section": {
          "Results": true
        }
      },
      "citation": {
        "authors": [
          "Babusis D",
          "Bannister R",
          "Baric RS",
          "Case JB",
          "Cihlar T",
          "Clarke MO",
          "Denison MR",
          "Feng JY",
          "Graham RL",
          "Gralinski LE",
          "Jordan R",
          "Leist SR",
          "Mackman RL",
          "Menachery VD",
          "Palmiotti CA",
          "Park Y",
          "Pyrc K",
          "Ray AS",
          "Sheahan TP",
          "Siegel D",
          "Sims AC",
          "Spahn JE",
          "Trantcheva I"
        ],
        "date": "2017-06-28",
        "db": "PubMed",
        "db_id": "28659436",
        "db_name": "Science translational medicine",
        "first": "Sheahan TP",
        "last": "Baric RS",
        "volume": "9"
      },
      "evidence": "A dose-dependent reduction in both ORF1a and ORFN was observed for both SARS-CoV and MERS-CoV (Fig. 2, C and D, and table S1), consistent with titer reduction",
      "key": "41699db022d3d9c362616f56e0fb303f",
      "line": 69,
      "relation": "decreases",
      "source": 0,
      "target": 7
    },
    {
      "annotations": {
        "PublicationStatus": {
          "Published": true
        },
        "PublicationType": {
          "Research": true
        },
        "Section": {
          "Results": true
        }
      },
      "citation": {
        "authors": [
          "Babusis D",
          "Bannister R",
          "Baric RS",
          "Case JB",
          "Cihlar T",
          "Clarke MO",
          "Denison MR",
          "Feng JY",
          "Graham RL",
          "Gralinski LE",
          "Jordan R",
          "Leist SR",
          "Mackman RL",
          "Menachery VD",
          "Palmiotti CA",
          "Park Y",
          "Pyrc K",
          "Ray AS",
          "Sheahan TP",
          "Siegel D",
          "Sims AC",
          "Spahn JE",
          "Trantcheva I"
        ],
        "date": "2017-06-28",
        "db": "PubMed",
        "db_id": "28659436",
        "db_name": "Science translational medicine",
        "first": "Sheahan TP",
        "last": "Baric RS",
        "volume": "9"
      },
      "evidence": "A dose-dependent reduction in both ORF1a and ORFN was observed for both SARS-CoV and MERS-CoV (Fig. 2, C and D, and table S1), consistent with titer reduction",
      "key": "e117259846a56955ae90014993cc3989",
      "line": 70,
      "relation": "decreases",
      "source": 0,
      "target": 6
    },
    {
      "annotations": {
        "CellLine_Infection_Type": {
          "Middle East respiratory syndrome-related coronavirus": true
        },
        "Custom_CellLine": {
          "HAE Cell": true
        },
        "PublicationStatus": {
          "Published": true
        },
        "PublicationType": {
          "Research": true
        },
        "Section": {
          "Results": true
        }
      },
      "citation": {
        "authors": [
          "Babusis D",
          "Bannister R",
          "Baric RS",
          "Case JB",
          "Cihlar T",
          "Clarke MO",
          "Denison MR",
          "Feng JY",
          "Graham RL",
          "Gralinski LE",
          "Jordan R",
          "Leist SR",
          "Mackman RL",
          "Menachery VD",
          "Palmiotti CA",
          "Park Y",
          "Pyrc K",
          "Ray AS",
          "Sheahan TP",
          "Siegel D",
          "Sims AC",
          "Spahn JE",
          "Trantcheva I"
        ],
        "date": "2017-06-28",
        "db": "PubMed",
        "db_id": "28659436",
        "db_name": "Science translational medicine",
        "first": "Sheahan TP",
        "last": "Baric RS",
        "volume": "9"
      },
      "evidence": "The number of MERS-CoV–infected HAE cells also diminished with increasing dose of GS-5734, as observed by microscopy (Fig. 2E).",
      "key": "6bc2ae8d8e33b61509fbbc7c409dc316",
      "line": 77,
      "relation": "decreases",
      "source": 0,
      "target": 3
    },
    {
      "annotations": {
        "Infection_Type": {
          "Severe acute respiratory syndrome-related coronavirus": true
        },
        "Mouse_type": {
          "Ces1c−/−": true
        },
        "PublicationStatus": {
          "Published": true
        },
        "PublicationType": {
          "Research": true
        },
        "Section": {
          "Results": true
        },
        "Species": {
          "10090": true
        },
        "concentration": {
          "25 mg/kg twice daily": true,
          "50 mg/kg once daily": true
        }
      },
      "citation": {
        "authors": [
          "Babusis D",
          "Bannister R",
          "Baric RS",
          "Case JB",
          "Cihlar T",
          "Clarke MO",
          "Denison MR",
          "Feng JY",
          "Graham RL",
          "Gralinski LE",
          "Jordan R",
          "Leist SR",
          "Mackman RL",
          "Menachery VD",
          "Palmiotti CA",
          "Park Y",
          "Pyrc K",
          "Ray AS",
          "Sheahan TP",
          "Siegel D",
          "Sims AC",
          "Spahn JE",
          "Trantcheva I"
        ],
        "date": "2017-06-28",
        "db": "PubMed",
        "db_id": "28659436",
        "db_name": "Science translational medicine",
        "first": "Sheahan TP",
        "last": "Baric RS",
        "volume": "9"
      },
      "evidence": "As shown in Fig. 5A, prophylactic administration at 50 mg/kg QD or 25 mg/kg BID ameliorated SARS-CoV–induced weight loss seen with vehicle treatment.",
      "key": "7ced3b198a2ae8f54f2b6425178d27a6",
      "line": 90,
      "relation": "decreases",
      "source": 0,
      "target": 14
    },
    {
      "annotations": {
        "Infection_Type": {
          "Severe acute respiratory syndrome-related coronavirus": true
        },
        "MeSHAnatomy": {
          "Lung": true
        },
        "Mouse_type": {
          "Ces1c−/−": true
        },
        "PublicationStatus": {
          "Published": true
        },
        "PublicationType": {
          "Research": true
        },
        "Section": {
          "Results": true
        },
        "Species": {
          "10090": true
        }
      },
      "citation": {
        "authors": [
          "Babusis D",
          "Bannister R",
          "Baric RS",
          "Case JB",
          "Cihlar T",
          "Clarke MO",
          "Denison MR",
          "Feng JY",
          "Graham RL",
          "Gralinski LE",
          "Jordan R",
          "Leist SR",
          "Mackman RL",
          "Menachery VD",
          "Palmiotti CA",
          "Park Y",
          "Pyrc K",
          "Ray AS",
          "Sheahan TP",
          "Siegel D",
          "Sims AC",
          "Spahn JE",
          "Trantcheva I"
        ],
        "date": "2017-06-28",
        "db": "PubMed",
        "db_id": "28659436",
        "db_name": "Science translational medicine",
        "first": "Sheahan TP",
        "last": "Baric RS",
        "volume": "9"
      },
      "evidence": "Treatment with GS-5734 also reduced SARS-CoV–induced lung pathology, including denuding bronchiolitis, perivascular accumulation of inflammatory infiltrates (that is, “cuffing”), and intra-alveolar edema associated with diffuse alveolar damage as compared to vehicle- treated animals (Fig. 5E and fig. S6).",
      "key": "324721837bc1e6c20247de37adcebc4c",
      "line": 108,
      "relation": "decreases",
      "source": 0,
      "target": 10
    },
    {
      "annotations": {
        "Infection_Type": {
          "Severe acute respiratory syndrome-related coronavirus": true
        },
        "MeSHAnatomy": {
          "Lung": true
        },
        "Mouse_type": {
          "Ces1c−/−": true
        },
        "PublicationStatus": {
          "Published": true
        },
        "PublicationType": {
          "Research": true
        },
        "Section": {
          "Results": true
        },
        "Species": {
          "10090": true
        }
      },
      "citation": {
        "authors": [
          "Babusis D",
          "Bannister R",
          "Baric RS",
          "Case JB",
          "Cihlar T",
          "Clarke MO",
          "Denison MR",
          "Feng JY",
          "Graham RL",
          "Gralinski LE",
          "Jordan R",
          "Leist SR",
          "Mackman RL",
          "Menachery VD",
          "Palmiotti CA",
          "Park Y",
          "Pyrc K",
          "Ray AS",
          "Sheahan TP",
          "Siegel D",
          "Sims AC",
          "Spahn JE",
          "Trantcheva I"
        ],
        "date": "2017-06-28",
        "db": "PubMed",
        "db_id": "28659436",
        "db_name": "Science translational medicine",
        "first": "Sheahan TP",
        "last": "Baric RS",
        "volume": "9"
      },
      "evidence": "Treatment with GS-5734 also reduced SARS-CoV–induced lung pathology, including denuding bronchiolitis, perivascular accumulation of inflammatory infiltrates (that is, “cuffing”), and intra-alveolar edema associated with diffuse alveolar damage as compared to vehicle- treated animals (Fig. 5E and fig. S6).",
      "key": "8fab111227ccfbbb0d498d0c6e0966c3",
      "line": 109,
      "relation": "decreases",
      "source": 0,
      "target": 11
    },
    {
      "annotations": {
        "Infection_Type": {
          "Severe acute respiratory syndrome-related coronavirus": true
        },
        "MeSHAnatomy": {
          "Lung": true
        },
        "Mouse_type": {
          "Ces1c−/−": true
        },
        "PublicationStatus": {
          "Published": true
        },
        "PublicationType": {
          "Research": true
        },
        "Section": {
          "Results": true
        },
        "Species": {
          "10090": true
        }
      },
      "citation": {
        "authors": [
          "Babusis D",
          "Bannister R",
          "Baric RS",
          "Case JB",
          "Cihlar T",
          "Clarke MO",
          "Denison MR",
          "Feng JY",
          "Graham RL",
          "Gralinski LE",
          "Jordan R",
          "Leist SR",
          "Mackman RL",
          "Menachery VD",
          "Palmiotti CA",
          "Park Y",
          "Pyrc K",
          "Ray AS",
          "Sheahan TP",
          "Siegel D",
          "Sims AC",
          "Spahn JE",
          "Trantcheva I"
        ],
        "date": "2017-06-28",
        "db": "PubMed",
        "db_id": "28659436",
        "db_name": "Science translational medicine",
        "first": "Sheahan TP",
        "last": "Baric RS",
        "volume": "9"
      },
      "evidence": "Treatment with GS-5734 also reduced SARS-CoV–induced lung pathology, including denuding bronchiolitis, perivascular accumulation of inflammatory infiltrates (that is, “cuffing”), and intra-alveolar edema associated with diffuse alveolar damage as compared to vehicle- treated animals (Fig. 5E and fig. S6).",
      "key": "842ba369e30dfcae00c84bb3e03d1c21",
      "line": 110,
      "relation": "decreases",
      "source": 0,
      "target": 8
    },
    {
      "annotations": {
        "Infection_Type": {
          "Severe acute respiratory syndrome-related coronavirus": true
        },
        "MeSHAnatomy": {
          "Lung": true
        },
        "MeSHDisease": {
          "Severe Acute Respiratory Syndrome": true
        },
        "Mouse_type": {
          "Ces1c−/−": true
        },
        "PublicationStatus": {
          "Published": true
        },
        "PublicationType": {
          "Research": true
        },
        "Section": {
          "Results": true
        },
        "Species": {
          "10090": true
        }
      },
      "citation": {
        "authors": [
          "Babusis D",
          "Bannister R",
          "Baric RS",
          "Case JB",
          "Cihlar T",
          "Clarke MO",
          "Denison MR",
          "Feng JY",
          "Graham RL",
          "Gralinski LE",
          "Jordan R",
          "Leist SR",
          "Mackman RL",
          "Menachery VD",
          "Palmiotti CA",
          "Park Y",
          "Pyrc K",
          "Ray AS",
          "Sheahan TP",
          "Siegel D",
          "Sims AC",
          "Spahn JE",
          "Trantcheva I"
        ],
        "date": "2017-06-28",
        "db": "PubMed",
        "db_id": "28659436",
        "db_name": "Science translational medicine",
        "first": "Sheahan TP",
        "last": "Baric RS",
        "volume": "9"
      },
      "evidence": "Therapeutic GS-5734 substantially reduced the SARS-CoV–induced weight loss in infected animals (Fig. 6, A and B) and significantly suppressed virus lung titers (P = 0.0059), thus demonstrating that therapeutic administration of GS-5734 can reduce disease and suppress replication during an ongoing infection (Fig. 6C).",
      "key": "8ce7c93e0b30d261174a942e4b89ab9c",
      "line": 124,
      "relation": "decreases",
      "source": 0,
      "target": 15
    },
    {
      "annotations": {
        "Infection_Type": {
          "Severe acute respiratory syndrome-related coronavirus": true
        },
        "MeSHAnatomy": {
          "Lung": true
        },
        "MeSHDisease": {
          "Severe Acute Respiratory Syndrome": true
        },
        "Mouse_type": {
          "Ces1c−/−": true
        },
        "PublicationStatus": {
          "Published": true
        },
        "PublicationType": {
          "Research": true
        },
        "Section": {
          "Results": true
        },
        "Species": {
          "10090": true
        }
      },
      "citation": {
        "authors": [
          "Babusis D",
          "Bannister R",
          "Baric RS",
          "Case JB",
          "Cihlar T",
          "Clarke MO",
          "Denison MR",
          "Feng JY",
          "Graham RL",
          "Gralinski LE",
          "Jordan R",
          "Leist SR",
          "Mackman RL",
          "Menachery VD",
          "Palmiotti CA",
          "Park Y",
          "Pyrc K",
          "Ray AS",
          "Sheahan TP",
          "Siegel D",
          "Sims AC",
          "Spahn JE",
          "Trantcheva I"
        ],
        "date": "2017-06-28",
        "db": "PubMed",
        "db_id": "28659436",
        "db_name": "Science translational medicine",
        "first": "Sheahan TP",
        "last": "Baric RS",
        "volume": "9"
      },
      "evidence": "Therapeutic treatment significantly (P = 0.003) improved pulmonary function (that is, reduced Penh scores) as compared to vehicle-treated controls (Fig. 6D).",
      "key": "92239d658eadd8e892cccbe3b23afc58",
      "line": 131,
      "relation": "decreases",
      "source": 0,
      "target": 13
    },
    {
      "annotations": {
        "PublicationStatus": {
          "Published": true
        },
        "PublicationType": {
          "Research": true
        },
        "Section": {
          "Results": true
        }
      },
      "citation": {
        "authors": [
          "Babusis D",
          "Bannister R",
          "Baric RS",
          "Case JB",
          "Cihlar T",
          "Clarke MO",
          "Denison MR",
          "Feng JY",
          "Graham RL",
          "Gralinski LE",
          "Jordan R",
          "Leist SR",
          "Mackman RL",
          "Menachery VD",
          "Palmiotti CA",
          "Park Y",
          "Pyrc K",
          "Ray AS",
          "Sheahan TP",
          "Siegel D",
          "Sims AC",
          "Spahn JE",
          "Trantcheva I"
        ],
        "date": "2017-06-28",
        "db": "PubMed",
        "db_id": "28659436",
        "db_name": "Science translational medicine",
        "first": "Sheahan TP",
        "last": "Baric RS",
        "volume": "9"
      },
      "evidence": "As shown in Fig. 5A, prophylactic administration at 50 mg/kg QD or 25 mg/kg BID ameliorated SARS-CoV–induced weight loss seen with vehicle treatment.",
      "key": "1b2bd7e071a98b3d56444c30905c6ebc",
      "line": 85,
      "relation": "increases",
      "source": 9,
      "target": 14
    },
    {
      "annotations": {
        "Infection_Type": {
          "Severe acute respiratory syndrome-related coronavirus": true
        },
        "MeSHAnatomy": {
          "Lung": true
        },
        "Mouse_type": {
          "Ces1c−/−": true
        },
        "PublicationStatus": {
          "Published": true
        },
        "PublicationType": {
          "Research": true
        },
        "Section": {
          "Results": true
        },
        "Species": {
          "10090": true
        }
      },
      "citation": {
        "authors": [
          "Babusis D",
          "Bannister R",
          "Baric RS",
          "Case JB",
          "Cihlar T",
          "Clarke MO",
          "Denison MR",
          "Feng JY",
          "Graham RL",
          "Gralinski LE",
          "Jordan R",
          "Leist SR",
          "Mackman RL",
          "Menachery VD",
          "Palmiotti CA",
          "Park Y",
          "Pyrc K",
          "Ray AS",
          "Sheahan TP",
          "Siegel D",
          "Sims AC",
          "Spahn JE",
          "Trantcheva I"
        ],
        "date": "2017-06-28",
        "db": "PubMed",
        "db_id": "28659436",
        "db_name": "Science translational medicine",
        "first": "Sheahan TP",
        "last": "Baric RS",
        "volume": "9"
      },
      "evidence": "Treatment with GS-5734 also reduced SARS-CoV–induced lung pathology, including denuding bronchiolitis, perivascular accumulation of inflammatory infiltrates (that is, “cuffing”), and intra-alveolar edema associated with diffuse alveolar damage as compared to vehicle- treated animals (Fig. 5E and fig. S6).",
      "key": "f04731c3444f96db9542456a70de1641",
      "line": 111,
      "relation": "association",
      "source": 10,
      "target": 12
    },
    {
      "annotations": {
        "Infection_Type": {
          "Severe acute respiratory syndrome-related coronavirus": true
        },
        "MeSHAnatomy": {
          "Lung": true
        },
        "Mouse_type": {
          "Ces1c−/−": true
        },
        "PublicationStatus": {
          "Published": true
        },
        "PublicationType": {
          "Research": true
        },
        "Section": {
          "Results": true
        },
        "Species": {
          "10090": true
        }
      },
      "citation": {
        "authors": [
          "Babusis D",
          "Bannister R",
          "Baric RS",
          "Case JB",
          "Cihlar T",
          "Clarke MO",
          "Denison MR",
          "Feng JY",
          "Graham RL",
          "Gralinski LE",
          "Jordan R",
          "Leist SR",
          "Mackman RL",
          "Menachery VD",
          "Palmiotti CA",
          "Park Y",
          "Pyrc K",
          "Ray AS",
          "Sheahan TP",
          "Siegel D",
          "Sims AC",
          "Spahn JE",
          "Trantcheva I"
        ],
        "date": "2017-06-28",
        "db": "PubMed",
        "db_id": "28659436",
        "db_name": "Science translational medicine",
        "first": "Sheahan TP",
        "last": "Baric RS",
        "volume": "9"
      },
      "evidence": "Treatment with GS-5734 also reduced SARS-CoV–induced lung pathology, including denuding bronchiolitis, perivascular accumulation of inflammatory infiltrates (that is, “cuffing”), and intra-alveolar edema associated with diffuse alveolar damage as compared to vehicle- treated animals (Fig. 5E and fig. S6).",
      "key": "6d012c3af8adc78ec5a0fca4f74b20c3",
      "line": 113,
      "relation": "association",
      "source": 11,
      "target": 12
    },
    {
      "annotations": {
        "Infection_Type": {
          "Severe acute respiratory syndrome-related coronavirus": true
        },
        "MeSHAnatomy": {
          "Lung": true
        },
        "Mouse_type": {
          "Ces1c−/−": true
        },
        "PublicationStatus": {
          "Published": true
        },
        "PublicationType": {
          "Research": true
        },
        "Section": {
          "Results": true
        },
        "Species": {
          "10090": true
        }
      },
      "citation": {
        "authors": [
          "Babusis D",
          "Bannister R",
          "Baric RS",
          "Case JB",
          "Cihlar T",
          "Clarke MO",
          "Denison MR",
          "Feng JY",
          "Graham RL",
          "Gralinski LE",
          "Jordan R",
          "Leist SR",
          "Mackman RL",
          "Menachery VD",
          "Palmiotti CA",
          "Park Y",
          "Pyrc K",
          "Ray AS",
          "Sheahan TP",
          "Siegel D",
          "Sims AC",
          "Spahn JE",
          "Trantcheva I"
        ],
        "date": "2017-06-28",
        "db": "PubMed",
        "db_id": "28659436",
        "db_name": "Science translational medicine",
        "first": "Sheahan TP",
        "last": "Baric RS",
        "volume": "9"
      },
      "evidence": "Treatment with GS-5734 also reduced SARS-CoV–induced lung pathology, including denuding bronchiolitis, perivascular accumulation of inflammatory infiltrates (that is, “cuffing”), and intra-alveolar edema associated with diffuse alveolar damage as compared to vehicle- treated animals (Fig. 5E and fig. S6).",
      "key": "602c7620a07158ce5c718365fc6ce7bb",
      "line": 112,
      "relation": "association",
      "source": 8,
      "target": 12
    },
    {
      "annotations": {
        "Infection_Type": {
          "Severe acute respiratory syndrome-related coronavirus": true
        },
        "MeSHAnatomy": {
          "Lung": true
        },
        "Mouse_type": {
          "Ces1c−/−": true
        },
        "PublicationStatus": {
          "Published": true
        },
        "PublicationType": {
          "Research": true
        },
        "Section": {
          "Results": true
        },
        "Species": {
          "10090": true
        }
      },
      "citation": {
        "authors": [
          "Babusis D",
          "Bannister R",
          "Baric RS",
          "Case JB",
          "Cihlar T",
          "Clarke MO",
          "Denison MR",
          "Feng JY",
          "Graham RL",
          "Gralinski LE",
          "Jordan R",
          "Leist SR",
          "Mackman RL",
          "Menachery VD",
          "Palmiotti CA",
          "Park Y",
          "Pyrc K",
          "Ray AS",
          "Sheahan TP",
          "Siegel D",
          "Sims AC",
          "Spahn JE",
          "Trantcheva I"
        ],
        "date": "2017-06-28",
        "db": "PubMed",
        "db_id": "28659436",
        "db_name": "Science translational medicine",
        "first": "Sheahan TP",
        "last": "Baric RS",
        "volume": "9"
      },
      "evidence": "Treatment with GS-5734 also reduced SARS-CoV–induced lung pathology, including denuding bronchiolitis, perivascular accumulation of inflammatory infiltrates (that is, “cuffing”), and intra-alveolar edema associated with diffuse alveolar damage as compared to vehicle- treated animals (Fig. 5E and fig. S6).",
      "key": "c585a75d95452ed1954194e79d94e82a",
      "line": 111,
      "relation": "association",
      "source": 12,
      "target": 10
    },
    {
      "annotations": {
        "Infection_Type": {
          "Severe acute respiratory syndrome-related coronavirus": true
        },
        "MeSHAnatomy": {
          "Lung": true
        },
        "Mouse_type": {
          "Ces1c−/−": true
        },
        "PublicationStatus": {
          "Published": true
        },
        "PublicationType": {
          "Research": true
        },
        "Section": {
          "Results": true
        },
        "Species": {
          "10090": true
        }
      },
      "citation": {
        "authors": [
          "Babusis D",
          "Bannister R",
          "Baric RS",
          "Case JB",
          "Cihlar T",
          "Clarke MO",
          "Denison MR",
          "Feng JY",
          "Graham RL",
          "Gralinski LE",
          "Jordan R",
          "Leist SR",
          "Mackman RL",
          "Menachery VD",
          "Palmiotti CA",
          "Park Y",
          "Pyrc K",
          "Ray AS",
          "Sheahan TP",
          "Siegel D",
          "Sims AC",
          "Spahn JE",
          "Trantcheva I"
        ],
        "date": "2017-06-28",
        "db": "PubMed",
        "db_id": "28659436",
        "db_name": "Science translational medicine",
        "first": "Sheahan TP",
        "last": "Baric RS",
        "volume": "9"
      },
      "evidence": "Treatment with GS-5734 also reduced SARS-CoV–induced lung pathology, including denuding bronchiolitis, perivascular accumulation of inflammatory infiltrates (that is, “cuffing”), and intra-alveolar edema associated with diffuse alveolar damage as compared to vehicle- treated animals (Fig. 5E and fig. S6).",
      "key": "bce3341cc554e063b5c9db827d3d69db",
      "line": 112,
      "relation": "association",
      "source": 12,
      "target": 8
    },
    {
      "annotations": {
        "Infection_Type": {
          "Severe acute respiratory syndrome-related coronavirus": true
        },
        "MeSHAnatomy": {
          "Lung": true
        },
        "Mouse_type": {
          "Ces1c−/−": true
        },
        "PublicationStatus": {
          "Published": true
        },
        "PublicationType": {
          "Research": true
        },
        "Section": {
          "Results": true
        },
        "Species": {
          "10090": true
        }
      },
      "citation": {
        "authors": [
          "Babusis D",
          "Bannister R",
          "Baric RS",
          "Case JB",
          "Cihlar T",
          "Clarke MO",
          "Denison MR",
          "Feng JY",
          "Graham RL",
          "Gralinski LE",
          "Jordan R",
          "Leist SR",
          "Mackman RL",
          "Menachery VD",
          "Palmiotti CA",
          "Park Y",
          "Pyrc K",
          "Ray AS",
          "Sheahan TP",
          "Siegel D",
          "Sims AC",
          "Spahn JE",
          "Trantcheva I"
        ],
        "date": "2017-06-28",
        "db": "PubMed",
        "db_id": "28659436",
        "db_name": "Science translational medicine",
        "first": "Sheahan TP",
        "last": "Baric RS",
        "volume": "9"
      },
      "evidence": "Treatment with GS-5734 also reduced SARS-CoV–induced lung pathology, including denuding bronchiolitis, perivascular accumulation of inflammatory infiltrates (that is, “cuffing”), and intra-alveolar edema associated with diffuse alveolar damage as compared to vehicle- treated animals (Fig. 5E and fig. S6).",
      "key": "c5922b5cbb7a4b1847e2eb9632e31f4e",
      "line": 113,
      "relation": "association",
      "source": 12,
      "target": 11
    }
  ],
  "multigraph": true,
  "nodes": [
    {
      "bel": "a(PUBCHEM:121304016)",
      "concept": {
        "name": "121304016",
        "namespace": "PUBCHEM"
      },
      "function": "Abundance",
      "id": "7704f9ea62204912dace9e0cfb704c95"
    },
    {
      "bel": "a(TAX:\"Middle East respiratory syndrome-related coronavirus\")",
      "concept": {
        "name": "Middle East respiratory syndrome-related coronavirus",
        "namespace": "TAX"
      },
      "function": "Abundance",
      "id": "f954d5cc971a29c7e7089ca32a056914"
    },
    {
      "bel": "a(TAX:\"Severe acute respiratory syndrome-related coronavirus\")",
      "concept": {
        "name": "Severe acute respiratory syndrome-related coronavirus",
        "namespace": "TAX"
      },
      "function": "Abundance",
      "id": "a824ba056422b4e42996cd3269ec9a19"
    },
    {
      "bel": "bp(MESH:Virulence)",
      "concept": {
        "name": "Virulence",
        "namespace": "MESH"
      },
      "function": "BiologicalProcess",
      "id": "ea34a3ed799169801c871aed04595a45"
    },
    {
      "bel": "p(UNIPROT:A7J8L3)",
      "concept": {
        "name": "A7J8L3",
        "namespace": "UNIPROT"
      },
      "function": "Protein",
      "id": "f164fb5b8d265b3d10239f0bcbadbd3a"
    },
    {
      "bel": "p(UNIPROT:P59595)",
      "concept": {
        "name": "P59595",
        "namespace": "UNIPROT"
      },
      "function": "Protein",
      "id": "92d5d8ae1d5c45a589f3e1f8bed8d0a0"
    },
    {
      "bel": "p(UNIPROT:R9UM87)",
      "concept": {
        "name": "R9UM87",
        "namespace": "UNIPROT"
      },
      "function": "Protein",
      "id": "43ec6fd3ef2ad0ccb75d9249c3758f00"
    },
    {
      "bel": "p(UNIPROT:W6A941)",
      "concept": {
        "name": "W6A941",
        "namespace": "UNIPROT"
      },
      "function": "Protein",
      "id": "12e0da98ecba4d68cc3acc883c881ba8"
    },
    {
      "bel": "path(DO:\"pulmonary edema\")",
      "concept": {
        "name": "pulmonary edema",
        "namespace": "DO"
      },
      "function": "Pathology",
      "id": "e4929e22be444025c7b6bbfbed819a45"
    },
    {
      "bel": "path(DO:\"severe acute respiratory syndrome\")",
      "concept": {
        "name": "severe acute respiratory syndrome",
        "namespace": "DO"
      },
      "function": "Pathology",
      "id": "06fc6690e6ddfff254197e953a470c95"
    },
    {
      "bel": "path(DO:bronchiolitis)",
      "concept": {
        "name": "bronchiolitis",
        "namespace": "DO"
      },
      "function": "Pathology",
      "id": "ca97d6c7199af256d364eb08cbb51dcd"
    },
    {
      "bel": "path(FIXME:\"Cuffing,perivascular\")",
      "concept": {
        "name": "Cuffing,perivascular",
        "namespace": "FIXME"
      },
      "function": "Pathology",
      "id": "10ad69ab86ae3c61d06ccad01be49b7b"
    },
    {
      "bel": "path(FIXME:\"diffuse alveolar damage\")",
      "concept": {
        "name": "diffuse alveolar damage",
        "namespace": "FIXME"
      },
      "function": "Pathology",
      "id": "bf3f9889702516767c2146f2138c6094"
    },
    {
      "bel": "path(HP:\"Decreased pulmonary function\")",
      "concept": {
        "name": "Decreased pulmonary function",
        "namespace": "HP"
      },
      "function": "Pathology",
      "id": "985e801742750dc5bf1043620a8f119c"
    },
    {
      "bel": "path(MESH:\"Weight Loss\")",
      "concept": {
        "name": "Weight Loss",
        "namespace": "MESH"
      },
      "function": "Pathology",
      "id": "3cc28e131ac0c00934fa04597d7e31d1"
    },
    {
      "bel": "path(MESH:Virulence)",
      "concept": {
        "name": "Virulence",
        "namespace": "MESH"
      },
      "function": "Pathology",
      "id": "cd22afe1d9d585df2f0e1a10fc161447"
    }
  ]
}