{
  "directed": true,
  "graph": {
    "annotation_list": {
      "Custom_CellLine": [
        "HBTE-ALI"
      ],
      "Dose": [
        "10 μM",
        "100 μM"
      ],
      "PublicationStatus": [
        "Published"
      ],
      "PublicationType": [
        "Research"
      ],
      "Section": [
        "Results"
      ]
    },
    "annotation_pattern": {
      "BioAssay": ".*"
    },
    "annotation_url": {
      "CellLine": "https://arty.scai.fraunhofer.de/artifactory/bel/annotation/cell-line/cell-line-20190128.belanno",
      "Species": "https://arty.scai.fraunhofer.de/artifactory/bel/annotation/species-taxonomy-id/species-taxonomy-id-20170511.belanno"
    },
    "document_metadata": {
      "authors": "Priya S",
      "contact": "priya@causalitybiomodels.com",
      "copyright": "Copyright © 2020 Fraunhofer Institute SCAI, All rights reserved",
      "description": "COVID Knowledge Curation project",
      "licenses": "Private Ownership to Fraunhofer Institute SCAI",
      "name": "29217279.bel",
      "version": "2.0.0"
    },
    "namespace_pattern": {
      "FIXME": ".*",
      "PUBCHEM": "^\\d+$"
    },
    "namespace_url": {
      "CHEBI": "https://arty.scai.fraunhofer.de/artifactory/bel/namespace/chebi/chebi-20190708.belns",
      "GFAM": "https://arty.scai.fraunhofer.de/artifactory/bel/namespace/hgnc-gene-families/hgnc-genefamily-names-20181221.belns",
      "GO": "https://arty.scai.fraunhofer.de/artifactory/bel/namespace/go/go-20180109.belns",
      "HGNC": "https://arty.scai.fraunhofer.de/artifactory/bel/namespace/hgnc/hgnc-20190708.belns",
      "MESH": "https://arty.scai.fraunhofer.de/artifactory/bel/namespace/mesh/mesh-names-20181007.belns",
      "TAX": "https://arty.scai.fraunhofer.de/artifactory/bel/namespace/ncbi-taxonomy/ncbi-taxonomy-20200322.belns"
    },
    "path": "29217279.bel",
    "pybel_version": "0.14.6"
  },
  "links": [
    {
      "annotations": {
        "Custom_CellLine": {
          "HBTE-ALI": true
        },
        "PublicationStatus": {
          "Published": true
        },
        "PublicationType": {
          "Research": true
        },
        "Section": {
          "Results": true
        }
      },
      "citation": {
        "authors": [
          "Kawase M",
          "Matsuyama S",
          "Shirato K"
        ],
        "date": "2018-04-01",
        "db": "PubMed",
        "db_id": "29217279",
        "db_name": "Virology",
        "first": "Shirato K",
        "last": "Matsuyama S",
        "pages": "9-15",
        "volume": "517"
      },
      "evidence": "Infection of HCoV-OC43, VR-1558, was inhibited only by EST and not by camostat (Fig. 2b). This indicates that VR-1558 enters cells via the late endosome pathway using cysteine proteases and it does not use TMRPSS2 for cell entry in HBTE-ALI culture.",
      "key": "ab7db21043bf2484302dfe7214cf7983",
      "line": 54,
      "relation": "decreases",
      "source": 6,
      "target": 9
    },
    {
      "annotations": {
        "Custom_CellLine": {
          "HBTE-ALI": true
        },
        "PublicationStatus": {
          "Published": true
        },
        "PublicationType": {
          "Research": true
        },
        "Section": {
          "Results": true
        }
      },
      "citation": {
        "authors": [
          "Kawase M",
          "Matsuyama S",
          "Shirato K"
        ],
        "date": "2018-04-01",
        "db": "PubMed",
        "db_id": "29217279",
        "db_name": "Virology",
        "first": "Shirato K",
        "last": "Matsuyama S",
        "pages": "9-15",
        "volume": "517"
      },
      "evidence": "Infection of HCoV-OC43, VR-1558, was inhibited only by EST and not by camostat (Fig. 2b). This indicates that VR-1558 enters cells via the late endosome pathway using cysteine proteases and it does not use TMRPSS2 for cell entry in HBTE-ALI culture.",
      "key": "9cc64092ed1c32403fd39fb5b9bf349f",
      "line": 55,
      "relation": "decreases",
      "source": 6,
      "target": 7
    },
    {
      "annotations": {
        "CellLine": {
          "HCT-8 cell": true
        },
        "Dose": {
          "10 μM": true,
          "100 μM": true
        },
        "PublicationStatus": {
          "Published": true
        },
        "PublicationType": {
          "Research": true
        },
        "Section": {
          "Results": true
        }
      },
      "citation": {
        "authors": [
          "Kawase M",
          "Matsuyama S",
          "Shirato K"
        ],
        "date": "2018-04-01",
        "db": "PubMed",
        "db_id": "29217279",
        "db_name": "Virology",
        "first": "Shirato K",
        "last": "Matsuyama S",
        "pages": "9-15",
        "volume": "517"
      },
      "evidence": "The entry of VR-1558 in HCT-8 was inhibited only by EST treatment at both 10 and 100 μM (Fig. 3b).",
      "key": "abf6a15419a9f0aa73aace59e02ab6fa",
      "line": 91,
      "relation": "decreases",
      "source": 6,
      "target": 7
    },
    {
      "annotations": {
        "Custom_CellLine": {
          "HBTE-ALI": true
        },
        "PublicationStatus": {
          "Published": true
        },
        "PublicationType": {
          "Research": true
        },
        "Section": {
          "Results": true
        }
      },
      "citation": {
        "authors": [
          "Kawase M",
          "Matsuyama S",
          "Shirato K"
        ],
        "date": "2018-04-01",
        "db": "PubMed",
        "db_id": "29217279",
        "db_name": "Virology",
        "first": "Shirato K",
        "last": "Matsuyama S",
        "pages": "9-15",
        "volume": "517"
      },
      "evidence": "For clinical isolates of HCoV-HKU1 (similar to HCoV-OC43), entry was inhibited only by camostat and EST tended to increase entry (Fig. 2g and h).",
      "key": "3eaf9963ae1507c5344e115c9069bc6a",
      "line": 78,
      "relation": "increases",
      "source": 6,
      "target": 8
    },
    {
      "annotations": {
        "CellLine": {
          "HCT-8 cell": true
        },
        "Dose": {
          "100 μM": true
        },
        "PublicationStatus": {
          "Published": true
        },
        "PublicationType": {
          "Research": true
        },
        "Section": {
          "Results": true
        }
      },
      "citation": {
        "authors": [
          "Kawase M",
          "Matsuyama S",
          "Shirato K"
        ],
        "date": "2018-04-01",
        "db": "PubMed",
        "db_id": "29217279",
        "db_name": "Virology",
        "first": "Shirato K",
        "last": "Matsuyama S",
        "pages": "9-15",
        "volume": "517"
      },
      "evidence": "In SGH-36/2014 infection, a high concentration (100 μM) of EST inhibited entry (Fig. 3c).",
      "key": "73208b341a222259cfdede90548ee99f",
      "line": 98,
      "relation": "decreases",
      "source": 6,
      "target": 2
    },
    {
      "annotations": {
        "Custom_CellLine": {
          "HBTE-ALI": true
        },
        "PublicationStatus": {
          "Published": true
        },
        "PublicationType": {
          "Research": true
        },
        "Section": {
          "Results": true
        }
      },
      "citation": {
        "authors": [
          "Kawase M",
          "Matsuyama S",
          "Shirato K"
        ],
        "date": "2018-04-01",
        "db": "PubMed",
        "db_id": "29217279",
        "db_name": "Virology",
        "first": "Shirato K",
        "last": "Matsuyama S",
        "pages": "9-15",
        "volume": "517"
      },
      "evidence": "In contrast, clinical isolates of HCoV-OC43 were inhibited by camostat but were either not inhibited or were only partially inhibited by EST (Fig. 2c–f).",
      "key": "93f4c3d219ea8876d281e7de41156c17",
      "line": 68,
      "relation": "association",
      "source": 9,
      "target": 2
    },
    {
      "annotations": {
        "CellLine": {
          "HCT-8 cell": true
        },
        "Dose": {
          "100 μM": true
        },
        "PublicationStatus": {
          "Published": true
        },
        "PublicationType": {
          "Research": true
        },
        "Section": {
          "Results": true
        }
      },
      "citation": {
        "authors": [
          "Kawase M",
          "Matsuyama S",
          "Shirato K"
        ],
        "date": "2018-04-01",
        "db": "PubMed",
        "db_id": "29217279",
        "db_name": "Virology",
        "first": "Shirato K",
        "last": "Matsuyama S",
        "pages": "9-15",
        "volume": "517"
      },
      "evidence": "In SGH-36/2014 infection, a high concentration (100 μM) of EST inhibited entry (Fig. 3c).",
      "key": "7fa7ee64a4d82d2ed930871e4c65941b",
      "line": 99,
      "relation": "association",
      "source": 9,
      "target": 2
    },
    {
      "annotations": {
        "Custom_CellLine": {
          "HBTE-ALI": true
        },
        "PublicationStatus": {
          "Published": true
        },
        "PublicationType": {
          "Research": true
        },
        "Section": {
          "Results": true
        }
      },
      "citation": {
        "authors": [
          "Kawase M",
          "Matsuyama S",
          "Shirato K"
        ],
        "date": "2018-04-01",
        "db": "PubMed",
        "db_id": "29217279",
        "db_name": "Virology",
        "first": "Shirato K",
        "last": "Matsuyama S",
        "pages": "9-15",
        "volume": "517"
      },
      "evidence": "In contrast, clinical isolates of HCoV-OC43 were inhibited by camostat but were either not inhibited or were only partially inhibited by EST (Fig. 2c–f).",
      "key": "79d86889a197ecec34b8928d54d94bf8",
      "line": 69,
      "relation": "association",
      "source": 9,
      "target": 3
    },
    {
      "annotations": {
        "Custom_CellLine": {
          "HBTE-ALI": true
        },
        "PublicationStatus": {
          "Published": true
        },
        "PublicationType": {
          "Research": true
        },
        "Section": {
          "Results": true
        }
      },
      "citation": {
        "authors": [
          "Kawase M",
          "Matsuyama S",
          "Shirato K"
        ],
        "date": "2018-04-01",
        "db": "PubMed",
        "db_id": "29217279",
        "db_name": "Virology",
        "first": "Shirato K",
        "last": "Matsuyama S",
        "pages": "9-15",
        "volume": "517"
      },
      "evidence": "In contrast, clinical isolates of HCoV-OC43 were inhibited by camostat but were either not inhibited or were only partially inhibited by EST (Fig. 2c–f).",
      "key": "69208450d40b34329592938e9ceb50a3",
      "line": 70,
      "relation": "association",
      "source": 9,
      "target": 1
    },
    {
      "annotations": {
        "Custom_CellLine": {
          "HBTE-ALI": true
        },
        "PublicationStatus": {
          "Published": true
        },
        "PublicationType": {
          "Research": true
        },
        "Section": {
          "Results": true
        }
      },
      "citation": {
        "authors": [
          "Kawase M",
          "Matsuyama S",
          "Shirato K"
        ],
        "date": "2018-04-01",
        "db": "PubMed",
        "db_id": "29217279",
        "db_name": "Virology",
        "first": "Shirato K",
        "last": "Matsuyama S",
        "pages": "9-15",
        "volume": "517"
      },
      "evidence": "In contrast, clinical isolates of HCoV-OC43 were inhibited by camostat but were either not inhibited or were only partially inhibited by EST (Fig. 2c–f).",
      "key": "19507ad7455a303399d701536fd1ab3f",
      "line": 71,
      "relation": "association",
      "source": 9,
      "target": 4
    },
    {
      "key": "4468217615103c8210624fdb4e5b0ff7",
      "relation": "partOf",
      "source": 9,
      "target": 11
    },
    {
      "annotations": {
        "Custom_CellLine": {
          "HBTE-ALI": true
        },
        "PublicationStatus": {
          "Published": true
        },
        "PublicationType": {
          "Research": true
        },
        "Section": {
          "Results": true
        }
      },
      "citation": {
        "authors": [
          "Kawase M",
          "Matsuyama S",
          "Shirato K"
        ],
        "date": "2018-04-01",
        "db": "PubMed",
        "db_id": "29217279",
        "db_name": "Virology",
        "first": "Shirato K",
        "last": "Matsuyama S",
        "pages": "9-15",
        "volume": "517"
      },
      "evidence": "Infection of HCoV-OC43, VR-1558, was inhibited only by EST and not by camostat (Fig. 2b). This indicates that VR-1558 enters cells via the late endosome pathway using cysteine proteases and it does not use TMRPSS2 for cell entry in HBTE-ALI culture.",
      "key": "60b90a50503b7dc8e5168c33915359f7",
      "line": 56,
      "relation": "increases",
      "source": 10,
      "target": 7
    },
    {
      "annotations": {
        "Custom_CellLine": {
          "HBTE-ALI": true
        },
        "PublicationStatus": {
          "Published": true
        },
        "PublicationType": {
          "Research": true
        },
        "Section": {
          "Results": true
        }
      },
      "citation": {
        "authors": [
          "Kawase M",
          "Matsuyama S",
          "Shirato K"
        ],
        "date": "2018-04-01",
        "db": "PubMed",
        "db_id": "29217279",
        "db_name": "Virology",
        "first": "Shirato K",
        "last": "Matsuyama S",
        "pages": "9-15",
        "volume": "517"
      },
      "evidence": "Infection of HCoV-OC43, VR-1558, was inhibited only by EST and not by camostat (Fig. 2b). This indicates that VR-1558 enters cells via the late endosome pathway using cysteine proteases and it does not use TMRPSS2 for cell entry in HBTE-ALI culture.",
      "key": "2adc7b69e0d569dbfa8f611f25c5ed9b",
      "line": 57,
      "relation": "increases",
      "source": 5,
      "target": 7
    },
    {
      "annotations": {
        "Custom_CellLine": {
          "HBTE-ALI": true
        },
        "PublicationStatus": {
          "Published": true
        },
        "PublicationType": {
          "Research": true
        },
        "Section": {
          "Results": true
        }
      },
      "citation": {
        "authors": [
          "Kawase M",
          "Matsuyama S",
          "Shirato K"
        ],
        "date": "2018-04-01",
        "db": "PubMed",
        "db_id": "29217279",
        "db_name": "Virology",
        "first": "Shirato K",
        "last": "Matsuyama S",
        "pages": "9-15",
        "volume": "517"
      },
      "evidence": "In contrast, clinical isolates of HCoV-OC43 were inhibited by camostat but were either not inhibited or were only partially inhibited by EST (Fig. 2c–f).",
      "key": "533ca1d6bb305a224b1c93fb041e6783",
      "line": 63,
      "relation": "decreases",
      "source": 0,
      "target": 2
    },
    {
      "annotations": {
        "Custom_CellLine": {
          "HBTE-ALI": true
        },
        "PublicationStatus": {
          "Published": true
        },
        "PublicationType": {
          "Research": true
        },
        "Section": {
          "Results": true
        }
      },
      "citation": {
        "authors": [
          "Kawase M",
          "Matsuyama S",
          "Shirato K"
        ],
        "date": "2018-04-01",
        "db": "PubMed",
        "db_id": "29217279",
        "db_name": "Virology",
        "first": "Shirato K",
        "last": "Matsuyama S",
        "pages": "9-15",
        "volume": "517"
      },
      "evidence": "In contrast, clinical isolates of HCoV-OC43 were inhibited by camostat but were either not inhibited or were only partially inhibited by EST (Fig. 2c–f).",
      "key": "0f8ebd797956658ae3fea34aee798f54",
      "line": 64,
      "relation": "decreases",
      "source": 0,
      "target": 3
    },
    {
      "annotations": {
        "Custom_CellLine": {
          "HBTE-ALI": true
        },
        "PublicationStatus": {
          "Published": true
        },
        "PublicationType": {
          "Research": true
        },
        "Section": {
          "Results": true
        }
      },
      "citation": {
        "authors": [
          "Kawase M",
          "Matsuyama S",
          "Shirato K"
        ],
        "date": "2018-04-01",
        "db": "PubMed",
        "db_id": "29217279",
        "db_name": "Virology",
        "first": "Shirato K",
        "last": "Matsuyama S",
        "pages": "9-15",
        "volume": "517"
      },
      "evidence": "In contrast, clinical isolates of HCoV-OC43 were inhibited by camostat but were either not inhibited or were only partially inhibited by EST (Fig. 2c–f).",
      "key": "bbf5033103cd4511f7548c9b993731a6",
      "line": 65,
      "relation": "decreases",
      "source": 0,
      "target": 1
    },
    {
      "annotations": {
        "Custom_CellLine": {
          "HBTE-ALI": true
        },
        "PublicationStatus": {
          "Published": true
        },
        "PublicationType": {
          "Research": true
        },
        "Section": {
          "Results": true
        }
      },
      "citation": {
        "authors": [
          "Kawase M",
          "Matsuyama S",
          "Shirato K"
        ],
        "date": "2018-04-01",
        "db": "PubMed",
        "db_id": "29217279",
        "db_name": "Virology",
        "first": "Shirato K",
        "last": "Matsuyama S",
        "pages": "9-15",
        "volume": "517"
      },
      "evidence": "In contrast, clinical isolates of HCoV-OC43 were inhibited by camostat but were either not inhibited or were only partially inhibited by EST (Fig. 2c–f).",
      "key": "8656f52846821db7fbc1a6b00c4b2199",
      "line": 66,
      "relation": "decreases",
      "source": 0,
      "target": 4
    },
    {
      "annotations": {
        "Custom_CellLine": {
          "HBTE-ALI": true
        },
        "PublicationStatus": {
          "Published": true
        },
        "PublicationType": {
          "Research": true
        },
        "Section": {
          "Results": true
        }
      },
      "citation": {
        "authors": [
          "Kawase M",
          "Matsuyama S",
          "Shirato K"
        ],
        "date": "2018-04-01",
        "db": "PubMed",
        "db_id": "29217279",
        "db_name": "Virology",
        "first": "Shirato K",
        "last": "Matsuyama S",
        "pages": "9-15",
        "volume": "517"
      },
      "evidence": "For clinical isolates of HCoV-HKU1 (similar to HCoV-OC43), entry was inhibited only by camostat and EST tended to increase entry (Fig. 2g and h).",
      "key": "23e5d84f0b8643c6592df12d76bbaf37",
      "line": 77,
      "relation": "decreases",
      "source": 0,
      "target": 8
    },
    {
      "annotations": {
        "Custom_CellLine": {
          "HBTE-ALI": true
        },
        "PublicationStatus": {
          "Published": true
        },
        "PublicationType": {
          "Research": true
        },
        "Section": {
          "Results": true
        }
      },
      "citation": {
        "authors": [
          "Kawase M",
          "Matsuyama S",
          "Shirato K"
        ],
        "date": "2018-04-01",
        "db": "PubMed",
        "db_id": "29217279",
        "db_name": "Virology",
        "first": "Shirato K",
        "last": "Matsuyama S",
        "pages": "9-15",
        "volume": "517"
      },
      "evidence": "In contrast, clinical isolates of HCoV-OC43 were inhibited by camostat but were either not inhibited or were only partially inhibited by EST (Fig. 2c–f).",
      "key": "8a49589913bf8ba62d974129ef2064d5",
      "line": 68,
      "relation": "association",
      "source": 2,
      "target": 9
    },
    {
      "annotations": {
        "CellLine": {
          "HCT-8 cell": true
        },
        "Dose": {
          "100 μM": true
        },
        "PublicationStatus": {
          "Published": true
        },
        "PublicationType": {
          "Research": true
        },
        "Section": {
          "Results": true
        }
      },
      "citation": {
        "authors": [
          "Kawase M",
          "Matsuyama S",
          "Shirato K"
        ],
        "date": "2018-04-01",
        "db": "PubMed",
        "db_id": "29217279",
        "db_name": "Virology",
        "first": "Shirato K",
        "last": "Matsuyama S",
        "pages": "9-15",
        "volume": "517"
      },
      "evidence": "In SGH-36/2014 infection, a high concentration (100 μM) of EST inhibited entry (Fig. 3c).",
      "key": "36a5d5e5d043b8f757967f0622093444",
      "line": 99,
      "relation": "association",
      "source": 2,
      "target": 9
    },
    {
      "annotations": {
        "Custom_CellLine": {
          "HBTE-ALI": true
        },
        "PublicationStatus": {
          "Published": true
        },
        "PublicationType": {
          "Research": true
        },
        "Section": {
          "Results": true
        }
      },
      "citation": {
        "authors": [
          "Kawase M",
          "Matsuyama S",
          "Shirato K"
        ],
        "date": "2018-04-01",
        "db": "PubMed",
        "db_id": "29217279",
        "db_name": "Virology",
        "first": "Shirato K",
        "last": "Matsuyama S",
        "pages": "9-15",
        "volume": "517"
      },
      "evidence": "In contrast, clinical isolates of HCoV-OC43 were inhibited by camostat but were either not inhibited or were only partially inhibited by EST (Fig. 2c–f).",
      "key": "5e7de6bf14e3c2cc9f243b9907e61131",
      "line": 69,
      "relation": "association",
      "source": 3,
      "target": 9
    },
    {
      "annotations": {
        "Custom_CellLine": {
          "HBTE-ALI": true
        },
        "PublicationStatus": {
          "Published": true
        },
        "PublicationType": {
          "Research": true
        },
        "Section": {
          "Results": true
        }
      },
      "citation": {
        "authors": [
          "Kawase M",
          "Matsuyama S",
          "Shirato K"
        ],
        "date": "2018-04-01",
        "db": "PubMed",
        "db_id": "29217279",
        "db_name": "Virology",
        "first": "Shirato K",
        "last": "Matsuyama S",
        "pages": "9-15",
        "volume": "517"
      },
      "evidence": "In contrast, clinical isolates of HCoV-OC43 were inhibited by camostat but were either not inhibited or were only partially inhibited by EST (Fig. 2c–f).",
      "key": "ec964799baa831446a6d26686b2291f2",
      "line": 70,
      "relation": "association",
      "source": 1,
      "target": 9
    },
    {
      "annotations": {
        "Custom_CellLine": {
          "HBTE-ALI": true
        },
        "PublicationStatus": {
          "Published": true
        },
        "PublicationType": {
          "Research": true
        },
        "Section": {
          "Results": true
        }
      },
      "citation": {
        "authors": [
          "Kawase M",
          "Matsuyama S",
          "Shirato K"
        ],
        "date": "2018-04-01",
        "db": "PubMed",
        "db_id": "29217279",
        "db_name": "Virology",
        "first": "Shirato K",
        "last": "Matsuyama S",
        "pages": "9-15",
        "volume": "517"
      },
      "evidence": "In contrast, clinical isolates of HCoV-OC43 were inhibited by camostat but were either not inhibited or were only partially inhibited by EST (Fig. 2c–f).",
      "key": "f86653be61c3c9e04fbe6b52e3da0d30",
      "line": 71,
      "relation": "association",
      "source": 4,
      "target": 9
    },
    {
      "annotations": {
        "CellLine": {
          "HCT-8 cell": true
        },
        "PublicationStatus": {
          "Published": true
        },
        "PublicationType": {
          "Research": true
        },
        "Section": {
          "Results": true
        }
      },
      "citation": {
        "authors": [
          "Kawase M",
          "Matsuyama S",
          "Shirato K"
        ],
        "date": "2018-04-01",
        "db": "PubMed",
        "db_id": "29217279",
        "db_name": "Virology",
        "first": "Shirato K",
        "last": "Matsuyama S",
        "pages": "9-15",
        "volume": "517"
      },
      "evidence": "That cathepsins use HCoV-OC43 for entry into HCT-8 cells was confirmed by an entry inhibition assay similar to that in HBTE-ALI cultures (Fig. 3b and c).",
      "key": "563d17def533119a2a35b017efe8fa42",
      "line": 84,
      "relation": "increases",
      "source": 11,
      "target": 9
    },
    {
      "key": "68f7a660e573e1ac1a4af8a85ab461bc",
      "relation": "partOf",
      "source": 12,
      "target": 11
    }
  ],
  "multigraph": true,
  "nodes": [
    {
      "bel": "a(CHEBI:camostat)",
      "concept": {
        "name": "camostat",
        "namespace": "CHEBI"
      },
      "function": "Abundance",
      "id": "483101ab26c7100d3f96cd5dac47d84e"
    },
    {
      "bel": "a(FIXME:\"SGH-06/2015\")",
      "concept": {
        "name": "SGH-06/2015",
        "namespace": "FIXME"
      },
      "function": "Abundance",
      "id": "2f5a9008b0e5ebf5880d440c09fb729e"
    },
    {
      "bel": "a(FIXME:\"SGH-36/2014\")",
      "concept": {
        "name": "SGH-36/2014",
        "namespace": "FIXME"
      },
      "function": "Abundance",
      "id": "a4f722fb8be8ca00c4759250d406d23a"
    },
    {
      "bel": "a(FIXME:\"SGH-61/2014\")",
      "concept": {
        "name": "SGH-61/2014",
        "namespace": "FIXME"
      },
      "function": "Abundance",
      "id": "d14ab65990693a3fa1b48a2212e785c8"
    },
    {
      "bel": "a(FIXME:\"SGH-65/2016\")",
      "concept": {
        "name": "SGH-65/2016",
        "namespace": "FIXME"
      },
      "function": "Abundance",
      "id": "8d9a2c9c0a831f04c5334c7db0e72c2b"
    },
    {
      "bel": "a(MESH:\"Cysteine Proteases\")",
      "concept": {
        "name": "Cysteine Proteases",
        "namespace": "MESH"
      },
      "function": "Abundance",
      "id": "63be6ed018ebd6abfe89c393e2886497"
    },
    {
      "bel": "a(PUBCHEM:3189)",
      "concept": {
        "name": "3189",
        "namespace": "PUBCHEM"
      },
      "function": "Abundance",
      "id": "1d10d7d1457332d7371b8088a3f95302"
    },
    {
      "bel": "a(TAX:\"Betacoronavirus 1\")",
      "concept": {
        "name": "Betacoronavirus 1",
        "namespace": "TAX"
      },
      "function": "Abundance",
      "id": "ddd468fd2b562a804f6ea5992ba04dc9"
    },
    {
      "bel": "a(TAX:\"Human coronavirus HKU1\")",
      "concept": {
        "name": "Human coronavirus HKU1",
        "namespace": "TAX"
      },
      "function": "Abundance",
      "id": "c8cc89fafdcf3e1b4dac71a206a0e1ad"
    },
    {
      "bel": "a(TAX:\"Human coronavirus OC43\")",
      "concept": {
        "name": "Human coronavirus OC43",
        "namespace": "TAX"
      },
      "function": "Abundance",
      "id": "27f78f6a35d13ab4ffdc15ef67fcd4c3"
    },
    {
      "bel": "bp(GO:\"late endosome to lysosome transport\")",
      "concept": {
        "name": "late endosome to lysosome transport",
        "namespace": "GO"
      },
      "function": "BiologicalProcess",
      "id": "389151bed6eb2eb6a446cebe2e4469ee"
    },
    {
      "bel": "complex(a(TAX:\"Human coronavirus OC43\"), p(GFAM:Cathepsins))",
      "function": "Complex",
      "id": "6372c91dee84020991f5794d987ef664",
      "members": [
        {
          "bel": "a(TAX:\"Human coronavirus OC43\")",
          "concept": {
            "name": "Human coronavirus OC43",
            "namespace": "TAX"
          },
          "function": "Abundance",
          "id": "27f78f6a35d13ab4ffdc15ef67fcd4c3"
        },
        {
          "bel": "p(GFAM:Cathepsins)",
          "concept": {
            "name": "Cathepsins",
            "namespace": "GFAM"
          },
          "function": "Protein",
          "id": "c72944061010313dc2028736fe347d11"
        }
      ]
    },
    {
      "bel": "p(GFAM:Cathepsins)",
      "concept": {
        "name": "Cathepsins",
        "namespace": "GFAM"
      },
      "function": "Protein",
      "id": "c72944061010313dc2028736fe347d11"
    }
  ]
}