{
  "directed": true,
  "graph": {
    "annotation_list": {
      "Custom_Cell": [
        "LPS-primed bone marrow macrophage"
      ],
      "PublicationStatus": [
        "Published"
      ],
      "PublicationType": [
        "Research"
      ],
      "Section": [
        "Results"
      ],
      "concentration": [
        "130 mM"
      ]
    },
    "annotation_pattern": {
      "BioAssay": ".*"
    },
    "annotation_url": {
      "Species": "https://arty.scai.fraunhofer.de/artifactory/bel/annotation/species-taxonomy-id/species-taxonomy-id-20170511.belanno"
    },
    "document_metadata": {
      "authors": "Abish K",
      "contact": "abish@causalitybiomodels.com",
      "copyright": "Copyright © 2020 Fraunhofer Institute SCAI, All rights reserved",
      "description": "COVID Knowledge Curation project",
      "licenses": "Private Ownership to Fraunhofer Institute SCAI",
      "name": "30761102.bel",
      "version": "2.0.0"
    },
    "namespace_pattern": {
      "PUBCHEM": "^\\d+$",
      "UNIPROT": "^([A-N,R-Z][0-9]([A-Z][A-Z, 0-9][A-Z, 0-9][0-9]){1,2})|([O,P,Q][0-9][A-Z, 0-9][A-Z, 0-9][A-Z, 0-9][0-9])(\\.\\d+)?$"
    },
    "namespace_url": {
      "CHEBI": "https://arty.scai.fraunhofer.de/artifactory/bel/namespace/chebi/chebi-20190708.belns",
      "GO": "https://arty.scai.fraunhofer.de/artifactory/bel/namespace/go/go-20180109.belns",
      "HGNC": "https://arty.scai.fraunhofer.de/artifactory/bel/namespace/hgnc/hgnc-20190708.belns",
      "TAX": "https://arty.scai.fraunhofer.de/artifactory/bel/namespace/ncbi-taxonomy/ncbi-taxonomy-20200322.belns"
    },
    "path": "30761102.bel",
    "pybel_version": "0.14.6"
  },
  "links": [
    {
      "annotations": {
        "PublicationStatus": {
          "Published": true
        },
        "PublicationType": {
          "Research": true
        },
        "Section": {
          "Results": true
        },
        "Species": {
          "9606": true
        }
      },
      "citation": {
        "authors": [
          "Chang MF",
          "Chen IY",
          "Ichinohe T",
          "Moriyama M"
        ],
        "date": "2019-01-01",
        "db": "PubMed",
        "db_id": "30761102",
        "db_name": "Frontiers in microbiology",
        "first": "Chen IY",
        "last": "Ichinohe T",
        "pages": "50",
        "volume": "10"
      },
      "evidence": "We previously demonstrated that the influenza virus M2 protein (a proton-selective ion channel), its H37G mutant (which has lost its proton selectivity and enables the transport of other cations such as Na + and K + ), and the EMCV 2B protein (a Ca 2+ channel) stimulates NLRP3 inflammasome-mediated IL-1β secretion (Ichinohe et al., 2010; Ito et al., 2012).",
      "key": "98c0ecb342d158e505f643d601a8006f",
      "line": 47,
      "relation": "increases",
      "source": 9,
      "subject": {
        "modifier": "Activity"
      },
      "target": 6
    },
    {
      "key": "800e1751c0001650ff1555f05d86df28",
      "relation": "hasVariant",
      "source": 9,
      "target": 10
    },
    {
      "annotations": {
        "PublicationStatus": {
          "Published": true
        },
        "PublicationType": {
          "Research": true
        },
        "Section": {
          "Results": true
        },
        "Species": {
          "9606": true
        }
      },
      "citation": {
        "authors": [
          "Chang MF",
          "Chen IY",
          "Ichinohe T",
          "Moriyama M"
        ],
        "date": "2019-01-01",
        "db": "PubMed",
        "db_id": "30761102",
        "db_name": "Frontiers in microbiology",
        "first": "Chen IY",
        "last": "Ichinohe T",
        "pages": "50",
        "volume": "10"
      },
      "evidence": "We previously demonstrated that the influenza virus M2 protein (a proton-selective ion channel), its H37G mutant (which has lost its proton selectivity and enables the transport of other cations such as Na + and K + ), and the EMCV 2B protein (a Ca 2+ channel) stimulates NLRP3 inflammasome-mediated IL-1β secretion (Ichinohe et al., 2010; Ito et al., 2012).",
      "key": "a4b169fedcf7e34fd6e45997ba0c0cb9",
      "line": 51,
      "relation": "association",
      "source": 9,
      "target": 3
    },
    {
      "annotations": {
        "BioAssay": {
          "ELISA": true
        },
        "Custom_Cell": {
          "LPS-primed bone marrow macrophage": true
        },
        "PublicationStatus": {
          "Published": true
        },
        "PublicationType": {
          "Research": true
        },
        "Section": {
          "Results": true
        },
        "Species": {
          "9606": true
        }
      },
      "citation": {
        "authors": [
          "Chang MF",
          "Chen IY",
          "Ichinohe T",
          "Moriyama M"
        ],
        "date": "2019-01-01",
        "db": "PubMed",
        "db_id": "30761102",
        "db_name": "Frontiers in microbiology",
        "first": "Chen IY",
        "last": "Ichinohe T",
        "pages": "50",
        "volume": "10"
      },
      "evidence": "IL-1β was released from LPS-primed BMMs transduced with the M2- and 2B-expressing lentivirus (Figure 1D). Similarly, the lentiviruses expressing the SARS-CoV E or 3a proteins stimulated IL-1β release from LPS-primed BMMs (Figure 1D).",
      "key": "5752a9724246406ed0c7aff505e38a1d",
      "line": 64,
      "relation": "increases",
      "source": 9,
      "subject": {
        "modifier": "Activity"
      },
      "target": 8
    },
    {
      "annotations": {
        "PublicationStatus": {
          "Published": true
        },
        "PublicationType": {
          "Research": true
        },
        "Section": {
          "Results": true
        },
        "Species": {
          "9606": true
        }
      },
      "citation": {
        "authors": [
          "Chang MF",
          "Chen IY",
          "Ichinohe T",
          "Moriyama M"
        ],
        "date": "2019-01-01",
        "db": "PubMed",
        "db_id": "30761102",
        "db_name": "Frontiers in microbiology",
        "first": "Chen IY",
        "last": "Ichinohe T",
        "pages": "50",
        "volume": "10"
      },
      "evidence": "We previously demonstrated that the influenza virus M2 protein (a proton-selective ion channel), its H37G mutant (which has lost its proton selectivity and enables the transport of other cations such as Na + and K + ), and the EMCV 2B protein (a Ca 2+ channel) stimulates NLRP3 inflammasome-mediated IL-1β secretion (Ichinohe et al., 2010; Ito et al., 2012).",
      "key": "dbf34deb428458f5ec3a3f4a2825f289",
      "line": 50,
      "object": {
        "effect": {
          "fromLoc": {
            "name": "intracellular",
            "namespace": "bel"
          },
          "toLoc": {
            "name": "extracellular space",
            "namespace": "bel"
          }
        },
        "modifier": "Translocation"
      },
      "relation": "increases",
      "source": 6,
      "subject": {
        "modifier": "Activity"
      },
      "target": 8
    },
    {
      "annotations": {
        "PublicationStatus": {
          "Published": true
        },
        "PublicationType": {
          "Research": true
        },
        "Section": {
          "Results": true
        },
        "Species": {
          "9606": true
        }
      },
      "citation": {
        "authors": [
          "Chang MF",
          "Chen IY",
          "Ichinohe T",
          "Moriyama M"
        ],
        "date": "2019-01-01",
        "db": "PubMed",
        "db_id": "30761102",
        "db_name": "Frontiers in microbiology",
        "first": "Chen IY",
        "last": "Ichinohe T",
        "pages": "50",
        "volume": "10"
      },
      "evidence": "We previously demonstrated that the influenza virus M2 protein (a proton-selective ion channel), its H37G mutant (which has lost its proton selectivity and enables the transport of other cations such as Na + and K + ), and the EMCV 2B protein (a Ca 2+ channel) stimulates NLRP3 inflammasome-mediated IL-1β secretion (Ichinohe et al., 2010; Ito et al., 2012).",
      "key": "acf0c1dcdd18ea7ea8d1f7af263d8fe7",
      "line": 48,
      "relation": "increases",
      "source": 10,
      "subject": {
        "modifier": "Activity"
      },
      "target": 6
    },
    {
      "annotations": {
        "PublicationStatus": {
          "Published": true
        },
        "PublicationType": {
          "Research": true
        },
        "Section": {
          "Results": true
        },
        "Species": {
          "9606": true
        }
      },
      "citation": {
        "authors": [
          "Chang MF",
          "Chen IY",
          "Ichinohe T",
          "Moriyama M"
        ],
        "date": "2019-01-01",
        "db": "PubMed",
        "db_id": "30761102",
        "db_name": "Frontiers in microbiology",
        "first": "Chen IY",
        "last": "Ichinohe T",
        "pages": "50",
        "volume": "10"
      },
      "evidence": "We previously demonstrated that the influenza virus M2 protein (a proton-selective ion channel), its H37G mutant (which has lost its proton selectivity and enables the transport of other cations such as Na + and K + ), and the EMCV 2B protein (a Ca 2+ channel) stimulates NLRP3 inflammasome-mediated IL-1β secretion (Ichinohe et al., 2010; Ito et al., 2012).",
      "key": "7cf2dec41d33f0efc7b0ac8fda0edcbd",
      "line": 49,
      "relation": "increases",
      "source": 19,
      "subject": {
        "modifier": "Activity"
      },
      "target": 6
    },
    {
      "annotations": {
        "PublicationStatus": {
          "Published": true
        },
        "PublicationType": {
          "Research": true
        },
        "Section": {
          "Results": true
        },
        "Species": {
          "9606": true
        }
      },
      "citation": {
        "authors": [
          "Chang MF",
          "Chen IY",
          "Ichinohe T",
          "Moriyama M"
        ],
        "date": "2019-01-01",
        "db": "PubMed",
        "db_id": "30761102",
        "db_name": "Frontiers in microbiology",
        "first": "Chen IY",
        "last": "Ichinohe T",
        "pages": "50",
        "volume": "10"
      },
      "evidence": "We previously demonstrated that the influenza virus M2 protein (a proton-selective ion channel), its H37G mutant (which has lost its proton selectivity and enables the transport of other cations such as Na + and K + ), and the EMCV 2B protein (a Ca 2+ channel) stimulates NLRP3 inflammasome-mediated IL-1β secretion (Ichinohe et al., 2010; Ito et al., 2012).",
      "key": "24170266ccbe472f719325cc9a4c664d",
      "line": 52,
      "relation": "association",
      "source": 19,
      "target": 2
    },
    {
      "key": "f7b7d80608ac49a5d8b34ebdee026611",
      "relation": "hasVariant",
      "source": 19,
      "target": 20
    },
    {
      "annotations": {
        "Custom_Cell": {
          "LPS-primed bone marrow macrophage": true
        },
        "PublicationStatus": {
          "Published": true
        },
        "PublicationType": {
          "Research": true
        },
        "Section": {
          "Results": true
        },
        "Species": {
          "9606": true
        }
      },
      "citation": {
        "authors": [
          "Chang MF",
          "Chen IY",
          "Ichinohe T",
          "Moriyama M"
        ],
        "date": "2019-01-01",
        "db": "PubMed",
        "db_id": "30761102",
        "db_name": "Frontiers in microbiology",
        "first": "Chen IY",
        "last": "Ichinohe T",
        "pages": "50",
        "volume": "10"
      },
      "evidence": "Notably,the 3a-CS mutant completely abrogated IL-1β secretion (Figure 2B), suggesting that the ion channel activity of the 3a protein is required for SARS-CoV 3a-induced IL-1β secretion.",
      "key": "734a2cfb5c30e9fa6bfd1278244de19c",
      "line": 96,
      "relation": "positiveCorrelation",
      "source": 8,
      "target": 5
    },
    {
      "annotations": {
        "PublicationStatus": {
          "Published": true
        },
        "PublicationType": {
          "Research": true
        },
        "Section": {
          "Results": true
        },
        "Species": {
          "9606": true
        }
      },
      "citation": {
        "authors": [
          "Chang MF",
          "Chen IY",
          "Ichinohe T",
          "Moriyama M"
        ],
        "date": "2019-01-01",
        "db": "PubMed",
        "db_id": "30761102",
        "db_name": "Frontiers in microbiology",
        "first": "Chen IY",
        "last": "Ichinohe T",
        "pages": "50",
        "volume": "10"
      },
      "evidence": "We previously demonstrated that the influenza virus M2 protein (a proton-selective ion channel), its H37G mutant (which has lost its proton selectivity and enables the transport of other cations such as Na + and K + ), and the EMCV 2B protein (a Ca 2+ channel) stimulates NLRP3 inflammasome-mediated IL-1β secretion (Ichinohe et al., 2010; Ito et al., 2012).",
      "key": "6df9397871da5f9f6d7fd86d529a6970",
      "line": 51,
      "relation": "association",
      "source": 3,
      "target": 9
    },
    {
      "annotations": {
        "BioAssay": {
          "ELISA": true
        },
        "Custom_Cell": {
          "LPS-primed bone marrow macrophage": true
        },
        "PublicationStatus": {
          "Published": true
        },
        "PublicationType": {
          "Research": true
        },
        "Section": {
          "Results": true
        },
        "Species": {
          "9606": true
        }
      },
      "citation": {
        "authors": [
          "Chang MF",
          "Chen IY",
          "Ichinohe T",
          "Moriyama M"
        ],
        "date": "2019-01-01",
        "db": "PubMed",
        "db_id": "30761102",
        "db_name": "Frontiers in microbiology",
        "first": "Chen IY",
        "last": "Ichinohe T",
        "pages": "50",
        "volume": "10"
      },
      "evidence": "In agreement with a previous result (Ichinohe et al., 2010), we found that IL-1β secretion caused by influenza virus was completely blocked when the extracellular K + concentration was increased to 130 mM (Figure 5A).",
      "key": "6f78e0db65c7832373c3fb6b2e5f4d68",
      "line": 110,
      "relation": "increases",
      "source": 3,
      "target": 8
    },
    {
      "annotations": {
        "PublicationStatus": {
          "Published": true
        },
        "PublicationType": {
          "Research": true
        },
        "Section": {
          "Results": true
        },
        "Species": {
          "9606": true
        }
      },
      "citation": {
        "authors": [
          "Chang MF",
          "Chen IY",
          "Ichinohe T",
          "Moriyama M"
        ],
        "date": "2019-01-01",
        "db": "PubMed",
        "db_id": "30761102",
        "db_name": "Frontiers in microbiology",
        "first": "Chen IY",
        "last": "Ichinohe T",
        "pages": "50",
        "volume": "10"
      },
      "evidence": "We previously demonstrated that the influenza virus M2 protein (a proton-selective ion channel), its H37G mutant (which has lost its proton selectivity and enables the transport of other cations such as Na + and K + ), and the EMCV 2B protein (a Ca 2+ channel) stimulates NLRP3 inflammasome-mediated IL-1β secretion (Ichinohe et al., 2010; Ito et al., 2012).",
      "key": "dcf2744789afa8b32105b9e1fc4ff5da",
      "line": 52,
      "relation": "association",
      "source": 2,
      "target": 19
    },
    {
      "annotations": {
        "PublicationStatus": {
          "Published": true
        },
        "PublicationType": {
          "Research": true
        },
        "Section": {
          "Results": true
        },
        "Species": {
          "9606": true
        }
      },
      "citation": {
        "authors": [
          "Chang MF",
          "Chen IY",
          "Ichinohe T",
          "Moriyama M"
        ],
        "date": "2019-01-01",
        "db": "PubMed",
        "db_id": "30761102",
        "db_name": "Frontiers in microbiology",
        "first": "Chen IY",
        "last": "Ichinohe T",
        "pages": "50",
        "volume": "10"
      },
      "evidence": "In addition, the SARS-CoV E protein acts as a Ca 2+ -permeable ion channels that activates the NLRP3 inflammasome (Nieto-Torres et al., 2015).",
      "key": "cf55b39c92aa5918dec79d5a39c1817b",
      "line": 56,
      "relation": "increases",
      "source": 15,
      "subject": {
        "modifier": "Activity"
      },
      "target": 6
    },
    {
      "annotations": {
        "BioAssay": {
          "confocal microscopy": true
        },
        "Custom_Cell": {
          "LPS-primed bone marrow macrophage": true
        },
        "PublicationStatus": {
          "Published": true
        },
        "PublicationType": {
          "Research": true
        },
        "Section": {
          "Results": true
        },
        "Species": {
          "9606": true
        }
      },
      "citation": {
        "authors": [
          "Chang MF",
          "Chen IY",
          "Ichinohe T",
          "Moriyama M"
        ],
        "date": "2019-01-01",
        "db": "PubMed",
        "db_id": "30761102",
        "db_name": "Frontiers in microbiology",
        "first": "Chen IY",
        "last": "Ichinohe T",
        "pages": "50",
        "volume": "10"
      },
      "evidence": "Although cells expressing the ion channel activity-loss mutants 3a-CS or V25F uniformly expressed NLRP3 throughout the cytoplasm, it was redistributed to the perinuclear region in SARS-CoV 3a- or E-expressing cells (Figure 4).",
      "key": "3d81a8b920448a269b53da00489bcafc",
      "line": 103,
      "object": {
        "location": {
          "name": "nuclear outer membrane",
          "namespace": "GO"
        }
      },
      "relation": "increases",
      "source": 15,
      "subject": {
        "modifier": "Activity"
      },
      "target": 6
    },
    {
      "annotations": {
        "PublicationStatus": {
          "Published": true
        },
        "PublicationType": {
          "Research": true
        },
        "Section": {
          "Results": true
        },
        "Species": {
          "9606": true
        }
      },
      "citation": {
        "authors": [
          "Chang MF",
          "Chen IY",
          "Ichinohe T",
          "Moriyama M"
        ],
        "date": "2019-01-01",
        "db": "PubMed",
        "db_id": "30761102",
        "db_name": "Frontiers in microbiology",
        "first": "Chen IY",
        "last": "Ichinohe T",
        "pages": "50",
        "volume": "10"
      },
      "evidence": "In addition, the SARS-CoV E protein acts as a Ca 2+ -permeable ion channels that activates the NLRP3 inflammasome (Nieto-Torres et al., 2015).",
      "key": "28bfeaaa6420f4a93e2125e15d5e237a",
      "line": 57,
      "relation": "association",
      "source": 15,
      "target": 4
    },
    {
      "annotations": {
        "BioAssay": {
          "ELISA": true
        },
        "Custom_Cell": {
          "LPS-primed bone marrow macrophage": true
        },
        "PublicationStatus": {
          "Published": true
        },
        "PublicationType": {
          "Research": true
        },
        "Section": {
          "Results": true
        },
        "Species": {
          "9606": true
        }
      },
      "citation": {
        "authors": [
          "Chang MF",
          "Chen IY",
          "Ichinohe T",
          "Moriyama M"
        ],
        "date": "2019-01-01",
        "db": "PubMed",
        "db_id": "30761102",
        "db_name": "Frontiers in microbiology",
        "first": "Chen IY",
        "last": "Ichinohe T",
        "pages": "50",
        "volume": "10"
      },
      "evidence": "IL-1β was released from LPS-primed BMMs transduced with the M2- and 2B-expressing lentivirus (Figure 1D). Similarly, the lentiviruses expressing the SARS-CoV E or 3a proteins stimulated IL-1β release from LPS-primed BMMs (Figure 1D).",
      "key": "e0b00b3419a7eca411c320967e9397eb",
      "line": 66,
      "relation": "increases",
      "source": 15,
      "subject": {
        "modifier": "Activity"
      },
      "target": 8
    },
    {
      "annotations": {
        "BioAssay": {
          "ELISA": true
        },
        "Custom_Cell": {
          "LPS-primed bone marrow macrophage": true
        },
        "PublicationStatus": {
          "Published": true
        },
        "PublicationType": {
          "Research": true
        },
        "Section": {
          "Results": true
        },
        "Species": {
          "9606": true
        }
      },
      "citation": {
        "authors": [
          "Chang MF",
          "Chen IY",
          "Ichinohe T",
          "Moriyama M"
        ],
        "date": "2019-01-01",
        "db": "PubMed",
        "db_id": "30761102",
        "db_name": "Frontiers in microbiology",
        "first": "Chen IY",
        "last": "Ichinohe T",
        "pages": "50",
        "volume": "10"
      },
      "evidence": "Furthermore, IL-1β secretion from LPS-primed BMMs co-infected with E- and 3a-expressing lentiviruses was significantly higher than that from SARS-CoV E-expressing lentivirus-infected cells (Figure 1E). These data indicated that the expression of SARS-CoV viroporin 3a is sufficient to stimulate IL-1β secretion by LPS-primed BMMs.",
      "key": "3afbbdca4c5dbb27dc9b6fba13468f52",
      "line": 74,
      "relation": "increases",
      "source": 15,
      "subject": {
        "modifier": "Activity"
      },
      "target": 8
    },
    {
      "annotations": {
        "BioAssay": {
          "ELISA": true
        },
        "Custom_Cell": {
          "LPS-primed bone marrow macrophage": true
        },
        "PublicationStatus": {
          "Published": true
        },
        "PublicationType": {
          "Research": true
        },
        "Section": {
          "Results": true
        },
        "Species": {
          "9606": true
        }
      },
      "citation": {
        "authors": [
          "Chang MF",
          "Chen IY",
          "Ichinohe T",
          "Moriyama M"
        ],
        "date": "2019-01-01",
        "db": "PubMed",
        "db_id": "30761102",
        "db_name": "Frontiers in microbiology",
        "first": "Chen IY",
        "last": "Ichinohe T",
        "pages": "50",
        "volume": "10"
      },
      "evidence": "As reported previously (Nakahira et al., 2011; Ito et al., 2012), treatment of BMMs with Mito-TEMPO completely blocked IL-1β secretion in response to ATP (Figure 6A). Similarly, IL-1β release induced by the SARS-CoV E and 3a proteins was significantly inhibited by Mito-TEMPO (Figure 6B).",
      "key": "2d2a24ad68324dc2fcbb5e128aca9cea",
      "line": 128,
      "relation": "increases",
      "source": 15,
      "subject": {
        "modifier": "Activity"
      },
      "target": 8
    },
    {
      "key": "909f2c5b32fe5d4277bd0dd9bb77c823",
      "relation": "hasVariant",
      "source": 15,
      "target": 16
    },
    {
      "key": "d9fdd13183366c9a2d254108434cff9d",
      "relation": "hasVariant",
      "source": 15,
      "target": 17
    },
    {
      "key": "8fbd00fcb46c4129381746994eb3c3a0",
      "relation": "hasVariant",
      "source": 15,
      "target": 18
    },
    {
      "annotations": {
        "PublicationStatus": {
          "Published": true
        },
        "PublicationType": {
          "Research": true
        },
        "Section": {
          "Results": true
        },
        "Species": {
          "9606": true
        }
      },
      "citation": {
        "authors": [
          "Chang MF",
          "Chen IY",
          "Ichinohe T",
          "Moriyama M"
        ],
        "date": "2019-01-01",
        "db": "PubMed",
        "db_id": "30761102",
        "db_name": "Frontiers in microbiology",
        "first": "Chen IY",
        "last": "Ichinohe T",
        "pages": "50",
        "volume": "10"
      },
      "evidence": "In addition, the SARS-CoV E protein acts as a Ca 2+ -permeable ion channels that activates the NLRP3 inflammasome (Nieto-Torres et al., 2015).",
      "key": "efb507ae0873d61de3ff3b454fdeb9bb",
      "line": 57,
      "relation": "association",
      "source": 4,
      "target": 15
    },
    {
      "annotations": {
        "BioAssay": {
          "ELISA": true
        },
        "Custom_Cell": {
          "LPS-primed bone marrow macrophage": true
        },
        "PublicationStatus": {
          "Published": true
        },
        "PublicationType": {
          "Research": true
        },
        "Section": {
          "Results": true
        },
        "Species": {
          "9606": true
        }
      },
      "citation": {
        "authors": [
          "Chang MF",
          "Chen IY",
          "Ichinohe T",
          "Moriyama M"
        ],
        "date": "2019-01-01",
        "db": "PubMed",
        "db_id": "30761102",
        "db_name": "Frontiers in microbiology",
        "first": "Chen IY",
        "last": "Ichinohe T",
        "pages": "50",
        "volume": "10"
      },
      "evidence": "IL-1β was released from LPS-primed BMMs transduced with the M2- and 2B-expressing lentivirus (Figure 1D). Similarly, the lentiviruses expressing the SARS-CoV E or 3a proteins stimulated IL-1β release from LPS-primed BMMs (Figure 1D).",
      "key": "a21264b82e77f229ce819b0906835666",
      "line": 68,
      "relation": "association",
      "source": 4,
      "target": 11
    },
    {
      "annotations": {
        "BioAssay": {
          "ELISA": true
        },
        "Custom_Cell": {
          "LPS-primed bone marrow macrophage": true
        },
        "PublicationStatus": {
          "Published": true
        },
        "PublicationType": {
          "Research": true
        },
        "Section": {
          "Results": true
        },
        "Species": {
          "9606": true
        }
      },
      "citation": {
        "authors": [
          "Chang MF",
          "Chen IY",
          "Ichinohe T",
          "Moriyama M"
        ],
        "date": "2019-01-01",
        "db": "PubMed",
        "db_id": "30761102",
        "db_name": "Frontiers in microbiology",
        "first": "Chen IY",
        "last": "Ichinohe T",
        "pages": "50",
        "volume": "10"
      },
      "evidence": "IL-1β was released from LPS-primed BMMs transduced with the M2- and 2B-expressing lentivirus (Figure 1D). Similarly, the lentiviruses expressing the SARS-CoV E or 3a proteins stimulated IL-1β release from LPS-primed BMMs (Figure 1D).",
      "key": "c2be06e2821b46747c0de6064b33dfba",
      "line": 65,
      "relation": "increases",
      "source": 20,
      "subject": {
        "modifier": "Activity"
      },
      "target": 8
    },
    {
      "annotations": {
        "BioAssay": {
          "ELISA": true
        },
        "Custom_Cell": {
          "LPS-primed bone marrow macrophage": true
        },
        "PublicationStatus": {
          "Published": true
        },
        "PublicationType": {
          "Research": true
        },
        "Section": {
          "Results": true
        },
        "Species": {
          "9606": true
        }
      },
      "citation": {
        "authors": [
          "Chang MF",
          "Chen IY",
          "Ichinohe T",
          "Moriyama M"
        ],
        "date": "2019-01-01",
        "db": "PubMed",
        "db_id": "30761102",
        "db_name": "Frontiers in microbiology",
        "first": "Chen IY",
        "last": "Ichinohe T",
        "pages": "50",
        "volume": "10"
      },
      "evidence": "IL-1β was released from LPS-primed BMMs transduced with the M2- and 2B-expressing lentivirus (Figure 1D). Similarly, the lentiviruses expressing the SARS-CoV E or 3a proteins stimulated IL-1β release from LPS-primed BMMs (Figure 1D).",
      "key": "a19a0018c47939f3ef31632059d4c65b",
      "line": 67,
      "relation": "increases",
      "source": 11,
      "subject": {
        "modifier": "Activity"
      },
      "target": 8
    },
    {
      "annotations": {
        "BioAssay": {
          "ELISA": true
        },
        "Custom_Cell": {
          "LPS-primed bone marrow macrophage": true
        },
        "PublicationStatus": {
          "Published": true
        },
        "PublicationType": {
          "Research": true
        },
        "Section": {
          "Results": true
        },
        "Species": {
          "9606": true
        }
      },
      "citation": {
        "authors": [
          "Chang MF",
          "Chen IY",
          "Ichinohe T",
          "Moriyama M"
        ],
        "date": "2019-01-01",
        "db": "PubMed",
        "db_id": "30761102",
        "db_name": "Frontiers in microbiology",
        "first": "Chen IY",
        "last": "Ichinohe T",
        "pages": "50",
        "volume": "10"
      },
      "evidence": "Furthermore, IL-1β secretion from LPS-primed BMMs co-infected with E- and 3a-expressing lentiviruses was significantly higher than that from SARS-CoV E-expressing lentivirus-infected cells (Figure 1E). These data indicated that the expression of SARS-CoV viroporin 3a is sufficient to stimulate IL-1β secretion by LPS-primed BMMs.",
      "key": "457aa01e91c68cc2aab4c53492a7bc59",
      "line": 75,
      "relation": "increases",
      "source": 11,
      "subject": {
        "modifier": "Activity"
      },
      "target": 8
    },
    {
      "annotations": {
        "BioAssay": {
          "ELISA": true
        },
        "Custom_Cell": {
          "LPS-primed bone marrow macrophage": true
        },
        "PublicationStatus": {
          "Published": true
        },
        "PublicationType": {
          "Research": true
        },
        "Section": {
          "Results": true
        },
        "Species": {
          "9606": true
        }
      },
      "citation": {
        "authors": [
          "Chang MF",
          "Chen IY",
          "Ichinohe T",
          "Moriyama M"
        ],
        "date": "2019-01-01",
        "db": "PubMed",
        "db_id": "30761102",
        "db_name": "Frontiers in microbiology",
        "first": "Chen IY",
        "last": "Ichinohe T",
        "pages": "50",
        "volume": "10"
      },
      "evidence": "As reported previously (Nakahira et al., 2011; Ito et al., 2012), treatment of BMMs with Mito-TEMPO completely blocked IL-1β secretion in response to ATP (Figure 6A). Similarly, IL-1β release induced by the SARS-CoV E and 3a proteins was significantly inhibited by Mito-TEMPO (Figure 6B).",
      "key": "82ec93143a3f556faecaa73c5c2de411",
      "line": 129,
      "relation": "increases",
      "source": 11,
      "subject": {
        "modifier": "Activity"
      },
      "target": 8
    },
    {
      "annotations": {
        "BioAssay": {
          "ELISA": true
        },
        "Custom_Cell": {
          "LPS-primed bone marrow macrophage": true
        },
        "PublicationStatus": {
          "Published": true
        },
        "PublicationType": {
          "Research": true
        },
        "Section": {
          "Results": true
        },
        "Species": {
          "9606": true
        }
      },
      "citation": {
        "authors": [
          "Chang MF",
          "Chen IY",
          "Ichinohe T",
          "Moriyama M"
        ],
        "date": "2019-01-01",
        "db": "PubMed",
        "db_id": "30761102",
        "db_name": "Frontiers in microbiology",
        "first": "Chen IY",
        "last": "Ichinohe T",
        "pages": "50",
        "volume": "10"
      },
      "evidence": "IL-1β was released from LPS-primed BMMs transduced with the M2- and 2B-expressing lentivirus (Figure 1D). Similarly, the lentiviruses expressing the SARS-CoV E or 3a proteins stimulated IL-1β release from LPS-primed BMMs (Figure 1D).",
      "key": "bd4978ff370b837b0722a6b0c8b83c5e",
      "line": 68,
      "relation": "association",
      "source": 11,
      "target": 4
    },
    {
      "key": "aa83ffadfff95f9811c04daf321846ca",
      "relation": "hasVariant",
      "source": 11,
      "target": 12
    },
    {
      "key": "8f72f5daf403b15231a0ff5b11bcc86e",
      "relation": "hasVariant",
      "source": 11,
      "target": 13
    },
    {
      "key": "b0dcfcc8884d050f72ed215b7a33ca2f",
      "relation": "hasVariant",
      "source": 11,
      "target": 14
    },
    {
      "annotations": {
        "BioAssay": {
          "confocal microscopy": true
        },
        "Custom_Cell": {
          "LPS-primed bone marrow macrophage": true
        },
        "PublicationStatus": {
          "Published": true
        },
        "PublicationType": {
          "Research": true
        },
        "Section": {
          "Results": true
        },
        "Species": {
          "9606": true
        }
      },
      "citation": {
        "authors": [
          "Chang MF",
          "Chen IY",
          "Ichinohe T",
          "Moriyama M"
        ],
        "date": "2019-01-01",
        "db": "PubMed",
        "db_id": "30761102",
        "db_name": "Frontiers in microbiology",
        "first": "Chen IY",
        "last": "Ichinohe T",
        "pages": "50",
        "volume": "10"
      },
      "evidence": "Although cells expressing the ion channel activity-loss mutants 3a-CS or V25F uniformly expressed NLRP3 throughout the cytoplasm, it was redistributed to the perinuclear region in SARS-CoV 3a- or E-expressing cells (Figure 4).",
      "key": "28313fe136dbe48a97f752d2f1bde301",
      "line": 104,
      "object": {
        "location": {
          "name": "nuclear outer membrane",
          "namespace": "GO"
        }
      },
      "relation": "increases",
      "source": 11,
      "subject": {
        "modifier": "Activity"
      },
      "target": 6
    },
    {
      "annotations": {
        "Custom_Cell": {
          "LPS-primed bone marrow macrophage": true
        },
        "PublicationStatus": {
          "Published": true
        },
        "PublicationType": {
          "Research": true
        },
        "Section": {
          "Results": true
        },
        "Species": {
          "9606": true
        }
      },
      "citation": {
        "authors": [
          "Chang MF",
          "Chen IY",
          "Ichinohe T",
          "Moriyama M"
        ],
        "date": "2019-01-01",
        "db": "PubMed",
        "db_id": "30761102",
        "db_name": "Frontiers in microbiology",
        "first": "Chen IY",
        "last": "Ichinohe T",
        "pages": "50",
        "volume": "10"
      },
      "evidence": "Previous studies demonstrated that the N-terminal 40 amino acids of the SARS-CoV E protein are important for ion channel formation, and that mutations N15A and V25F [located in the transmembrane domain (from amino acid residues 7–38)] prevent ion conductivity (Wilson et al., 2004; Torres et al., 2007; Verdia-Baguena et al., 2012).",
      "key": "75c5b1e1b09b449cf54c2eb4f072bbbe",
      "line": 80,
      "relation": "increases",
      "source": 16,
      "subject": {
        "modifier": "Activity"
      },
      "target": 7
    },
    {
      "annotations": {
        "Custom_Cell": {
          "LPS-primed bone marrow macrophage": true
        },
        "PublicationStatus": {
          "Published": true
        },
        "PublicationType": {
          "Research": true
        },
        "Section": {
          "Results": true
        },
        "Species": {
          "9606": true
        }
      },
      "citation": {
        "authors": [
          "Chang MF",
          "Chen IY",
          "Ichinohe T",
          "Moriyama M"
        ],
        "date": "2019-01-01",
        "db": "PubMed",
        "db_id": "30761102",
        "db_name": "Frontiers in microbiology",
        "first": "Chen IY",
        "last": "Ichinohe T",
        "pages": "50",
        "volume": "10"
      },
      "evidence": "Previous studies demonstrated that the N-terminal 40 amino acids of the SARS-CoV E protein are important for ion channel formation, and that mutations N15A and V25F [located in the transmembrane domain (from amino acid residues 7–38)] prevent ion conductivity (Wilson et al., 2004; Torres et al., 2007; Verdia-Baguena et al., 2012).",
      "key": "252b11acd9eed765566ef0872ff3d971",
      "line": 81,
      "relation": "decreases",
      "source": 17,
      "subject": {
        "modifier": "Activity"
      },
      "target": 5
    },
    {
      "annotations": {
        "Custom_Cell": {
          "LPS-primed bone marrow macrophage": true
        },
        "PublicationStatus": {
          "Published": true
        },
        "PublicationType": {
          "Research": true
        },
        "Section": {
          "Results": true
        },
        "Species": {
          "9606": true
        }
      },
      "citation": {
        "authors": [
          "Chang MF",
          "Chen IY",
          "Ichinohe T",
          "Moriyama M"
        ],
        "date": "2019-01-01",
        "db": "PubMed",
        "db_id": "30761102",
        "db_name": "Frontiers in microbiology",
        "first": "Chen IY",
        "last": "Ichinohe T",
        "pages": "50",
        "volume": "10"
      },
      "evidence": "Notably,the 3a-CS mutant completely abrogated IL-1β secretion (Figure 2B), suggesting that the ion channel activity of the 3a protein is required for SARS-CoV 3a-induced IL-1β secretion.",
      "key": "8a2a36f103495232de7162288d7ade60",
      "line": 96,
      "relation": "positiveCorrelation",
      "source": 5,
      "target": 8
    },
    {
      "annotations": {
        "Custom_Cell": {
          "LPS-primed bone marrow macrophage": true
        },
        "PublicationStatus": {
          "Published": true
        },
        "PublicationType": {
          "Research": true
        },
        "Section": {
          "Results": true
        },
        "Species": {
          "9606": true
        }
      },
      "citation": {
        "authors": [
          "Chang MF",
          "Chen IY",
          "Ichinohe T",
          "Moriyama M"
        ],
        "date": "2019-01-01",
        "db": "PubMed",
        "db_id": "30761102",
        "db_name": "Frontiers in microbiology",
        "first": "Chen IY",
        "last": "Ichinohe T",
        "pages": "50",
        "volume": "10"
      },
      "evidence": "Previous studies demonstrated that the N-terminal 40 amino acids of the SARS-CoV E protein are important for ion channel formation, and that mutations N15A and V25F [located in the transmembrane domain (from amino acid residues 7–38)] prevent ion conductivity (Wilson et al., 2004; Torres et al., 2007; Verdia-Baguena et al., 2012).",
      "key": "6fe30fc18737dcc0f992efc45d507e86",
      "line": 82,
      "relation": "decreases",
      "source": 18,
      "subject": {
        "modifier": "Activity"
      },
      "target": 5
    },
    {
      "annotations": {
        "BioAssay": {
          "confocal microscopy": true
        },
        "Custom_Cell": {
          "LPS-primed bone marrow macrophage": true
        },
        "PublicationStatus": {
          "Published": true
        },
        "PublicationType": {
          "Research": true
        },
        "Section": {
          "Results": true
        },
        "Species": {
          "9606": true
        }
      },
      "citation": {
        "authors": [
          "Chang MF",
          "Chen IY",
          "Ichinohe T",
          "Moriyama M"
        ],
        "date": "2019-01-01",
        "db": "PubMed",
        "db_id": "30761102",
        "db_name": "Frontiers in microbiology",
        "first": "Chen IY",
        "last": "Ichinohe T",
        "pages": "50",
        "volume": "10"
      },
      "evidence": "Although cells expressing the ion channel activity-loss mutants 3a-CS or V25F uniformly expressed NLRP3 throughout the cytoplasm, it was redistributed to the perinuclear region in SARS-CoV 3a- or E-expressing cells (Figure 4).",
      "key": "fa68050a7cac8f9a78417f7e8f3656f2",
      "line": 102,
      "object": {
        "location": {
          "name": "cytoplasm",
          "namespace": "GO"
        }
      },
      "relation": "increases",
      "source": 18,
      "subject": {
        "modifier": "Activity"
      },
      "target": 6
    },
    {
      "annotations": {
        "Custom_Cell": {
          "LPS-primed bone marrow macrophage": true
        },
        "PublicationStatus": {
          "Published": true
        },
        "PublicationType": {
          "Research": true
        },
        "Section": {
          "Results": true
        },
        "Species": {
          "9606": true
        }
      },
      "citation": {
        "authors": [
          "Chang MF",
          "Chen IY",
          "Ichinohe T",
          "Moriyama M"
        ],
        "date": "2019-01-01",
        "db": "PubMed",
        "db_id": "30761102",
        "db_name": "Frontiers in microbiology",
        "first": "Chen IY",
        "last": "Ichinohe T",
        "pages": "50",
        "volume": "10"
      },
      "evidence": "In addition, the SARS-CoV 3a protein contains a cysteine-rich domain (amino acid residues 127–133) that is involved in the formation of a homodimer to generate the ion channel (Lu et al., 2006; Chan et al., 2009). Thus, mutation of the cysteine-rich domain blocks the ion conductivity by the 3a protein (Chan et al., 2009).",
      "key": "f98fe3d677c6e4da730585641ee0549b",
      "line": 86,
      "relation": "increases",
      "source": 12,
      "subject": {
        "modifier": "Activity"
      },
      "target": 7
    },
    {
      "annotations": {
        "Custom_Cell": {
          "LPS-primed bone marrow macrophage": true
        },
        "PublicationStatus": {
          "Published": true
        },
        "PublicationType": {
          "Research": true
        },
        "Section": {
          "Results": true
        },
        "Species": {
          "9606": true
        }
      },
      "citation": {
        "authors": [
          "Chang MF",
          "Chen IY",
          "Ichinohe T",
          "Moriyama M"
        ],
        "date": "2019-01-01",
        "db": "PubMed",
        "db_id": "30761102",
        "db_name": "Frontiers in microbiology",
        "first": "Chen IY",
        "last": "Ichinohe T",
        "pages": "50",
        "volume": "10"
      },
      "evidence": "In addition, the SARS-CoV 3a protein contains a cysteine-rich domain (amino acid residues 127–133) that is involved in the formation of a homodimer to generate the ion channel (Lu et al., 2006; Chan et al., 2009). Thus, mutation of the cysteine-rich domain blocks the ion conductivity by the 3a protein (Chan et al., 2009).",
      "key": "472d1ca049af97c99a47ddb671c9830c",
      "line": 87,
      "relation": "decreases",
      "source": 13,
      "subject": {
        "modifier": "Activity"
      },
      "target": 5
    },
    {
      "annotations": {
        "Custom_Cell": {
          "LPS-primed bone marrow macrophage": true
        },
        "PublicationStatus": {
          "Published": true
        },
        "PublicationType": {
          "Research": true
        },
        "Section": {
          "Results": true
        },
        "Species": {
          "9606": true
        }
      },
      "citation": {
        "authors": [
          "Chang MF",
          "Chen IY",
          "Ichinohe T",
          "Moriyama M"
        ],
        "date": "2019-01-01",
        "db": "PubMed",
        "db_id": "30761102",
        "db_name": "Frontiers in microbiology",
        "first": "Chen IY",
        "last": "Ichinohe T",
        "pages": "50",
        "volume": "10"
      },
      "evidence": "To this end, we substituted amino acids Cys-127, Cys-130, and Cys-133 within the cysteine-rich domain of the SARS-CoV 3a protein with serine to generate a lentivirus expressing the ion channel activity-loss mutant, 3a-CS (Chan et al., 2009; Figure 2A).",
      "key": "38f0cd3374de0d689537ec56abdb7660",
      "line": 91,
      "relation": "decreases",
      "source": 14,
      "subject": {
        "modifier": "Activity"
      },
      "target": 5
    },
    {
      "annotations": {
        "Custom_Cell": {
          "LPS-primed bone marrow macrophage": true
        },
        "PublicationStatus": {
          "Published": true
        },
        "PublicationType": {
          "Research": true
        },
        "Section": {
          "Results": true
        },
        "Species": {
          "9606": true
        }
      },
      "citation": {
        "authors": [
          "Chang MF",
          "Chen IY",
          "Ichinohe T",
          "Moriyama M"
        ],
        "date": "2019-01-01",
        "db": "PubMed",
        "db_id": "30761102",
        "db_name": "Frontiers in microbiology",
        "first": "Chen IY",
        "last": "Ichinohe T",
        "pages": "50",
        "volume": "10"
      },
      "evidence": "Notably,the 3a-CS mutant completely abrogated IL-1β secretion (Figure 2B), suggesting that the ion channel activity of the 3a protein is required for SARS-CoV 3a-induced IL-1β secretion.",
      "key": "c1c8015ca3525172a6be7e0a84c4a8f3",
      "line": 95,
      "relation": "decreases",
      "source": 14,
      "subject": {
        "modifier": "Activity"
      },
      "target": 5
    },
    {
      "annotations": {
        "BioAssay": {
          "confocal microscopy": true
        },
        "Custom_Cell": {
          "LPS-primed bone marrow macrophage": true
        },
        "PublicationStatus": {
          "Published": true
        },
        "PublicationType": {
          "Research": true
        },
        "Section": {
          "Results": true
        },
        "Species": {
          "9606": true
        }
      },
      "citation": {
        "authors": [
          "Chang MF",
          "Chen IY",
          "Ichinohe T",
          "Moriyama M"
        ],
        "date": "2019-01-01",
        "db": "PubMed",
        "db_id": "30761102",
        "db_name": "Frontiers in microbiology",
        "first": "Chen IY",
        "last": "Ichinohe T",
        "pages": "50",
        "volume": "10"
      },
      "evidence": "Although cells expressing the ion channel activity-loss mutants 3a-CS or V25F uniformly expressed NLRP3 throughout the cytoplasm, it was redistributed to the perinuclear region in SARS-CoV 3a- or E-expressing cells (Figure 4).",
      "key": "c6462d54ea03a0275486549fbdae8513",
      "line": 101,
      "object": {
        "location": {
          "name": "cytoplasm",
          "namespace": "GO"
        }
      },
      "relation": "increases",
      "source": 14,
      "subject": {
        "modifier": "Activity"
      },
      "target": 6
    },
    {
      "annotations": {
        "BioAssay": {
          "ELISA": true
        },
        "Custom_Cell": {
          "LPS-primed bone marrow macrophage": true
        },
        "PublicationStatus": {
          "Published": true
        },
        "PublicationType": {
          "Research": true
        },
        "Section": {
          "Results": true
        },
        "Species": {
          "9606": true
        },
        "concentration": {
          "130 mM": true
        }
      },
      "citation": {
        "authors": [
          "Chang MF",
          "Chen IY",
          "Ichinohe T",
          "Moriyama M"
        ],
        "date": "2019-01-01",
        "db": "PubMed",
        "db_id": "30761102",
        "db_name": "Frontiers in microbiology",
        "first": "Chen IY",
        "last": "Ichinohe T",
        "pages": "50",
        "volume": "10"
      },
      "evidence": "In agreement with a previous result (Ichinohe et al., 2010), we found that IL-1β secretion caused by influenza virus was completely blocked when the extracellular K + concentration was increased to 130 mM (Figure 5A).",
      "key": "6d59b238e5d1ae32992388fc4507a84b",
      "line": 112,
      "relation": "decreases",
      "source": 0,
      "target": 3
    },
    {
      "annotations": {
        "BioAssay": {
          "ELISA": true
        },
        "Custom_Cell": {
          "LPS-primed bone marrow macrophage": true
        },
        "PublicationStatus": {
          "Published": true
        },
        "PublicationType": {
          "Research": true
        },
        "Section": {
          "Results": true
        },
        "Species": {
          "9606": true
        },
        "concentration": {
          "130 mM": true
        }
      },
      "citation": {
        "authors": [
          "Chang MF",
          "Chen IY",
          "Ichinohe T",
          "Moriyama M"
        ],
        "date": "2019-01-01",
        "db": "PubMed",
        "db_id": "30761102",
        "db_name": "Frontiers in microbiology",
        "first": "Chen IY",
        "last": "Ichinohe T",
        "pages": "50",
        "volume": "10"
      },
      "evidence": "The inhibitory effect of the K + -rich medium was also observed when cells were stimulated with lentiviruses expressing the SARS-CoV E or 3a proteins (Figure 5B).",
      "key": "a1dc268efdfb3b58fcaa073f471979f7",
      "line": 120,
      "relation": "decreases",
      "source": 0,
      "target": 15
    },
    {
      "annotations": {
        "BioAssay": {
          "ELISA": true
        },
        "Custom_Cell": {
          "LPS-primed bone marrow macrophage": true
        },
        "PublicationStatus": {
          "Published": true
        },
        "PublicationType": {
          "Research": true
        },
        "Section": {
          "Results": true
        },
        "Species": {
          "9606": true
        },
        "concentration": {
          "130 mM": true
        }
      },
      "citation": {
        "authors": [
          "Chang MF",
          "Chen IY",
          "Ichinohe T",
          "Moriyama M"
        ],
        "date": "2019-01-01",
        "db": "PubMed",
        "db_id": "30761102",
        "db_name": "Frontiers in microbiology",
        "first": "Chen IY",
        "last": "Ichinohe T",
        "pages": "50",
        "volume": "10"
      },
      "evidence": "The inhibitory effect of the K + -rich medium was also observed when cells were stimulated with lentiviruses expressing the SARS-CoV E or 3a proteins (Figure 5B).",
      "key": "d62645952dbed3cd3481fe430a22508c",
      "line": 121,
      "relation": "decreases",
      "source": 0,
      "target": 11
    },
    {
      "annotations": {
        "BioAssay": {
          "ELISA": true
        },
        "Custom_Cell": {
          "LPS-primed bone marrow macrophage": true
        },
        "PublicationStatus": {
          "Published": true
        },
        "PublicationType": {
          "Research": true
        },
        "Section": {
          "Results": true
        },
        "Species": {
          "9606": true
        }
      },
      "citation": {
        "authors": [
          "Chang MF",
          "Chen IY",
          "Ichinohe T",
          "Moriyama M"
        ],
        "date": "2019-01-01",
        "db": "PubMed",
        "db_id": "30761102",
        "db_name": "Frontiers in microbiology",
        "first": "Chen IY",
        "last": "Ichinohe T",
        "pages": "50",
        "volume": "10"
      },
      "evidence": "As reported previously (Nakahira et al., 2011; Ito et al., 2012), treatment of BMMs with Mito-TEMPO completely blocked IL-1β secretion in response to ATP (Figure 6A). Similarly, IL-1β release induced by the SARS-CoV E and 3a proteins was significantly inhibited by Mito-TEMPO (Figure 6B).",
      "key": "1d1a1b52e30e33bbcac4e499307f6e0d",
      "line": 130,
      "relation": "decreases",
      "source": 1,
      "target": 8
    }
  ],
  "multigraph": true,
  "nodes": [
    {
      "bel": "a(CHEBI:\"potassium(1+)\")",
      "concept": {
        "name": "potassium(1+)",
        "namespace": "CHEBI"
      },
      "function": "Abundance",
      "id": "0600c0e24aa1c23a5dd8dfdd0e9d7c66"
    },
    {
      "bel": "a(PUBCHEM:134828258)",
      "concept": {
        "name": "134828258",
        "namespace": "PUBCHEM"
      },
      "function": "Abundance",
      "id": "091f7b2c8e74e8975b0b9a8b28dcb0ea"
    },
    {
      "bel": "a(TAX:\"Encephalomyocarditis virus strain Rueckert\")",
      "concept": {
        "name": "Encephalomyocarditis virus strain Rueckert",
        "namespace": "TAX"
      },
      "function": "Abundance",
      "id": "93221e1702cedc37668908709bd40849"
    },
    {
      "bel": "a(TAX:\"Influenza A virus (A/Puerto Rico/8/1934(H1N1))\")",
      "concept": {
        "name": "Influenza A virus (A/Puerto Rico/8/1934(H1N1))",
        "namespace": "TAX"
      },
      "function": "Abundance",
      "id": "6fd6f3e295425dd7d38734a68c9670d0"
    },
    {
      "bel": "a(TAX:\"Severe acute respiratory syndrome-related coronavirus\")",
      "concept": {
        "name": "Severe acute respiratory syndrome-related coronavirus",
        "namespace": "TAX"
      },
      "function": "Abundance",
      "id": "a824ba056422b4e42996cd3269ec9a19"
    },
    {
      "bel": "bp(GO:\"ion transport\")",
      "concept": {
        "name": "ion transport",
        "namespace": "GO"
      },
      "function": "BiologicalProcess",
      "id": "927fa0ec3d557bb00831252adb581c04"
    },
    {
      "bel": "complex(GO:\"NLRP3 inflammasome complex\")",
      "concept": {
        "name": "NLRP3 inflammasome complex",
        "namespace": "GO"
      },
      "function": "Complex",
      "id": "8091fae26ea1ce7a6c96751a6f9d6403"
    },
    {
      "bel": "complex(GO:\"ion channel complex\")",
      "concept": {
        "name": "ion channel complex",
        "namespace": "GO"
      },
      "function": "Complex",
      "id": "3e72c8643bb261fe85ba6b1e3b07a005"
    },
    {
      "bel": "p(HGNC:IL1B)",
      "concept": {
        "name": "IL1B",
        "namespace": "HGNC"
      },
      "function": "Protein",
      "id": "cca08112d9fcf1a31015f1dbfc30b04c"
    },
    {
      "bel": "p(UNIPROT:P06821)",
      "concept": {
        "name": "P06821",
        "namespace": "UNIPROT"
      },
      "function": "Protein",
      "id": "c95e8e7729a7ff6c332a14959386f6f9"
    },
    {
      "bel": "p(UNIPROT:P06821, var(\"p.His37Gly\"))",
      "concept": {
        "name": "P06821",
        "namespace": "UNIPROT"
      },
      "function": "Protein",
      "id": "2231397f5a0fb15af3fab45abd1d2484",
      "variants": [
        {
          "hgvs": "p.His37Gly",
          "kind": "hgvs"
        }
      ]
    },
    {
      "bel": "p(UNIPROT:P59632)",
      "concept": {
        "name": "P59632",
        "namespace": "UNIPROT"
      },
      "function": "Protein",
      "id": "3f9bf94203188b4bd8e831d4e61cb9cc"
    },
    {
      "bel": "p(UNIPROT:P59632, frag(\"127_133\"))",
      "concept": {
        "name": "P59632",
        "namespace": "UNIPROT"
      },
      "function": "Protein",
      "id": "f535f57fa229b1198833d6dcb992c96c",
      "variants": [
        {
          "kind": "frag",
          "start": 127,
          "stop": 133
        }
      ]
    },
    {
      "bel": "p(UNIPROT:P59632, var(\"?\"))",
      "concept": {
        "name": "P59632",
        "namespace": "UNIPROT"
      },
      "function": "Protein",
      "id": "18bbd4a4e1c61be55640bf384dce3a21",
      "variants": [
        {
          "hgvs": "?",
          "kind": "hgvs"
        }
      ]
    },
    {
      "bel": "p(UNIPROT:P59632, var(\"p.Cys127Ser\"), var(\"p.Cys130Ser\"), var(\"p.Cys133Ser\"))",
      "concept": {
        "name": "P59632",
        "namespace": "UNIPROT"
      },
      "function": "Protein",
      "id": "01c748c0f97de46a13a9fdea39158046",
      "variants": [
        {
          "hgvs": "p.Cys127Ser",
          "kind": "hgvs"
        },
        {
          "hgvs": "p.Cys130Ser",
          "kind": "hgvs"
        },
        {
          "hgvs": "p.Cys133Ser",
          "kind": "hgvs"
        }
      ]
    },
    {
      "bel": "p(UNIPROT:P59637)",
      "concept": {
        "name": "P59637",
        "namespace": "UNIPROT"
      },
      "function": "Protein",
      "id": "f9f66c5791b1d69a3bb7e38568673366"
    },
    {
      "bel": "p(UNIPROT:P59637, frag(\"1_40\"))",
      "concept": {
        "name": "P59637",
        "namespace": "UNIPROT"
      },
      "function": "Protein",
      "id": "2b4f2abd83a13a6aca0624c51c9d261b",
      "variants": [
        {
          "kind": "frag",
          "start": 1,
          "stop": 40
        }
      ]
    },
    {
      "bel": "p(UNIPROT:P59637, var(\"p.Asn15Ala\"))",
      "concept": {
        "name": "P59637",
        "namespace": "UNIPROT"
      },
      "function": "Protein",
      "id": "ca0465e06b5eb0963af6befb30171b05",
      "variants": [
        {
          "hgvs": "p.Asn15Ala",
          "kind": "hgvs"
        }
      ]
    },
    {
      "bel": "p(UNIPROT:P59637, var(\"p.Val25Phe\"))",
      "concept": {
        "name": "P59637",
        "namespace": "UNIPROT"
      },
      "function": "Protein",
      "id": "5f6818685f954471f85b1517b1934909",
      "variants": [
        {
          "hgvs": "p.Val25Phe",
          "kind": "hgvs"
        }
      ]
    },
    {
      "bel": "p(UNIPROT:Q66765)",
      "concept": {
        "name": "Q66765",
        "namespace": "UNIPROT"
      },
      "function": "Protein",
      "id": "2226dd51b41f55d56409df49a1375b58"
    },
    {
      "bel": "p(UNIPROT:Q66765, frag(\"1045_1194\"))",
      "concept": {
        "name": "Q66765",
        "namespace": "UNIPROT"
      },
      "function": "Protein",
      "id": "ebb8321ed567727f9997e7f79a6ca53a",
      "variants": [
        {
          "kind": "frag",
          "start": 1045,
          "stop": 1194
        }
      ]
    }
  ]
}