{
  "directed": true,
  "graph": {
    "annotation_list": {
      "Assay": [
        "Fluorescent in situ hybridization targeting ribonucleic acid molecules"
      ],
      "Dose": [
        "0.01 μM"
      ],
      "PublicationStatus": [
        "Published"
      ],
      "PublicationType": [
        "Research"
      ],
      "Section": [
        "Results"
      ]
    },
    "annotation_pattern": {},
    "annotation_url": {
      "CellLine": "https://arty.scai.fraunhofer.de/artifactory/bel/annotation/cell-line/cell-line-20190128.belanno",
      "Species": "https://arty.scai.fraunhofer.de/artifactory/bel/annotation/species-taxonomy-id/species-taxonomy-id-20170511.belanno"
    },
    "document_metadata": {
      "authors": "Priya S",
      "contact": "priya@causalitybiomodels.com",
      "copyright": "Copyright © 2020 Fraunhofer Institute SCAI, All rights reserved",
      "description": "COVID Knowledge Curation project",
      "licenses": "Private Ownership to Fraunhofer Institute SCAI",
      "name": "31233808.bel",
      "version": "2.0.0"
    },
    "namespace_pattern": {
      "PUBCHEM": "^\\d+$"
    },
    "namespace_url": {
      "MESH": "https://arty.scai.fraunhofer.de/artifactory/bel/namespace/mesh/mesh-names-20181007.belns",
      "TAX": "https://arty.scai.fraunhofer.de/artifactory/bel/namespace/ncbi-taxonomy/ncbi-taxonomy-20200322.belns"
    },
    "path": "31233808.bel",
    "pybel_version": "0.14.6"
  },
  "links": [
    {
      "annotations": {
        "CellLine": {
          "Huh7 cell": true
        },
        "PublicationStatus": {
          "Published": true
        },
        "PublicationType": {
          "Research": true
        },
        "Section": {
          "Results": true
        }
      },
      "citation": {
        "authors": [
          "Baric RS",
          "Brown AJ",
          "Cihlar T",
          "Denison MR",
          "Dinnon KH 3rd",
          "Feng JY",
          "Graham RL",
          "Sheahan TP",
          "Sims AC",
          "Won JJ"
        ],
        "date": "2019-09-01",
        "db": "PubMed",
        "db_id": "31233808",
        "db_name": "Antiviral research",
        "first": "Brown AJ",
        "last": "Sheahan TP",
        "pages": "104541",
        "volume": "169"
      },
      "evidence": "A) HCoV-OC43 antiviral assay plate layout in Huh7 cells treated with DMSO or a dose response of RDV. B) A dose dependent reduction in viral foci is visualized through antibody staining.[Fig. 1.]",
      "key": "882124cc3b6a64604e569dd32e191db3",
      "line": 45,
      "relation": "decreases",
      "source": 0,
      "target": 2
    },
    {
      "annotations": {
        "Assay": {
          "Fluorescent in situ hybridization targeting ribonucleic acid molecules": true
        },
        "CellLine": {
          "Huh7 cell": true
        },
        "PublicationStatus": {
          "Published": true
        },
        "PublicationType": {
          "Research": true
        },
        "Section": {
          "Results": true
        }
      },
      "citation": {
        "authors": [
          "Baric RS",
          "Brown AJ",
          "Cihlar T",
          "Denison MR",
          "Dinnon KH 3rd",
          "Feng JY",
          "Graham RL",
          "Sheahan TP",
          "Sims AC",
          "Won JJ"
        ],
        "date": "2019-09-01",
        "db": "PubMed",
        "db_id": "31233808",
        "db_name": "Antiviral research",
        "first": "Brown AJ",
        "last": "Sheahan TP",
        "pages": "104541",
        "volume": "169"
      },
      "evidence": "With RNA FISH visualized through fluorescence microscopy, we observed an RDV dose-dependent reduction in HCoVOC43 genomic RNA (Fig. 2A).",
      "key": "f517307e6f70b4fd0c6a1c3a01e0e281",
      "line": 52,
      "relation": "decreases",
      "source": 0,
      "target": 2
    },
    {
      "annotations": {
        "Dose": {
          "0.01 μM": true
        },
        "PublicationStatus": {
          "Published": true
        },
        "PublicationType": {
          "Research": true
        },
        "Section": {
          "Results": true
        }
      },
      "citation": {
        "authors": [
          "Baric RS",
          "Brown AJ",
          "Cihlar T",
          "Denison MR",
          "Dinnon KH 3rd",
          "Feng JY",
          "Graham RL",
          "Sheahan TP",
          "Sims AC",
          "Won JJ"
        ],
        "date": "2019-09-01",
        "db": "PubMed",
        "db_id": "31233808",
        "db_name": "Antiviral research",
        "first": "Brown AJ",
        "last": "Sheahan TP",
        "pages": "104541",
        "volume": "169"
      },
      "evidence": "At the highest dose of RDV (0.25 μM), HCoV-OC43 FISH signal was not detected but as RDV dose was diminished, virus replication gradually increased to levels similar to that in untreated cells (Fig. 2C).",
      "key": "dafb117477e220e422f8d758ec32fc5e",
      "line": 58,
      "relation": "increases",
      "source": 0,
      "target": 2
    },
    {
      "annotations": {
        "CellLine": {
          "Huh7 cell": true
        },
        "PublicationStatus": {
          "Published": true
        },
        "PublicationType": {
          "Research": true
        },
        "Section": {
          "Results": true
        }
      },
      "citation": {
        "authors": [
          "Baric RS",
          "Brown AJ",
          "Cihlar T",
          "Denison MR",
          "Dinnon KH 3rd",
          "Feng JY",
          "Graham RL",
          "Sheahan TP",
          "Sims AC",
          "Won JJ"
        ],
        "date": "2019-09-01",
        "db": "PubMed",
        "db_id": "31233808",
        "db_name": "Antiviral research",
        "first": "Brown AJ",
        "last": "Sheahan TP",
        "pages": "104541",
        "volume": "169"
      },
      "evidence": "An RDV dose-dependent reduction in HCoV-229E replication was observed (Fig. 3B) without drug-induced cytotoxicity (Fig. 3C).",
      "key": "f14f1ca0f3250286bfd721b6905e1c86",
      "line": 68,
      "relation": "increases",
      "source": 0,
      "target": 1
    },
    {
      "annotations": {
        "CellLine": {
          "Huh7 cell": true
        },
        "PublicationStatus": {
          "Published": true
        },
        "PublicationType": {
          "Research": true
        },
        "Section": {
          "Results": true
        }
      },
      "citation": {
        "authors": [
          "Baric RS",
          "Brown AJ",
          "Cihlar T",
          "Denison MR",
          "Dinnon KH 3rd",
          "Feng JY",
          "Graham RL",
          "Sheahan TP",
          "Sims AC",
          "Won JJ"
        ],
        "date": "2019-09-01",
        "db": "PubMed",
        "db_id": "31233808",
        "db_name": "Antiviral research",
        "first": "Brown AJ",
        "last": "Sheahan TP",
        "pages": "104541",
        "volume": "169"
      },
      "evidence": "Unlike HCoV-OC43, HCoV-229E infection of Huh7 causes CPE.",
      "key": "f4302666a54e0fad17e978384d1d749f",
      "line": 63,
      "relation": "increases",
      "source": 1,
      "target": 3
    }
  ],
  "multigraph": true,
  "nodes": [
    {
      "bel": "a(PUBCHEM:121304016)",
      "concept": {
        "name": "121304016",
        "namespace": "PUBCHEM"
      },
      "function": "Abundance",
      "id": "7704f9ea62204912dace9e0cfb704c95"
    },
    {
      "bel": "a(TAX:\"Human coronavirus 229E\")",
      "concept": {
        "name": "Human coronavirus 229E",
        "namespace": "TAX"
      },
      "function": "Abundance",
      "id": "79ffb71f2dda620fb098f4f65e4a6e64"
    },
    {
      "bel": "a(TAX:\"Human coronavirus OC43\")",
      "concept": {
        "name": "Human coronavirus OC43",
        "namespace": "TAX"
      },
      "function": "Abundance",
      "id": "27f78f6a35d13ab4ffdc15ef67fcd4c3"
    },
    {
      "bel": "bp(MESH:\"Cytopathogenic Effect, Viral\")",
      "concept": {
        "name": "Cytopathogenic Effect, Viral",
        "namespace": "MESH"
      },
      "function": "BiologicalProcess",
      "id": "38f9dc6551c698ad7c354ca581f38189"
    }
  ]
}