{
  "directed": true,
  "graph": {
    "annotation_list": {},
    "annotation_pattern": {},
    "annotation_url": {},
    "document_metadata": {
      "authors": "Yojana Gadiya",
      "contact": "yojana.gadiya@scai.fraunhofer.de",
      "copyright": "Copyright © 2020 Fraunhofer Institute SCAI, All rights reserved",
      "description": "Severe acute respiratory syndrome coronavirus 2 (SARS-CoV-2) and coronavirus disease-2019 (COVID-19): The epidemic and the challenges.",
      "licenses": "Private Ownership to Fraunhofer Institute SCAI",
      "name": "PMID_32081636",
      "version": "2.0.0"
    },
    "namespace_pattern": {
      "FIXME": ".*",
      "NCBITAXON": ".*",
      "PUBCHEM": "^\\d+$"
    },
    "namespace_url": {
      "CHEBI": "https://arty.scai.fraunhofer.de/artifactory/bel/namespace/chebi/chebi-20190708.belns",
      "DO": "https://arty.scai.fraunhofer.de/artifactory/bel/namespace/disease-ontology/disease-ontology-20200407.belns",
      "DRUGBANK": "https://arty.scai.fraunhofer.de/artifactory/bel/namespace/drugbank/drugbank-20180906.belns",
      "EFO": "https://raw.githubusercontent.com/pharmacome/conso/5d2c2ea6f7112421cc8089a3f021a75ab60bb373/external/efo-names.belns",
      "GOBP": "https://arty.scai.fraunhofer.de/artifactory/bel/namespace/go-biological-process/go-biological-process-20190128.belns",
      "MESH": "https://arty.scai.fraunhofer.de/artifactory/bel/namespace/mesh/mesh-names-20181007.belns",
      "MESHD": "https://arty.scai.fraunhofer.de/artifactory/bel/namespace/mesh-diseases/mesh-diseases-20190128.belns"
    },
    "path": "32081636.bel",
    "pybel_version": "0.14.6"
  },
  "links": [
    {
      "citation": {
        "authors": [
          "Hsueh PR",
          "Ko WC",
          "Lai CC",
          "Shih TP",
          "Tang HJ"
        ],
        "date": "2020-03-01",
        "db": "PubMed",
        "db_id": "32081636",
        "db_name": "International journal of antimicrobial agents",
        "first": "Lai CC",
        "last": "Hsueh PR",
        "pages": "105924",
        "volume": "55"
      },
      "evidence": "SARS-CoV-2 was found to be a positive-sense, single-stranded RNA virus belonging to the genus Betacoronavirus [22–24].",
      "key": "bfa9e0aa120429ea41af68f075489df4",
      "line": 85,
      "relation": "isA",
      "source": 11,
      "target": 7
    },
    {
      "citation": {
        "authors": [
          "Hsueh PR",
          "Ko WC",
          "Lai CC",
          "Shih TP",
          "Tang HJ"
        ],
        "date": "2020-03-01",
        "db": "PubMed",
        "db_id": "32081636",
        "db_name": "International journal of antimicrobial agents",
        "first": "Lai CC",
        "last": "Hsueh PR",
        "pages": "105924",
        "volume": "55"
      },
      "evidence": "Among adult patients, cardiovascular disease and hypertension were the most common underlying diseases, followed by diabetes mellitus.",
      "key": "9e7c1c0bd8bee73cc3349ebcd5c4f325",
      "line": 88,
      "relation": "association",
      "source": 11,
      "target": 15
    },
    {
      "citation": {
        "authors": [
          "Hsueh PR",
          "Ko WC",
          "Lai CC",
          "Shih TP",
          "Tang HJ"
        ],
        "date": "2020-03-01",
        "db": "PubMed",
        "db_id": "32081636",
        "db_name": "International journal of antimicrobial agents",
        "first": "Lai CC",
        "last": "Hsueh PR",
        "pages": "105924",
        "volume": "55"
      },
      "evidence": "Among adult patients, cardiovascular disease and hypertension were the most common underlying diseases, followed by diabetes mellitus.",
      "key": "a1b49a4d6ae0cd3003c593292ff369c8",
      "line": 89,
      "relation": "association",
      "source": 11,
      "target": 14
    },
    {
      "citation": {
        "authors": [
          "Hsueh PR",
          "Ko WC",
          "Lai CC",
          "Shih TP",
          "Tang HJ"
        ],
        "date": "2020-03-01",
        "db": "PubMed",
        "db_id": "32081636",
        "db_name": "International journal of antimicrobial agents",
        "first": "Lai CC",
        "last": "Hsueh PR",
        "pages": "105924",
        "volume": "55"
      },
      "evidence": "Among adult patients, cardiovascular disease and hypertension were the most common underlying diseases, followed by diabetes mellitus.",
      "key": "944d0e05cacf8ee73741e78e42017a06",
      "line": 90,
      "relation": "association",
      "source": 11,
      "target": 12
    },
    {
      "citation": {
        "authors": [
          "Hsueh PR",
          "Ko WC",
          "Lai CC",
          "Shih TP",
          "Tang HJ"
        ],
        "date": "2020-03-01",
        "db": "PubMed",
        "db_id": "32081636",
        "db_name": "International journal of antimicrobial agents",
        "first": "Lai CC",
        "last": "Hsueh PR",
        "pages": "105924",
        "volume": "55"
      },
      "evidence": "Fever was the most common symptom (92.8%; n = 258), followed by cough (69.8%; n = 194), dyspnoea (34.5%; n = 96), myalgia (27.7%; n = 77), headache (7.2%; n = 20) and diarrhoea (6.1%; n = 17).",
      "key": "b4fd0e4d36fe206924d7e833ba33fb60",
      "line": 93,
      "relation": "positiveCorrelation",
      "source": 11,
      "target": 16
    },
    {
      "citation": {
        "authors": [
          "Hsueh PR",
          "Ko WC",
          "Lai CC",
          "Shih TP",
          "Tang HJ"
        ],
        "date": "2020-03-01",
        "db": "PubMed",
        "db_id": "32081636",
        "db_name": "International journal of antimicrobial agents",
        "first": "Lai CC",
        "last": "Hsueh PR",
        "pages": "105924",
        "volume": "55"
      },
      "evidence": "Fever was the most common symptom (92.8%; n = 258), followed by cough (69.8%; n = 194), dyspnoea (34.5%; n = 96), myalgia (27.7%; n = 77), headache (7.2%; n = 20) and diarrhoea (6.1%; n = 17).",
      "key": "e1d0dd24ebf6975a0818bafce3ae3103",
      "line": 94,
      "relation": "positiveCorrelation",
      "source": 11,
      "target": 17
    },
    {
      "citation": {
        "authors": [
          "Hsueh PR",
          "Ko WC",
          "Lai CC",
          "Shih TP",
          "Tang HJ"
        ],
        "date": "2020-03-01",
        "db": "PubMed",
        "db_id": "32081636",
        "db_name": "International journal of antimicrobial agents",
        "first": "Lai CC",
        "last": "Hsueh PR",
        "pages": "105924",
        "volume": "55"
      },
      "evidence": "Fever was the most common symptom (92.8%; n = 258), followed by cough (69.8%; n = 194), dyspnoea (34.5%; n = 96), myalgia (27.7%; n = 77), headache (7.2%; n = 20) and diarrhoea (6.1%; n = 17).",
      "key": "e55624769726ca89d4f421d58d20bdae",
      "line": 95,
      "relation": "positiveCorrelation",
      "source": 11,
      "target": 19
    },
    {
      "citation": {
        "authors": [
          "Hsueh PR",
          "Ko WC",
          "Lai CC",
          "Shih TP",
          "Tang HJ"
        ],
        "date": "2020-03-01",
        "db": "PubMed",
        "db_id": "32081636",
        "db_name": "International journal of antimicrobial agents",
        "first": "Lai CC",
        "last": "Hsueh PR",
        "pages": "105924",
        "volume": "55"
      },
      "evidence": "Fever was the most common symptom (92.8%; n = 258), followed by cough (69.8%; n = 194), dyspnoea (34.5%; n = 96), myalgia (27.7%; n = 77), headache (7.2%; n = 20) and diarrhoea (6.1%; n = 17).",
      "key": "163dd1e53c9d6ff161f2037947d4c288",
      "line": 96,
      "relation": "positiveCorrelation",
      "source": 11,
      "target": 18
    },
    {
      "citation": {
        "authors": [
          "Hsueh PR",
          "Ko WC",
          "Lai CC",
          "Shih TP",
          "Tang HJ"
        ],
        "date": "2020-03-01",
        "db": "PubMed",
        "db_id": "32081636",
        "db_name": "International journal of antimicrobial agents",
        "first": "Lai CC",
        "last": "Hsueh PR",
        "pages": "105924",
        "volume": "55"
      },
      "evidence": "Fever was the most common symptom (92.8%; n = 258), followed by cough (69.8%; n = 194), dyspnoea (34.5%; n = 96), myalgia (27.7%; n = 77), headache (7.2%; n = 20) and diarrhoea (6.1%; n = 17).",
      "key": "f41bfce3d2b0ba61209d356fbde2f96e",
      "line": 97,
      "relation": "positiveCorrelation",
      "source": 11,
      "target": 13
    },
    {
      "citation": {
        "authors": [
          "Hsueh PR",
          "Ko WC",
          "Lai CC",
          "Shih TP",
          "Tang HJ"
        ],
        "date": "2020-03-01",
        "db": "PubMed",
        "db_id": "32081636",
        "db_name": "International journal of antimicrobial agents",
        "first": "Lai CC",
        "last": "Hsueh PR",
        "pages": "105924",
        "volume": "55"
      },
      "evidence": "Ground-glass opacity (GGO) was the most common finding from chest computed tomography (CT) [8 , 34] , and in a series of 21 patients, 86% had GGO on chest CT and 29% showed consolidation [33] .",
      "key": "ba175503cacb370c273868b46b701855",
      "line": 101,
      "relation": "positiveCorrelation",
      "source": 11,
      "target": 6
    },
    {
      "citation": {
        "authors": [
          "Hsueh PR",
          "Ko WC",
          "Lai CC",
          "Shih TP",
          "Tang HJ"
        ],
        "date": "2020-03-01",
        "db": "PubMed",
        "db_id": "32081636",
        "db_name": "International journal of antimicrobial agents",
        "first": "Lai CC",
        "last": "Hsueh PR",
        "pages": "105924",
        "volume": "55"
      },
      "evidence": "Among adult patients, cardiovascular disease and hypertension were the most common underlying diseases, followed by diabetes mellitus.",
      "key": "8e2fd04d12a97421b1b25d084ddf71e7",
      "line": 88,
      "relation": "association",
      "source": 15,
      "target": 11
    },
    {
      "citation": {
        "authors": [
          "Hsueh PR",
          "Ko WC",
          "Lai CC",
          "Shih TP",
          "Tang HJ"
        ],
        "date": "2020-03-01",
        "db": "PubMed",
        "db_id": "32081636",
        "db_name": "International journal of antimicrobial agents",
        "first": "Lai CC",
        "last": "Hsueh PR",
        "pages": "105924",
        "volume": "55"
      },
      "evidence": "Among adult patients, cardiovascular disease and hypertension were the most common underlying diseases, followed by diabetes mellitus.",
      "key": "d39ebf30bee3656ffb5185f2a85511c5",
      "line": 89,
      "relation": "association",
      "source": 14,
      "target": 11
    },
    {
      "citation": {
        "authors": [
          "Hsueh PR",
          "Ko WC",
          "Lai CC",
          "Shih TP",
          "Tang HJ"
        ],
        "date": "2020-03-01",
        "db": "PubMed",
        "db_id": "32081636",
        "db_name": "International journal of antimicrobial agents",
        "first": "Lai CC",
        "last": "Hsueh PR",
        "pages": "105924",
        "volume": "55"
      },
      "evidence": "Among adult patients, cardiovascular disease and hypertension were the most common underlying diseases, followed by diabetes mellitus.",
      "key": "3364a842d426e7a7907a95651824d940",
      "line": 90,
      "relation": "association",
      "source": 12,
      "target": 11
    },
    {
      "citation": {
        "authors": [
          "Hsueh PR",
          "Ko WC",
          "Lai CC",
          "Shih TP",
          "Tang HJ"
        ],
        "date": "2020-03-01",
        "db": "PubMed",
        "db_id": "32081636",
        "db_name": "International journal of antimicrobial agents",
        "first": "Lai CC",
        "last": "Hsueh PR",
        "pages": "105924",
        "volume": "55"
      },
      "evidence": "Fever was the most common symptom (92.8%; n = 258), followed by cough (69.8%; n = 194), dyspnoea (34.5%; n = 96), myalgia (27.7%; n = 77), headache (7.2%; n = 20) and diarrhoea (6.1%; n = 17).",
      "key": "5cfe7b68c552664a46bcc7e91dbb37ee",
      "line": 93,
      "relation": "positiveCorrelation",
      "source": 16,
      "target": 11
    },
    {
      "citation": {
        "authors": [
          "Hsueh PR",
          "Ko WC",
          "Lai CC",
          "Shih TP",
          "Tang HJ"
        ],
        "date": "2020-03-01",
        "db": "PubMed",
        "db_id": "32081636",
        "db_name": "International journal of antimicrobial agents",
        "first": "Lai CC",
        "last": "Hsueh PR",
        "pages": "105924",
        "volume": "55"
      },
      "evidence": "Fever was the most common symptom (92.8%; n = 258), followed by cough (69.8%; n = 194), dyspnoea (34.5%; n = 96), myalgia (27.7%; n = 77), headache (7.2%; n = 20) and diarrhoea (6.1%; n = 17).",
      "key": "2f35a55dff4ded610875688764a68fcc",
      "line": 94,
      "relation": "positiveCorrelation",
      "source": 17,
      "target": 11
    },
    {
      "citation": {
        "authors": [
          "Hsueh PR",
          "Ko WC",
          "Lai CC",
          "Shih TP",
          "Tang HJ"
        ],
        "date": "2020-03-01",
        "db": "PubMed",
        "db_id": "32081636",
        "db_name": "International journal of antimicrobial agents",
        "first": "Lai CC",
        "last": "Hsueh PR",
        "pages": "105924",
        "volume": "55"
      },
      "evidence": "Fever was the most common symptom (92.8%; n = 258), followed by cough (69.8%; n = 194), dyspnoea (34.5%; n = 96), myalgia (27.7%; n = 77), headache (7.2%; n = 20) and diarrhoea (6.1%; n = 17).",
      "key": "dfd98b8215e2b1c40ac8c326a3691cc5",
      "line": 95,
      "relation": "positiveCorrelation",
      "source": 19,
      "target": 11
    },
    {
      "citation": {
        "authors": [
          "Hsueh PR",
          "Ko WC",
          "Lai CC",
          "Shih TP",
          "Tang HJ"
        ],
        "date": "2020-03-01",
        "db": "PubMed",
        "db_id": "32081636",
        "db_name": "International journal of antimicrobial agents",
        "first": "Lai CC",
        "last": "Hsueh PR",
        "pages": "105924",
        "volume": "55"
      },
      "evidence": "Fever was the most common symptom (92.8%; n = 258), followed by cough (69.8%; n = 194), dyspnoea (34.5%; n = 96), myalgia (27.7%; n = 77), headache (7.2%; n = 20) and diarrhoea (6.1%; n = 17).",
      "key": "dbe3327ef0e4d89ceae3611dc7b1e8e2",
      "line": 96,
      "relation": "positiveCorrelation",
      "source": 18,
      "target": 11
    },
    {
      "citation": {
        "authors": [
          "Hsueh PR",
          "Ko WC",
          "Lai CC",
          "Shih TP",
          "Tang HJ"
        ],
        "date": "2020-03-01",
        "db": "PubMed",
        "db_id": "32081636",
        "db_name": "International journal of antimicrobial agents",
        "first": "Lai CC",
        "last": "Hsueh PR",
        "pages": "105924",
        "volume": "55"
      },
      "evidence": "Fever was the most common symptom (92.8%; n = 258), followed by cough (69.8%; n = 194), dyspnoea (34.5%; n = 96), myalgia (27.7%; n = 77), headache (7.2%; n = 20) and diarrhoea (6.1%; n = 17).",
      "key": "2b26393911cbb0e373f30c5b890e2263",
      "line": 97,
      "relation": "positiveCorrelation",
      "source": 13,
      "target": 11
    },
    {
      "citation": {
        "authors": [
          "Hsueh PR",
          "Ko WC",
          "Lai CC",
          "Shih TP",
          "Tang HJ"
        ],
        "date": "2020-03-01",
        "db": "PubMed",
        "db_id": "32081636",
        "db_name": "International journal of antimicrobial agents",
        "first": "Lai CC",
        "last": "Hsueh PR",
        "pages": "105924",
        "volume": "55"
      },
      "evidence": "Ground-glass opacity (GGO) was the most common finding from chest computed tomography (CT) [8 , 34] , and in a series of 21 patients, 86% had GGO on chest CT and 29% showed consolidation [33] .",
      "key": "084b50206d87ed73ff913fd056186916",
      "line": 101,
      "relation": "positiveCorrelation",
      "source": 6,
      "target": 11
    },
    {
      "citation": {
        "authors": [
          "Hsueh PR",
          "Ko WC",
          "Lai CC",
          "Shih TP",
          "Tang HJ"
        ],
        "date": "2020-03-01",
        "db": "PubMed",
        "db_id": "32081636",
        "db_name": "International journal of antimicrobial agents",
        "first": "Lai CC",
        "last": "Hsueh PR",
        "pages": "105924",
        "volume": "55"
      },
      "evidence": "Several potential drug candidates, including lopinavir/ritonavir (Kaletra R), nucleoside analogues, neuraminidase inhibitors, remdesivir, umifenovir (Arbidol R), DNA synthesis inhibitors (such as tenofovir disoproxil and lamivudine), chloroquine and Chinese traditional medicines (such as ShuFeng JieDu or Lianhua Qing- wen capsules), have been proposed [36 , 37] .",
      "key": "3d673e282eb4d8f1aeda3c9330f08aff",
      "line": 105,
      "relation": "decreases",
      "source": 3,
      "target": 11
    },
    {
      "citation": {
        "authors": [
          "Hsueh PR",
          "Ko WC",
          "Lai CC",
          "Shih TP",
          "Tang HJ"
        ],
        "date": "2020-03-01",
        "db": "PubMed",
        "db_id": "32081636",
        "db_name": "International journal of antimicrobial agents",
        "first": "Lai CC",
        "last": "Hsueh PR",
        "pages": "105924",
        "volume": "55"
      },
      "evidence": "Several potential drug candidates, including lopinavir/ritonavir (Kaletra R), nucleoside analogues, neuraminidase inhibitors, remdesivir, umifenovir (Arbidol R), DNA synthesis inhibitors (such as tenofovir disoproxil and lamivudine), chloroquine and Chinese traditional medicines (such as ShuFeng JieDu or Lianhua Qing- wen capsules), have been proposed [36 , 37] .",
      "key": "ed56568d1437103f1e49346fa3089f75",
      "line": 106,
      "relation": "decreases",
      "source": 4,
      "target": 11
    },
    {
      "citation": {
        "authors": [
          "Hsueh PR",
          "Ko WC",
          "Lai CC",
          "Shih TP",
          "Tang HJ"
        ],
        "date": "2020-03-01",
        "db": "PubMed",
        "db_id": "32081636",
        "db_name": "International journal of antimicrobial agents",
        "first": "Lai CC",
        "last": "Hsueh PR",
        "pages": "105924",
        "volume": "55"
      },
      "evidence": "Several potential drug candidates, including lopinavir/ritonavir (Kaletra R), nucleoside analogues, neuraminidase inhibitors, remdesivir, umifenovir (Arbidol R), DNA synthesis inhibitors (such as tenofovir disoproxil and lamivudine), chloroquine and Chinese traditional medicines (such as ShuFeng JieDu or Lianhua Qing- wen capsules), have been proposed [36 , 37] .",
      "key": "de67ec6d441cd39041468af0220a5bf5",
      "line": 107,
      "relation": "decreases",
      "source": 8,
      "target": 11
    },
    {
      "key": "24738fe84bcf19b6e2101a8e24dcb264",
      "relation": "partOf",
      "source": 8,
      "target": 10
    },
    {
      "citation": {
        "authors": [
          "Hsueh PR",
          "Ko WC",
          "Lai CC",
          "Shih TP",
          "Tang HJ"
        ],
        "date": "2020-03-01",
        "db": "PubMed",
        "db_id": "32081636",
        "db_name": "International journal of antimicrobial agents",
        "first": "Lai CC",
        "last": "Hsueh PR",
        "pages": "105924",
        "volume": "55"
      },
      "evidence": "Several potential drug candidates, including lopinavir/ritonavir (Kaletra R), nucleoside analogues, neuraminidase inhibitors, remdesivir, umifenovir (Arbidol R), DNA synthesis inhibitors (such as tenofovir disoproxil and lamivudine), chloroquine and Chinese traditional medicines (such as ShuFeng JieDu or Lianhua Qing- wen capsules), have been proposed [36 , 37] .",
      "key": "d207fc4f4b7da49a2ea7b569de800635",
      "line": 108,
      "relation": "decreases",
      "source": 5,
      "target": 11
    },
    {
      "citation": {
        "authors": [
          "Hsueh PR",
          "Ko WC",
          "Lai CC",
          "Shih TP",
          "Tang HJ"
        ],
        "date": "2020-03-01",
        "db": "PubMed",
        "db_id": "32081636",
        "db_name": "International journal of antimicrobial agents",
        "first": "Lai CC",
        "last": "Hsueh PR",
        "pages": "105924",
        "volume": "55"
      },
      "evidence": "Several potential drug candidates, including lopinavir/ritonavir (Kaletra R), nucleoside analogues, neuraminidase inhibitors, remdesivir, umifenovir (Arbidol R), DNA synthesis inhibitors (such as tenofovir disoproxil and lamivudine), chloroquine and Chinese traditional medicines (such as ShuFeng JieDu or Lianhua Qing- wen capsules), have been proposed [36 , 37] .",
      "key": "4484a9ba87b65851747b86b211a9791d",
      "line": 109,
      "relation": "decreases",
      "source": 0,
      "target": 9
    },
    {
      "citation": {
        "authors": [
          "Hsueh PR",
          "Ko WC",
          "Lai CC",
          "Shih TP",
          "Tang HJ"
        ],
        "date": "2020-03-01",
        "db": "PubMed",
        "db_id": "32081636",
        "db_name": "International journal of antimicrobial agents",
        "first": "Lai CC",
        "last": "Hsueh PR",
        "pages": "105924",
        "volume": "55"
      },
      "evidence": "Several potential drug candidates, including lopinavir/ritonavir (Kaletra R), nucleoside analogues, neuraminidase inhibitors, remdesivir, umifenovir (Arbidol R), DNA synthesis inhibitors (such as tenofovir disoproxil and lamivudine), chloroquine and Chinese traditional medicines (such as ShuFeng JieDu or Lianhua Qing- wen capsules), have been proposed [36 , 37] .",
      "key": "566a96ad91d1a4ff574af3061f3d61f0",
      "line": 110,
      "relation": "decreases",
      "source": 0,
      "target": 11
    },
    {
      "citation": {
        "authors": [
          "Hsueh PR",
          "Ko WC",
          "Lai CC",
          "Shih TP",
          "Tang HJ"
        ],
        "date": "2020-03-01",
        "db": "PubMed",
        "db_id": "32081636",
        "db_name": "International journal of antimicrobial agents",
        "first": "Lai CC",
        "last": "Hsueh PR",
        "pages": "105924",
        "volume": "55"
      },
      "evidence": "Several potential drug candidates, including lopinavir/ritonavir (Kaletra R), nucleoside analogues, neuraminidase inhibitors, remdesivir, umifenovir (Arbidol R), DNA synthesis inhibitors (such as tenofovir disoproxil and lamivudine), chloroquine and Chinese traditional medicines (such as ShuFeng JieDu or Lianhua Qing- wen capsules), have been proposed [36 , 37] .",
      "key": "88005cd591552d3d90be3ee86298dfa9",
      "line": 111,
      "relation": "decreases",
      "source": 2,
      "target": 9
    },
    {
      "citation": {
        "authors": [
          "Hsueh PR",
          "Ko WC",
          "Lai CC",
          "Shih TP",
          "Tang HJ"
        ],
        "date": "2020-03-01",
        "db": "PubMed",
        "db_id": "32081636",
        "db_name": "International journal of antimicrobial agents",
        "first": "Lai CC",
        "last": "Hsueh PR",
        "pages": "105924",
        "volume": "55"
      },
      "evidence": "Several potential drug candidates, including lopinavir/ritonavir (Kaletra R), nucleoside analogues, neuraminidase inhibitors, remdesivir, umifenovir (Arbidol R), DNA synthesis inhibitors (such as tenofovir disoproxil and lamivudine), chloroquine and Chinese traditional medicines (such as ShuFeng JieDu or Lianhua Qing- wen capsules), have been proposed [36 , 37] .",
      "key": "f66220684ec139f57b6ab545e23939ed",
      "line": 112,
      "relation": "decreases",
      "source": 2,
      "target": 11
    },
    {
      "citation": {
        "authors": [
          "Hsueh PR",
          "Ko WC",
          "Lai CC",
          "Shih TP",
          "Tang HJ"
        ],
        "date": "2020-03-01",
        "db": "PubMed",
        "db_id": "32081636",
        "db_name": "International journal of antimicrobial agents",
        "first": "Lai CC",
        "last": "Hsueh PR",
        "pages": "105924",
        "volume": "55"
      },
      "evidence": "A recent study by Wang et al. revealed that remdesivir and chloroquine were highly effective in the control of 2019-nCoV in vitro [37].",
      "key": "e821de3bc1f86d0ec2959bd951f52473",
      "line": 115,
      "relation": "decreases",
      "source": 10,
      "target": 11
    },
    {
      "key": "f1f13929b81c153acaaf4ab22122cc2d",
      "relation": "partOf",
      "source": 1,
      "target": 10
    }
  ],
  "multigraph": true,
  "nodes": [
    {
      "bel": "a(CHEBI:\"tenofovir disoproxil\")",
      "concept": {
        "name": "tenofovir disoproxil",
        "namespace": "CHEBI"
      },
      "function": "Abundance",
      "id": "ce1f22f3f6cf2cd2ddb494a6a381d60f"
    },
    {
      "bel": "a(CHEBI:chloroquine)",
      "concept": {
        "name": "chloroquine",
        "namespace": "CHEBI"
      },
      "function": "Abundance",
      "id": "c368fe204031ce23a04cc402914492f6"
    },
    {
      "bel": "a(CHEBI:lamivudine)",
      "concept": {
        "name": "lamivudine",
        "namespace": "CHEBI"
      },
      "function": "Abundance",
      "id": "eb5f5e5b9cc517467bd8ca915d9e17e4"
    },
    {
      "bel": "a(CHEBI:lopinavir)",
      "concept": {
        "name": "lopinavir",
        "namespace": "CHEBI"
      },
      "function": "Abundance",
      "id": "540f0a29f78ff437222f25e1c2e1b0fd"
    },
    {
      "bel": "a(CHEBI:ritonavir)",
      "concept": {
        "name": "ritonavir",
        "namespace": "CHEBI"
      },
      "function": "Abundance",
      "id": "07c1651afef7019b0cb107f1ce5fef12"
    },
    {
      "bel": "a(CHEBI:umifenovir)",
      "concept": {
        "name": "umifenovir",
        "namespace": "CHEBI"
      },
      "function": "Abundance",
      "id": "4b2285b93eae04cb8e4d522d829c1df1"
    },
    {
      "bel": "a(FIXME:\"Ground-glass opacity (GGO)\")",
      "concept": {
        "name": "Ground-glass opacity (GGO)",
        "namespace": "FIXME"
      },
      "function": "Abundance",
      "id": "8ec29a49be737971c59af66b1f0114b5"
    },
    {
      "bel": "a(NCBITAXON:Betacoronavirus)",
      "concept": {
        "name": "Betacoronavirus",
        "namespace": "NCBITAXON"
      },
      "function": "Abundance",
      "id": "3e7c7e9d04541a7cd902a85ab9bd94d1"
    },
    {
      "bel": "a(PUBCHEM:121304016)",
      "concept": {
        "name": "121304016",
        "namespace": "PUBCHEM"
      },
      "function": "Abundance",
      "id": "7704f9ea62204912dace9e0cfb704c95"
    },
    {
      "bel": "bp(GOBP:\"DNA synthesis involved in DNA replication\")",
      "concept": {
        "name": "DNA synthesis involved in DNA replication",
        "namespace": "GOBP"
      },
      "function": "BiologicalProcess",
      "id": "e67ccea52e81b358c7665a4e38041985"
    },
    {
      "bel": "composite(a(CHEBI:chloroquine), a(PUBCHEM:121304016))",
      "function": "Composite",
      "id": "987bc06146f887c5109ada7a00f2d5ed",
      "members": [
        {
          "bel": "a(CHEBI:chloroquine)",
          "concept": {
            "name": "chloroquine",
            "namespace": "CHEBI"
          },
          "function": "Abundance",
          "id": "c368fe204031ce23a04cc402914492f6"
        },
        {
          "bel": "a(PUBCHEM:121304016)",
          "concept": {
            "name": "121304016",
            "namespace": "PUBCHEM"
          },
          "function": "Abundance",
          "id": "7704f9ea62204912dace9e0cfb704c95"
        }
      ]
    },
    {
      "bel": "path(DO:\"COVID-19\")",
      "concept": {
        "name": "COVID-19",
        "namespace": "DO"
      },
      "function": "Pathology",
      "id": "6f9f1c2e8012537e503a758c6bfaff0f"
    },
    {
      "bel": "path(DO:\"diabetes mellitus\")",
      "concept": {
        "name": "diabetes mellitus",
        "namespace": "DO"
      },
      "function": "Pathology",
      "id": "a851751c015aaa69ddfba6458d99c945"
    },
    {
      "bel": "path(DO:diarrhea)",
      "concept": {
        "name": "diarrhea",
        "namespace": "DO"
      },
      "function": "Pathology",
      "id": "f53fc3580f7450b941e98608ca05fddb"
    },
    {
      "bel": "path(DO:hypertension)",
      "concept": {
        "name": "hypertension",
        "namespace": "DO"
      },
      "function": "Pathology",
      "id": "53d5b8bd814074e87b1da1ff6250dcff"
    },
    {
      "bel": "path(EFO:\"cardiovascular disease\")",
      "concept": {
        "name": "cardiovascular disease",
        "namespace": "EFO"
      },
      "function": "Pathology",
      "id": "01af37af4b37ffa41f2a768024b8b9ba"
    },
    {
      "bel": "path(MESHD:Cough)",
      "concept": {
        "name": "Cough",
        "namespace": "MESHD"
      },
      "function": "Pathology",
      "id": "9972a90cf854461872e2b1eb8ed6caa1"
    },
    {
      "bel": "path(MESHD:Dyspnea)",
      "concept": {
        "name": "Dyspnea",
        "namespace": "MESHD"
      },
      "function": "Pathology",
      "id": "577ce4f551b74a5ad10dbe259bec210c"
    },
    {
      "bel": "path(MESHD:Headache)",
      "concept": {
        "name": "Headache",
        "namespace": "MESHD"
      },
      "function": "Pathology",
      "id": "765659f0280e853f5c660b7b0428b3a7"
    },
    {
      "bel": "path(MESHD:Myalgia)",
      "concept": {
        "name": "Myalgia",
        "namespace": "MESHD"
      },
      "function": "Pathology",
      "id": "165c92daa0d40cee57c0a1264a0b0e57"
    }
  ]
}