{
  "directed": true,
  "graph": {
    "annotation_list": {
      "Experiment": [
        "Molecular docking"
      ]
    },
    "annotation_pattern": {},
    "annotation_url": {
      "MeSHDisease": "https://arty.scai.fraunhofer.de/artifactory/bel/annotation/mesh-diseases/mesh-diseases-20190128.belanno"
    },
    "document_metadata": {
      "authors": "Yojana Gadiya",
      "contact": "yojana.gadiya@scai.fraunhofer.de",
      "copyright": "Copyright © 2020 Fraunhofer Institute SCAI, All rights reserved",
      "description": "Anti-HCV, nucleotide inhibitors, repurposing against COVID-19",
      "licenses": "Private Ownership to Fraunhofer Institute SCAI",
      "name": "https://doi.org/10.1016/j.lfs.2020.117477",
      "version": "2.0.0"
    },
    "namespace_pattern": {
      "NCBITAXON": ".*",
      "PUBCHEM": "^\\d+$"
    },
    "namespace_url": {
      "CHEBI": "https://arty.scai.fraunhofer.de/artifactory/bel/namespace/chebi/chebi-20190708.belns",
      "DO": "https://arty.scai.fraunhofer.de/artifactory/bel/namespace/disease-ontology/disease-ontology-20200407.belns",
      "MESH": "https://arty.scai.fraunhofer.de/artifactory/bel/namespace/mesh/mesh-names-20181007.belns"
    },
    "path": "32119961.bel",
    "pybel_version": "0.14.6"
  },
  "links": [
    {
      "citation": {
        "db": "DOI",
        "db_id": "https://doi.org/10.1016/j.lfs.2020.117477"
      },
      "evidence": "Until today, six different strains of Human coronaviruses (HCoVs) have been reported, in addition to the newly emerged COVID-19 [2,12]. 229E and NL63 strains of HCoVs belong to Alphacoronaviruses while OC43, HKU1, SARS, MERS, and COVID-19 HCoVs belong to Betacoronaviruses [2,11].",
      "key": "9c4078af73283cf29329d98ccefb4ec7",
      "line": 86,
      "relation": "isA",
      "source": 4,
      "target": 10
    },
    {
      "citation": {
        "db": "DOI",
        "db_id": "https://doi.org/10.1016/j.lfs.2020.117477"
      },
      "evidence": "Until today, six different strains of Human coronaviruses (HCoVs) have been reported, in addition to the newly emerged COVID-19 [2,12]. 229E and NL63 strains of HCoVs belong to Alphacoronaviruses while OC43, HKU1, SARS, MERS, and COVID-19 HCoVs belong to Betacoronaviruses [2,11].",
      "key": "c27904aaaeaa5ea4b8a08fb8a273b500",
      "line": 87,
      "relation": "isA",
      "source": 5,
      "target": 10
    },
    {
      "citation": {
        "db": "DOI",
        "db_id": "https://doi.org/10.1016/j.lfs.2020.117477"
      },
      "evidence": "Until today, six different strains of Human coronaviruses (HCoVs) have been reported, in addition to the newly emerged COVID-19 [2,12]. 229E and NL63 strains of HCoVs belong to Alphacoronaviruses while OC43, HKU1, SARS, MERS, and COVID-19 HCoVs belong to Betacoronaviruses [2,11].",
      "key": "ba45eacf89596cdce18e60108cac25f1",
      "line": 88,
      "relation": "isA",
      "source": 6,
      "target": 11
    },
    {
      "citation": {
        "db": "DOI",
        "db_id": "https://doi.org/10.1016/j.lfs.2020.117477"
      },
      "evidence": "Until today, six different strains of Human coronaviruses (HCoVs) have been reported, in addition to the newly emerged COVID-19 [2,12]. 229E and NL63 strains of HCoVs belong to Alphacoronaviruses while OC43, HKU1, SARS, MERS, and COVID-19 HCoVs belong to Betacoronaviruses [2,11].",
      "key": "947d83700c3b933e995fe9edc47e4ed9",
      "line": 89,
      "relation": "isA",
      "source": 9,
      "target": 11
    },
    {
      "citation": {
        "db": "DOI",
        "db_id": "https://doi.org/10.1016/j.lfs.2020.117477"
      },
      "evidence": "Until today, six different strains of Human coronaviruses (HCoVs) have been reported, in addition to the newly emerged COVID-19 [2,12]. 229E and NL63 strains of HCoVs belong to Alphacoronaviruses while OC43, HKU1, SARS, MERS, and COVID-19 HCoVs belong to Betacoronaviruses [2,11].",
      "key": "45df811e19d5057e2a7c544fd1350a34",
      "line": 90,
      "relation": "isA",
      "source": 8,
      "target": 11
    },
    {
      "citation": {
        "db": "DOI",
        "db_id": "https://doi.org/10.1016/j.lfs.2020.117477"
      },
      "evidence": "Until today, six different strains of Human coronaviruses (HCoVs) have been reported, in addition to the newly emerged COVID-19 [2,12]. 229E and NL63 strains of HCoVs belong to Alphacoronaviruses while OC43, HKU1, SARS, MERS, and COVID-19 HCoVs belong to Betacoronaviruses [2,11].",
      "key": "dc0bf79ff4fa14dc965a1b9d4e460c4b",
      "line": 91,
      "relation": "isA",
      "source": 7,
      "target": 11
    },
    {
      "citation": {
        "db": "DOI",
        "db_id": "https://doi.org/10.1016/j.lfs.2020.117477"
      },
      "evidence": "Until today, six different strains of Human coronaviruses (HCoVs) have been reported, in addition to the newly emerged COVID-19 [2,12]. 229E and NL63 strains of HCoVs belong to Alphacoronaviruses while OC43, HKU1, SARS, MERS, and COVID-19 HCoVs belong to Betacoronaviruses [2,11].",
      "key": "b50df098b4301a6eb172fcb0a7b0cf59",
      "line": 92,
      "relation": "isA",
      "source": 33,
      "target": 11
    },
    {
      "annotations": {
        "MeSHDisease": {
          "Hepatitis, Viral, Human": true
        }
      },
      "citation": {
        "db": "DOI",
        "db_id": "https://doi.org/10.1016/j.lfs.2020.117477"
      },
      "evidence": "Different directly acting antiviral drugs are approved against other viruses, by the Food and Drugs Administration (FDA), such as Sofosbuvir, Ribavirin against RdRp of Hepatitis C Virus (HCV).",
      "key": "f3b26749cab14421c41c04981c1cd0d3",
      "line": 96,
      "relation": "decreases",
      "source": 3,
      "target": 26
    },
    {
      "key": "20212a8c035de3fda1d55945a261afc6",
      "relation": "partOf",
      "source": 3,
      "target": 20
    },
    {
      "key": "85f2288a9b3896137a04acc892ce4610",
      "relation": "partOf",
      "source": 3,
      "target": 14
    },
    {
      "key": "4ef255c1dad0e46824490e2644318fd4",
      "relation": "partOf",
      "source": 3,
      "target": 15
    },
    {
      "key": "8b8488b40c3f2991a32ed4a573909b2a",
      "relation": "partOf",
      "source": 3,
      "target": 21
    },
    {
      "key": "3663c59cd4f98bda0ecff3ff9deb65a1",
      "relation": "partOf",
      "source": 3,
      "target": 22
    },
    {
      "key": "9931ae0f9f2c0791a69c31814464b349",
      "relation": "hasVariant",
      "source": 26,
      "target": 27
    },
    {
      "key": "2149c98f03bd52be616812aedda97aad",
      "relation": "hasVariant",
      "source": 26,
      "target": 29
    },
    {
      "key": "91516bc412e0ebfee9f346385f356e0f",
      "relation": "hasVariant",
      "source": 26,
      "target": 31
    },
    {
      "key": "7fbf17c069e9959e8cea4f21288632b9",
      "relation": "hasVariant",
      "source": 26,
      "target": 32
    },
    {
      "key": "32d37a50b97354c80dc7331158b436c0",
      "relation": "hasVariant",
      "source": 26,
      "target": 28
    },
    {
      "key": "95d328dfd75c75966917e3b0d0b4e051",
      "relation": "hasVariant",
      "source": 26,
      "target": 30
    },
    {
      "annotations": {
        "MeSHDisease": {
          "Hepatitis, Viral, Human": true
        }
      },
      "citation": {
        "db": "DOI",
        "db_id": "https://doi.org/10.1016/j.lfs.2020.117477"
      },
      "evidence": "Different directly acting antiviral drugs are approved against other viruses, by the Food and Drugs Administration (FDA), such as Sofosbuvir, Ribavirin against RdRp of Hepatitis C Virus (HCV).",
      "key": "04c46aa73fb369229b5d2ec76c660c69",
      "line": 97,
      "relation": "decreases",
      "source": 2,
      "target": 26
    },
    {
      "key": "c307cc1d09402fe6a65117d7384169f0",
      "relation": "partOf",
      "source": 2,
      "target": 19
    },
    {
      "annotations": {
        "Experiment": {
          "Molecular docking": true
        }
      },
      "citation": {
        "db": "DOI",
        "db_id": "https://doi.org/10.1016/j.lfs.2020.117477"
      },
      "evidence": "As reflected from the docking scores, the eight compounds, including the physiological GTP and UTP and the four drugs IDX-184, Sofosbuvir, Ribavirin, and Remidisvir can bind to both COVID-19 and SARS HCoV RdRps with good binding energy (−6.5 up to −9.0 kcal/mol).",
      "key": "7a142028393f0c7ed39c15759895857e",
      "line": 105,
      "relation": "decreases",
      "source": 18,
      "target": 33
    },
    {
      "key": "59e1ab4cb3c0a2cb7db46b32f550666e",
      "relation": "partOf",
      "source": 1,
      "target": 18
    },
    {
      "key": "8659988d81a9fbdf501acca5ba2d1559",
      "relation": "partOf",
      "source": 27,
      "target": 18
    },
    {
      "key": "631cd12635150baa68d30e1dd472e750",
      "relation": "partOf",
      "source": 27,
      "target": 24
    },
    {
      "key": "e944fcfdb6c095d29b9c1bfcf81ba691",
      "relation": "partOf",
      "source": 27,
      "target": 20
    },
    {
      "key": "faec0adadc163ab21c34531b986a4832",
      "relation": "partOf",
      "source": 27,
      "target": 19
    },
    {
      "key": "08f447d46dc323d1084ce46c981ec04e",
      "relation": "partOf",
      "source": 27,
      "target": 23
    },
    {
      "annotations": {
        "Experiment": {
          "Molecular docking": true
        }
      },
      "citation": {
        "db": "DOI",
        "db_id": "https://doi.org/10.1016/j.lfs.2020.117477"
      },
      "evidence": "As reflected from the docking scores, the eight compounds, including the physiological GTP and UTP and the four drugs IDX-184, Sofosbuvir, Ribavirin, and Remidisvir can bind to both COVID-19 and SARS HCoV RdRps with good binding energy (−6.5 up to −9.0 kcal/mol).",
      "key": "6a2964ea1865a906b969d7ad4a5a254f",
      "line": 106,
      "relation": "decreases",
      "source": 24,
      "target": 33
    },
    {
      "key": "9baddcb12c2be2268710cca236af8511",
      "relation": "partOf",
      "source": 13,
      "target": 24
    },
    {
      "key": "c63a838998b5b314b6c994ef40028c5f",
      "relation": "partOf",
      "source": 13,
      "target": 25
    },
    {
      "key": "697b1223c4005074375a1fe4e84f2658",
      "relation": "partOf",
      "source": 13,
      "target": 16
    },
    {
      "key": "358415568b7f003d7acd6ef979dadaaf",
      "relation": "partOf",
      "source": 13,
      "target": 17
    },
    {
      "annotations": {
        "Experiment": {
          "Molecular docking": true
        }
      },
      "citation": {
        "db": "DOI",
        "db_id": "https://doi.org/10.1016/j.lfs.2020.117477"
      },
      "evidence": "As reflected from the docking scores, the eight compounds, including the physiological GTP and UTP and the four drugs IDX-184, Sofosbuvir, Ribavirin, and Remidisvir can bind to both COVID-19 and SARS HCoV RdRps with good binding energy (−6.5 up to −9.0 kcal/mol).",
      "key": "daff69eca076cee9dbde537c30769ff9",
      "line": 107,
      "relation": "decreases",
      "source": 20,
      "target": 33
    },
    {
      "annotations": {
        "Experiment": {
          "Molecular docking": true
        }
      },
      "citation": {
        "db": "DOI",
        "db_id": "https://doi.org/10.1016/j.lfs.2020.117477"
      },
      "evidence": "As reflected from the docking scores, the eight compounds, including the physiological GTP and UTP and the four drugs IDX-184, Sofosbuvir, Ribavirin, and Remidisvir can bind to both COVID-19 and SARS HCoV RdRps with good binding energy (−6.5 up to −9.0 kcal/mol).",
      "key": "4dd538a8c7ba2e40d33e46c379a5a4d6",
      "line": 108,
      "relation": "decreases",
      "source": 19,
      "target": 33
    },
    {
      "annotations": {
        "Experiment": {
          "Molecular docking": true
        }
      },
      "citation": {
        "db": "DOI",
        "db_id": "https://doi.org/10.1016/j.lfs.2020.117477"
      },
      "evidence": "As reflected from the docking scores, the eight compounds, including the physiological GTP and UTP and the four drugs IDX-184, Sofosbuvir, Ribavirin, and Remidisvir can bind to both COVID-19 and SARS HCoV RdRps with good binding energy (−6.5 up to −9.0 kcal/mol).",
      "key": "0317ff5829bef406e09779b0751c29de",
      "line": 109,
      "relation": "decreases",
      "source": 23,
      "target": 33
    },
    {
      "key": "a70ef5153e31783038d9feaa1c37132c",
      "relation": "partOf",
      "source": 12,
      "target": 23
    },
    {
      "annotations": {
        "Experiment": {
          "Molecular docking": true
        }
      },
      "citation": {
        "db": "DOI",
        "db_id": "https://doi.org/10.1016/j.lfs.2020.117477"
      },
      "evidence": "Only one salt bridge (yellow spheres connected by a dashed line) is formed in the case of IDX-184 with D514, which is responsible for the increased stabilization of the formed complex, reflected on the docking score.",
      "key": "2ad6b13d78045a58851e256aa115081b",
      "line": 113,
      "relation": "decreases",
      "source": 25,
      "target": 33
    },
    {
      "key": "a801f6a855141d3d35479f55f3efdc2d",
      "relation": "partOf",
      "source": 29,
      "target": 25
    },
    {
      "annotations": {
        "Experiment": {
          "Molecular docking": true
        }
      },
      "citation": {
        "db": "DOI",
        "db_id": "https://doi.org/10.1016/j.lfs.2020.117477"
      },
      "evidence": "On the other hand, IDX-184 and Sofosbuvir both form metal interaction through the Mg+2 with D652 (two interactions) and E702, respectively.",
      "key": "40684ec571b969747337616c39d920cf",
      "line": 117,
      "relation": "decreases",
      "source": 16,
      "target": 33
    },
    {
      "key": "b2d7283f8ae12b704b1446e34670b91a",
      "relation": "partOf",
      "source": 0,
      "target": 16
    },
    {
      "key": "ed7e4229c17d378a5ca6bf0b99c39850",
      "relation": "partOf",
      "source": 0,
      "target": 14
    },
    {
      "key": "c4b3f5fe98d9182d7a107bbae1776368",
      "relation": "partOf",
      "source": 0,
      "target": 17
    },
    {
      "key": "06adf40c42bad2b7080ffa1dd21461c4",
      "relation": "partOf",
      "source": 0,
      "target": 15
    },
    {
      "key": "bb4d3b84496fd4792602a63b79c9e67e",
      "relation": "partOf",
      "source": 31,
      "target": 16
    },
    {
      "key": "bcf7c85e18f92d1d35ee635bb144298f",
      "relation": "partOf",
      "source": 31,
      "target": 14
    },
    {
      "annotations": {
        "Experiment": {
          "Molecular docking": true
        }
      },
      "citation": {
        "db": "DOI",
        "db_id": "https://doi.org/10.1016/j.lfs.2020.117477"
      },
      "evidence": "On the other hand, IDX-184 and Sofosbuvir both form metal interaction through the Mg+2 with D652 (two interactions) and E702, respectively.",
      "key": "adf8c44332fe57d537632e916c2fb719",
      "line": 118,
      "relation": "decreases",
      "source": 14,
      "target": 33
    },
    {
      "annotations": {
        "Experiment": {
          "Molecular docking": true
        }
      },
      "citation": {
        "db": "DOI",
        "db_id": "https://doi.org/10.1016/j.lfs.2020.117477"
      },
      "evidence": "On the other hand, IDX-184 and Sofosbuvir both form metal interaction through the Mg+2 with D652 (two interactions) and E702, respectively.",
      "key": "ce6deefb09357b5cb72b3c0782fb2146",
      "line": 119,
      "relation": "decreases",
      "source": 17,
      "target": 33
    },
    {
      "key": "9ad4638419adbb42bc7170dc4162ac64",
      "relation": "partOf",
      "source": 32,
      "target": 17
    },
    {
      "key": "b49b8dd1ceb3e52706e22bdbab785d4e",
      "relation": "partOf",
      "source": 32,
      "target": 15
    },
    {
      "annotations": {
        "Experiment": {
          "Molecular docking": true
        }
      },
      "citation": {
        "db": "DOI",
        "db_id": "https://doi.org/10.1016/j.lfs.2020.117477"
      },
      "evidence": "On the other hand, IDX-184 and Sofosbuvir both form metal interaction through the Mg+2 with D652 (two interactions) and E702, respectively.",
      "key": "6f5dd05ee089c3c5eed64313016357af",
      "line": 120,
      "relation": "decreases",
      "source": 15,
      "target": 33
    },
    {
      "annotations": {
        "Experiment": {
          "Molecular docking": true
        }
      },
      "citation": {
        "db": "DOI",
        "db_id": "https://doi.org/10.1016/j.lfs.2020.117477"
      },
      "evidence": "Additionally, Sofosbuvir formed two hydrophobic interactions with Y510 and D651 of the COVID-19 RdRp.",
      "key": "17d4e6da53be5cf6b09991c15ff2feec",
      "line": 123,
      "relation": "decreases",
      "source": 21,
      "target": 33
    },
    {
      "key": "95c1ca4a2f54ed120b7d6d0d37aa4923",
      "relation": "partOf",
      "source": 28,
      "target": 21
    },
    {
      "annotations": {
        "Experiment": {
          "Molecular docking": true
        }
      },
      "citation": {
        "db": "DOI",
        "db_id": "https://doi.org/10.1016/j.lfs.2020.117477"
      },
      "evidence": "Additionally, Sofosbuvir formed two hydrophobic interactions with Y510 and D651 of the COVID-19 RdRp.",
      "key": "1e4b1ffa81f0802e106360e1ddf6fc55",
      "line": 124,
      "relation": "decreases",
      "source": 22,
      "target": 33
    },
    {
      "key": "8c28fe7be2e4efd9255f8b69e3777114",
      "relation": "partOf",
      "source": 30,
      "target": 22
    }
  ],
  "multigraph": true,
  "nodes": [
    {
      "bel": "a(CHEBI:\"magnesium(2+)\")",
      "concept": {
        "name": "magnesium(2+)",
        "namespace": "CHEBI"
      },
      "function": "Abundance",
      "id": "1f0245e1b9213151e0c3e20dbe0a9293"
    },
    {
      "bel": "a(CHEBI:GTP)",
      "concept": {
        "name": "GTP",
        "namespace": "CHEBI"
      },
      "function": "Abundance",
      "id": "3463b7e5c40a73d2085937238fc32cbd"
    },
    {
      "bel": "a(CHEBI:ribavirin)",
      "concept": {
        "name": "ribavirin",
        "namespace": "CHEBI"
      },
      "function": "Abundance",
      "id": "c126fb0a90c3749d6b1418b349632dcb"
    },
    {
      "bel": "a(CHEBI:sofosbuvir)",
      "concept": {
        "name": "sofosbuvir",
        "namespace": "CHEBI"
      },
      "function": "Abundance",
      "id": "a2f4db2c19412499301e5ceef21293a7"
    },
    {
      "bel": "a(MESH:\"Coronavirus 229E, Human\")",
      "concept": {
        "name": "Coronavirus 229E, Human",
        "namespace": "MESH"
      },
      "function": "Abundance",
      "id": "0a3b45a7b4ee966c3287ddf94ab0a54f"
    },
    {
      "bel": "a(MESH:\"Coronavirus NL63, Human\")",
      "concept": {
        "name": "Coronavirus NL63, Human",
        "namespace": "MESH"
      },
      "function": "Abundance",
      "id": "0e8c0103c1d53ee05ceb5b5f64e46a53"
    },
    {
      "bel": "a(MESH:\"Coronavirus OC43, Human\")",
      "concept": {
        "name": "Coronavirus OC43, Human",
        "namespace": "MESH"
      },
      "function": "Abundance",
      "id": "5c299d54163162637b33cbae5509167f"
    },
    {
      "bel": "a(MESH:\"Middle East Respiratory Syndrome Coronavirus\")",
      "concept": {
        "name": "Middle East Respiratory Syndrome Coronavirus",
        "namespace": "MESH"
      },
      "function": "Abundance",
      "id": "69a43bba7c26491c7d7f606f44f21f0f"
    },
    {
      "bel": "a(MESH:\"SARS Virus\")",
      "concept": {
        "name": "SARS Virus",
        "namespace": "MESH"
      },
      "function": "Abundance",
      "id": "6145a705baca340d1f17e8e7c1d12845"
    },
    {
      "bel": "a(NCBITAXON:\"Human coronavirus HKU1\")",
      "concept": {
        "name": "Human coronavirus HKU1",
        "namespace": "NCBITAXON"
      },
      "function": "Abundance",
      "id": "99ac1f5372f3d8ad71ed0e164925a2ba"
    },
    {
      "bel": "a(NCBITAXON:Alphacoronavirus)",
      "concept": {
        "name": "Alphacoronavirus",
        "namespace": "NCBITAXON"
      },
      "function": "Abundance",
      "id": "472c1d4b952f61554db80dca664078c7"
    },
    {
      "bel": "a(NCBITAXON:Betacoronavirus)",
      "concept": {
        "name": "Betacoronavirus",
        "namespace": "NCBITAXON"
      },
      "function": "Abundance",
      "id": "3e7c7e9d04541a7cd902a85ab9bd94d1"
    },
    {
      "bel": "a(PUBCHEM:121304016)",
      "concept": {
        "name": "121304016",
        "namespace": "PUBCHEM"
      },
      "function": "Abundance",
      "id": "7704f9ea62204912dace9e0cfb704c95"
    },
    {
      "bel": "a(PUBCHEM:135565589)",
      "concept": {
        "name": "135565589",
        "namespace": "PUBCHEM"
      },
      "function": "Abundance",
      "id": "91e9eb0a1b9e902333df669884915816"
    },
    {
      "bel": "complex(a(CHEBI:\"magnesium(2+)\"), a(CHEBI:sofosbuvir), p(MESH:\"RNA Replicase\", frag(\"652_652\")))",
      "function": "Complex",
      "id": "b6d51f9c04b97d36f4fe461c4a6c759a",
      "members": [
        {
          "bel": "a(CHEBI:\"magnesium(2+)\")",
          "concept": {
            "name": "magnesium(2+)",
            "namespace": "CHEBI"
          },
          "function": "Abundance",
          "id": "1f0245e1b9213151e0c3e20dbe0a9293"
        },
        {
          "bel": "a(CHEBI:sofosbuvir)",
          "concept": {
            "name": "sofosbuvir",
            "namespace": "CHEBI"
          },
          "function": "Abundance",
          "id": "a2f4db2c19412499301e5ceef21293a7"
        },
        {
          "bel": "p(MESH:\"RNA Replicase\", frag(\"652_652\"))",
          "concept": {
            "name": "RNA Replicase",
            "namespace": "MESH"
          },
          "function": "Protein",
          "id": "628eb91bbf04eb3907cfbfde45856982",
          "variants": [
            {
              "kind": "frag",
              "start": 652,
              "stop": 652
            }
          ]
        }
      ]
    },
    {
      "bel": "complex(a(CHEBI:\"magnesium(2+)\"), a(CHEBI:sofosbuvir), p(MESH:\"RNA Replicase\", frag(\"702_702\")))",
      "function": "Complex",
      "id": "88c50b407dbe136410df92ba754dc4d4",
      "members": [
        {
          "bel": "a(CHEBI:\"magnesium(2+)\")",
          "concept": {
            "name": "magnesium(2+)",
            "namespace": "CHEBI"
          },
          "function": "Abundance",
          "id": "1f0245e1b9213151e0c3e20dbe0a9293"
        },
        {
          "bel": "a(CHEBI:sofosbuvir)",
          "concept": {
            "name": "sofosbuvir",
            "namespace": "CHEBI"
          },
          "function": "Abundance",
          "id": "a2f4db2c19412499301e5ceef21293a7"
        },
        {
          "bel": "p(MESH:\"RNA Replicase\", frag(\"702_702\"))",
          "concept": {
            "name": "RNA Replicase",
            "namespace": "MESH"
          },
          "function": "Protein",
          "id": "63c0003ee7cb3b840ab8fb19d27a6e12",
          "variants": [
            {
              "kind": "frag",
              "start": 702,
              "stop": 702
            }
          ]
        }
      ]
    },
    {
      "bel": "complex(a(CHEBI:\"magnesium(2+)\"), a(PUBCHEM:135565589), p(MESH:\"RNA Replicase\", frag(\"652_652\")))",
      "function": "Complex",
      "id": "ce65e861e4b0fb12b71e26d4b25fee3e",
      "members": [
        {
          "bel": "a(CHEBI:\"magnesium(2+)\")",
          "concept": {
            "name": "magnesium(2+)",
            "namespace": "CHEBI"
          },
          "function": "Abundance",
          "id": "1f0245e1b9213151e0c3e20dbe0a9293"
        },
        {
          "bel": "a(PUBCHEM:135565589)",
          "concept": {
            "name": "135565589",
            "namespace": "PUBCHEM"
          },
          "function": "Abundance",
          "id": "91e9eb0a1b9e902333df669884915816"
        },
        {
          "bel": "p(MESH:\"RNA Replicase\", frag(\"652_652\"))",
          "concept": {
            "name": "RNA Replicase",
            "namespace": "MESH"
          },
          "function": "Protein",
          "id": "628eb91bbf04eb3907cfbfde45856982",
          "variants": [
            {
              "kind": "frag",
              "start": 652,
              "stop": 652
            }
          ]
        }
      ]
    },
    {
      "bel": "complex(a(CHEBI:\"magnesium(2+)\"), a(PUBCHEM:135565589), p(MESH:\"RNA Replicase\", frag(\"702_702\")))",
      "function": "Complex",
      "id": "048af55693b8e8e68639dc6b628113bf",
      "members": [
        {
          "bel": "a(CHEBI:\"magnesium(2+)\")",
          "concept": {
            "name": "magnesium(2+)",
            "namespace": "CHEBI"
          },
          "function": "Abundance",
          "id": "1f0245e1b9213151e0c3e20dbe0a9293"
        },
        {
          "bel": "a(PUBCHEM:135565589)",
          "concept": {
            "name": "135565589",
            "namespace": "PUBCHEM"
          },
          "function": "Abundance",
          "id": "91e9eb0a1b9e902333df669884915816"
        },
        {
          "bel": "p(MESH:\"RNA Replicase\", frag(\"702_702\"))",
          "concept": {
            "name": "RNA Replicase",
            "namespace": "MESH"
          },
          "function": "Protein",
          "id": "63c0003ee7cb3b840ab8fb19d27a6e12",
          "variants": [
            {
              "kind": "frag",
              "start": 702,
              "stop": 702
            }
          ]
        }
      ]
    },
    {
      "bel": "complex(a(CHEBI:GTP), p(MESH:\"RNA Replicase\", frag(\"255_256\")))",
      "function": "Complex",
      "id": "30f3882ca0317834b8761b47c1af70bd",
      "members": [
        {
          "bel": "a(CHEBI:GTP)",
          "concept": {
            "name": "GTP",
            "namespace": "CHEBI"
          },
          "function": "Abundance",
          "id": "3463b7e5c40a73d2085937238fc32cbd"
        },
        {
          "bel": "p(MESH:\"RNA Replicase\", frag(\"255_256\"))",
          "concept": {
            "name": "RNA Replicase",
            "namespace": "MESH"
          },
          "function": "Protein",
          "id": "2f2c9852d8174ce900db622b5875d965",
          "variants": [
            {
              "kind": "frag",
              "start": 255,
              "stop": 256
            }
          ]
        }
      ]
    },
    {
      "bel": "complex(a(CHEBI:ribavirin), p(MESH:\"RNA Replicase\", frag(\"255_256\")))",
      "function": "Complex",
      "id": "03c218d010e7352e1f5ebf8f11efd9ba",
      "members": [
        {
          "bel": "a(CHEBI:ribavirin)",
          "concept": {
            "name": "ribavirin",
            "namespace": "CHEBI"
          },
          "function": "Abundance",
          "id": "c126fb0a90c3749d6b1418b349632dcb"
        },
        {
          "bel": "p(MESH:\"RNA Replicase\", frag(\"255_256\"))",
          "concept": {
            "name": "RNA Replicase",
            "namespace": "MESH"
          },
          "function": "Protein",
          "id": "2f2c9852d8174ce900db622b5875d965",
          "variants": [
            {
              "kind": "frag",
              "start": 255,
              "stop": 256
            }
          ]
        }
      ]
    },
    {
      "bel": "complex(a(CHEBI:sofosbuvir), p(MESH:\"RNA Replicase\", frag(\"255_256\")))",
      "function": "Complex",
      "id": "028966b86ce8a0a05e0db0b0bc734235",
      "members": [
        {
          "bel": "a(CHEBI:sofosbuvir)",
          "concept": {
            "name": "sofosbuvir",
            "namespace": "CHEBI"
          },
          "function": "Abundance",
          "id": "a2f4db2c19412499301e5ceef21293a7"
        },
        {
          "bel": "p(MESH:\"RNA Replicase\", frag(\"255_256\"))",
          "concept": {
            "name": "RNA Replicase",
            "namespace": "MESH"
          },
          "function": "Protein",
          "id": "2f2c9852d8174ce900db622b5875d965",
          "variants": [
            {
              "kind": "frag",
              "start": 255,
              "stop": 256
            }
          ]
        }
      ]
    },
    {
      "bel": "complex(a(CHEBI:sofosbuvir), p(MESH:\"RNA Replicase\", frag(\"510_510\")))",
      "function": "Complex",
      "id": "8c1a93041671045212133d013fb2ae86",
      "members": [
        {
          "bel": "a(CHEBI:sofosbuvir)",
          "concept": {
            "name": "sofosbuvir",
            "namespace": "CHEBI"
          },
          "function": "Abundance",
          "id": "a2f4db2c19412499301e5ceef21293a7"
        },
        {
          "bel": "p(MESH:\"RNA Replicase\", frag(\"510_510\"))",
          "concept": {
            "name": "RNA Replicase",
            "namespace": "MESH"
          },
          "function": "Protein",
          "id": "070f78cc6944eaf85490c42d90d84b60",
          "variants": [
            {
              "kind": "frag",
              "start": 510,
              "stop": 510
            }
          ]
        }
      ]
    },
    {
      "bel": "complex(a(CHEBI:sofosbuvir), p(MESH:\"RNA Replicase\", frag(\"651_651\")))",
      "function": "Complex",
      "id": "7b3ee87a0078b95cb2ff1780f04f0357",
      "members": [
        {
          "bel": "a(CHEBI:sofosbuvir)",
          "concept": {
            "name": "sofosbuvir",
            "namespace": "CHEBI"
          },
          "function": "Abundance",
          "id": "a2f4db2c19412499301e5ceef21293a7"
        },
        {
          "bel": "p(MESH:\"RNA Replicase\", frag(\"651_651\"))",
          "concept": {
            "name": "RNA Replicase",
            "namespace": "MESH"
          },
          "function": "Protein",
          "id": "10aad933df8ccda01099592e910adbaa",
          "variants": [
            {
              "kind": "frag",
              "start": 651,
              "stop": 651
            }
          ]
        }
      ]
    },
    {
      "bel": "complex(a(PUBCHEM:121304016), p(MESH:\"RNA Replicase\", frag(\"255_256\")))",
      "function": "Complex",
      "id": "64b9c7d69539b8ded28c07d22461fc28",
      "members": [
        {
          "bel": "a(PUBCHEM:121304016)",
          "concept": {
            "name": "121304016",
            "namespace": "PUBCHEM"
          },
          "function": "Abundance",
          "id": "7704f9ea62204912dace9e0cfb704c95"
        },
        {
          "bel": "p(MESH:\"RNA Replicase\", frag(\"255_256\"))",
          "concept": {
            "name": "RNA Replicase",
            "namespace": "MESH"
          },
          "function": "Protein",
          "id": "2f2c9852d8174ce900db622b5875d965",
          "variants": [
            {
              "kind": "frag",
              "start": 255,
              "stop": 256
            }
          ]
        }
      ]
    },
    {
      "bel": "complex(a(PUBCHEM:135565589), p(MESH:\"RNA Replicase\", frag(\"255_256\")))",
      "function": "Complex",
      "id": "b98a8f352b1f289136a14528f55158ef",
      "members": [
        {
          "bel": "a(PUBCHEM:135565589)",
          "concept": {
            "name": "135565589",
            "namespace": "PUBCHEM"
          },
          "function": "Abundance",
          "id": "91e9eb0a1b9e902333df669884915816"
        },
        {
          "bel": "p(MESH:\"RNA Replicase\", frag(\"255_256\"))",
          "concept": {
            "name": "RNA Replicase",
            "namespace": "MESH"
          },
          "function": "Protein",
          "id": "2f2c9852d8174ce900db622b5875d965",
          "variants": [
            {
              "kind": "frag",
              "start": 255,
              "stop": 256
            }
          ]
        }
      ]
    },
    {
      "bel": "complex(a(PUBCHEM:135565589), p(MESH:\"RNA Replicase\", frag(\"514_514\")))",
      "function": "Complex",
      "id": "3d182cb8cd860c8a3bb6ea54678207e8",
      "members": [
        {
          "bel": "a(PUBCHEM:135565589)",
          "concept": {
            "name": "135565589",
            "namespace": "PUBCHEM"
          },
          "function": "Abundance",
          "id": "91e9eb0a1b9e902333df669884915816"
        },
        {
          "bel": "p(MESH:\"RNA Replicase\", frag(\"514_514\"))",
          "concept": {
            "name": "RNA Replicase",
            "namespace": "MESH"
          },
          "function": "Protein",
          "id": "34d9508678389f50a7b3fd38a93f93e4",
          "variants": [
            {
              "kind": "frag",
              "start": 514,
              "stop": 514
            }
          ]
        }
      ]
    },
    {
      "bel": "p(MESH:\"RNA Replicase\")",
      "concept": {
        "name": "RNA Replicase",
        "namespace": "MESH"
      },
      "function": "Protein",
      "id": "8982679ac9957f0702b0368ab7f379db"
    },
    {
      "bel": "p(MESH:\"RNA Replicase\", frag(\"255_256\"))",
      "concept": {
        "name": "RNA Replicase",
        "namespace": "MESH"
      },
      "function": "Protein",
      "id": "2f2c9852d8174ce900db622b5875d965",
      "variants": [
        {
          "kind": "frag",
          "start": 255,
          "stop": 256
        }
      ]
    },
    {
      "bel": "p(MESH:\"RNA Replicase\", frag(\"510_510\"))",
      "concept": {
        "name": "RNA Replicase",
        "namespace": "MESH"
      },
      "function": "Protein",
      "id": "070f78cc6944eaf85490c42d90d84b60",
      "variants": [
        {
          "kind": "frag",
          "start": 510,
          "stop": 510
        }
      ]
    },
    {
      "bel": "p(MESH:\"RNA Replicase\", frag(\"514_514\"))",
      "concept": {
        "name": "RNA Replicase",
        "namespace": "MESH"
      },
      "function": "Protein",
      "id": "34d9508678389f50a7b3fd38a93f93e4",
      "variants": [
        {
          "kind": "frag",
          "start": 514,
          "stop": 514
        }
      ]
    },
    {
      "bel": "p(MESH:\"RNA Replicase\", frag(\"651_651\"))",
      "concept": {
        "name": "RNA Replicase",
        "namespace": "MESH"
      },
      "function": "Protein",
      "id": "10aad933df8ccda01099592e910adbaa",
      "variants": [
        {
          "kind": "frag",
          "start": 651,
          "stop": 651
        }
      ]
    },
    {
      "bel": "p(MESH:\"RNA Replicase\", frag(\"652_652\"))",
      "concept": {
        "name": "RNA Replicase",
        "namespace": "MESH"
      },
      "function": "Protein",
      "id": "628eb91bbf04eb3907cfbfde45856982",
      "variants": [
        {
          "kind": "frag",
          "start": 652,
          "stop": 652
        }
      ]
    },
    {
      "bel": "p(MESH:\"RNA Replicase\", frag(\"702_702\"))",
      "concept": {
        "name": "RNA Replicase",
        "namespace": "MESH"
      },
      "function": "Protein",
      "id": "63c0003ee7cb3b840ab8fb19d27a6e12",
      "variants": [
        {
          "kind": "frag",
          "start": 702,
          "stop": 702
        }
      ]
    },
    {
      "bel": "path(DO:\"COVID-19\")",
      "concept": {
        "name": "COVID-19",
        "namespace": "DO"
      },
      "function": "Pathology",
      "id": "6f9f1c2e8012537e503a758c6bfaff0f"
    }
  ]
}