{
  "directed": true,
  "graph": {
    "annotation_list": {
      "Custom_Disease": [
        "COVID-19"
      ],
      "PublicationStatus": [
        "Preprint",
        "Published"
      ],
      "PublicationType": [
        "Correspondence",
        "Research",
        "Review"
      ],
      "Section": [
        "Abstract",
        "Full Text",
        "Results"
      ]
    },
    "annotation_pattern": {},
    "annotation_url": {},
    "document_metadata": {
      "authors": "Shounak Baksi",
      "contact": "shounak.baksi@causalitybiomodels.com",
      "copyright": "Copyright © 2020 Fraunhofer Institute SCAI, All rights reserved",
      "description": "COVID Knowledge Curation project",
      "licenses": "Private Ownership to Fraunhofer Institute SCAI",
      "name": "32132669.bel",
      "version": "2.1.0"
    },
    "namespace_pattern": {},
    "namespace_url": {
      "COVID": "https://arty.scai.fraunhofer.de/artifactory/bel/namespace/ncbi-covid19/ncbi-covid19-20200326.belns",
      "EFO": "https://arty.scai.fraunhofer.de/artifactory/bel/namespace/efo/efo-20171206.belns",
      "GO": "https://arty.scai.fraunhofer.de/artifactory/bel/namespace/go/go-20180109.belns",
      "HGNC": "https://arty.scai.fraunhofer.de/artifactory/bel/namespace/hgnc/hgnc-20190708.belns",
      "MESH": "https://arty.scai.fraunhofer.de/artifactory/bel/namespace/mesh/mesh-names-20181007.belns"
    },
    "path": "32132669.bel",
    "pybel_version": "0.14.6"
  },
  "links": [
    {
      "annotations": {
        "Custom_Disease": {
          "COVID-19": true
        },
        "PublicationStatus": {
          "Published": true
        },
        "PublicationType": {
          "Correspondence": true
        },
        "Section": {
          "Full Text": true
        }
      },
      "citation": {
        "authors": [
          "Song L",
          "Zheng M"
        ],
        "date": "2020-03-04",
        "db": "PubMed",
        "db_id": "32132669",
        "db_name": "Cellular &amp; molecular immunology",
        "first": "Zheng M",
        "last": "Song L"
      },
      "evidence": "Among the structural proteins of coronavirus, the spike glycoprotein contains receptor-binding domain (RBD) to mediate coronavirus entering host cells, which makes spike protein the primary antigenic target of neutralizing antibody and vaccine.5",
      "key": "ca92e9a6c2791e10879986193b5a694f",
      "line": 86,
      "relation": "increases",
      "source": 4,
      "target": 0
    },
    {
      "annotations": {
        "Custom_Disease": {
          "COVID-19": true
        },
        "PublicationStatus": {
          "Published": true
        },
        "PublicationType": {
          "Correspondence": true
        },
        "Section": {
          "Full Text": true
        }
      },
      "citation": {
        "authors": [
          "Song L",
          "Zheng M"
        ],
        "date": "2020-03-04",
        "db": "PubMed",
        "db_id": "32132669",
        "db_name": "Cellular &amp; molecular immunology",
        "first": "Zheng M",
        "last": "Song L"
      },
      "evidence": "Among the structural proteins of coronavirus, the spike glycoprotein contains receptor-binding domain (RBD) to mediate coronavirus entering host cells, which makes spike protein the primary antigenic target of neutralizing antibody and vaccine.5",
      "key": "7e0ab2292271b1d1082e0399f605525e",
      "line": 87,
      "relation": "increases",
      "source": 4,
      "target": 1
    },
    {
      "key": "42167d86d161366721784906f7218852",
      "relation": "partOf",
      "source": 4,
      "target": 2
    },
    {
      "key": "2fac24f2b27106d2c0ea816941980bf5",
      "relation": "hasVariant",
      "source": 3,
      "target": 4
    },
    {
      "annotations": {
        "Custom_Disease": {
          "COVID-19": true
        },
        "PublicationStatus": {
          "Published": true
        },
        "PublicationType": {
          "Correspondence": true
        },
        "Section": {
          "Full Text": true
        }
      },
      "citation": {
        "authors": [
          "Song L",
          "Zheng M"
        ],
        "date": "2020-03-04",
        "db": "PubMed",
        "db_id": "32132669",
        "db_name": "Cellular &amp; molecular immunology",
        "first": "Zheng M",
        "last": "Song L"
      },
      "evidence": "Moreover, another study found that the spike RBD of SARS-CoV-2 bound potently to angiotensin-converting enzyme 2 (ACE2), the host cell receptor of SARS-CoV.5",
      "key": "2f5a7eb280d376fdb73775be1724536a",
      "line": 94,
      "relation": "increases",
      "source": 1,
      "target": 6
    },
    {
      "annotations": {
        "Custom_Disease": {
          "COVID-19": true
        },
        "PublicationStatus": {
          "Published": true
        },
        "PublicationType": {
          "Correspondence": true
        },
        "Section": {
          "Full Text": true
        }
      },
      "citation": {
        "authors": [
          "Song L",
          "Zheng M"
        ],
        "date": "2020-03-04",
        "db": "PubMed",
        "db_id": "32132669",
        "db_name": "Cellular &amp; molecular immunology",
        "first": "Zheng M",
        "last": "Song L"
      },
      "evidence": "Moreover, another study found that the spike RBD of SARS-CoV-2 bound potently to angiotensin-converting enzyme 2 (ACE2), the host cell receptor of SARS-CoV.5",
      "key": "98227b305929d12774b79846ce779341",
      "line": 93,
      "relation": "increases",
      "source": 2,
      "target": 1
    },
    {
      "annotations": {
        "Custom_Disease": {
          "COVID-19": true
        },
        "PublicationStatus": {
          "Published": true
        },
        "PublicationType": {
          "Correspondence": true
        },
        "Section": {
          "Full Text": true
        }
      },
      "citation": {
        "authors": [
          "Song L",
          "Zheng M"
        ],
        "date": "2020-03-04",
        "db": "PubMed",
        "db_id": "32132669",
        "db_name": "Cellular &amp; molecular immunology",
        "first": "Zheng M",
        "last": "Song L"
      },
      "evidence": "We discovered that the SARS-CoV-2 spike RBD was in the interaction interface with ACE2 (Fig. 1p).",
      "key": "4f436cdd9a2029db8c1e61437af41dd1",
      "line": 99,
      "relation": "increases",
      "source": 2,
      "target": 7
    },
    {
      "annotations": {
        "Custom_Disease": {
          "COVID-19": true
        },
        "PublicationStatus": {
          "Published": true
        },
        "PublicationType": {
          "Correspondence": true
        },
        "Section": {
          "Full Text": true
        }
      },
      "citation": {
        "authors": [
          "Song L",
          "Zheng M"
        ],
        "date": "2020-03-04",
        "db": "PubMed",
        "db_id": "32132669",
        "db_name": "Cellular &amp; molecular immunology",
        "first": "Zheng M",
        "last": "Song L"
      },
      "evidence": "We discovered that the SARS-CoV-2 spike RBD was in the interaction interface with ACE2 (Fig. 1p).",
      "key": "62de1a25a39acaf370a1bd2afa421a32",
      "line": 100,
      "relation": "increases",
      "source": 2,
      "target": 6
    },
    {
      "key": "5a0b9d59fdcc7f631f2cdcab8fb443b7",
      "relation": "partOf",
      "source": 5,
      "target": 2
    }
  ],
  "multigraph": true,
  "nodes": [
    {
      "bel": "bp(GO:\"receptor binding\")",
      "concept": {
        "name": "receptor binding",
        "namespace": "GO"
      },
      "function": "BiologicalProcess",
      "id": "f886f01ed8e32344959268e472ea6cf5"
    },
    {
      "bel": "bp(GO:\"viral entry into host cell\")",
      "concept": {
        "name": "viral entry into host cell",
        "namespace": "GO"
      },
      "function": "BiologicalProcess",
      "id": "2a6e5ae8582e2cded25095e14c2ee329"
    },
    {
      "bel": "complex(p(COVID:S, frag(\"?\")), p(HGNC:ACE2))",
      "function": "Complex",
      "id": "32f0a183fd2cd8f6d9d46e611637aa79",
      "members": [
        {
          "bel": "p(COVID:S, frag(\"?\"))",
          "concept": {
            "name": "S",
            "namespace": "COVID"
          },
          "function": "Protein",
          "id": "a4ea879b1d193de79d75f4ce77b539a5",
          "variants": [
            {
              "kind": "frag",
              "missing": "?"
            }
          ]
        },
        {
          "bel": "p(HGNC:ACE2)",
          "concept": {
            "name": "ACE2",
            "namespace": "HGNC"
          },
          "function": "Protein",
          "id": "bb9a231a2c68ff8f3bad2adad9ed6a94"
        }
      ]
    },
    {
      "bel": "p(COVID:S)",
      "concept": {
        "name": "S",
        "namespace": "COVID"
      },
      "function": "Protein",
      "id": "8d090715298e11996081058536798c19"
    },
    {
      "bel": "p(COVID:S, frag(\"?\"))",
      "concept": {
        "name": "S",
        "namespace": "COVID"
      },
      "function": "Protein",
      "id": "a4ea879b1d193de79d75f4ce77b539a5",
      "variants": [
        {
          "kind": "frag",
          "missing": "?"
        }
      ]
    },
    {
      "bel": "p(HGNC:ACE2)",
      "concept": {
        "name": "ACE2",
        "namespace": "HGNC"
      },
      "function": "Protein",
      "id": "bb9a231a2c68ff8f3bad2adad9ed6a94"
    },
    {
      "bel": "path(EFO:pathogenicity)",
      "concept": {
        "name": "pathogenicity",
        "namespace": "EFO"
      },
      "function": "Pathology",
      "id": "27b76f5e6989bc7b1120d9cc7900a7e8"
    },
    {
      "bel": "path(MESH:Virulence)",
      "concept": {
        "name": "Virulence",
        "namespace": "MESH"
      },
      "function": "Pathology",
      "id": "cd22afe1d9d585df2f0e1a10fc161447"
    }
  ]
}