{
  "directed": true,
  "graph": {
    "annotation_list": {
      "Custom_Disease": [
        "COVID-19"
      ],
      "PublicationStatus": [
        "Published"
      ],
      "PublicationType": [
        "Research"
      ],
      "Section": [
        "Results"
      ]
    },
    "annotation_pattern": {},
    "annotation_url": {
      "Species": "https://arty.scai.fraunhofer.de/artifactory/bel/annotation/species-taxonomy-id/species-taxonomy-id-20170511.belanno"
    },
    "document_metadata": {
      "authors": "Thrishna",
      "contact": "thrishna@causalitybiomodels.com",
      "copyright": "Copyright © 2020 Fraunhofer Institute SCAI, All rights reserved",
      "description": "COVID Knowledge Curation project",
      "licenses": "Private Ownership to Fraunhofer Institute SCAI",
      "name": "32142938.bel",
      "version": "2.0.0"
    },
    "namespace_pattern": {
      "UNIPROT": "^([A-N,R-Z][0-9]([A-Z][A-Z, 0-9][A-Z, 0-9][0-9]){1,2})|([O,P,Q][0-9][A-Z, 0-9][A-Z, 0-9][A-Z, 0-9][0-9])(\\.\\d+)?$"
    },
    "namespace_url": {
      "COVID": "https://arty.scai.fraunhofer.de/artifactory/bel/namespace/ncbi-covid19/ncbi-covid19-20200326.belns",
      "GFAM": "https://arty.scai.fraunhofer.de/artifactory/bel/namespace/hgnc-gene-families/hgnc-genefamily-names-20181221.belns",
      "GO": "https://arty.scai.fraunhofer.de/artifactory/bel/namespace/go/go-20180109.belns",
      "HGNC": "https://arty.scai.fraunhofer.de/artifactory/bel/namespace/hgnc/hgnc-20190708.belns",
      "MESH": "https://arty.scai.fraunhofer.de/artifactory/bel/namespace/mesh/mesh-names-20181007.belns",
      "TAX": "https://arty.scai.fraunhofer.de/artifactory/bel/namespace/ncbi-taxonomy/ncbi-taxonomy-20200322.belns"
    },
    "path": "32142938.bel",
    "pybel_version": "0.14.6"
  },
  "links": [
    {
      "annotations": {
        "PublicationStatus": {
          "Published": true
        },
        "PublicationType": {
          "Research": true
        },
        "Section": {
          "Results": true
        }
      },
      "citation": {
        "authors": [
          "Fahmi M",
          "Ito M",
          "Kubota Y"
        ],
        "date": "2020-03-03",
        "db": "PubMed",
        "db_id": "32142938",
        "db_name": "Infection, genetics and evolution : journal of molecular epidemiology and evolutionary genetics in infectious diseases",
        "first": "Fahmi M",
        "last": "Ito M",
        "pages": "104272",
        "volume": "81"
      },
      "evidence": "Two (NS7b and NS8) of five nonstructural proteins were specific for 2019-nCoV and its closely related species, BatCoV RaTG13 and Bat-SARS- like coronavirus (BAT-SL-CoVZXC21 and BAT-SL-CoVZC45).",
      "key": "7a6b0d4df3e2520379153637920636a6",
      "line": 44,
      "relation": "association",
      "source": 10,
      "target": 3
    },
    {
      "annotations": {
        "PublicationStatus": {
          "Published": true
        },
        "PublicationType": {
          "Research": true
        },
        "Section": {
          "Results": true
        }
      },
      "citation": {
        "authors": [
          "Fahmi M",
          "Ito M",
          "Kubota Y"
        ],
        "date": "2020-03-03",
        "db": "PubMed",
        "db_id": "32142938",
        "db_name": "Infection, genetics and evolution : journal of molecular epidemiology and evolutionary genetics in infectious diseases",
        "first": "Fahmi M",
        "last": "Ito M",
        "pages": "104272",
        "volume": "81"
      },
      "evidence": "Two (NS7b and NS8) of five nonstructural proteins were specific for 2019-nCoV and its closely related species, BatCoV RaTG13 and Bat-SARS- like coronavirus (BAT-SL-CoVZXC21 and BAT-SL-CoVZC45).",
      "key": "1649da93a463367c0a41d353e6b0642c",
      "line": 47,
      "relation": "association",
      "source": 10,
      "target": 1
    },
    {
      "annotations": {
        "PublicationStatus": {
          "Published": true
        },
        "PublicationType": {
          "Research": true
        },
        "Section": {
          "Results": true
        }
      },
      "citation": {
        "authors": [
          "Fahmi M",
          "Ito M",
          "Kubota Y"
        ],
        "date": "2020-03-03",
        "db": "PubMed",
        "db_id": "32142938",
        "db_name": "Infection, genetics and evolution : journal of molecular epidemiology and evolutionary genetics in infectious diseases",
        "first": "Fahmi M",
        "last": "Ito M",
        "pages": "104272",
        "volume": "81"
      },
      "evidence": "Two (NS7b and NS8) of five nonstructural proteins were specific for 2019-nCoV and its closely related species, BatCoV RaTG13 and Bat-SARS- like coronavirus (BAT-SL-CoVZXC21 and BAT-SL-CoVZC45).",
      "key": "e44e4d43d6ac73644928a474d2eec8a9",
      "line": 48,
      "relation": "association",
      "source": 10,
      "target": 0
    },
    {
      "annotations": {
        "Custom_Disease": {
          "COVID-19": true
        },
        "PublicationStatus": {
          "Published": true
        },
        "PublicationType": {
          "Research": true
        },
        "Section": {
          "Results": true
        },
        "Species": {
          "9606": true
        }
      },
      "citation": {
        "authors": [
          "Fahmi M",
          "Ito M",
          "Kubota Y"
        ],
        "date": "2020-03-03",
        "db": "PubMed",
        "db_id": "32142938",
        "db_name": "Infection, genetics and evolution : journal of molecular epidemiology and evolutionary genetics in infectious diseases",
        "first": "Fahmi M",
        "last": "Ito M",
        "pages": "104272",
        "volume": "81"
      },
      "evidence": "Thus, we speculate that the property of the non-conserved NS7b in 2019-nCoV may affect the human infective property of the virus.",
      "key": "aee019a00d3de9e430d2b98cd4733309",
      "line": 63,
      "relation": "regulates",
      "source": 10,
      "subject": {
        "modifier": "Activity"
      },
      "target": 6
    },
    {
      "annotations": {
        "Custom_Disease": {
          "COVID-19": true
        },
        "PublicationStatus": {
          "Published": true
        },
        "PublicationType": {
          "Research": true
        },
        "Section": {
          "Results": true
        }
      },
      "citation": {
        "authors": [
          "Fahmi M",
          "Ito M",
          "Kubota Y"
        ],
        "date": "2020-03-03",
        "db": "PubMed",
        "db_id": "32142938",
        "db_name": "Infection, genetics and evolution : journal of molecular epidemiology and evolutionary genetics in infectious diseases",
        "first": "Fahmi M",
        "last": "Ito M",
        "pages": "104272",
        "volume": "81"
      },
      "evidence": "Thus, we speculate that the properties of the accessory proteins, NS7b and NS8, in 2019-nCoV may affect its ability to infect humans",
      "key": "e2acc9ad3496c0324d05959a64efc970",
      "line": 111,
      "relation": "increases",
      "source": 10,
      "subject": {
        "modifier": "Activity"
      },
      "target": 6
    },
    {
      "annotations": {
        "PublicationStatus": {
          "Published": true
        },
        "PublicationType": {
          "Research": true
        },
        "Section": {
          "Results": true
        }
      },
      "citation": {
        "authors": [
          "Fahmi M",
          "Ito M",
          "Kubota Y"
        ],
        "date": "2020-03-03",
        "db": "PubMed",
        "db_id": "32142938",
        "db_name": "Infection, genetics and evolution : journal of molecular epidemiology and evolutionary genetics in infectious diseases",
        "first": "Fahmi M",
        "last": "Ito M",
        "pages": "104272",
        "volume": "81"
      },
      "evidence": "Two (NS7b and NS8) of five nonstructural proteins were specific for 2019-nCoV and its closely related species, BatCoV RaTG13 and Bat-SARS- like coronavirus (BAT-SL-CoVZXC21 and BAT-SL-CoVZC45).",
      "key": "2d44e75f3c8dd33087428b44b8ec12cf",
      "line": 44,
      "relation": "association",
      "source": 3,
      "target": 10
    },
    {
      "annotations": {
        "PublicationStatus": {
          "Published": true
        },
        "PublicationType": {
          "Research": true
        },
        "Section": {
          "Results": true
        }
      },
      "citation": {
        "authors": [
          "Fahmi M",
          "Ito M",
          "Kubota Y"
        ],
        "date": "2020-03-03",
        "db": "PubMed",
        "db_id": "32142938",
        "db_name": "Infection, genetics and evolution : journal of molecular epidemiology and evolutionary genetics in infectious diseases",
        "first": "Fahmi M",
        "last": "Ito M",
        "pages": "104272",
        "volume": "81"
      },
      "evidence": "Two (NS7b and NS8) of five nonstructural proteins were specific for 2019-nCoV and its closely related species, BatCoV RaTG13 and Bat-SARS- like coronavirus (BAT-SL-CoVZXC21 and BAT-SL-CoVZC45).",
      "key": "6211fbd843f337599bd0fe114527fd42",
      "line": 45,
      "relation": "association",
      "source": 3,
      "target": 11
    },
    {
      "annotations": {
        "PublicationStatus": {
          "Published": true
        },
        "PublicationType": {
          "Research": true
        },
        "Section": {
          "Results": true
        }
      },
      "citation": {
        "authors": [
          "Fahmi M",
          "Ito M",
          "Kubota Y"
        ],
        "date": "2020-03-03",
        "db": "PubMed",
        "db_id": "32142938",
        "db_name": "Infection, genetics and evolution : journal of molecular epidemiology and evolutionary genetics in infectious diseases",
        "first": "Fahmi M",
        "last": "Ito M",
        "pages": "104272",
        "volume": "81"
      },
      "evidence": "Two (NS7b and NS8) of five nonstructural proteins were specific for 2019-nCoV and its closely related species, BatCoV RaTG13 and Bat-SARS- like coronavirus (BAT-SL-CoVZXC21 and BAT-SL-CoVZC45).",
      "key": "5c845d49fc7dbd67b64cc8af28555fc9",
      "line": 45,
      "relation": "association",
      "source": 11,
      "target": 3
    },
    {
      "annotations": {
        "PublicationStatus": {
          "Published": true
        },
        "PublicationType": {
          "Research": true
        },
        "Section": {
          "Results": true
        }
      },
      "citation": {
        "authors": [
          "Fahmi M",
          "Ito M",
          "Kubota Y"
        ],
        "date": "2020-03-03",
        "db": "PubMed",
        "db_id": "32142938",
        "db_name": "Infection, genetics and evolution : journal of molecular epidemiology and evolutionary genetics in infectious diseases",
        "first": "Fahmi M",
        "last": "Ito M",
        "pages": "104272",
        "volume": "81"
      },
      "evidence": "Two (NS7b and NS8) of five nonstructural proteins were specific for 2019-nCoV and its closely related species, BatCoV RaTG13 and Bat-SARS- like coronavirus (BAT-SL-CoVZXC21 and BAT-SL-CoVZC45).",
      "key": "b1b5840f1831b17a4c119e31d3e1b10f",
      "line": 46,
      "relation": "association",
      "source": 11,
      "target": 1
    },
    {
      "annotations": {
        "PublicationStatus": {
          "Published": true
        },
        "PublicationType": {
          "Research": true
        },
        "Section": {
          "Results": true
        }
      },
      "citation": {
        "authors": [
          "Fahmi M",
          "Ito M",
          "Kubota Y"
        ],
        "date": "2020-03-03",
        "db": "PubMed",
        "db_id": "32142938",
        "db_name": "Infection, genetics and evolution : journal of molecular epidemiology and evolutionary genetics in infectious diseases",
        "first": "Fahmi M",
        "last": "Ito M",
        "pages": "104272",
        "volume": "81"
      },
      "evidence": "Two (NS7b and NS8) of five nonstructural proteins were specific for 2019-nCoV and its closely related species, BatCoV RaTG13 and Bat-SARS- like coronavirus (BAT-SL-CoVZXC21 and BAT-SL-CoVZC45).",
      "key": "398ade913668ffd9f4ef71cb56e0de80",
      "line": 49,
      "relation": "association",
      "source": 11,
      "target": 0
    },
    {
      "annotations": {
        "Custom_Disease": {
          "COVID-19": true
        },
        "PublicationStatus": {
          "Published": true
        },
        "PublicationType": {
          "Research": true
        },
        "Section": {
          "Results": true
        }
      },
      "citation": {
        "authors": [
          "Fahmi M",
          "Ito M",
          "Kubota Y"
        ],
        "date": "2020-03-03",
        "db": "PubMed",
        "db_id": "32142938",
        "db_name": "Infection, genetics and evolution : journal of molecular epidemiology and evolutionary genetics in infectious diseases",
        "first": "Fahmi M",
        "last": "Ito M",
        "pages": "104272",
        "volume": "81"
      },
      "evidence": "Thus, we speculate that the properties of the accessory proteins, NS7b and NS8, in 2019-nCoV may affect its ability to infect humans",
      "key": "27d6271bcd8ed6de22e7ac6be9e3fa14",
      "line": 112,
      "relation": "increases",
      "source": 11,
      "subject": {
        "modifier": "Activity"
      },
      "target": 6
    },
    {
      "annotations": {
        "PublicationStatus": {
          "Published": true
        },
        "PublicationType": {
          "Research": true
        },
        "Section": {
          "Results": true
        }
      },
      "citation": {
        "authors": [
          "Fahmi M",
          "Ito M",
          "Kubota Y"
        ],
        "date": "2020-03-03",
        "db": "PubMed",
        "db_id": "32142938",
        "db_name": "Infection, genetics and evolution : journal of molecular epidemiology and evolutionary genetics in infectious diseases",
        "first": "Fahmi M",
        "last": "Ito M",
        "pages": "104272",
        "volume": "81"
      },
      "evidence": "Two (NS7b and NS8) of five nonstructural proteins were specific for 2019-nCoV and its closely related species, BatCoV RaTG13 and Bat-SARS- like coronavirus (BAT-SL-CoVZXC21 and BAT-SL-CoVZC45).",
      "key": "acf1b89303fd39db7deee36e29a1f818",
      "line": 46,
      "relation": "association",
      "source": 1,
      "target": 11
    },
    {
      "annotations": {
        "PublicationStatus": {
          "Published": true
        },
        "PublicationType": {
          "Research": true
        },
        "Section": {
          "Results": true
        }
      },
      "citation": {
        "authors": [
          "Fahmi M",
          "Ito M",
          "Kubota Y"
        ],
        "date": "2020-03-03",
        "db": "PubMed",
        "db_id": "32142938",
        "db_name": "Infection, genetics and evolution : journal of molecular epidemiology and evolutionary genetics in infectious diseases",
        "first": "Fahmi M",
        "last": "Ito M",
        "pages": "104272",
        "volume": "81"
      },
      "evidence": "Two (NS7b and NS8) of five nonstructural proteins were specific for 2019-nCoV and its closely related species, BatCoV RaTG13 and Bat-SARS- like coronavirus (BAT-SL-CoVZXC21 and BAT-SL-CoVZC45).",
      "key": "497bb7ed4333ff16564c3c908f9d55ba",
      "line": 47,
      "relation": "association",
      "source": 1,
      "target": 10
    },
    {
      "annotations": {
        "PublicationStatus": {
          "Published": true
        },
        "PublicationType": {
          "Research": true
        },
        "Section": {
          "Results": true
        }
      },
      "citation": {
        "authors": [
          "Fahmi M",
          "Ito M",
          "Kubota Y"
        ],
        "date": "2020-03-03",
        "db": "PubMed",
        "db_id": "32142938",
        "db_name": "Infection, genetics and evolution : journal of molecular epidemiology and evolutionary genetics in infectious diseases",
        "first": "Fahmi M",
        "last": "Ito M",
        "pages": "104272",
        "volume": "81"
      },
      "evidence": "Two (NS7b and NS8) of five nonstructural proteins were specific for 2019-nCoV and its closely related species, BatCoV RaTG13 and Bat-SARS- like coronavirus (BAT-SL-CoVZXC21 and BAT-SL-CoVZC45).",
      "key": "b1eb16f6c8166ab79d02a54aebebd513",
      "line": 48,
      "relation": "association",
      "source": 0,
      "target": 10
    },
    {
      "annotations": {
        "PublicationStatus": {
          "Published": true
        },
        "PublicationType": {
          "Research": true
        },
        "Section": {
          "Results": true
        }
      },
      "citation": {
        "authors": [
          "Fahmi M",
          "Ito M",
          "Kubota Y"
        ],
        "date": "2020-03-03",
        "db": "PubMed",
        "db_id": "32142938",
        "db_name": "Infection, genetics and evolution : journal of molecular epidemiology and evolutionary genetics in infectious diseases",
        "first": "Fahmi M",
        "last": "Ito M",
        "pages": "104272",
        "volume": "81"
      },
      "evidence": "Two (NS7b and NS8) of five nonstructural proteins were specific for 2019-nCoV and its closely related species, BatCoV RaTG13 and Bat-SARS- like coronavirus (BAT-SL-CoVZXC21 and BAT-SL-CoVZC45).",
      "key": "bfef422da126f0a89e8d089807101792",
      "line": 49,
      "relation": "association",
      "source": 0,
      "target": 11
    },
    {
      "annotations": {
        "PublicationStatus": {
          "Published": true
        },
        "PublicationType": {
          "Research": true
        },
        "Section": {
          "Results": true
        }
      },
      "citation": {
        "authors": [
          "Fahmi M",
          "Ito M",
          "Kubota Y"
        ],
        "date": "2020-03-03",
        "db": "PubMed",
        "db_id": "32142938",
        "db_name": "Infection, genetics and evolution : journal of molecular epidemiology and evolutionary genetics in infectious diseases",
        "first": "Fahmi M",
        "last": "Ito M",
        "pages": "104272",
        "volume": "81"
      },
      "evidence": "The other three nonstructural proteins (NS3, NS6, and NS7a) were also detected in the SARS coronavirus.",
      "key": "5371e293234860cf6c572b0c17015802",
      "line": 54,
      "relation": "association",
      "source": 7,
      "target": 4
    },
    {
      "annotations": {
        "PublicationStatus": {
          "Published": true
        },
        "PublicationType": {
          "Research": true
        },
        "Section": {
          "Results": true
        }
      },
      "citation": {
        "authors": [
          "Fahmi M",
          "Ito M",
          "Kubota Y"
        ],
        "date": "2020-03-03",
        "db": "PubMed",
        "db_id": "32142938",
        "db_name": "Infection, genetics and evolution : journal of molecular epidemiology and evolutionary genetics in infectious diseases",
        "first": "Fahmi M",
        "last": "Ito M",
        "pages": "104272",
        "volume": "81"
      },
      "evidence": "The other three nonstructural proteins (NS3, NS6, and NS7a) were also detected in the SARS coronavirus.",
      "key": "d74292dd6053649fca08fde38f9ef998",
      "line": 54,
      "relation": "association",
      "source": 4,
      "target": 7
    },
    {
      "annotations": {
        "PublicationStatus": {
          "Published": true
        },
        "PublicationType": {
          "Research": true
        },
        "Section": {
          "Results": true
        }
      },
      "citation": {
        "authors": [
          "Fahmi M",
          "Ito M",
          "Kubota Y"
        ],
        "date": "2020-03-03",
        "db": "PubMed",
        "db_id": "32142938",
        "db_name": "Infection, genetics and evolution : journal of molecular epidemiology and evolutionary genetics in infectious diseases",
        "first": "Fahmi M",
        "last": "Ito M",
        "pages": "104272",
        "volume": "81"
      },
      "evidence": "The other three nonstructural proteins (NS3, NS6, and NS7a) were also detected in the SARS coronavirus.",
      "key": "e7cb3870448e22651dd0a59108342958",
      "line": 55,
      "relation": "association",
      "source": 4,
      "target": 8
    },
    {
      "annotations": {
        "PublicationStatus": {
          "Published": true
        },
        "PublicationType": {
          "Research": true
        },
        "Section": {
          "Results": true
        }
      },
      "citation": {
        "authors": [
          "Fahmi M",
          "Ito M",
          "Kubota Y"
        ],
        "date": "2020-03-03",
        "db": "PubMed",
        "db_id": "32142938",
        "db_name": "Infection, genetics and evolution : journal of molecular epidemiology and evolutionary genetics in infectious diseases",
        "first": "Fahmi M",
        "last": "Ito M",
        "pages": "104272",
        "volume": "81"
      },
      "evidence": "The other three nonstructural proteins (NS3, NS6, and NS7a) were also detected in the SARS coronavirus.",
      "key": "fe3303d7d86ebe86e20390fec6d2f6c3",
      "line": 56,
      "relation": "association",
      "source": 4,
      "target": 9
    },
    {
      "annotations": {
        "PublicationStatus": {
          "Published": true
        },
        "PublicationType": {
          "Research": true
        },
        "Section": {
          "Results": true
        }
      },
      "citation": {
        "authors": [
          "Fahmi M",
          "Ito M",
          "Kubota Y"
        ],
        "date": "2020-03-03",
        "db": "PubMed",
        "db_id": "32142938",
        "db_name": "Infection, genetics and evolution : journal of molecular epidemiology and evolutionary genetics in infectious diseases",
        "first": "Fahmi M",
        "last": "Ito M",
        "pages": "104272",
        "volume": "81"
      },
      "evidence": "Similarly, the existence of 29 nucleotide deletions in ORF 8b has been described in SARS-CoV (Oostra et al., 2007).",
      "key": "6f55d390c173cd8c348aa38e7bbe768a",
      "line": 70,
      "relation": "association",
      "source": 4,
      "target": 20
    },
    {
      "annotations": {
        "PublicationStatus": {
          "Published": true
        },
        "PublicationType": {
          "Research": true
        },
        "Section": {
          "Results": true
        }
      },
      "citation": {
        "authors": [
          "Fahmi M",
          "Ito M",
          "Kubota Y"
        ],
        "date": "2020-03-03",
        "db": "PubMed",
        "db_id": "32142938",
        "db_name": "Infection, genetics and evolution : journal of molecular epidemiology and evolutionary genetics in infectious diseases",
        "first": "Fahmi M",
        "last": "Ito M",
        "pages": "104272",
        "volume": "81"
      },
      "evidence": "Accessory proteins 8b and 8ab of SARS-CoV can suppress the INF-β signaling pathway (and thus interferon production) by their participation in the ubiquitin-mediated rapid degradation of INF regulatory factor 3 (IRF3) (Wong et al., 2018).",
      "key": "f03143251ae7aad44dacdfe92904b49b",
      "line": 86,
      "relation": "association",
      "source": 4,
      "target": 18
    },
    {
      "annotations": {
        "PublicationStatus": {
          "Published": true
        },
        "PublicationType": {
          "Research": true
        },
        "Section": {
          "Results": true
        }
      },
      "citation": {
        "authors": [
          "Fahmi M",
          "Ito M",
          "Kubota Y"
        ],
        "date": "2020-03-03",
        "db": "PubMed",
        "db_id": "32142938",
        "db_name": "Infection, genetics and evolution : journal of molecular epidemiology and evolutionary genetics in infectious diseases",
        "first": "Fahmi M",
        "last": "Ito M",
        "pages": "104272",
        "volume": "81"
      },
      "evidence": "Accessory proteins 8b and 8ab of SARS-CoV can suppress the INF-β signaling pathway (and thus interferon production) by their participation in the ubiquitin-mediated rapid degradation of INF regulatory factor 3 (IRF3) (Wong et al., 2018).",
      "key": "6d8bebf54bc8002a14a5bf692fc6a1f0",
      "line": 87,
      "relation": "association",
      "source": 4,
      "target": 17
    },
    {
      "annotations": {
        "PublicationStatus": {
          "Published": true
        },
        "PublicationType": {
          "Research": true
        },
        "Section": {
          "Results": true
        }
      },
      "citation": {
        "authors": [
          "Fahmi M",
          "Ito M",
          "Kubota Y"
        ],
        "date": "2020-03-03",
        "db": "PubMed",
        "db_id": "32142938",
        "db_name": "Infection, genetics and evolution : journal of molecular epidemiology and evolutionary genetics in infectious diseases",
        "first": "Fahmi M",
        "last": "Ito M",
        "pages": "104272",
        "volume": "81"
      },
      "evidence": "The other three nonstructural proteins (NS3, NS6, and NS7a) were also detected in the SARS coronavirus.",
      "key": "15668716df67ec9ca038d9684c537604",
      "line": 55,
      "relation": "association",
      "source": 8,
      "target": 4
    },
    {
      "annotations": {
        "PublicationStatus": {
          "Published": true
        },
        "PublicationType": {
          "Research": true
        },
        "Section": {
          "Results": true
        }
      },
      "citation": {
        "authors": [
          "Fahmi M",
          "Ito M",
          "Kubota Y"
        ],
        "date": "2020-03-03",
        "db": "PubMed",
        "db_id": "32142938",
        "db_name": "Infection, genetics and evolution : journal of molecular epidemiology and evolutionary genetics in infectious diseases",
        "first": "Fahmi M",
        "last": "Ito M",
        "pages": "104272",
        "volume": "81"
      },
      "evidence": "The other three nonstructural proteins (NS3, NS6, and NS7a) were also detected in the SARS coronavirus.",
      "key": "48526426903a87d0e4dba7fbf9652a14",
      "line": 56,
      "relation": "association",
      "source": 9,
      "target": 4
    },
    {
      "annotations": {
        "PublicationStatus": {
          "Published": true
        },
        "PublicationType": {
          "Research": true
        },
        "Section": {
          "Results": true
        }
      },
      "citation": {
        "authors": [
          "Fahmi M",
          "Ito M",
          "Kubota Y"
        ],
        "date": "2020-03-03",
        "db": "PubMed",
        "db_id": "32142938",
        "db_name": "Infection, genetics and evolution : journal of molecular epidemiology and evolutionary genetics in infectious diseases",
        "first": "Fahmi M",
        "last": "Ito M",
        "pages": "104272",
        "volume": "81"
      },
      "evidence": "Similarly, the existence of 29 nucleotide deletions in ORF 8b has been described in SARS-CoV (Oostra et al., 2007).",
      "key": "5eafe40aa7b6125ee1fae790028e0351",
      "line": 70,
      "relation": "association",
      "source": 20,
      "target": 4
    },
    {
      "key": "361a71f733bf3e31f44571dac472d1e3",
      "relation": "hasVariant",
      "source": 19,
      "target": 20
    },
    {
      "annotations": {
        "PublicationStatus": {
          "Published": true
        },
        "PublicationType": {
          "Research": true
        },
        "Section": {
          "Results": true
        }
      },
      "citation": {
        "authors": [
          "Fahmi M",
          "Ito M",
          "Kubota Y"
        ],
        "date": "2020-03-03",
        "db": "PubMed",
        "db_id": "32142938",
        "db_name": "Infection, genetics and evolution : journal of molecular epidemiology and evolutionary genetics in infectious diseases",
        "first": "Fahmi M",
        "last": "Ito M",
        "pages": "104272",
        "volume": "81"
      },
      "evidence": "A study involving MERS-CoV described that ORF 8b strongly antagonizes the INF-beta (β) promoter and ORF4b and 8b significantly suppress IFN induction (Lee et al., 2019b).",
      "key": "ab04116c7a804eb188902e3eced87ee9",
      "line": 76,
      "relation": "association",
      "source": 19,
      "target": 2
    },
    {
      "annotations": {
        "PublicationStatus": {
          "Published": true
        },
        "PublicationType": {
          "Research": true
        },
        "Section": {
          "Results": true
        }
      },
      "citation": {
        "authors": [
          "Fahmi M",
          "Ito M",
          "Kubota Y"
        ],
        "date": "2020-03-03",
        "db": "PubMed",
        "db_id": "32142938",
        "db_name": "Infection, genetics and evolution : journal of molecular epidemiology and evolutionary genetics in infectious diseases",
        "first": "Fahmi M",
        "last": "Ito M",
        "pages": "104272",
        "volume": "81"
      },
      "evidence": "A study involving MERS-CoV described that ORF 8b strongly antagonizes the INF-beta (β) promoter and ORF4b and 8b significantly suppress IFN induction (Lee et al., 2019b).",
      "key": "69607725e9c34de7bb92027e57fb253f",
      "line": 77,
      "relation": "decreases",
      "source": 19,
      "target": 13
    },
    {
      "annotations": {
        "PublicationStatus": {
          "Published": true
        },
        "PublicationType": {
          "Research": true
        },
        "Section": {
          "Results": true
        }
      },
      "citation": {
        "authors": [
          "Fahmi M",
          "Ito M",
          "Kubota Y"
        ],
        "date": "2020-03-03",
        "db": "PubMed",
        "db_id": "32142938",
        "db_name": "Infection, genetics and evolution : journal of molecular epidemiology and evolutionary genetics in infectious diseases",
        "first": "Fahmi M",
        "last": "Ito M",
        "pages": "104272",
        "volume": "81"
      },
      "evidence": "In contrast, when we focused on MERS-CoV from bats and camels, ORF 8b antagonized melanoma differentiation-associated protein 5-mediated nuclear factor kappa B (NF-κB) activation.",
      "key": "0f0df30e0dd1c85eb681b6eaa4cc6f29",
      "line": 97,
      "object": {
        "modifier": "Activity"
      },
      "relation": "decreases",
      "source": 19,
      "subject": {
        "modifier": "Activity"
      },
      "target": 12
    },
    {
      "annotations": {
        "PublicationStatus": {
          "Published": true
        },
        "PublicationType": {
          "Research": true
        },
        "Section": {
          "Results": true
        }
      },
      "citation": {
        "authors": [
          "Fahmi M",
          "Ito M",
          "Kubota Y"
        ],
        "date": "2020-03-03",
        "db": "PubMed",
        "db_id": "32142938",
        "db_name": "Infection, genetics and evolution : journal of molecular epidemiology and evolutionary genetics in infectious diseases",
        "first": "Fahmi M",
        "last": "Ito M",
        "pages": "104272",
        "volume": "81"
      },
      "evidence": "ORF 8b strongly inhibited TANK-binding kinase 1-mediated induction of NF-κB signaling, but not IκB kinase epsilon and IRF3-mediated activations (Lee et al., 2019a).",
      "key": "64aa657fc3866c3bc3dbe70fc2a6dd1b",
      "line": 104,
      "object": {
        "modifier": "Activity"
      },
      "relation": "decreases",
      "source": 19,
      "subject": {
        "modifier": "Activity"
      },
      "target": 15
    },
    {
      "annotations": {
        "PublicationStatus": {
          "Published": true
        },
        "PublicationType": {
          "Research": true
        },
        "Section": {
          "Results": true
        }
      },
      "citation": {
        "authors": [
          "Fahmi M",
          "Ito M",
          "Kubota Y"
        ],
        "date": "2020-03-03",
        "db": "PubMed",
        "db_id": "32142938",
        "db_name": "Infection, genetics and evolution : journal of molecular epidemiology and evolutionary genetics in infectious diseases",
        "first": "Fahmi M",
        "last": "Ito M",
        "pages": "104272",
        "volume": "81"
      },
      "evidence": "A study involving MERS-CoV described that ORF 8b strongly antagonizes the INF-beta (β) promoter and ORF4b and 8b significantly suppress IFN induction (Lee et al., 2019b).",
      "key": "18d57eb181f3d0899e7ba7c05bbef74e",
      "line": 76,
      "relation": "association",
      "source": 2,
      "target": 19
    },
    {
      "annotations": {
        "PublicationStatus": {
          "Published": true
        },
        "PublicationType": {
          "Research": true
        },
        "Section": {
          "Results": true
        }
      },
      "citation": {
        "authors": [
          "Fahmi M",
          "Ito M",
          "Kubota Y"
        ],
        "date": "2020-03-03",
        "db": "PubMed",
        "db_id": "32142938",
        "db_name": "Infection, genetics and evolution : journal of molecular epidemiology and evolutionary genetics in infectious diseases",
        "first": "Fahmi M",
        "last": "Ito M",
        "pages": "104272",
        "volume": "81"
      },
      "evidence": "A study involving MERS-CoV described that ORF 8b strongly antagonizes the INF-beta (β) promoter and ORF4b and 8b significantly suppress IFN induction (Lee et al., 2019b).",
      "key": "d49f6bd468c5fbe3835b0005505b1acf",
      "line": 78,
      "relation": "association",
      "source": 2,
      "target": 16
    },
    {
      "annotations": {
        "PublicationStatus": {
          "Published": true
        },
        "PublicationType": {
          "Research": true
        },
        "Section": {
          "Results": true
        }
      },
      "citation": {
        "authors": [
          "Fahmi M",
          "Ito M",
          "Kubota Y"
        ],
        "date": "2020-03-03",
        "db": "PubMed",
        "db_id": "32142938",
        "db_name": "Infection, genetics and evolution : journal of molecular epidemiology and evolutionary genetics in infectious diseases",
        "first": "Fahmi M",
        "last": "Ito M",
        "pages": "104272",
        "volume": "81"
      },
      "evidence": "A study involving MERS-CoV described that ORF 8b strongly antagonizes the INF-beta (β) promoter and ORF4b and 8b significantly suppress IFN induction (Lee et al., 2019b).",
      "key": "0d8ed121d29a4777dd32f94981cc58cc",
      "line": 78,
      "relation": "association",
      "source": 16,
      "target": 2
    },
    {
      "annotations": {
        "PublicationStatus": {
          "Published": true
        },
        "PublicationType": {
          "Research": true
        },
        "Section": {
          "Results": true
        }
      },
      "citation": {
        "authors": [
          "Fahmi M",
          "Ito M",
          "Kubota Y"
        ],
        "date": "2020-03-03",
        "db": "PubMed",
        "db_id": "32142938",
        "db_name": "Infection, genetics and evolution : journal of molecular epidemiology and evolutionary genetics in infectious diseases",
        "first": "Fahmi M",
        "last": "Ito M",
        "pages": "104272",
        "volume": "81"
      },
      "evidence": "A study involving MERS-CoV described that ORF 8b strongly antagonizes the INF-beta (β) promoter and ORF4b and 8b significantly suppress IFN induction (Lee et al., 2019b).",
      "key": "6aa6d79cdd5727e8630459ab8de59a95",
      "line": 79,
      "relation": "decreases",
      "source": 16,
      "target": 13
    },
    {
      "annotations": {
        "PublicationStatus": {
          "Published": true
        },
        "PublicationType": {
          "Research": true
        },
        "Section": {
          "Results": true
        }
      },
      "citation": {
        "authors": [
          "Fahmi M",
          "Ito M",
          "Kubota Y"
        ],
        "date": "2020-03-03",
        "db": "PubMed",
        "db_id": "32142938",
        "db_name": "Infection, genetics and evolution : journal of molecular epidemiology and evolutionary genetics in infectious diseases",
        "first": "Fahmi M",
        "last": "Ito M",
        "pages": "104272",
        "volume": "81"
      },
      "evidence": "Accessory proteins 8b and 8ab of SARS-CoV can suppress the INF-β signaling pathway (and thus interferon production) by their participation in the ubiquitin-mediated rapid degradation of INF regulatory factor 3 (IRF3) (Wong et al., 2018).",
      "key": "08b838daa80466e42bcc034b7f304122",
      "line": 86,
      "relation": "association",
      "source": 18,
      "target": 4
    },
    {
      "annotations": {
        "PublicationStatus": {
          "Published": true
        },
        "PublicationType": {
          "Research": true
        },
        "Section": {
          "Results": true
        }
      },
      "citation": {
        "authors": [
          "Fahmi M",
          "Ito M",
          "Kubota Y"
        ],
        "date": "2020-03-03",
        "db": "PubMed",
        "db_id": "32142938",
        "db_name": "Infection, genetics and evolution : journal of molecular epidemiology and evolutionary genetics in infectious diseases",
        "first": "Fahmi M",
        "last": "Ito M",
        "pages": "104272",
        "volume": "81"
      },
      "evidence": "Accessory proteins 8b and 8ab of SARS-CoV can suppress the INF-β signaling pathway (and thus interferon production) by their participation in the ubiquitin-mediated rapid degradation of INF regulatory factor 3 (IRF3) (Wong et al., 2018).",
      "key": "2b721d81e241bab82da46502510505a8",
      "line": 88,
      "relation": "decreases",
      "source": 18,
      "subject": {
        "modifier": "Activity"
      },
      "target": 14
    },
    {
      "annotations": {
        "PublicationStatus": {
          "Published": true
        },
        "PublicationType": {
          "Research": true
        },
        "Section": {
          "Results": true
        }
      },
      "citation": {
        "authors": [
          "Fahmi M",
          "Ito M",
          "Kubota Y"
        ],
        "date": "2020-03-03",
        "db": "PubMed",
        "db_id": "32142938",
        "db_name": "Infection, genetics and evolution : journal of molecular epidemiology and evolutionary genetics in infectious diseases",
        "first": "Fahmi M",
        "last": "Ito M",
        "pages": "104272",
        "volume": "81"
      },
      "evidence": "Accessory proteins 8b and 8ab of SARS-CoV can suppress the INF-β signaling pathway (and thus interferon production) by their participation in the ubiquitin-mediated rapid degradation of INF regulatory factor 3 (IRF3) (Wong et al., 2018).",
      "key": "acd42c81ddbcc26e9cc3cab5ea9751fe",
      "line": 87,
      "relation": "association",
      "source": 17,
      "target": 4
    },
    {
      "annotations": {
        "PublicationStatus": {
          "Published": true
        },
        "PublicationType": {
          "Research": true
        },
        "Section": {
          "Results": true
        }
      },
      "citation": {
        "authors": [
          "Fahmi M",
          "Ito M",
          "Kubota Y"
        ],
        "date": "2020-03-03",
        "db": "PubMed",
        "db_id": "32142938",
        "db_name": "Infection, genetics and evolution : journal of molecular epidemiology and evolutionary genetics in infectious diseases",
        "first": "Fahmi M",
        "last": "Ito M",
        "pages": "104272",
        "volume": "81"
      },
      "evidence": "Accessory proteins 8b and 8ab of SARS-CoV can suppress the INF-β signaling pathway (and thus interferon production) by their participation in the ubiquitin-mediated rapid degradation of INF regulatory factor 3 (IRF3) (Wong et al., 2018).",
      "key": "6cd1fd3e189d6bc5986beb3df18a9419",
      "line": 89,
      "relation": "decreases",
      "source": 17,
      "subject": {
        "modifier": "Activity"
      },
      "target": 14
    },
    {
      "annotations": {
        "PublicationStatus": {
          "Published": true
        },
        "PublicationType": {
          "Research": true
        },
        "Section": {
          "Results": true
        }
      },
      "citation": {
        "authors": [
          "Fahmi M",
          "Ito M",
          "Kubota Y"
        ],
        "date": "2020-03-03",
        "db": "PubMed",
        "db_id": "32142938",
        "db_name": "Infection, genetics and evolution : journal of molecular epidemiology and evolutionary genetics in infectious diseases",
        "first": "Fahmi M",
        "last": "Ito M",
        "pages": "104272",
        "volume": "81"
      },
      "evidence": "Accessory proteins 8b and 8ab of SARS-CoV can suppress the INF-β signaling pathway (and thus interferon production) by their participation in the ubiquitin-mediated rapid degradation of INF regulatory factor 3 (IRF3) (Wong et al., 2018).",
      "key": "c4385d6b25b9e6ed4aa6ec714eebbd83",
      "line": 90,
      "relation": "increases",
      "source": 14,
      "subject": {
        "modifier": "Activity"
      },
      "target": 5
    },
    {
      "annotations": {
        "PublicationStatus": {
          "Published": true
        },
        "PublicationType": {
          "Research": true
        },
        "Section": {
          "Results": true
        }
      },
      "citation": {
        "authors": [
          "Fahmi M",
          "Ito M",
          "Kubota Y"
        ],
        "date": "2020-03-03",
        "db": "PubMed",
        "db_id": "32142938",
        "db_name": "Infection, genetics and evolution : journal of molecular epidemiology and evolutionary genetics in infectious diseases",
        "first": "Fahmi M",
        "last": "Ito M",
        "pages": "104272",
        "volume": "81"
      },
      "evidence": "Accessory proteins 8b and 8ab of SARS-CoV can suppress the INF-β signaling pathway (and thus interferon production) by their participation in the ubiquitin-mediated rapid degradation of INF regulatory factor 3 (IRF3) (Wong et al., 2018).",
      "key": "92b07c446d653cebccd46ffabb3c2a43",
      "line": 91,
      "relation": "increases",
      "source": 5,
      "target": 13
    },
    {
      "annotations": {
        "PublicationStatus": {
          "Published": true
        },
        "PublicationType": {
          "Research": true
        },
        "Section": {
          "Results": true
        }
      },
      "citation": {
        "authors": [
          "Fahmi M",
          "Ito M",
          "Kubota Y"
        ],
        "date": "2020-03-03",
        "db": "PubMed",
        "db_id": "32142938",
        "db_name": "Infection, genetics and evolution : journal of molecular epidemiology and evolutionary genetics in infectious diseases",
        "first": "Fahmi M",
        "last": "Ito M",
        "pages": "104272",
        "volume": "81"
      },
      "evidence": "ORF 8b strongly inhibited TANK-binding kinase 1-mediated induction of NF-κB signaling, but not IκB kinase epsilon and IRF3-mediated activations (Lee et al., 2019a).",
      "key": "7a9ca110bffcf54c7fb18b5af6ee2a37",
      "line": 105,
      "object": {
        "modifier": "Activity"
      },
      "relation": "increases",
      "source": 15,
      "subject": {
        "modifier": "Activity"
      },
      "target": 12
    }
  ],
  "multigraph": true,
  "nodes": [
    {
      "bel": "a(TAX:\"Bat SARS-like coronavirus\")",
      "concept": {
        "name": "Bat SARS-like coronavirus",
        "namespace": "TAX"
      },
      "function": "Abundance",
      "id": "8a2211c1299a0685dd05d4624414c897"
    },
    {
      "bel": "a(TAX:\"Bat coronavirus RaTG13\")",
      "concept": {
        "name": "Bat coronavirus RaTG13",
        "namespace": "TAX"
      },
      "function": "Abundance",
      "id": "34bf4ef7d0bdaef2d044927fa27569ac"
    },
    {
      "bel": "a(TAX:\"Middle East respiratory syndrome-related coronavirus\")",
      "concept": {
        "name": "Middle East respiratory syndrome-related coronavirus",
        "namespace": "TAX"
      },
      "function": "Abundance",
      "id": "f954d5cc971a29c7e7089ca32a056914"
    },
    {
      "bel": "a(TAX:\"Severe acute respiratory syndrome coronavirus 2\")",
      "concept": {
        "name": "Severe acute respiratory syndrome coronavirus 2",
        "namespace": "TAX"
      },
      "function": "Abundance",
      "id": "c41851da59cc36c21b2e8acf24c1f46d"
    },
    {
      "bel": "a(TAX:\"Severe acute respiratory syndrome-related coronavirus\")",
      "concept": {
        "name": "Severe acute respiratory syndrome-related coronavirus",
        "namespace": "TAX"
      },
      "function": "Abundance",
      "id": "a824ba056422b4e42996cd3269ec9a19"
    },
    {
      "bel": "bp(GO:\"type I interferon signaling pathway\")",
      "concept": {
        "name": "type I interferon signaling pathway",
        "namespace": "GO"
      },
      "function": "BiologicalProcess",
      "id": "406286e395b45174d29b736d24d28382"
    },
    {
      "bel": "bp(MESH:Virulence)",
      "concept": {
        "name": "Virulence",
        "namespace": "MESH"
      },
      "function": "BiologicalProcess",
      "id": "ea34a3ed799169801c871aed04595a45"
    },
    {
      "bel": "p(COVID:NS3)",
      "concept": {
        "name": "NS3",
        "namespace": "COVID"
      },
      "function": "Protein",
      "id": "c06c831eb2fc49f95a27ad323317d7a2"
    },
    {
      "bel": "p(COVID:NS6)",
      "concept": {
        "name": "NS6",
        "namespace": "COVID"
      },
      "function": "Protein",
      "id": "80ca6399ecf30b726c64c18aae87d248"
    },
    {
      "bel": "p(COVID:NS7a)",
      "concept": {
        "name": "NS7a",
        "namespace": "COVID"
      },
      "function": "Protein",
      "id": "c1e0751fba1bfa2597dc444df1048141"
    },
    {
      "bel": "p(COVID:NS7b)",
      "concept": {
        "name": "NS7b",
        "namespace": "COVID"
      },
      "function": "Protein",
      "id": "6d28091b24c3c492a1e5c9adf9d2bf0a"
    },
    {
      "bel": "p(COVID:NS8)",
      "concept": {
        "name": "NS8",
        "namespace": "COVID"
      },
      "function": "Protein",
      "id": "9d5b8a1ce5e0746e13b7a8c5830978ef"
    },
    {
      "bel": "p(GFAM:\"NF-kappa B complex subunits\")",
      "concept": {
        "name": "NF-kappa B complex subunits",
        "namespace": "GFAM"
      },
      "function": "Protein",
      "id": "b80c67723c18965267a42193c54bd23b"
    },
    {
      "bel": "p(GFAM:Interferons)",
      "concept": {
        "name": "Interferons",
        "namespace": "GFAM"
      },
      "function": "Protein",
      "id": "eeb1192057caff87cd9ce4c144f409da"
    },
    {
      "bel": "p(HGNC:IRF3)",
      "concept": {
        "name": "IRF3",
        "namespace": "HGNC"
      },
      "function": "Protein",
      "id": "897eff5dfdc1e9477decd386f7648733"
    },
    {
      "bel": "p(HGNC:TBK1)",
      "concept": {
        "name": "TBK1",
        "namespace": "HGNC"
      },
      "function": "Protein",
      "id": "23fc9956fab807934042c65b055af556"
    },
    {
      "bel": "p(UNIPROT:A0A0D3MU52)",
      "concept": {
        "name": "A0A0D3MU52",
        "namespace": "UNIPROT"
      },
      "function": "Protein",
      "id": "dbd88a525b950539651f9a92e7667e8a"
    },
    {
      "bel": "p(UNIPROT:Q19QW2)",
      "concept": {
        "name": "Q19QW2",
        "namespace": "UNIPROT"
      },
      "function": "Protein",
      "id": "1deeab89a2fed580da65a1a337342726"
    },
    {
      "bel": "p(UNIPROT:Q6S8E2)",
      "concept": {
        "name": "Q6S8E2",
        "namespace": "UNIPROT"
      },
      "function": "Protein",
      "id": "84de7ea3ee68f26128e688fde5d3455a"
    },
    {
      "bel": "p(UNIPROT:R9UNW8)",
      "concept": {
        "name": "R9UNW8",
        "namespace": "UNIPROT"
      },
      "function": "Protein",
      "id": "b5b78490b469b2000f841241f29bada1"
    },
    {
      "bel": "p(UNIPROT:R9UNW8, var(\"?\"))",
      "concept": {
        "name": "R9UNW8",
        "namespace": "UNIPROT"
      },
      "function": "Protein",
      "id": "6cf3bab8673c1ee2c29897c9a290e38d",
      "variants": [
        {
          "hgvs": "?",
          "kind": "hgvs"
        }
      ]
    }
  ]
}