{
  "directed": true,
  "graph": {
    "annotation_list": {
      "Custom_CellLine": [
        "TMPRSS2-293T cells",
        "Vero-TMPRSS2 cells"
      ],
      "PublicationStatus": [
        "Published"
      ],
      "PublicationType": [
        "Research"
      ],
      "Section": [
        "Results"
      ]
    },
    "annotation_pattern": {},
    "annotation_url": {
      "CellLine": "https://arty.scai.fraunhofer.de/artifactory/bel/annotation/cell-line/cell-line-20190128.belanno"
    },
    "document_metadata": {
      "authors": "Priya S",
      "contact": "priya@causalitybiomodels.com",
      "copyright": "Copyright © 2020 Fraunhofer Institute SCAI, All rights reserved",
      "description": "COVID Knowledge Curation project",
      "licenses": "Private Ownership to Fraunhofer Institute SCAI",
      "name": "32142651.bel",
      "version": "2.0.0"
    },
    "namespace_pattern": {
      "UNIPROT": "^([A-N,R-Z][0-9]([A-Z][A-Z, 0-9][A-Z, 0-9][0-9]){1,2})|([O,P,Q][0-9][A-Z, 0-9][A-Z, 0-9][A-Z, 0-9][0-9])(\\.\\d+)?$"
    },
    "namespace_url": {
      "CHEBI": "https://arty.scai.fraunhofer.de/artifactory/bel/namespace/chebi/chebi-20190708.belns",
      "COVID": "https://arty.scai.fraunhofer.de/artifactory/bel/namespace/ncbi-covid19/ncbi-covid19-20200326.belns",
      "DO": "https://arty.scai.fraunhofer.de/artifactory/bel/namespace/disease-ontology/disease-ontology-20200407.belns",
      "HGNC": "https://arty.scai.fraunhofer.de/artifactory/bel/namespace/hgnc/hgnc-20190708.belns",
      "MESH": "https://arty.scai.fraunhofer.de/artifactory/bel/namespace/mesh/mesh-names-20181007.belns",
      "TAX": "https://arty.scai.fraunhofer.de/artifactory/bel/namespace/ncbi-taxonomy/ncbi-taxonomy-20200322.belns"
    },
    "path": "32142651.bel",
    "pybel_version": "0.14.6"
  },
  "links": [
    {
      "annotations": {
        "CellLine": {
          "BHK-21 cell": true
        },
        "PublicationStatus": {
          "Published": true
        },
        "PublicationType": {
          "Research": true
        },
        "Section": {
          "Results": true
        }
      },
      "citation": {
        "authors": [
          "Drosten C",
          "Erichsen S",
          "Herrler G",
          "Herrler T",
          "Hoffmann M",
          "Kleine-Weber H",
          "Krüger N",
          "Müller MA",
          "Nitsche A",
          "Pöhlmann S",
          "Schiergens TS",
          "Schroeder S",
          "Wu NH"
        ],
        "date": "2020-03-04",
        "db": "PubMed",
        "db_id": "32142651",
        "db_name": "Cell",
        "first": "Hoffmann M",
        "last": "Pöhlmann S"
      },
      "evidence": "In agreement with these findings, directed expression of human and bat (Rhinolophus alcyone) ACE2 but not human DPP4, the entry receptor used by MERS-CoV (Raj et al., 2013), or human APN, the entry receptor used by HCoV-229E (Yeager et al.,1992), allowed SARS-2-S- and SARS-S-driven entry into otherwise non-susceptible BHK-21 cells (Figure 3A).",
      "key": "faa36bd1939e1fe78a87209407d1540e",
      "line": 54,
      "relation": "regulates",
      "source": 10,
      "target": 4
    },
    {
      "key": "7be9d1a0a8b10dc5110bce2823a7309a",
      "relation": "partOf",
      "source": 4,
      "target": 10
    },
    {
      "key": "7a9d0c7738de613ccb62b571c0c454f8",
      "relation": "partOf",
      "source": 22,
      "target": 10
    },
    {
      "annotations": {
        "CellLine": {
          "BHK-21 cell": true
        },
        "PublicationStatus": {
          "Published": true
        },
        "PublicationType": {
          "Research": true
        },
        "Section": {
          "Results": true
        }
      },
      "citation": {
        "authors": [
          "Drosten C",
          "Erichsen S",
          "Herrler G",
          "Herrler T",
          "Hoffmann M",
          "Kleine-Weber H",
          "Krüger N",
          "Müller MA",
          "Nitsche A",
          "Pöhlmann S",
          "Schiergens TS",
          "Schroeder S",
          "Wu NH"
        ],
        "date": "2020-03-04",
        "db": "PubMed",
        "db_id": "32142651",
        "db_name": "Cell",
        "first": "Hoffmann M",
        "last": "Pöhlmann S"
      },
      "evidence": "In agreement with these findings, directed expression of human and bat (Rhinolophus alcyone) ACE2 but not human DPP4, the entry receptor used by MERS-CoV (Raj et al., 2013), or human APN, the entry receptor used by HCoV-229E (Yeager et al.,1992), allowed SARS-2-S- and SARS-S-driven entry into otherwise non-susceptible BHK-21 cells (Figure 3A).",
      "key": "7dac9b752d1cb51d51b9e7edaf12b8e8",
      "line": 55,
      "relation": "regulates",
      "source": 11,
      "target": 5
    },
    {
      "key": "ddc7a3177ebacf5607d34958b26d1f1a",
      "relation": "partOf",
      "source": 5,
      "target": 11
    },
    {
      "key": "a6f168ac0d8ee44e0e25b6c9b9f5f1cc",
      "relation": "partOf",
      "source": 19,
      "target": 11
    },
    {
      "annotations": {
        "CellLine": {
          "BHK-21 cell": true
        },
        "PublicationStatus": {
          "Published": true
        },
        "PublicationType": {
          "Research": true
        },
        "Section": {
          "Results": true
        }
      },
      "citation": {
        "authors": [
          "Drosten C",
          "Erichsen S",
          "Herrler G",
          "Herrler T",
          "Hoffmann M",
          "Kleine-Weber H",
          "Krüger N",
          "Müller MA",
          "Nitsche A",
          "Pöhlmann S",
          "Schiergens TS",
          "Schroeder S",
          "Wu NH"
        ],
        "date": "2020-03-04",
        "db": "PubMed",
        "db_id": "32142651",
        "db_name": "Cell",
        "first": "Hoffmann M",
        "last": "Pöhlmann S"
      },
      "evidence": "In agreement with these findings, directed expression of human and bat (Rhinolophus alcyone) ACE2 but not human DPP4, the entry receptor used by MERS-CoV (Raj et al., 2013), or human APN, the entry receptor used by HCoV-229E (Yeager et al.,1992), allowed SARS-2-S- and SARS-S-driven entry into otherwise non-susceptible BHK-21 cells (Figure 3A).",
      "key": "b649115a604c39efeefa3d8293383a7d",
      "line": 56,
      "relation": "regulates",
      "source": 13,
      "target": 17
    },
    {
      "key": "cc2d182e46a7afcbe8de0b32b4f87ed1",
      "relation": "partOf",
      "source": 17,
      "target": 13
    },
    {
      "annotations": {
        "CellLine": {
          "BHK-21 cell": true
        },
        "PublicationStatus": {
          "Published": true
        },
        "PublicationType": {
          "Research": true
        },
        "Section": {
          "Results": true
        }
      },
      "citation": {
        "authors": [
          "Drosten C",
          "Erichsen S",
          "Herrler G",
          "Herrler T",
          "Hoffmann M",
          "Kleine-Weber H",
          "Krüger N",
          "Müller MA",
          "Nitsche A",
          "Pöhlmann S",
          "Schiergens TS",
          "Schroeder S",
          "Wu NH"
        ],
        "date": "2020-03-04",
        "db": "PubMed",
        "db_id": "32142651",
        "db_name": "Cell",
        "first": "Hoffmann M",
        "last": "Pöhlmann S"
      },
      "evidence": "In agreement with these findings, directed expression of human and bat (Rhinolophus alcyone) ACE2 but not human DPP4, the entry receptor used by MERS-CoV (Raj et al., 2013), or human APN, the entry receptor used by HCoV-229E (Yeager et al.,1992), allowed SARS-2-S- and SARS-S-driven entry into otherwise non-susceptible BHK-21 cells (Figure 3A).",
      "key": "52c52792c2d794842fa1a887ba6a261b",
      "line": 57,
      "relation": "association",
      "source": 17,
      "target": 6
    },
    {
      "annotations": {
        "CellLine": {
          "Vero cell": true
        },
        "PublicationStatus": {
          "Published": true
        },
        "PublicationType": {
          "Research": true
        },
        "Section": {
          "Results": true
        }
      },
      "citation": {
        "authors": [
          "Drosten C",
          "Erichsen S",
          "Herrler G",
          "Herrler T",
          "Hoffmann M",
          "Kleine-Weber H",
          "Krüger N",
          "Müller MA",
          "Nitsche A",
          "Pöhlmann S",
          "Schiergens TS",
          "Schroeder S",
          "Wu NH"
        ],
        "date": "2020-03-04",
        "db": "PubMed",
        "db_id": "32142651",
        "db_name": "Cell",
        "first": "Hoffmann M",
        "last": "Pöhlmann S"
      },
      "evidence": "Moreover, antiserum raised against human ACE2 blocked SARS-S- and SARS-2-S- but not VSV-G- or MERS-S-driven entry (Figure 3B).",
      "key": "94278861807c69770798a0226e3fdbeb",
      "line": 66,
      "object": {
        "modifier": "Activity"
      },
      "relation": "positiveCorrelation",
      "source": 17,
      "target": 18
    },
    {
      "key": "ae9cecdc15557718fdf10f0ace7afad0",
      "relation": "partOf",
      "source": 17,
      "target": 14
    },
    {
      "key": "fea663aecf11eb7d6b213612a2638fef",
      "relation": "partOf",
      "source": 17,
      "target": 15
    },
    {
      "key": "41fbb539d7b3b9276fdc1d5882038971",
      "relation": "partOf",
      "source": 17,
      "target": 16
    },
    {
      "key": "1db03b2523b3b2cd2b465edf9382bc2a",
      "relation": "partOf",
      "source": 18,
      "target": 13
    },
    {
      "key": "86c950cb91eab5607da90ef95f31af9e",
      "relation": "partOf",
      "source": 18,
      "target": 12
    },
    {
      "annotations": {
        "CellLine": {
          "Vero cell": true
        },
        "PublicationStatus": {
          "Published": true
        },
        "PublicationType": {
          "Research": true
        },
        "Section": {
          "Results": true
        }
      },
      "citation": {
        "authors": [
          "Drosten C",
          "Erichsen S",
          "Herrler G",
          "Herrler T",
          "Hoffmann M",
          "Kleine-Weber H",
          "Krüger N",
          "Müller MA",
          "Nitsche A",
          "Pöhlmann S",
          "Schiergens TS",
          "Schroeder S",
          "Wu NH"
        ],
        "date": "2020-03-04",
        "db": "PubMed",
        "db_id": "32142651",
        "db_name": "Cell",
        "first": "Hoffmann M",
        "last": "Pöhlmann S"
      },
      "evidence": "Moreover, antiserum raised against human ACE2 blocked SARS-S- and SARS-2-S- but not VSV-G- or MERS-S-driven entry (Figure 3B).",
      "key": "ab1765a720128cd7ede7e634c3fdb2cb",
      "line": 65,
      "relation": "positiveCorrelation",
      "source": 18,
      "subject": {
        "modifier": "Activity"
      },
      "target": 7
    },
    {
      "annotations": {
        "CellLine": {
          "Vero cell": true
        },
        "PublicationStatus": {
          "Published": true
        },
        "PublicationType": {
          "Research": true
        },
        "Section": {
          "Results": true
        }
      },
      "citation": {
        "authors": [
          "Drosten C",
          "Erichsen S",
          "Herrler G",
          "Herrler T",
          "Hoffmann M",
          "Kleine-Weber H",
          "Krüger N",
          "Müller MA",
          "Nitsche A",
          "Pöhlmann S",
          "Schiergens TS",
          "Schroeder S",
          "Wu NH"
        ],
        "date": "2020-03-04",
        "db": "PubMed",
        "db_id": "32142651",
        "db_name": "Cell",
        "first": "Hoffmann M",
        "last": "Pöhlmann S"
      },
      "evidence": "Moreover, antiserum raised against human ACE2 blocked SARS-S- and SARS-2-S- but not VSV-G- or MERS-S-driven entry (Figure 3B).",
      "key": "825e985b1dbf546fd73461aeb31d9e08",
      "line": 66,
      "relation": "positiveCorrelation",
      "source": 18,
      "subject": {
        "modifier": "Activity"
      },
      "target": 17
    },
    {
      "annotations": {
        "CellLine": {
          "BHK-21 cell": true
        },
        "PublicationStatus": {
          "Published": true
        },
        "PublicationType": {
          "Research": true
        },
        "Section": {
          "Results": true
        }
      },
      "citation": {
        "authors": [
          "Drosten C",
          "Erichsen S",
          "Herrler G",
          "Herrler T",
          "Hoffmann M",
          "Kleine-Weber H",
          "Krüger N",
          "Müller MA",
          "Nitsche A",
          "Pöhlmann S",
          "Schiergens TS",
          "Schroeder S",
          "Wu NH"
        ],
        "date": "2020-03-04",
        "db": "PubMed",
        "db_id": "32142651",
        "db_name": "Cell",
        "first": "Hoffmann M",
        "last": "Pöhlmann S"
      },
      "evidence": "In agreement with these findings, directed expression of human and bat (Rhinolophus alcyone) ACE2 but not human DPP4, the entry receptor used by MERS-CoV (Raj et al., 2013), or human APN, the entry receptor used by HCoV-229E (Yeager et al.,1992), allowed SARS-2-S- and SARS-S-driven entry into otherwise non-susceptible BHK-21 cells (Figure 3A).",
      "key": "5364d78695f9b1053ba1a2be1d3a9795",
      "line": 57,
      "relation": "association",
      "source": 6,
      "target": 17
    },
    {
      "annotations": {
        "CellLine": {
          "BHK-21 cell": true
        },
        "PublicationStatus": {
          "Published": true
        },
        "PublicationType": {
          "Research": true
        },
        "Section": {
          "Results": true
        }
      },
      "citation": {
        "authors": [
          "Drosten C",
          "Erichsen S",
          "Herrler G",
          "Herrler T",
          "Hoffmann M",
          "Kleine-Weber H",
          "Krüger N",
          "Müller MA",
          "Nitsche A",
          "Pöhlmann S",
          "Schiergens TS",
          "Schroeder S",
          "Wu NH"
        ],
        "date": "2020-03-04",
        "db": "PubMed",
        "db_id": "32142651",
        "db_name": "Cell",
        "first": "Hoffmann M",
        "last": "Pöhlmann S"
      },
      "evidence": "In agreement with these findings, directed expression of human and bat (Rhinolophus alcyone) ACE2 but not human DPP4, the entry receptor used by MERS-CoV (Raj et al., 2013), or human APN, the entry receptor used by HCoV-229E (Yeager et al.,1992), allowed SARS-2-S- and SARS-S-driven entry into otherwise non-susceptible BHK-21 cells (Figure 3A).",
      "key": "1e3e7f35f229154ef482506dcae03a76",
      "line": 58,
      "relation": "regulates",
      "source": 12,
      "target": 7
    },
    {
      "key": "adef1fc1d0a3bda66f43300ec65f306c",
      "relation": "partOf",
      "source": 7,
      "target": 12
    },
    {
      "annotations": {
        "CellLine": {
          "Vero cell": true
        },
        "PublicationStatus": {
          "Published": true
        },
        "PublicationType": {
          "Research": true
        },
        "Section": {
          "Results": true
        }
      },
      "citation": {
        "authors": [
          "Drosten C",
          "Erichsen S",
          "Herrler G",
          "Herrler T",
          "Hoffmann M",
          "Kleine-Weber H",
          "Krüger N",
          "Müller MA",
          "Nitsche A",
          "Pöhlmann S",
          "Schiergens TS",
          "Schroeder S",
          "Wu NH"
        ],
        "date": "2020-03-04",
        "db": "PubMed",
        "db_id": "32142651",
        "db_name": "Cell",
        "first": "Hoffmann M",
        "last": "Pöhlmann S"
      },
      "evidence": "Moreover, antiserum raised against human ACE2 blocked SARS-S- and SARS-2-S- but not VSV-G- or MERS-S-driven entry (Figure 3B).",
      "key": "618b7a903eaa9cdbb06590c525b37241",
      "line": 65,
      "object": {
        "modifier": "Activity"
      },
      "relation": "positiveCorrelation",
      "source": 7,
      "target": 18
    },
    {
      "annotations": {
        "CellLine": {
          "Caco-2 cell": true
        },
        "Custom_CellLine": {
          "TMPRSS2-293T cells": true
        },
        "PublicationStatus": {
          "Published": true
        },
        "PublicationType": {
          "Research": true
        },
        "Section": {
          "Results": true
        }
      },
      "citation": {
        "authors": [
          "Drosten C",
          "Erichsen S",
          "Herrler G",
          "Herrler T",
          "Hoffmann M",
          "Kleine-Weber H",
          "Krüger N",
          "Müller MA",
          "Nitsche A",
          "Pöhlmann S",
          "Schiergens TS",
          "Schroeder S",
          "Wu NH"
        ],
        "date": "2020-03-04",
        "db": "PubMed",
        "db_id": "32142651",
        "db_name": "Cell",
        "first": "Hoffmann M",
        "last": "Pöhlmann S"
      },
      "evidence": "Ammonium chloride blocked VSV-G-dependent entry into both cell lines whereas entry driven by Nipah virus F and G proteins was not affected (Figure S3A; data not shown), consistent with Nipah virus but not VSV being able to fuse directly with the plasma membrane (Bossart et al., 2002).",
      "key": "ce521013e27301998373f958aacd2109",
      "line": 77,
      "relation": "decreases",
      "source": 0,
      "target": 9
    },
    {
      "annotations": {
        "Custom_CellLine": {
          "TMPRSS2-293T cells": true
        },
        "PublicationStatus": {
          "Published": true
        },
        "PublicationType": {
          "Research": true
        },
        "Section": {
          "Results": true
        }
      },
      "citation": {
        "authors": [
          "Drosten C",
          "Erichsen S",
          "Herrler G",
          "Herrler T",
          "Hoffmann M",
          "Kleine-Weber H",
          "Krüger N",
          "Müller MA",
          "Nitsche A",
          "Pöhlmann S",
          "Schiergens TS",
          "Schroeder S",
          "Wu NH"
        ],
        "date": "2020-03-04",
        "db": "PubMed",
        "db_id": "32142651",
        "db_name": "Cell",
        "first": "Hoffmann M",
        "last": "Pöhlmann S"
      },
      "evidence": "Ammonium chloride treatment strongly inhibited SARS-2-S- and SARS-S- driven entry into TMPRSS2-293T cells (Figure S3 A), suggesting CatB/L dependence.",
      "key": "8531847bb63048a44bcf623e31b8af6c",
      "line": 86,
      "relation": "decreases",
      "source": 0,
      "target": 13
    },
    {
      "annotations": {
        "Custom_CellLine": {
          "TMPRSS2-293T cells": true
        },
        "PublicationStatus": {
          "Published": true
        },
        "PublicationType": {
          "Research": true
        },
        "Section": {
          "Results": true
        }
      },
      "citation": {
        "authors": [
          "Drosten C",
          "Erichsen S",
          "Herrler G",
          "Herrler T",
          "Hoffmann M",
          "Kleine-Weber H",
          "Krüger N",
          "Müller MA",
          "Nitsche A",
          "Pöhlmann S",
          "Schiergens TS",
          "Schroeder S",
          "Wu NH"
        ],
        "date": "2020-03-04",
        "db": "PubMed",
        "db_id": "32142651",
        "db_name": "Cell",
        "first": "Hoffmann M",
        "last": "Pöhlmann S"
      },
      "evidence": "Ammonium chloride treatment strongly inhibited SARS-2-S- and SARS-S- driven entry into TMPRSS2-293T cells (Figure S3 A), suggesting CatB/L dependence.",
      "key": "9fbc102da71a03bfe2f0bb76c982f9fd",
      "line": 87,
      "relation": "decreases",
      "source": 0,
      "target": 12
    },
    {
      "key": "88a941097dbf0ce2559b5bc8f3f1bb13",
      "relation": "partOf",
      "source": 3,
      "target": 9
    },
    {
      "key": "6f28e139b611f8815c16fe246ea422be",
      "relation": "partOf",
      "source": 23,
      "target": 9
    },
    {
      "key": "89d24f5366745ac94c400e7b45222dee",
      "relation": "partOf",
      "source": 23,
      "target": 8
    },
    {
      "key": "86d4023919c212f4e5bb8d5a53c00cfe",
      "relation": "partOf",
      "source": 23,
      "target": 16
    },
    {
      "annotations": {
        "CellLine": {
          "Caco-2 cell": true
        },
        "Custom_CellLine": {
          "Vero-TMPRSS2 cells": true
        },
        "PublicationStatus": {
          "Published": true
        },
        "PublicationType": {
          "Research": true
        },
        "Section": {
          "Results": true
        }
      },
      "citation": {
        "authors": [
          "Drosten C",
          "Erichsen S",
          "Herrler G",
          "Herrler T",
          "Hoffmann M",
          "Kleine-Weber H",
          "Krüger N",
          "Müller MA",
          "Nitsche A",
          "Pöhlmann S",
          "Schiergens TS",
          "Schroeder S",
          "Wu NH"
        ],
        "date": "2020-03-04",
        "db": "PubMed",
        "db_id": "32142651",
        "db_name": "Cell",
        "first": "Hoffmann M",
        "last": "Pöhlmann S"
      },
      "evidence": "Indeed, the clinically proven serine protease inhibitor camostat mesylate, which is active against TMPRSS2 (Kawase et al., 2012), partially blocked SARS-2-S-driven entry into Caco-2 (Figure S3 B) and Vero-TMPRSS2 cells (Figure 4A).",
      "key": "c67916ace866182bafeb2fad39718cf4",
      "line": 97,
      "object": {
        "modifier": "Activity"
      },
      "relation": "decreases",
      "source": 2,
      "target": 23
    },
    {
      "key": "0375bf221a04ed63964197ef2d2cd005",
      "relation": "partOf",
      "source": 2,
      "target": 8
    },
    {
      "annotations": {
        "Custom_CellLine": {
          "Vero-TMPRSS2 cells": true
        },
        "PublicationStatus": {
          "Published": true
        },
        "PublicationType": {
          "Research": true
        },
        "Section": {
          "Results": true
        }
      },
      "citation": {
        "authors": [
          "Drosten C",
          "Erichsen S",
          "Herrler G",
          "Herrler T",
          "Hoffmann M",
          "Kleine-Weber H",
          "Krüger N",
          "Müller MA",
          "Nitsche A",
          "Pöhlmann S",
          "Schiergens TS",
          "Schroeder S",
          "Wu NH"
        ],
        "date": "2020-03-04",
        "db": "PubMed",
        "db_id": "32142651",
        "db_name": "Cell",
        "first": "Hoffmann M",
        "last": "Pöhlmann S"
      },
      "evidence": "Full inhibition was attained when camostat mesylate and E-64d, an inhibitor of CatB/L, were added (Figure 4A; Figure S3B), indicating that SARS-2-S can use both CatB/L as well as TMPRSS2 for priming in these cell lines.",
      "key": "3424154b286ed262f8e2f6b82e96f2ea",
      "line": 108,
      "object": {
        "modifier": "Activity"
      },
      "relation": "decreases",
      "source": 2,
      "target": 20
    },
    {
      "annotations": {
        "Custom_CellLine": {
          "Vero-TMPRSS2 cells": true
        },
        "PublicationStatus": {
          "Published": true
        },
        "PublicationType": {
          "Research": true
        },
        "Section": {
          "Results": true
        }
      },
      "citation": {
        "authors": [
          "Drosten C",
          "Erichsen S",
          "Herrler G",
          "Herrler T",
          "Hoffmann M",
          "Kleine-Weber H",
          "Krüger N",
          "Müller MA",
          "Nitsche A",
          "Pöhlmann S",
          "Schiergens TS",
          "Schroeder S",
          "Wu NH"
        ],
        "date": "2020-03-04",
        "db": "PubMed",
        "db_id": "32142651",
        "db_name": "Cell",
        "first": "Hoffmann M",
        "last": "Pöhlmann S"
      },
      "evidence": "Full inhibition was attained when camostat mesylate and E-64d, an inhibitor of CatB/L, were added (Figure 4A; Figure S3B), indicating that SARS-2-S can use both CatB/L as well as TMPRSS2 for priming in these cell lines.",
      "key": "3b8404b872c2e04fd08f218362e382ef",
      "line": 109,
      "object": {
        "modifier": "Activity"
      },
      "relation": "decreases",
      "source": 2,
      "target": 21
    },
    {
      "annotations": {
        "CellLine": {
          "Calu-3 cell": true
        },
        "PublicationStatus": {
          "Published": true
        },
        "PublicationType": {
          "Research": true
        },
        "Section": {
          "Results": true
        }
      },
      "citation": {
        "authors": [
          "Drosten C",
          "Erichsen S",
          "Herrler G",
          "Herrler T",
          "Hoffmann M",
          "Kleine-Weber H",
          "Krüger N",
          "Müller MA",
          "Nitsche A",
          "Pöhlmann S",
          "Schiergens TS",
          "Schroeder S",
          "Wu NH"
        ],
        "date": "2020-03-04",
        "db": "PubMed",
        "db_id": "32142651",
        "db_name": "Cell",
        "first": "Hoffmann M",
        "last": "Pöhlmann S"
      },
      "evidence": "Indeed, camostat mesylate significantly reduced MERS-S-, SARS-S-, and SARS-2-S- but not VSV-G-driven entry into the lung cell line Calu-3 (Figure 4C) and exerted no unwanted cytotoxic effects (Figure S3 C).",
      "key": "48771251571bd99ece06e6001119e157",
      "line": 122,
      "relation": "decreases",
      "source": 2,
      "target": 7
    },
    {
      "annotations": {
        "CellLine": {
          "Calu-3 cell": true
        },
        "PublicationStatus": {
          "Published": true
        },
        "PublicationType": {
          "Research": true
        },
        "Section": {
          "Results": true
        }
      },
      "citation": {
        "authors": [
          "Drosten C",
          "Erichsen S",
          "Herrler G",
          "Herrler T",
          "Hoffmann M",
          "Kleine-Weber H",
          "Krüger N",
          "Müller MA",
          "Nitsche A",
          "Pöhlmann S",
          "Schiergens TS",
          "Schroeder S",
          "Wu NH"
        ],
        "date": "2020-03-04",
        "db": "PubMed",
        "db_id": "32142651",
        "db_name": "Cell",
        "first": "Hoffmann M",
        "last": "Pöhlmann S"
      },
      "evidence": "Finally, camostat mesylate treatment inhibited SARS-S- and SARS-2-S- but not VSV-G-driven entry into primary human lung cells (Figure 4E).",
      "key": "2d100affe8dfa79856503ce7ecb9a499",
      "line": 138,
      "relation": "decreases",
      "source": 2,
      "target": 7
    },
    {
      "annotations": {
        "CellLine": {
          "Calu-3 cell": true
        },
        "PublicationStatus": {
          "Published": true
        },
        "PublicationType": {
          "Research": true
        },
        "Section": {
          "Results": true
        }
      },
      "citation": {
        "authors": [
          "Drosten C",
          "Erichsen S",
          "Herrler G",
          "Herrler T",
          "Hoffmann M",
          "Kleine-Weber H",
          "Krüger N",
          "Müller MA",
          "Nitsche A",
          "Pöhlmann S",
          "Schiergens TS",
          "Schroeder S",
          "Wu NH"
        ],
        "date": "2020-03-04",
        "db": "PubMed",
        "db_id": "32142651",
        "db_name": "Cell",
        "first": "Hoffmann M",
        "last": "Pöhlmann S"
      },
      "evidence": "Indeed, camostat mesylate significantly reduced MERS-S-, SARS-S-, and SARS-2-S- but not VSV-G-driven entry into the lung cell line Calu-3 (Figure 4C) and exerted no unwanted cytotoxic effects (Figure S3 C).",
      "key": "7c29365a89c505768ccfea03ed0f9788",
      "line": 123,
      "relation": "decreases",
      "source": 2,
      "target": 17
    },
    {
      "annotations": {
        "CellLine": {
          "Calu-3 cell": true
        },
        "PublicationStatus": {
          "Published": true
        },
        "PublicationType": {
          "Research": true
        },
        "Section": {
          "Results": true
        }
      },
      "citation": {
        "authors": [
          "Drosten C",
          "Erichsen S",
          "Herrler G",
          "Herrler T",
          "Hoffmann M",
          "Kleine-Weber H",
          "Krüger N",
          "Müller MA",
          "Nitsche A",
          "Pöhlmann S",
          "Schiergens TS",
          "Schroeder S",
          "Wu NH"
        ],
        "date": "2020-03-04",
        "db": "PubMed",
        "db_id": "32142651",
        "db_name": "Cell",
        "first": "Hoffmann M",
        "last": "Pöhlmann S"
      },
      "evidence": "Finally, camostat mesylate treatment inhibited SARS-S- and SARS-2-S- but not VSV-G-driven entry into primary human lung cells (Figure 4E).",
      "key": "fac7791cf80cc7cd4abc49b5c9f55211",
      "line": 137,
      "relation": "decreases",
      "source": 2,
      "target": 17
    },
    {
      "annotations": {
        "CellLine": {
          "Calu-3 cell": true
        },
        "PublicationStatus": {
          "Published": true
        },
        "PublicationType": {
          "Research": true
        },
        "Section": {
          "Results": true
        }
      },
      "citation": {
        "authors": [
          "Drosten C",
          "Erichsen S",
          "Herrler G",
          "Herrler T",
          "Hoffmann M",
          "Kleine-Weber H",
          "Krüger N",
          "Müller MA",
          "Nitsche A",
          "Pöhlmann S",
          "Schiergens TS",
          "Schroeder S",
          "Wu NH"
        ],
        "date": "2020-03-04",
        "db": "PubMed",
        "db_id": "32142651",
        "db_name": "Cell",
        "first": "Hoffmann M",
        "last": "Pöhlmann S"
      },
      "evidence": "Similarly, camostat mesylate treatment significantly reduced Calu-3 infection with authentic SARS-CoV-2 (Figure 4D).",
      "key": "2e901fecb201380f711a772320498e56",
      "line": 130,
      "relation": "decreases",
      "source": 2,
      "target": 24
    },
    {
      "annotations": {
        "CellLine": {
          "Calu-3 cell": true
        },
        "PublicationStatus": {
          "Published": true
        },
        "PublicationType": {
          "Research": true
        },
        "Section": {
          "Results": true
        }
      },
      "citation": {
        "authors": [
          "Drosten C",
          "Erichsen S",
          "Herrler G",
          "Herrler T",
          "Hoffmann M",
          "Kleine-Weber H",
          "Krüger N",
          "Müller MA",
          "Nitsche A",
          "Pöhlmann S",
          "Schiergens TS",
          "Schroeder S",
          "Wu NH"
        ],
        "date": "2020-03-04",
        "db": "PubMed",
        "db_id": "32142651",
        "db_name": "Cell",
        "first": "Hoffmann M",
        "last": "Pöhlmann S"
      },
      "evidence": "Collectively, SARS-CoV-2 can use TMPRSS2 for S protein priming and camostat mesylate, an inhibitor of TMPRSS2, blocks SARS-CoV-2 infection of lung cells.",
      "key": "7d2bd5be8107787d188e0b9a911f7806",
      "line": 147,
      "relation": "decreases",
      "source": 2,
      "target": 24
    },
    {
      "annotations": {
        "CellLine": {
          "Caco-2 cell": true
        },
        "Custom_CellLine": {
          "Vero-TMPRSS2 cells": true
        },
        "PublicationStatus": {
          "Published": true
        },
        "PublicationType": {
          "Research": true
        },
        "Section": {
          "Results": true
        }
      },
      "citation": {
        "authors": [
          "Drosten C",
          "Erichsen S",
          "Herrler G",
          "Herrler T",
          "Hoffmann M",
          "Kleine-Weber H",
          "Krüger N",
          "Müller MA",
          "Nitsche A",
          "Pöhlmann S",
          "Schiergens TS",
          "Schroeder S",
          "Wu NH"
        ],
        "date": "2020-03-04",
        "db": "PubMed",
        "db_id": "32142651",
        "db_name": "Cell",
        "first": "Hoffmann M",
        "last": "Pöhlmann S"
      },
      "evidence": "Indeed, the clinically proven serine protease inhibitor camostat mesylate, which is active against TMPRSS2 (Kawase et al., 2012), partially blocked SARS-2-S-driven entry into Caco-2 (Figure S3 B) and Vero-TMPRSS2 cells (Figure 4A).",
      "key": "a5ef53d65691b1cff618aa69c124530a",
      "line": 98,
      "relation": "decreases",
      "source": 8,
      "target": 17
    },
    {
      "key": "39984a1dffb1b0891a14bb7623511a28",
      "relation": "partOf",
      "source": 20,
      "target": 14
    },
    {
      "key": "dd7a96b8c507621267cdda26c7c8acf1",
      "relation": "partOf",
      "source": 21,
      "target": 15
    },
    {
      "annotations": {
        "Custom_CellLine": {
          "Vero-TMPRSS2 cells": true
        },
        "PublicationStatus": {
          "Published": true
        },
        "PublicationType": {
          "Research": true
        },
        "Section": {
          "Results": true
        }
      },
      "citation": {
        "authors": [
          "Drosten C",
          "Erichsen S",
          "Herrler G",
          "Herrler T",
          "Hoffmann M",
          "Kleine-Weber H",
          "Krüger N",
          "Müller MA",
          "Nitsche A",
          "Pöhlmann S",
          "Schiergens TS",
          "Schroeder S",
          "Wu NH"
        ],
        "date": "2020-03-04",
        "db": "PubMed",
        "db_id": "32142651",
        "db_name": "Cell",
        "first": "Hoffmann M",
        "last": "Pöhlmann S"
      },
      "evidence": "Full inhibition was attained when camostat mesylate and E-64d, an inhibitor of CatB/L, were added (Figure 4A; Figure S3B), indicating that SARS-2-S can use both CatB/L as well as TMPRSS2 for priming in these cell lines.",
      "key": "019f9c61eefb0d42e114ece96fc33657",
      "line": 110,
      "object": {
        "modifier": "Activity"
      },
      "relation": "decreases",
      "source": 1,
      "target": 20
    },
    {
      "annotations": {
        "Custom_CellLine": {
          "Vero-TMPRSS2 cells": true
        },
        "PublicationStatus": {
          "Published": true
        },
        "PublicationType": {
          "Research": true
        },
        "Section": {
          "Results": true
        }
      },
      "citation": {
        "authors": [
          "Drosten C",
          "Erichsen S",
          "Herrler G",
          "Herrler T",
          "Hoffmann M",
          "Kleine-Weber H",
          "Krüger N",
          "Müller MA",
          "Nitsche A",
          "Pöhlmann S",
          "Schiergens TS",
          "Schroeder S",
          "Wu NH"
        ],
        "date": "2020-03-04",
        "db": "PubMed",
        "db_id": "32142651",
        "db_name": "Cell",
        "first": "Hoffmann M",
        "last": "Pöhlmann S"
      },
      "evidence": "Full inhibition was attained when camostat mesylate and E-64d, an inhibitor of CatB/L, were added (Figure 4A; Figure S3B), indicating that SARS-2-S can use both CatB/L as well as TMPRSS2 for priming in these cell lines.",
      "key": "cca4c5d1e6bd0f407d31d8171debd764",
      "line": 111,
      "object": {
        "modifier": "Activity"
      },
      "relation": "decreases",
      "source": 1,
      "target": 21
    },
    {
      "annotations": {
        "Custom_CellLine": {
          "Vero-TMPRSS2 cells": true
        },
        "PublicationStatus": {
          "Published": true
        },
        "PublicationType": {
          "Research": true
        },
        "Section": {
          "Results": true
        }
      },
      "citation": {
        "authors": [
          "Drosten C",
          "Erichsen S",
          "Herrler G",
          "Herrler T",
          "Hoffmann M",
          "Kleine-Weber H",
          "Krüger N",
          "Müller MA",
          "Nitsche A",
          "Pöhlmann S",
          "Schiergens TS",
          "Schroeder S",
          "Wu NH"
        ],
        "date": "2020-03-04",
        "db": "PubMed",
        "db_id": "32142651",
        "db_name": "Cell",
        "first": "Hoffmann M",
        "last": "Pöhlmann S"
      },
      "evidence": "Full inhibition was attained when camostat mesylate and E-64d, an inhibitor of CatB/L, were added (Figure 4A; Figure S3B), indicating that SARS-2-S can use both CatB/L as well as TMPRSS2 for priming in these cell lines.",
      "key": "ef4d3b7b6aaac96469f4eee66acef322",
      "line": 112,
      "relation": "increases",
      "source": 14,
      "target": 17
    },
    {
      "annotations": {
        "Custom_CellLine": {
          "Vero-TMPRSS2 cells": true
        },
        "PublicationStatus": {
          "Published": true
        },
        "PublicationType": {
          "Research": true
        },
        "Section": {
          "Results": true
        }
      },
      "citation": {
        "authors": [
          "Drosten C",
          "Erichsen S",
          "Herrler G",
          "Herrler T",
          "Hoffmann M",
          "Kleine-Weber H",
          "Krüger N",
          "Müller MA",
          "Nitsche A",
          "Pöhlmann S",
          "Schiergens TS",
          "Schroeder S",
          "Wu NH"
        ],
        "date": "2020-03-04",
        "db": "PubMed",
        "db_id": "32142651",
        "db_name": "Cell",
        "first": "Hoffmann M",
        "last": "Pöhlmann S"
      },
      "evidence": "Full inhibition was attained when camostat mesylate and E-64d, an inhibitor of CatB/L, were added (Figure 4A; Figure S3B), indicating that SARS-2-S can use both CatB/L as well as TMPRSS2 for priming in these cell lines.",
      "key": "e081399debb46984b92e8d3aeef53761",
      "line": 113,
      "relation": "increases",
      "source": 15,
      "target": 17
    },
    {
      "annotations": {
        "Custom_CellLine": {
          "Vero-TMPRSS2 cells": true
        },
        "PublicationStatus": {
          "Published": true
        },
        "PublicationType": {
          "Research": true
        },
        "Section": {
          "Results": true
        }
      },
      "citation": {
        "authors": [
          "Drosten C",
          "Erichsen S",
          "Herrler G",
          "Herrler T",
          "Hoffmann M",
          "Kleine-Weber H",
          "Krüger N",
          "Müller MA",
          "Nitsche A",
          "Pöhlmann S",
          "Schiergens TS",
          "Schroeder S",
          "Wu NH"
        ],
        "date": "2020-03-04",
        "db": "PubMed",
        "db_id": "32142651",
        "db_name": "Cell",
        "first": "Hoffmann M",
        "last": "Pöhlmann S"
      },
      "evidence": "Full inhibition was attained when camostat mesylate and E-64d, an inhibitor of CatB/L, were added (Figure 4A; Figure S3B), indicating that SARS-2-S can use both CatB/L as well as TMPRSS2 for priming in these cell lines.",
      "key": "c3b237e0cf8a723e3ed2ef622f3cdcee",
      "line": 114,
      "relation": "increases",
      "source": 16,
      "target": 17
    },
    {
      "annotations": {
        "CellLine": {
          "Calu-3 cell": true
        },
        "PublicationStatus": {
          "Published": true
        },
        "PublicationType": {
          "Research": true
        },
        "Section": {
          "Results": true
        }
      },
      "citation": {
        "authors": [
          "Drosten C",
          "Erichsen S",
          "Herrler G",
          "Herrler T",
          "Hoffmann M",
          "Kleine-Weber H",
          "Krüger N",
          "Müller MA",
          "Nitsche A",
          "Pöhlmann S",
          "Schiergens TS",
          "Schroeder S",
          "Wu NH"
        ],
        "date": "2020-03-04",
        "db": "PubMed",
        "db_id": "32142651",
        "db_name": "Cell",
        "first": "Hoffmann M",
        "last": "Pöhlmann S"
      },
      "evidence": "Collectively, SARS-CoV-2 can use TMPRSS2 for S protein priming and camostat mesylate, an inhibitor of TMPRSS2, blocks SARS-CoV-2 infection of lung cells.",
      "key": "96f36be4c511d5387784779ac74fae87",
      "line": 146,
      "relation": "increases",
      "source": 16,
      "target": 17
    }
  ],
  "multigraph": true,
  "nodes": [
    {
      "bel": "a(CHEBI:\"ammonium chloride\")",
      "concept": {
        "name": "ammonium chloride",
        "namespace": "CHEBI"
      },
      "function": "Abundance",
      "id": "b9fde26b81b4dd35afa0592753ffd2a4"
    },
    {
      "bel": "a(CHEBI:aloxistatin)",
      "concept": {
        "name": "aloxistatin",
        "namespace": "CHEBI"
      },
      "function": "Abundance",
      "id": "8136823e9e6eda3da2aef3af2f9c31fc"
    },
    {
      "bel": "a(CHEBI:camostat)",
      "concept": {
        "name": "camostat",
        "namespace": "CHEBI"
      },
      "function": "Abundance",
      "id": "483101ab26c7100d3f96cd5dac47d84e"
    },
    {
      "bel": "a(MESH:\"G protein, vesicular stomatitis virus\")",
      "concept": {
        "name": "G protein, vesicular stomatitis virus",
        "namespace": "MESH"
      },
      "function": "Abundance",
      "id": "7fe0f729c57dfbc2eeaf52bbc069108a"
    },
    {
      "bel": "a(MESH:\"Middle East Respiratory Syndrome Coronavirus\")",
      "concept": {
        "name": "Middle East Respiratory Syndrome Coronavirus",
        "namespace": "MESH"
      },
      "function": "Abundance",
      "id": "69a43bba7c26491c7d7f606f44f21f0f"
    },
    {
      "bel": "a(TAX:\"Human coronavirus 229E\")",
      "concept": {
        "name": "Human coronavirus 229E",
        "namespace": "TAX"
      },
      "function": "Abundance",
      "id": "79ffb71f2dda620fb098f4f65e4a6e64"
    },
    {
      "bel": "a(TAX:\"Severe acute respiratory syndrome coronavirus 2\")",
      "concept": {
        "name": "Severe acute respiratory syndrome coronavirus 2",
        "namespace": "TAX"
      },
      "function": "Abundance",
      "id": "c41851da59cc36c21b2e8acf24c1f46d"
    },
    {
      "bel": "a(UNIPROT:P59594)",
      "concept": {
        "name": "P59594",
        "namespace": "UNIPROT"
      },
      "function": "Abundance",
      "id": "dd6ca65e1a2909856e8fd925bd618c3a"
    },
    {
      "bel": "complex(a(CHEBI:camostat), p(HGNC:TMPRSS2))",
      "function": "Complex",
      "id": "6d5958d2fbe412a7f5a90fb6020b9ec4",
      "members": [
        {
          "bel": "a(CHEBI:camostat)",
          "concept": {
            "name": "camostat",
            "namespace": "CHEBI"
          },
          "function": "Abundance",
          "id": "483101ab26c7100d3f96cd5dac47d84e"
        },
        {
          "bel": "p(HGNC:TMPRSS2)",
          "concept": {
            "name": "TMPRSS2",
            "namespace": "HGNC"
          },
          "function": "Protein",
          "id": "1ac71e8152c90a7b43c9bc546579050d"
        }
      ]
    },
    {
      "bel": "complex(a(MESH:\"G protein, vesicular stomatitis virus\"), p(HGNC:TMPRSS2))",
      "function": "Complex",
      "id": "dc9cd01d94b35fa92e621842dc79e397",
      "members": [
        {
          "bel": "a(MESH:\"G protein, vesicular stomatitis virus\")",
          "concept": {
            "name": "G protein, vesicular stomatitis virus",
            "namespace": "MESH"
          },
          "function": "Abundance",
          "id": "7fe0f729c57dfbc2eeaf52bbc069108a"
        },
        {
          "bel": "p(HGNC:TMPRSS2)",
          "concept": {
            "name": "TMPRSS2",
            "namespace": "HGNC"
          },
          "function": "Protein",
          "id": "1ac71e8152c90a7b43c9bc546579050d"
        }
      ]
    },
    {
      "bel": "complex(a(MESH:\"Middle East Respiratory Syndrome Coronavirus\"), p(HGNC:DPP4))",
      "function": "Complex",
      "id": "f6c926ec9e6531930aadb1fed0665701",
      "members": [
        {
          "bel": "a(MESH:\"Middle East Respiratory Syndrome Coronavirus\")",
          "concept": {
            "name": "Middle East Respiratory Syndrome Coronavirus",
            "namespace": "MESH"
          },
          "function": "Abundance",
          "id": "69a43bba7c26491c7d7f606f44f21f0f"
        },
        {
          "bel": "p(HGNC:DPP4)",
          "concept": {
            "name": "DPP4",
            "namespace": "HGNC"
          },
          "function": "Protein",
          "id": "ed0b2cb13479d4589d4dac0ecbced25e"
        }
      ]
    },
    {
      "bel": "complex(a(TAX:\"Human coronavirus 229E\"), p(HGNC:ANPEP))",
      "function": "Complex",
      "id": "58b2cc8b0bdc30b3e7ed75f8ace0fc2e",
      "members": [
        {
          "bel": "a(TAX:\"Human coronavirus 229E\")",
          "concept": {
            "name": "Human coronavirus 229E",
            "namespace": "TAX"
          },
          "function": "Abundance",
          "id": "79ffb71f2dda620fb098f4f65e4a6e64"
        },
        {
          "bel": "p(HGNC:ANPEP)",
          "concept": {
            "name": "ANPEP",
            "namespace": "HGNC"
          },
          "function": "Protein",
          "id": "e679ca04855e6465efb0c8ff47e4e49f"
        }
      ]
    },
    {
      "bel": "complex(a(UNIPROT:P59594), p(HGNC:ACE2))",
      "function": "Complex",
      "id": "6f4b6766909c116f5c50ac68810384e1",
      "members": [
        {
          "bel": "a(UNIPROT:P59594)",
          "concept": {
            "name": "P59594",
            "namespace": "UNIPROT"
          },
          "function": "Abundance",
          "id": "dd6ca65e1a2909856e8fd925bd618c3a"
        },
        {
          "bel": "p(HGNC:ACE2)",
          "concept": {
            "name": "ACE2",
            "namespace": "HGNC"
          },
          "function": "Protein",
          "id": "bb9a231a2c68ff8f3bad2adad9ed6a94"
        }
      ]
    },
    {
      "bel": "complex(p(COVID:S), p(HGNC:ACE2))",
      "function": "Complex",
      "id": "6b8514d35b9a04dcfdf30d01d4a3a0a0",
      "members": [
        {
          "bel": "p(COVID:S)",
          "concept": {
            "name": "S",
            "namespace": "COVID"
          },
          "function": "Protein",
          "id": "8d090715298e11996081058536798c19"
        },
        {
          "bel": "p(HGNC:ACE2)",
          "concept": {
            "name": "ACE2",
            "namespace": "HGNC"
          },
          "function": "Protein",
          "id": "bb9a231a2c68ff8f3bad2adad9ed6a94"
        }
      ]
    },
    {
      "bel": "complex(p(COVID:S), p(HGNC:CTSB))",
      "function": "Complex",
      "id": "fdda0026c0f971d1be5d8230b59fc15d",
      "members": [
        {
          "bel": "p(COVID:S)",
          "concept": {
            "name": "S",
            "namespace": "COVID"
          },
          "function": "Protein",
          "id": "8d090715298e11996081058536798c19"
        },
        {
          "bel": "p(HGNC:CTSB)",
          "concept": {
            "name": "CTSB",
            "namespace": "HGNC"
          },
          "function": "Protein",
          "id": "bf199cbf00684e853f072a61f878884d"
        }
      ]
    },
    {
      "bel": "complex(p(COVID:S), p(HGNC:CTSL))",
      "function": "Complex",
      "id": "3b071da59f0a3432e09c22cec6af859b",
      "members": [
        {
          "bel": "p(COVID:S)",
          "concept": {
            "name": "S",
            "namespace": "COVID"
          },
          "function": "Protein",
          "id": "8d090715298e11996081058536798c19"
        },
        {
          "bel": "p(HGNC:CTSL)",
          "concept": {
            "name": "CTSL",
            "namespace": "HGNC"
          },
          "function": "Protein",
          "id": "a78366aeaeaa0648757907826646d259"
        }
      ]
    },
    {
      "bel": "complex(p(COVID:S), p(HGNC:TMPRSS2))",
      "function": "Complex",
      "id": "570876bf2e34541865ae374785391b63",
      "members": [
        {
          "bel": "p(COVID:S)",
          "concept": {
            "name": "S",
            "namespace": "COVID"
          },
          "function": "Protein",
          "id": "8d090715298e11996081058536798c19"
        },
        {
          "bel": "p(HGNC:TMPRSS2)",
          "concept": {
            "name": "TMPRSS2",
            "namespace": "HGNC"
          },
          "function": "Protein",
          "id": "1ac71e8152c90a7b43c9bc546579050d"
        }
      ]
    },
    {
      "bel": "p(COVID:S)",
      "concept": {
        "name": "S",
        "namespace": "COVID"
      },
      "function": "Protein",
      "id": "8d090715298e11996081058536798c19"
    },
    {
      "bel": "p(HGNC:ACE2)",
      "concept": {
        "name": "ACE2",
        "namespace": "HGNC"
      },
      "function": "Protein",
      "id": "bb9a231a2c68ff8f3bad2adad9ed6a94"
    },
    {
      "bel": "p(HGNC:ANPEP)",
      "concept": {
        "name": "ANPEP",
        "namespace": "HGNC"
      },
      "function": "Protein",
      "id": "e679ca04855e6465efb0c8ff47e4e49f"
    },
    {
      "bel": "p(HGNC:CTSB)",
      "concept": {
        "name": "CTSB",
        "namespace": "HGNC"
      },
      "function": "Protein",
      "id": "bf199cbf00684e853f072a61f878884d"
    },
    {
      "bel": "p(HGNC:CTSL)",
      "concept": {
        "name": "CTSL",
        "namespace": "HGNC"
      },
      "function": "Protein",
      "id": "a78366aeaeaa0648757907826646d259"
    },
    {
      "bel": "p(HGNC:DPP4)",
      "concept": {
        "name": "DPP4",
        "namespace": "HGNC"
      },
      "function": "Protein",
      "id": "ed0b2cb13479d4589d4dac0ecbced25e"
    },
    {
      "bel": "p(HGNC:TMPRSS2)",
      "concept": {
        "name": "TMPRSS2",
        "namespace": "HGNC"
      },
      "function": "Protein",
      "id": "1ac71e8152c90a7b43c9bc546579050d"
    },
    {
      "bel": "path(DO:\"COVID-19\")",
      "concept": {
        "name": "COVID-19",
        "namespace": "DO"
      },
      "function": "Pathology",
      "id": "6f9f1c2e8012537e503a758c6bfaff0f"
    }
  ]
}