{
  "directed": true,
  "graph": {
    "annotation_list": {
      "Custom_Disease": [
        "COVID-19"
      ],
      "PublicationStatus": [
        "Preprint",
        "Published"
      ],
      "PublicationType": [
        "Research",
        "Review"
      ],
      "Section": [
        "Abstract",
        "Full Text",
        "Results"
      ]
    },
    "annotation_pattern": {},
    "annotation_url": {
      "Anatomy": "https://arty.scai.fraunhofer.de/artifactory/bel/annotation/anatomy/anatomy-20190128.belanno",
      "MeSHAnatomy": "https://arty.scai.fraunhofer.de/artifactory/bel/annotation/mesh-anatomy/mesh-anatomy-20190128.belanno",
      "Species": "https://arty.scai.fraunhofer.de/artifactory/bel/annotation/species-taxonomy-id/species-taxonomy-id-20170511.belanno"
    },
    "document_metadata": {
      "authors": "Shounak Baksi",
      "contact": "shounak.baksi@causalitybiomodels.com",
      "copyright": "Copyright © 2020 Fraunhofer Institute SCAI, All rights reserved",
      "description": "COVID Knowledge Curation project",
      "licenses": "Private Ownership to Fraunhofer Institute SCAI",
      "name": "32170560.bel",
      "version": "2.0.0"
    },
    "namespace_pattern": {},
    "namespace_url": {
      "EFO": "https://arty.scai.fraunhofer.de/artifactory/bel/namespace/efo/efo-20171206.belns",
      "GO": "https://arty.scai.fraunhofer.de/artifactory/bel/namespace/go/go-20180109.belns",
      "HGNC": "https://arty.scai.fraunhofer.de/artifactory/bel/namespace/hgnc/hgnc-20190708.belns",
      "MESH": "https://arty.scai.fraunhofer.de/artifactory/bel/namespace/mesh/mesh-names-20181007.belns",
      "TAX": "https://arty.scai.fraunhofer.de/artifactory/bel/namespace/ncbi-taxonomy/ncbi-taxonomy-20200322.belns"
    },
    "path": "32170560.bel",
    "pybel_version": "0.14.6"
  },
  "links": [
    {
      "annotations": {
        "Anatomy": {
          "respiratory tract": true
        },
        "Custom_Disease": {
          "COVID-19": true
        },
        "PublicationStatus": {
          "Published": true
        },
        "PublicationType": {
          "Research": true
        },
        "Section": {
          "Results": true
        },
        "Species": {
          "9606": true
        }
      },
      "citation": {
        "authors": [
          "Chen K",
          "Han P",
          "Han Z",
          "Hao J",
          "Zou J",
          "Zou X"
        ],
        "date": "2020-03-12",
        "db": "PubMed",
        "db_id": "32170560",
        "db_name": "Frontiers of medicine",
        "first": "Zou X",
        "last": "Han Z"
      },
      "evidence": "Interestingly, the respiratory epithelial cells from the respiratory track sample contained approximately 2% ACE2 positive cells, and the respiratory track is thus regarded as high risk (Fig. 1).",
      "key": "a3925ddee8747c73992f6fd0744f9696",
      "line": 85,
      "relation": "increases",
      "source": 2,
      "target": 1
    },
    {
      "annotations": {
        "Anatomy": {
          "heart": true,
          "myocardium": true
        },
        "Custom_Disease": {
          "COVID-19": true
        },
        "PublicationStatus": {
          "Published": true
        },
        "PublicationType": {
          "Research": true
        },
        "Section": {
          "Results": true
        },
        "Species": {
          "9606": true
        }
      },
      "citation": {
        "authors": [
          "Chen K",
          "Han P",
          "Han Z",
          "Hao J",
          "Zou J",
          "Zou X"
        ],
        "date": "2020-03-12",
        "db": "PubMed",
        "db_id": "32170560",
        "db_name": "Frontiers of medicine",
        "first": "Zou X",
        "last": "Han Z"
      },
      "evidence": "The scRNA-seq data from human heart showed that more than 7.5% myocardial cells have positive ACE2 expression (Fig. 2), thereby implying that heart could be in high risk of 2019-nCoV infection, especially in the presence of the virus in blood or viremia.",
      "key": "cd4b467dc5d23528f3a814d28e30e089",
      "line": 96,
      "relation": "increases",
      "source": 2,
      "target": 1
    },
    {
      "annotations": {
        "Anatomy": {
          "ilium": true
        },
        "Custom_Disease": {
          "COVID-19": true
        },
        "PublicationStatus": {
          "Published": true
        },
        "PublicationType": {
          "Research": true
        },
        "Section": {
          "Results": true
        },
        "Species": {
          "9606": true
        }
      },
      "citation": {
        "authors": [
          "Chen K",
          "Han P",
          "Han Z",
          "Hao J",
          "Zou J",
          "Zou X"
        ],
        "date": "2020-03-12",
        "db": "PubMed",
        "db_id": "32170560",
        "db_name": "Frontiers of medicine",
        "first": "Zou X",
        "last": "Han Z"
      },
      "evidence": "Interestingly, extremely high ACE2 expression was found in ileal epithelial cells (~30% ACE2-positive cells, Fig. 3); thus, ileum could be at high risk.",
      "key": "50b994dac8b68f388df3f58b947e0895",
      "line": 106,
      "relation": "increases",
      "source": 2,
      "target": 1
    },
    {
      "annotations": {
        "Custom_Disease": {
          "COVID-19": true
        },
        "MeSHAnatomy": {
          "Esophagus": true
        },
        "PublicationStatus": {
          "Published": true
        },
        "PublicationType": {
          "Research": true
        },
        "Section": {
          "Results": true
        },
        "Species": {
          "9606": true
        }
      },
      "citation": {
        "authors": [
          "Chen K",
          "Han P",
          "Han Z",
          "Hao J",
          "Zou J",
          "Zou X"
        ],
        "date": "2020-03-12",
        "db": "PubMed",
        "db_id": "32170560",
        "db_name": "Frontiers of medicine",
        "first": "Zou X",
        "last": "Han Z"
      },
      "evidence": "More than 1% ACE2 positive esophagus epithelial cells were found, and esophagus can thus be regarded as high risk (Fig. 4).",
      "key": "0995fe1dd74e04485cf173d072323be3",
      "line": 115,
      "relation": "increases",
      "source": 2,
      "target": 1
    },
    {
      "annotations": {
        "Anatomy": {
          "bladder organ": true
        },
        "Custom_Disease": {
          "COVID-19": true
        },
        "MeSHAnatomy": {
          "Kidney Tubules, Proximal": true
        },
        "PublicationStatus": {
          "Published": true
        },
        "PublicationType": {
          "Research": true
        },
        "Section": {
          "Results": true
        },
        "Species": {
          "9606": true
        }
      },
      "citation": {
        "authors": [
          "Chen K",
          "Han P",
          "Han Z",
          "Hao J",
          "Zou J",
          "Zou X"
        ],
        "date": "2020-03-12",
        "db": "PubMed",
        "db_id": "32170560",
        "db_name": "Frontiers of medicine",
        "first": "Zou X",
        "last": "Han Z"
      },
      "evidence": "Significantly high ACE2 expression was found in kidney proximal tubule (PT) cells with the proportion of ACE2-positive cells at approximately 4% (Fig. 5). Furthermore, the proportion of ACE2-positive cells in the bladder urothelial cells was 2.4% (Fig. 6).Therefore, kidney and bladder were considered high risk, especially in viremia.",
      "key": "b21e6809a84ec6ad7ed3fac2c2e4c4d0",
      "line": 128,
      "relation": "increases",
      "source": 2,
      "target": 1
    },
    {
      "key": "9b5e6ebdb508b622c266b4b986bd47ee",
      "relation": "partOf",
      "source": 0,
      "target": 2
    },
    {
      "key": "52cb6d8fcf894bbfe8497cecebc5b0d1",
      "relation": "partOf",
      "source": 3,
      "target": 2
    },
    {
      "annotations": {
        "Anatomy": {
          "respiratory tract": true
        },
        "Custom_Disease": {
          "COVID-19": true
        },
        "PublicationStatus": {
          "Published": true
        },
        "PublicationType": {
          "Research": true
        },
        "Section": {
          "Results": true
        },
        "Species": {
          "9606": true
        }
      },
      "citation": {
        "authors": [
          "Chen K",
          "Han P",
          "Han Z",
          "Hao J",
          "Zou J",
          "Zou X"
        ],
        "date": "2020-03-12",
        "db": "PubMed",
        "db_id": "32170560",
        "db_name": "Frontiers of medicine",
        "first": "Zou X",
        "last": "Han Z"
      },
      "evidence": "Interestingly, the respiratory epithelial cells from the respiratory track sample contained approximately 2% ACE2 positive cells, and the respiratory track is thus regarded as high risk (Fig. 1).",
      "key": "e5c9cab9530e3b804e1ecbee56d39ada",
      "line": 86,
      "relation": "increases",
      "source": 1,
      "target": 5
    },
    {
      "annotations": {
        "Anatomy": {
          "heart": true,
          "myocardium": true
        },
        "Custom_Disease": {
          "COVID-19": true
        },
        "PublicationStatus": {
          "Published": true
        },
        "PublicationType": {
          "Research": true
        },
        "Section": {
          "Results": true
        },
        "Species": {
          "9606": true
        }
      },
      "citation": {
        "authors": [
          "Chen K",
          "Han P",
          "Han Z",
          "Hao J",
          "Zou J",
          "Zou X"
        ],
        "date": "2020-03-12",
        "db": "PubMed",
        "db_id": "32170560",
        "db_name": "Frontiers of medicine",
        "first": "Zou X",
        "last": "Han Z"
      },
      "evidence": "The scRNA-seq data from human heart showed that more than 7.5% myocardial cells have positive ACE2 expression (Fig. 2), thereby implying that heart could be in high risk of 2019-nCoV infection, especially in the presence of the virus in blood or viremia.",
      "key": "d9af271473f0a5f1b86cf1bcbe8a2a87",
      "line": 97,
      "relation": "increases",
      "source": 1,
      "target": 5
    },
    {
      "annotations": {
        "Anatomy": {
          "ilium": true
        },
        "Custom_Disease": {
          "COVID-19": true
        },
        "PublicationStatus": {
          "Published": true
        },
        "PublicationType": {
          "Research": true
        },
        "Section": {
          "Results": true
        },
        "Species": {
          "9606": true
        }
      },
      "citation": {
        "authors": [
          "Chen K",
          "Han P",
          "Han Z",
          "Hao J",
          "Zou J",
          "Zou X"
        ],
        "date": "2020-03-12",
        "db": "PubMed",
        "db_id": "32170560",
        "db_name": "Frontiers of medicine",
        "first": "Zou X",
        "last": "Han Z"
      },
      "evidence": "Interestingly, extremely high ACE2 expression was found in ileal epithelial cells (~30% ACE2-positive cells, Fig. 3); thus, ileum could be at high risk.",
      "key": "9d8b840f37077e9bb8455ba2c72a8c2a",
      "line": 107,
      "relation": "increases",
      "source": 1,
      "target": 5
    },
    {
      "annotations": {
        "Custom_Disease": {
          "COVID-19": true
        },
        "MeSHAnatomy": {
          "Esophagus": true
        },
        "PublicationStatus": {
          "Published": true
        },
        "PublicationType": {
          "Research": true
        },
        "Section": {
          "Results": true
        },
        "Species": {
          "9606": true
        }
      },
      "citation": {
        "authors": [
          "Chen K",
          "Han P",
          "Han Z",
          "Hao J",
          "Zou J",
          "Zou X"
        ],
        "date": "2020-03-12",
        "db": "PubMed",
        "db_id": "32170560",
        "db_name": "Frontiers of medicine",
        "first": "Zou X",
        "last": "Han Z"
      },
      "evidence": "More than 1% ACE2 positive esophagus epithelial cells were found, and esophagus can thus be regarded as high risk (Fig. 4).",
      "key": "6e1554be8f3b8da6feac86366cfba9ea",
      "line": 116,
      "relation": "increases",
      "source": 1,
      "target": 5
    },
    {
      "annotations": {
        "Anatomy": {
          "bladder organ": true
        },
        "Custom_Disease": {
          "COVID-19": true
        },
        "MeSHAnatomy": {
          "Kidney Tubules, Proximal": true
        },
        "PublicationStatus": {
          "Published": true
        },
        "PublicationType": {
          "Research": true
        },
        "Section": {
          "Results": true
        },
        "Species": {
          "9606": true
        }
      },
      "citation": {
        "authors": [
          "Chen K",
          "Han P",
          "Han Z",
          "Hao J",
          "Zou J",
          "Zou X"
        ],
        "date": "2020-03-12",
        "db": "PubMed",
        "db_id": "32170560",
        "db_name": "Frontiers of medicine",
        "first": "Zou X",
        "last": "Han Z"
      },
      "evidence": "Significantly high ACE2 expression was found in kidney proximal tubule (PT) cells with the proportion of ACE2-positive cells at approximately 4% (Fig. 5). Furthermore, the proportion of ACE2-positive cells in the bladder urothelial cells was 2.4% (Fig. 6).Therefore, kidney and bladder were considered high risk, especially in viremia.",
      "key": "55e953f8943381a9b66a470052ec0746",
      "line": 129,
      "relation": "increases",
      "source": 1,
      "target": 5
    },
    {
      "annotations": {
        "Anatomy": {
          "respiratory tract": true
        },
        "Custom_Disease": {
          "COVID-19": true
        },
        "PublicationStatus": {
          "Published": true
        },
        "PublicationType": {
          "Research": true
        },
        "Section": {
          "Results": true
        },
        "Species": {
          "9606": true
        }
      },
      "citation": {
        "authors": [
          "Chen K",
          "Han P",
          "Han Z",
          "Hao J",
          "Zou J",
          "Zou X"
        ],
        "date": "2020-03-12",
        "db": "PubMed",
        "db_id": "32170560",
        "db_name": "Frontiers of medicine",
        "first": "Zou X",
        "last": "Han Z"
      },
      "evidence": "Interestingly, the respiratory epithelial cells from the respiratory track sample contained approximately 2% ACE2 positive cells, and the respiratory track is thus regarded as high risk (Fig. 1).",
      "key": "808c3a6a13767e91acd16679f3ab46aa",
      "line": 87,
      "relation": "increases",
      "source": 1,
      "target": 4
    },
    {
      "annotations": {
        "Anatomy": {
          "heart": true,
          "myocardium": true
        },
        "Custom_Disease": {
          "COVID-19": true
        },
        "PublicationStatus": {
          "Published": true
        },
        "PublicationType": {
          "Research": true
        },
        "Section": {
          "Results": true
        },
        "Species": {
          "9606": true
        }
      },
      "citation": {
        "authors": [
          "Chen K",
          "Han P",
          "Han Z",
          "Hao J",
          "Zou J",
          "Zou X"
        ],
        "date": "2020-03-12",
        "db": "PubMed",
        "db_id": "32170560",
        "db_name": "Frontiers of medicine",
        "first": "Zou X",
        "last": "Han Z"
      },
      "evidence": "The scRNA-seq data from human heart showed that more than 7.5% myocardial cells have positive ACE2 expression (Fig. 2), thereby implying that heart could be in high risk of 2019-nCoV infection, especially in the presence of the virus in blood or viremia.",
      "key": "d144539f254637bd796f765375c91483",
      "line": 98,
      "relation": "increases",
      "source": 1,
      "target": 4
    },
    {
      "annotations": {
        "Anatomy": {
          "ilium": true
        },
        "Custom_Disease": {
          "COVID-19": true
        },
        "PublicationStatus": {
          "Published": true
        },
        "PublicationType": {
          "Research": true
        },
        "Section": {
          "Results": true
        },
        "Species": {
          "9606": true
        }
      },
      "citation": {
        "authors": [
          "Chen K",
          "Han P",
          "Han Z",
          "Hao J",
          "Zou J",
          "Zou X"
        ],
        "date": "2020-03-12",
        "db": "PubMed",
        "db_id": "32170560",
        "db_name": "Frontiers of medicine",
        "first": "Zou X",
        "last": "Han Z"
      },
      "evidence": "Interestingly, extremely high ACE2 expression was found in ileal epithelial cells (~30% ACE2-positive cells, Fig. 3); thus, ileum could be at high risk.",
      "key": "e037e45ff623aef1a90565c1e1cb213a",
      "line": 108,
      "relation": "increases",
      "source": 1,
      "target": 4
    },
    {
      "annotations": {
        "Custom_Disease": {
          "COVID-19": true
        },
        "MeSHAnatomy": {
          "Esophagus": true
        },
        "PublicationStatus": {
          "Published": true
        },
        "PublicationType": {
          "Research": true
        },
        "Section": {
          "Results": true
        },
        "Species": {
          "9606": true
        }
      },
      "citation": {
        "authors": [
          "Chen K",
          "Han P",
          "Han Z",
          "Hao J",
          "Zou J",
          "Zou X"
        ],
        "date": "2020-03-12",
        "db": "PubMed",
        "db_id": "32170560",
        "db_name": "Frontiers of medicine",
        "first": "Zou X",
        "last": "Han Z"
      },
      "evidence": "More than 1% ACE2 positive esophagus epithelial cells were found, and esophagus can thus be regarded as high risk (Fig. 4).",
      "key": "619529718dade6914ac4a6d04ed093dd",
      "line": 117,
      "relation": "increases",
      "source": 1,
      "target": 4
    },
    {
      "annotations": {
        "Anatomy": {
          "bladder organ": true
        },
        "Custom_Disease": {
          "COVID-19": true
        },
        "MeSHAnatomy": {
          "Kidney Tubules, Proximal": true
        },
        "PublicationStatus": {
          "Published": true
        },
        "PublicationType": {
          "Research": true
        },
        "Section": {
          "Results": true
        },
        "Species": {
          "9606": true
        }
      },
      "citation": {
        "authors": [
          "Chen K",
          "Han P",
          "Han Z",
          "Hao J",
          "Zou J",
          "Zou X"
        ],
        "date": "2020-03-12",
        "db": "PubMed",
        "db_id": "32170560",
        "db_name": "Frontiers of medicine",
        "first": "Zou X",
        "last": "Han Z"
      },
      "evidence": "Significantly high ACE2 expression was found in kidney proximal tubule (PT) cells with the proportion of ACE2-positive cells at approximately 4% (Fig. 5). Furthermore, the proportion of ACE2-positive cells in the bladder urothelial cells was 2.4% (Fig. 6).Therefore, kidney and bladder were considered high risk, especially in viremia.",
      "key": "b57d7dfcba09491813ba26cb21881463",
      "line": 130,
      "relation": "increases",
      "source": 1,
      "target": 4
    }
  ],
  "multigraph": true,
  "nodes": [
    {
      "bel": "a(TAX:\"Severe acute respiratory syndrome coronavirus 2\")",
      "concept": {
        "name": "Severe acute respiratory syndrome coronavirus 2",
        "namespace": "TAX"
      },
      "function": "Abundance",
      "id": "c41851da59cc36c21b2e8acf24c1f46d"
    },
    {
      "bel": "bp(GO:\"viral entry into host cell\")",
      "concept": {
        "name": "viral entry into host cell",
        "namespace": "GO"
      },
      "function": "BiologicalProcess",
      "id": "2a6e5ae8582e2cded25095e14c2ee329"
    },
    {
      "bel": "complex(a(TAX:\"Severe acute respiratory syndrome coronavirus 2\"), p(HGNC:ACE2))",
      "function": "Complex",
      "id": "146428e3b0f07633969567cac441971e",
      "members": [
        {
          "bel": "a(TAX:\"Severe acute respiratory syndrome coronavirus 2\")",
          "concept": {
            "name": "Severe acute respiratory syndrome coronavirus 2",
            "namespace": "TAX"
          },
          "function": "Abundance",
          "id": "c41851da59cc36c21b2e8acf24c1f46d"
        },
        {
          "bel": "p(HGNC:ACE2)",
          "concept": {
            "name": "ACE2",
            "namespace": "HGNC"
          },
          "function": "Protein",
          "id": "bb9a231a2c68ff8f3bad2adad9ed6a94"
        }
      ]
    },
    {
      "bel": "p(HGNC:ACE2)",
      "concept": {
        "name": "ACE2",
        "namespace": "HGNC"
      },
      "function": "Protein",
      "id": "bb9a231a2c68ff8f3bad2adad9ed6a94"
    },
    {
      "bel": "path(EFO:pathogenicity)",
      "concept": {
        "name": "pathogenicity",
        "namespace": "EFO"
      },
      "function": "Pathology",
      "id": "27b76f5e6989bc7b1120d9cc7900a7e8"
    },
    {
      "bel": "path(MESH:Virulence)",
      "concept": {
        "name": "Virulence",
        "namespace": "MESH"
      },
      "function": "Pathology",
      "id": "cd22afe1d9d585df2f0e1a10fc161447"
    }
  ]
}