{
  "directed": true,
  "graph": {
    "annotation_list": {
      "Custom_Disease": [
        "COVID-19"
      ],
      "PublicationStatus": [
        "Preprint"
      ],
      "PublicationType": [
        "Editorial"
      ],
      "Section": [
        "Abstract"
      ]
    },
    "annotation_pattern": {},
    "annotation_url": {
      "Anatomy": "https://arty.scai.fraunhofer.de/artifactory/bel/annotation/anatomy/anatomy-20190128.belanno",
      "Species": "https://arty.scai.fraunhofer.de/artifactory/bel/annotation/species-taxonomy-id/species-taxonomy-id-20170511.belanno"
    },
    "document_metadata": {
      "authors": "Geena Mariya Jose",
      "contact": "geena.mariya.jose@causalitybiomodels.com",
      "copyright": "Copyright © 2020 Fraunhofer Institute SCAI, All rights reserved",
      "description": "COVID Knowledge Curation project",
      "licenses": "Private Ownership to Fraunhofer Institute SCAI",
      "name": "32171193.bel",
      "version": "2.1.0"
    },
    "namespace_pattern": {},
    "namespace_url": {
      "DO": "https://arty.scai.fraunhofer.de/artifactory/bel/namespace/disease-ontology/disease-ontology-20200407.belns",
      "GFAM": "https://arty.scai.fraunhofer.de/artifactory/bel/namespace/hgnc-gene-families/hgnc-genefamily-names-20181221.belns",
      "GO": "https://arty.scai.fraunhofer.de/artifactory/bel/namespace/go/go-20180109.belns",
      "HGNC": "https://arty.scai.fraunhofer.de/artifactory/bel/namespace/hgnc/hgnc-20190708.belns",
      "HP": "https://arty.scai.fraunhofer.de/artifactory/bel/namespace/hp/hp-20190130.belns",
      "MESH": "https://arty.scai.fraunhofer.de/artifactory/bel/namespace/mesh/mesh-names-20181007.belns",
      "TAX": "https://arty.scai.fraunhofer.de/artifactory/bel/namespace/ncbi-taxonomy/ncbi-taxonomy-20200322.belns"
    },
    "path": "32171193.bel",
    "pybel_version": "0.14.6"
  },
  "links": [
    {
      "annotations": {
        "Custom_Disease": {
          "COVID-19": true
        },
        "PublicationStatus": {
          "Preprint": true
        },
        "PublicationType": {
          "Editorial": true
        },
        "Section": {
          "Abstract": true
        }
      },
      "citation": {
        "authors": [
          "Caraffa A",
          "Conti P",
          "Frydas I",
          "Gallenga CE",
          "Kritas SK",
          "Ronconi G",
          "Ross R"
        ],
        "date": "2020-03-14",
        "db": "PubMed",
        "db_id": "32171193",
        "db_name": "Journal of biological regulators and homeostatic agents",
        "first": "Conti P",
        "last": "Kritas SK",
        "volume": "34"
      },
      "evidence": "Coronavirus-19 (COVI-19) involves humans as well as animals and may cause serious damage to the respiratory tract, including the lung: coronavirus disease (COVID-19).",
      "key": "ba4497d02aa1831beac9a445f4333ac6",
      "line": 47,
      "relation": "increases",
      "source": 1,
      "target": 18
    },
    {
      "annotations": {
        "Anatomy": {
          "lower respiratory tract": true,
          "upper respiratory tract": true
        },
        "Custom_Disease": {
          "COVID-19": true
        },
        "PublicationStatus": {
          "Preprint": true
        },
        "PublicationType": {
          "Editorial": true
        },
        "Section": {
          "Abstract": true
        },
        "Species": {
          "9606": true
        }
      },
      "citation": {
        "authors": [
          "Caraffa A",
          "Conti P",
          "Frydas I",
          "Gallenga CE",
          "Kritas SK",
          "Ronconi G",
          "Ross R"
        ],
        "date": "2020-03-14",
        "db": "PubMed",
        "db_id": "32171193",
        "db_name": "Journal of biological regulators and homeostatic agents",
        "first": "Conti P",
        "last": "Kritas SK",
        "volume": "34"
      },
      "evidence": "When COVI-19 infect the upper and lower respiratory tract it can cause mild or highly acute respiratory syndrome with consequent release of pro-inflammatory cytokines, including interleukin (IL)-1β and IL-6.",
      "key": "cfc4dad09495157ae00c26dccb0a39f2",
      "line": 52,
      "relation": "increases",
      "source": 1,
      "target": 19
    },
    {
      "annotations": {
        "Anatomy": {
          "lower respiratory tract": true,
          "upper respiratory tract": true
        },
        "Custom_Disease": {
          "COVID-19": true
        },
        "PublicationStatus": {
          "Preprint": true
        },
        "PublicationType": {
          "Editorial": true
        },
        "Section": {
          "Abstract": true
        },
        "Species": {
          "9606": true
        }
      },
      "citation": {
        "authors": [
          "Caraffa A",
          "Conti P",
          "Frydas I",
          "Gallenga CE",
          "Kritas SK",
          "Ronconi G",
          "Ross R"
        ],
        "date": "2020-03-14",
        "db": "PubMed",
        "db_id": "32171193",
        "db_name": "Journal of biological regulators and homeostatic agents",
        "first": "Conti P",
        "last": "Kritas SK",
        "volume": "34"
      },
      "evidence": "When COVI-19 infect the upper and lower respiratory tract it can cause mild or highly acute respiratory syndrome with consequent release of pro-inflammatory cytokines, including interleukin (IL)-1β and IL-6.",
      "key": "2c15ac0bbbdcd2741415711118d9febb",
      "line": 53,
      "relation": "increases",
      "source": 1,
      "target": 3
    },
    {
      "annotations": {
        "Anatomy": {
          "lower respiratory tract": true,
          "upper respiratory tract": true
        },
        "Custom_Disease": {
          "COVID-19": true
        },
        "PublicationStatus": {
          "Preprint": true
        },
        "PublicationType": {
          "Editorial": true
        },
        "Section": {
          "Abstract": true
        },
        "Species": {
          "9606": true
        }
      },
      "citation": {
        "authors": [
          "Caraffa A",
          "Conti P",
          "Frydas I",
          "Gallenga CE",
          "Kritas SK",
          "Ronconi G",
          "Ross R"
        ],
        "date": "2020-03-14",
        "db": "PubMed",
        "db_id": "32171193",
        "db_name": "Journal of biological regulators and homeostatic agents",
        "first": "Conti P",
        "last": "Kritas SK",
        "volume": "34"
      },
      "evidence": "When COVI-19 infect the upper and lower respiratory tract it can cause mild or highly acute respiratory syndrome with consequent release of pro-inflammatory cytokines, including interleukin (IL)-1β and IL-6.",
      "key": "36bb0a9a1dfdbfcb7825073a3cae3dde",
      "line": 54,
      "relation": "increases",
      "source": 1,
      "target": 11
    },
    {
      "annotations": {
        "Custom_Disease": {
          "COVID-19": true
        },
        "PublicationStatus": {
          "Preprint": true
        },
        "PublicationType": {
          "Editorial": true
        },
        "Section": {
          "Abstract": true
        },
        "Species": {
          "9606": true
        }
      },
      "citation": {
        "authors": [
          "Caraffa A",
          "Conti P",
          "Frydas I",
          "Gallenga CE",
          "Kritas SK",
          "Ronconi G",
          "Ross R"
        ],
        "date": "2020-03-14",
        "db": "PubMed",
        "db_id": "32171193",
        "db_name": "Journal of biological regulators and homeostatic agents",
        "first": "Conti P",
        "last": "Kritas SK",
        "volume": "34"
      },
      "evidence": "The suppression of IL-1β by IL-37 in inflammatory state induced by coronavirus-19 can have a new therapeutic effect previously unknown.",
      "key": "1ecc2acf9286d7c3e15623722963fb27",
      "line": 84,
      "relation": "decreases",
      "source": 1,
      "target": 11
    },
    {
      "annotations": {
        "Anatomy": {
          "lower respiratory tract": true,
          "upper respiratory tract": true
        },
        "Custom_Disease": {
          "COVID-19": true
        },
        "PublicationStatus": {
          "Preprint": true
        },
        "PublicationType": {
          "Editorial": true
        },
        "Section": {
          "Abstract": true
        },
        "Species": {
          "9606": true
        }
      },
      "citation": {
        "authors": [
          "Caraffa A",
          "Conti P",
          "Frydas I",
          "Gallenga CE",
          "Kritas SK",
          "Ronconi G",
          "Ross R"
        ],
        "date": "2020-03-14",
        "db": "PubMed",
        "db_id": "32171193",
        "db_name": "Journal of biological regulators and homeostatic agents",
        "first": "Conti P",
        "last": "Kritas SK",
        "volume": "34"
      },
      "evidence": "When COVI-19 infect the upper and lower respiratory tract it can cause mild or highly acute respiratory syndrome with consequent release of pro-inflammatory cytokines, including interleukin (IL)-1β and IL-6.",
      "key": "3d634562fcc9c046dfac19929058c4e9",
      "line": 55,
      "relation": "increases",
      "source": 1,
      "target": 14
    },
    {
      "key": "c7692b09d7dc5a845c157f1b9b610aff",
      "relation": "partOf",
      "source": 1,
      "target": 5
    },
    {
      "annotations": {
        "Custom_Disease": {
          "COVID-19": true
        },
        "PublicationStatus": {
          "Preprint": true
        },
        "PublicationType": {
          "Editorial": true
        },
        "Section": {
          "Abstract": true
        },
        "Species": {
          "9606": true
        }
      },
      "citation": {
        "authors": [
          "Caraffa A",
          "Conti P",
          "Frydas I",
          "Gallenga CE",
          "Kritas SK",
          "Ronconi G",
          "Ross R"
        ],
        "date": "2020-03-14",
        "db": "PubMed",
        "db_id": "32171193",
        "db_name": "Journal of biological regulators and homeostatic agents",
        "first": "Conti P",
        "last": "Kritas SK",
        "volume": "34"
      },
      "evidence": "The suppression of IL-1β by IL-37 in inflammatory state induced by coronavirus-19 can have a new therapeutic effect previously unknown.",
      "key": "0ce3eb864bd468e9ebce60bd6d431ce1",
      "line": 85,
      "relation": "decreases",
      "source": 1,
      "target": 13
    },
    {
      "annotations": {
        "Custom_Disease": {
          "COVID-19": true
        },
        "PublicationStatus": {
          "Preprint": true
        },
        "PublicationType": {
          "Editorial": true
        },
        "Section": {
          "Abstract": true
        },
        "Species": {
          "9606": true
        }
      },
      "citation": {
        "authors": [
          "Caraffa A",
          "Conti P",
          "Frydas I",
          "Gallenga CE",
          "Kritas SK",
          "Ronconi G",
          "Ross R"
        ],
        "date": "2020-03-14",
        "db": "PubMed",
        "db_id": "32171193",
        "db_name": "Journal of biological regulators and homeostatic agents",
        "first": "Conti P",
        "last": "Kritas SK",
        "volume": "34"
      },
      "evidence": "IL-38 is a potential therapeutic cytokine which inhibits inflammation in viral infections including that caused by coronavirus-19, providing a new relevant strategy.",
      "key": "808a8a06496f4d4e282340a9fd09f112",
      "line": 91,
      "relation": "increases",
      "source": 1,
      "target": 25
    },
    {
      "annotations": {
        "Custom_Disease": {
          "COVID-19": true
        },
        "PublicationStatus": {
          "Preprint": true
        },
        "PublicationType": {
          "Editorial": true
        },
        "Section": {
          "Abstract": true
        },
        "Species": {
          "9606": true
        }
      },
      "citation": {
        "authors": [
          "Caraffa A",
          "Conti P",
          "Frydas I",
          "Gallenga CE",
          "Kritas SK",
          "Ronconi G",
          "Ross R"
        ],
        "date": "2020-03-14",
        "db": "PubMed",
        "db_id": "32171193",
        "db_name": "Journal of biological regulators and homeostatic agents",
        "first": "Conti P",
        "last": "Kritas SK",
        "volume": "34"
      },
      "evidence": "The binding of COVI-19 to the Toll Like Receptor (TLR) causes the release of pro-IL-1β which is cleaved by caspase-1, followed by inflammasome activation and production of active mature IL-1β which is a mediator of lung inflammation, fever and fibrosis.",
      "key": "c51673ec5219d5b32d2d1d58640fe170",
      "line": 62,
      "relation": "increases",
      "source": 11,
      "subject": {
        "modifier": "Activity"
      },
      "target": 21
    },
    {
      "annotations": {
        "Custom_Disease": {
          "COVID-19": true
        },
        "PublicationStatus": {
          "Preprint": true
        },
        "PublicationType": {
          "Editorial": true
        },
        "Section": {
          "Abstract": true
        },
        "Species": {
          "9606": true
        }
      },
      "citation": {
        "authors": [
          "Caraffa A",
          "Conti P",
          "Frydas I",
          "Gallenga CE",
          "Kritas SK",
          "Ronconi G",
          "Ross R"
        ],
        "date": "2020-03-14",
        "db": "PubMed",
        "db_id": "32171193",
        "db_name": "Journal of biological regulators and homeostatic agents",
        "first": "Conti P",
        "last": "Kritas SK",
        "volume": "34"
      },
      "evidence": "The binding of COVI-19 to the Toll Like Receptor (TLR) causes the release of pro-IL-1β which is cleaved by caspase-1, followed by inflammasome activation and production of active mature IL-1β which is a mediator of lung inflammation, fever and fibrosis.",
      "key": "7ce47658404533edf244b550b327f50f",
      "line": 63,
      "relation": "increases",
      "source": 11,
      "subject": {
        "modifier": "Activity"
      },
      "target": 24
    },
    {
      "annotations": {
        "Custom_Disease": {
          "COVID-19": true
        },
        "PublicationStatus": {
          "Preprint": true
        },
        "PublicationType": {
          "Editorial": true
        },
        "Section": {
          "Abstract": true
        },
        "Species": {
          "9606": true
        }
      },
      "citation": {
        "authors": [
          "Caraffa A",
          "Conti P",
          "Frydas I",
          "Gallenga CE",
          "Kritas SK",
          "Ronconi G",
          "Ross R"
        ],
        "date": "2020-03-14",
        "db": "PubMed",
        "db_id": "32171193",
        "db_name": "Journal of biological regulators and homeostatic agents",
        "first": "Conti P",
        "last": "Kritas SK",
        "volume": "34"
      },
      "evidence": "The binding of COVI-19 to the Toll Like Receptor (TLR) causes the release of pro-IL-1β which is cleaved by caspase-1, followed by inflammasome activation and production of active mature IL-1β which is a mediator of lung inflammation, fever and fibrosis.",
      "key": "8ae159e7df66b0a3eb7f11a6d6b10cbf",
      "line": 64,
      "relation": "increases",
      "source": 11,
      "subject": {
        "modifier": "Activity"
      },
      "target": 20
    },
    {
      "annotations": {
        "Custom_Disease": {
          "COVID-19": true
        },
        "PublicationStatus": {
          "Preprint": true
        },
        "PublicationType": {
          "Editorial": true
        },
        "Section": {
          "Abstract": true
        },
        "Species": {
          "9606": true
        }
      },
      "citation": {
        "authors": [
          "Caraffa A",
          "Conti P",
          "Frydas I",
          "Gallenga CE",
          "Kritas SK",
          "Ronconi G",
          "Ross R"
        ],
        "date": "2020-03-14",
        "db": "PubMed",
        "db_id": "32171193",
        "db_name": "Journal of biological regulators and homeostatic agents",
        "first": "Conti P",
        "last": "Kritas SK",
        "volume": "34"
      },
      "evidence": "The binding of COVI-19 to the Toll Like Receptor (TLR) causes the release of pro-IL-1β which is cleaved by caspase-1, followed by inflammasome activation and production of active mature IL-1β which is a mediator of lung inflammation, fever and fibrosis.",
      "key": "739a7bf2351a9fc0bac8d9b9d0b5e821",
      "line": 59,
      "object": {
        "effect": {
          "fromLoc": {
            "name": "intracellular",
            "namespace": "bel"
          },
          "toLoc": {
            "name": "extracellular space",
            "namespace": "bel"
          }
        },
        "modifier": "Translocation"
      },
      "relation": "increases",
      "source": 5,
      "target": 11
    },
    {
      "key": "fec051aa166e350bf14ce6d67040b05c",
      "relation": "partOf",
      "source": 7,
      "target": 5
    },
    {
      "annotations": {
        "Custom_Disease": {
          "COVID-19": true
        },
        "PublicationStatus": {
          "Preprint": true
        },
        "PublicationType": {
          "Editorial": true
        },
        "Section": {
          "Abstract": true
        },
        "Species": {
          "9606": true
        }
      },
      "citation": {
        "authors": [
          "Caraffa A",
          "Conti P",
          "Frydas I",
          "Gallenga CE",
          "Kritas SK",
          "Ronconi G",
          "Ross R"
        ],
        "date": "2020-03-14",
        "db": "PubMed",
        "db_id": "32171193",
        "db_name": "Journal of biological regulators and homeostatic agents",
        "first": "Conti P",
        "last": "Kritas SK",
        "volume": "34"
      },
      "evidence": "The binding of COVI-19 to the Toll Like Receptor (TLR) causes the release of pro-IL-1β which is cleaved by caspase-1, followed by inflammasome activation and production of active mature IL-1β which is a mediator of lung inflammation, fever and fibrosis.",
      "key": "35d70983173a9625e32d168fd03fafb1",
      "line": 60,
      "object": {
        "modifier": "Activity"
      },
      "relation": "increases",
      "source": 8,
      "subject": {
        "modifier": "Activity"
      },
      "target": 11
    },
    {
      "annotations": {
        "Custom_Disease": {
          "COVID-19": true
        },
        "PublicationStatus": {
          "Preprint": true
        },
        "PublicationType": {
          "Editorial": true
        },
        "Section": {
          "Abstract": true
        },
        "Species": {
          "9606": true
        }
      },
      "citation": {
        "authors": [
          "Caraffa A",
          "Conti P",
          "Frydas I",
          "Gallenga CE",
          "Kritas SK",
          "Ronconi G",
          "Ross R"
        ],
        "date": "2020-03-14",
        "db": "PubMed",
        "db_id": "32171193",
        "db_name": "Journal of biological regulators and homeostatic agents",
        "first": "Conti P",
        "last": "Kritas SK",
        "volume": "34"
      },
      "evidence": "The binding of COVI-19 to the Toll Like Receptor (TLR) causes the release of pro-IL-1β which is cleaved by caspase-1, followed by inflammasome activation and production of active mature IL-1β which is a mediator of lung inflammation, fever and fibrosis.",
      "key": "a6819c3265ef0cd92d7c1b4adb829236",
      "line": 61,
      "relation": "association",
      "source": 8,
      "target": 4
    },
    {
      "annotations": {
        "Custom_Disease": {
          "COVID-19": true
        },
        "PublicationStatus": {
          "Preprint": true
        },
        "PublicationType": {
          "Editorial": true
        },
        "Section": {
          "Abstract": true
        },
        "Species": {
          "9606": true
        }
      },
      "citation": {
        "authors": [
          "Caraffa A",
          "Conti P",
          "Frydas I",
          "Gallenga CE",
          "Kritas SK",
          "Ronconi G",
          "Ross R"
        ],
        "date": "2020-03-14",
        "db": "PubMed",
        "db_id": "32171193",
        "db_name": "Journal of biological regulators and homeostatic agents",
        "first": "Conti P",
        "last": "Kritas SK",
        "volume": "34"
      },
      "evidence": "The binding of COVI-19 to the Toll Like Receptor (TLR) causes the release of pro-IL-1β which is cleaved by caspase-1, followed by inflammasome activation and production of active mature IL-1β which is a mediator of lung inflammation, fever and fibrosis.",
      "key": "dbf54699f4c55365980b4e23a335b41a",
      "line": 61,
      "relation": "association",
      "source": 4,
      "target": 8
    },
    {
      "annotations": {
        "Custom_Disease": {
          "COVID-19": true
        },
        "PublicationStatus": {
          "Preprint": true
        },
        "PublicationType": {
          "Editorial": true
        },
        "Section": {
          "Abstract": true
        },
        "Species": {
          "9606": true
        }
      },
      "citation": {
        "authors": [
          "Caraffa A",
          "Conti P",
          "Frydas I",
          "Gallenga CE",
          "Kritas SK",
          "Ronconi G",
          "Ross R"
        ],
        "date": "2020-03-14",
        "db": "PubMed",
        "db_id": "32171193",
        "db_name": "Journal of biological regulators and homeostatic agents",
        "first": "Conti P",
        "last": "Kritas SK",
        "volume": "34"
      },
      "evidence": "Cytokine IL-37 has the ability to suppress innate and acquired immune response and also has the capacity to inhibit inflammation by acting on IL-18Rα receptor.",
      "key": "12db269908ed25066cb1636f02cb77d9",
      "line": 67,
      "relation": "decreases",
      "source": 13,
      "subject": {
        "modifier": "Activity"
      },
      "target": 23
    },
    {
      "annotations": {
        "Custom_Disease": {
          "COVID-19": true
        },
        "PublicationStatus": {
          "Preprint": true
        },
        "PublicationType": {
          "Editorial": true
        },
        "Section": {
          "Abstract": true
        },
        "Species": {
          "9606": true
        }
      },
      "citation": {
        "authors": [
          "Caraffa A",
          "Conti P",
          "Frydas I",
          "Gallenga CE",
          "Kritas SK",
          "Ronconi G",
          "Ross R"
        ],
        "date": "2020-03-14",
        "db": "PubMed",
        "db_id": "32171193",
        "db_name": "Journal of biological regulators and homeostatic agents",
        "first": "Conti P",
        "last": "Kritas SK",
        "volume": "34"
      },
      "evidence": "Cytokine IL-37 has the ability to suppress innate and acquired immune response and also has the capacity to inhibit inflammation by acting on IL-18Rα receptor.",
      "key": "d7abe4d408de01f83e7f534866dcebd3",
      "line": 68,
      "relation": "decreases",
      "source": 13,
      "subject": {
        "modifier": "Activity"
      },
      "target": 22
    },
    {
      "key": "191050c387da4a65056cc9432e02d6fe",
      "relation": "partOf",
      "source": 13,
      "target": 6
    },
    {
      "annotations": {
        "Custom_Disease": {
          "COVID-19": true
        },
        "PublicationStatus": {
          "Preprint": true
        },
        "PublicationType": {
          "Editorial": true
        },
        "Section": {
          "Abstract": true
        },
        "Species": {
          "9606": true
        }
      },
      "citation": {
        "authors": [
          "Caraffa A",
          "Conti P",
          "Frydas I",
          "Gallenga CE",
          "Kritas SK",
          "Ronconi G",
          "Ross R"
        ],
        "date": "2020-03-14",
        "db": "PubMed",
        "db_id": "32171193",
        "db_name": "Journal of biological regulators and homeostatic agents",
        "first": "Conti P",
        "last": "Kritas SK",
        "volume": "34"
      },
      "evidence": "IL-37 performs its immunosuppressive activity by acting on mTOR and increasing the adenosine monophosphate (AMP) kinase.",
      "key": "d1fb41a4ad6a4ed18518e164ca462275",
      "line": 72,
      "object": {
        "modifier": "Activity"
      },
      "relation": "increases",
      "source": 13,
      "subject": {
        "modifier": "Activity"
      },
      "target": 16
    },
    {
      "annotations": {
        "Custom_Disease": {
          "COVID-19": true
        },
        "PublicationStatus": {
          "Preprint": true
        },
        "PublicationType": {
          "Editorial": true
        },
        "Section": {
          "Abstract": true
        },
        "Species": {
          "9606": true
        }
      },
      "citation": {
        "authors": [
          "Caraffa A",
          "Conti P",
          "Frydas I",
          "Gallenga CE",
          "Kritas SK",
          "Ronconi G",
          "Ross R"
        ],
        "date": "2020-03-14",
        "db": "PubMed",
        "db_id": "32171193",
        "db_name": "Journal of biological regulators and homeostatic agents",
        "first": "Conti P",
        "last": "Kritas SK",
        "volume": "34"
      },
      "evidence": "This cytokine inhibits class II histocompatibility complex (MHC) molecules and inflammation in inflammatory diseases by suppressing MyD88 and subsequently IL-1β, IL-6, TNF and CCL2.",
      "key": "3daf09eea93795b56e0bcd52c3994b54",
      "line": 76,
      "relation": "decreases",
      "source": 13,
      "subject": {
        "modifier": "Activity"
      },
      "target": 0
    },
    {
      "annotations": {
        "Custom_Disease": {
          "COVID-19": true
        },
        "PublicationStatus": {
          "Preprint": true
        },
        "PublicationType": {
          "Editorial": true
        },
        "Section": {
          "Abstract": true
        },
        "Species": {
          "9606": true
        }
      },
      "citation": {
        "authors": [
          "Caraffa A",
          "Conti P",
          "Frydas I",
          "Gallenga CE",
          "Kritas SK",
          "Ronconi G",
          "Ross R"
        ],
        "date": "2020-03-14",
        "db": "PubMed",
        "db_id": "32171193",
        "db_name": "Journal of biological regulators and homeostatic agents",
        "first": "Conti P",
        "last": "Kritas SK",
        "volume": "34"
      },
      "evidence": "This cytokine inhibits class II histocompatibility complex (MHC) molecules and inflammation in inflammatory diseases by suppressing MyD88 and subsequently IL-1β, IL-6, TNF and CCL2.",
      "key": "59d7707bcc0bd27a856906d9a7f92665",
      "line": 77,
      "relation": "decreases",
      "source": 13,
      "subject": {
        "modifier": "Activity"
      },
      "target": 15
    },
    {
      "annotations": {
        "Custom_Disease": {
          "COVID-19": true
        },
        "PublicationStatus": {
          "Preprint": true
        },
        "PublicationType": {
          "Editorial": true
        },
        "Section": {
          "Abstract": true
        },
        "Species": {
          "9606": true
        }
      },
      "citation": {
        "authors": [
          "Caraffa A",
          "Conti P",
          "Frydas I",
          "Gallenga CE",
          "Kritas SK",
          "Ronconi G",
          "Ross R"
        ],
        "date": "2020-03-14",
        "db": "PubMed",
        "db_id": "32171193",
        "db_name": "Journal of biological regulators and homeostatic agents",
        "first": "Conti P",
        "last": "Kritas SK",
        "volume": "34"
      },
      "evidence": "This cytokine inhibits class II histocompatibility complex (MHC) molecules and inflammation in inflammatory diseases by suppressing MyD88 and subsequently IL-1β, IL-6, TNF and CCL2.",
      "key": "7a38c46f070b280559e7bcd80829e09d",
      "line": 78,
      "relation": "decreases",
      "source": 13,
      "subject": {
        "modifier": "Activity"
      },
      "target": 11
    },
    {
      "annotations": {
        "Custom_Disease": {
          "COVID-19": true
        },
        "PublicationStatus": {
          "Preprint": true
        },
        "PublicationType": {
          "Editorial": true
        },
        "Section": {
          "Abstract": true
        },
        "Species": {
          "9606": true
        }
      },
      "citation": {
        "authors": [
          "Caraffa A",
          "Conti P",
          "Frydas I",
          "Gallenga CE",
          "Kritas SK",
          "Ronconi G",
          "Ross R"
        ],
        "date": "2020-03-14",
        "db": "PubMed",
        "db_id": "32171193",
        "db_name": "Journal of biological regulators and homeostatic agents",
        "first": "Conti P",
        "last": "Kritas SK",
        "volume": "34"
      },
      "evidence": "This cytokine inhibits class II histocompatibility complex (MHC) molecules and inflammation in inflammatory diseases by suppressing MyD88 and subsequently IL-1β, IL-6, TNF and CCL2.",
      "key": "3cf326455a551368160a666fd31df365",
      "line": 79,
      "relation": "decreases",
      "source": 13,
      "subject": {
        "modifier": "Activity"
      },
      "target": 14
    },
    {
      "annotations": {
        "Custom_Disease": {
          "COVID-19": true
        },
        "PublicationStatus": {
          "Preprint": true
        },
        "PublicationType": {
          "Editorial": true
        },
        "Section": {
          "Abstract": true
        },
        "Species": {
          "9606": true
        }
      },
      "citation": {
        "authors": [
          "Caraffa A",
          "Conti P",
          "Frydas I",
          "Gallenga CE",
          "Kritas SK",
          "Ronconi G",
          "Ross R"
        ],
        "date": "2020-03-14",
        "db": "PubMed",
        "db_id": "32171193",
        "db_name": "Journal of biological regulators and homeostatic agents",
        "first": "Conti P",
        "last": "Kritas SK",
        "volume": "34"
      },
      "evidence": "This cytokine inhibits class II histocompatibility complex (MHC) molecules and inflammation in inflammatory diseases by suppressing MyD88 and subsequently IL-1β, IL-6, TNF and CCL2.",
      "key": "e1c604f9b432a4a540b591907cf78911",
      "line": 80,
      "relation": "decreases",
      "source": 13,
      "subject": {
        "modifier": "Activity"
      },
      "target": 17
    },
    {
      "annotations": {
        "Custom_Disease": {
          "COVID-19": true
        },
        "PublicationStatus": {
          "Preprint": true
        },
        "PublicationType": {
          "Editorial": true
        },
        "Section": {
          "Abstract": true
        },
        "Species": {
          "9606": true
        }
      },
      "citation": {
        "authors": [
          "Caraffa A",
          "Conti P",
          "Frydas I",
          "Gallenga CE",
          "Kritas SK",
          "Ronconi G",
          "Ross R"
        ],
        "date": "2020-03-14",
        "db": "PubMed",
        "db_id": "32171193",
        "db_name": "Journal of biological regulators and homeostatic agents",
        "first": "Conti P",
        "last": "Kritas SK",
        "volume": "34"
      },
      "evidence": "This cytokine inhibits class II histocompatibility complex (MHC) molecules and inflammation in inflammatory diseases by suppressing MyD88 and subsequently IL-1β, IL-6, TNF and CCL2.",
      "key": "2e3bdd06fdc6fd6725a055d2da313b4e",
      "line": 81,
      "relation": "decreases",
      "source": 13,
      "subject": {
        "modifier": "Activity"
      },
      "target": 9
    },
    {
      "annotations": {
        "Custom_Disease": {
          "COVID-19": true
        },
        "PublicationStatus": {
          "Preprint": true
        },
        "PublicationType": {
          "Editorial": true
        },
        "Section": {
          "Abstract": true
        },
        "Species": {
          "9606": true
        }
      },
      "citation": {
        "authors": [
          "Caraffa A",
          "Conti P",
          "Frydas I",
          "Gallenga CE",
          "Kritas SK",
          "Ronconi G",
          "Ross R"
        ],
        "date": "2020-03-14",
        "db": "PubMed",
        "db_id": "32171193",
        "db_name": "Journal of biological regulators and homeostatic agents",
        "first": "Conti P",
        "last": "Kritas SK",
        "volume": "34"
      },
      "evidence": "Cytokine IL-37 has the ability to suppress innate and acquired immune response and also has the capacity to inhibit inflammation by acting on IL-18Rα receptor.",
      "key": "a28cd880a812daed4cc163ffd48e3fae",
      "line": 69,
      "relation": "decreases",
      "source": 6,
      "target": 25
    },
    {
      "key": "dc2023e3072b54d2fced786c25fb11b7",
      "relation": "partOf",
      "source": 10,
      "target": 6
    },
    {
      "annotations": {
        "Custom_Disease": {
          "COVID-19": true
        },
        "PublicationStatus": {
          "Preprint": true
        },
        "PublicationType": {
          "Editorial": true
        },
        "Section": {
          "Abstract": true
        },
        "Species": {
          "9606": true
        }
      },
      "citation": {
        "authors": [
          "Caraffa A",
          "Conti P",
          "Frydas I",
          "Gallenga CE",
          "Kritas SK",
          "Ronconi G",
          "Ross R"
        ],
        "date": "2020-03-14",
        "db": "PubMed",
        "db_id": "32171193",
        "db_name": "Journal of biological regulators and homeostatic agents",
        "first": "Conti P",
        "last": "Kritas SK",
        "volume": "34"
      },
      "evidence": "IL-37 performs its immunosuppressive activity by acting on mTOR and increasing the adenosine monophosphate (AMP) kinase.",
      "key": "823cef32345a144b8c5108fa3b3718ba",
      "line": 73,
      "relation": "association",
      "source": 16,
      "subject": {
        "modifier": "Activity"
      },
      "target": 2
    },
    {
      "annotations": {
        "Custom_Disease": {
          "COVID-19": true
        },
        "PublicationStatus": {
          "Preprint": true
        },
        "PublicationType": {
          "Editorial": true
        },
        "Section": {
          "Abstract": true
        },
        "Species": {
          "9606": true
        }
      },
      "citation": {
        "authors": [
          "Caraffa A",
          "Conti P",
          "Frydas I",
          "Gallenga CE",
          "Kritas SK",
          "Ronconi G",
          "Ross R"
        ],
        "date": "2020-03-14",
        "db": "PubMed",
        "db_id": "32171193",
        "db_name": "Journal of biological regulators and homeostatic agents",
        "first": "Conti P",
        "last": "Kritas SK",
        "volume": "34"
      },
      "evidence": "IL-37 performs its immunosuppressive activity by acting on mTOR and increasing the adenosine monophosphate (AMP) kinase.",
      "key": "7ab45fc8ac0e3e590fe688904d945462",
      "line": 73,
      "object": {
        "modifier": "Activity"
      },
      "relation": "association",
      "source": 2,
      "target": 16
    },
    {
      "annotations": {
        "Custom_Disease": {
          "COVID-19": true
        },
        "PublicationStatus": {
          "Preprint": true
        },
        "PublicationType": {
          "Editorial": true
        },
        "Section": {
          "Abstract": true
        },
        "Species": {
          "9606": true
        }
      },
      "citation": {
        "authors": [
          "Caraffa A",
          "Conti P",
          "Frydas I",
          "Gallenga CE",
          "Kritas SK",
          "Ronconi G",
          "Ross R"
        ],
        "date": "2020-03-14",
        "db": "PubMed",
        "db_id": "32171193",
        "db_name": "Journal of biological regulators and homeostatic agents",
        "first": "Conti P",
        "last": "Kritas SK",
        "volume": "34"
      },
      "evidence": "IL-38 is also a suppressor cytokine which inhibits IL-1β and other pro-inflammatory IL-family members.",
      "key": "3fe796a2da693b061744b706b7e51d60",
      "line": 88,
      "relation": "decreases",
      "source": 12,
      "subject": {
        "modifier": "Activity"
      },
      "target": 11
    },
    {
      "annotations": {
        "Custom_Disease": {
          "COVID-19": true
        },
        "PublicationStatus": {
          "Preprint": true
        },
        "PublicationType": {
          "Editorial": true
        },
        "Section": {
          "Abstract": true
        },
        "Species": {
          "9606": true
        }
      },
      "citation": {
        "authors": [
          "Caraffa A",
          "Conti P",
          "Frydas I",
          "Gallenga CE",
          "Kritas SK",
          "Ronconi G",
          "Ross R"
        ],
        "date": "2020-03-14",
        "db": "PubMed",
        "db_id": "32171193",
        "db_name": "Journal of biological regulators and homeostatic agents",
        "first": "Conti P",
        "last": "Kritas SK",
        "volume": "34"
      },
      "evidence": "IL-38 is a potential therapeutic cytokine which inhibits inflammation in viral infections including that caused by coronavirus-19, providing a new relevant strategy.",
      "key": "8a34209445eb3e6f766ab8bfa38b643c",
      "line": 92,
      "relation": "decreases",
      "source": 12,
      "subject": {
        "modifier": "Activity"
      },
      "target": 25
    }
  ],
  "multigraph": true,
  "nodes": [
    {
      "bel": "a(MESH:\"Histocompatibility Antigens Class II\")",
      "concept": {
        "name": "Histocompatibility Antigens Class II",
        "namespace": "MESH"
      },
      "function": "Abundance",
      "id": "fd291ecddf8692a83d27bc702c8a55d6"
    },
    {
      "bel": "a(TAX:\"Severe acute respiratory syndrome coronavirus 2\")",
      "concept": {
        "name": "Severe acute respiratory syndrome coronavirus 2",
        "namespace": "TAX"
      },
      "function": "Abundance",
      "id": "c41851da59cc36c21b2e8acf24c1f46d"
    },
    {
      "bel": "bp(GO:\"TOR signaling\")",
      "concept": {
        "name": "TOR signaling",
        "namespace": "GO"
      },
      "function": "BiologicalProcess",
      "id": "9061d8a3d41b8f08c23bb345314a23dc"
    },
    {
      "bel": "bp(GO:\"cytokine production involved in inflammatory response\")",
      "concept": {
        "name": "cytokine production involved in inflammatory response",
        "namespace": "GO"
      },
      "function": "BiologicalProcess",
      "id": "0211720ec37c835dd274d1ecfd30716f"
    },
    {
      "bel": "complex(GO:\"inflammasome complex\")",
      "concept": {
        "name": "inflammasome complex",
        "namespace": "GO"
      },
      "function": "Complex",
      "id": "5f381d18b57c2a81a9c248759d732dd9"
    },
    {
      "bel": "complex(a(TAX:\"Severe acute respiratory syndrome coronavirus 2\"), g(GFAM:\"Toll like receptors\"))",
      "function": "Complex",
      "id": "34c963c04f794699d44c82a9403cd218",
      "members": [
        {
          "bel": "a(TAX:\"Severe acute respiratory syndrome coronavirus 2\")",
          "concept": {
            "name": "Severe acute respiratory syndrome coronavirus 2",
            "namespace": "TAX"
          },
          "function": "Abundance",
          "id": "c41851da59cc36c21b2e8acf24c1f46d"
        },
        {
          "bel": "g(GFAM:\"Toll like receptors\")",
          "concept": {
            "name": "Toll like receptors",
            "namespace": "GFAM"
          },
          "function": "Gene",
          "id": "6d8e2c998ab1ce8271e5db4b8b0fe71f"
        }
      ]
    },
    {
      "bel": "complex(p(HGNC:IL18R1), p(HGNC:IL37))",
      "function": "Complex",
      "id": "efa90b687358c68531e533dac6c4ef75",
      "members": [
        {
          "bel": "p(HGNC:IL18R1)",
          "concept": {
            "name": "IL18R1",
            "namespace": "HGNC"
          },
          "function": "Protein",
          "id": "c805a6d7e1285cde4466cf22b54ddb33"
        },
        {
          "bel": "p(HGNC:IL37)",
          "concept": {
            "name": "IL37",
            "namespace": "HGNC"
          },
          "function": "Protein",
          "id": "faf6e5145aa0098a4f1447801b47c890"
        }
      ]
    },
    {
      "bel": "g(GFAM:\"Toll like receptors\")",
      "concept": {
        "name": "Toll like receptors",
        "namespace": "GFAM"
      },
      "function": "Gene",
      "id": "6d8e2c998ab1ce8271e5db4b8b0fe71f"
    },
    {
      "bel": "p(HGNC:CASP1)",
      "concept": {
        "name": "CASP1",
        "namespace": "HGNC"
      },
      "function": "Protein",
      "id": "757e8982730dda44190069437655a3cf"
    },
    {
      "bel": "p(HGNC:CCL2)",
      "concept": {
        "name": "CCL2",
        "namespace": "HGNC"
      },
      "function": "Protein",
      "id": "2a1fddd8526478c2c7edadaa639bbe85"
    },
    {
      "bel": "p(HGNC:IL18R1)",
      "concept": {
        "name": "IL18R1",
        "namespace": "HGNC"
      },
      "function": "Protein",
      "id": "c805a6d7e1285cde4466cf22b54ddb33"
    },
    {
      "bel": "p(HGNC:IL1B)",
      "concept": {
        "name": "IL1B",
        "namespace": "HGNC"
      },
      "function": "Protein",
      "id": "cca08112d9fcf1a31015f1dbfc30b04c"
    },
    {
      "bel": "p(HGNC:IL1F10)",
      "concept": {
        "name": "IL1F10",
        "namespace": "HGNC"
      },
      "function": "Protein",
      "id": "1e7c62d54e1be9bb0ab87baa81bd7bb7"
    },
    {
      "bel": "p(HGNC:IL37)",
      "concept": {
        "name": "IL37",
        "namespace": "HGNC"
      },
      "function": "Protein",
      "id": "faf6e5145aa0098a4f1447801b47c890"
    },
    {
      "bel": "p(HGNC:IL6)",
      "concept": {
        "name": "IL6",
        "namespace": "HGNC"
      },
      "function": "Protein",
      "id": "8a1d3c4828c5416eba867c395cc65caa"
    },
    {
      "bel": "p(HGNC:MYD88)",
      "concept": {
        "name": "MYD88",
        "namespace": "HGNC"
      },
      "function": "Protein",
      "id": "f14c331d37210d025523a016597e9de6"
    },
    {
      "bel": "p(HGNC:PRKAA1)",
      "concept": {
        "name": "PRKAA1",
        "namespace": "HGNC"
      },
      "function": "Protein",
      "id": "94199d63c49af23978f439a18eff289a"
    },
    {
      "bel": "p(HGNC:TNF)",
      "concept": {
        "name": "TNF",
        "namespace": "HGNC"
      },
      "function": "Protein",
      "id": "fdc1c1f5a73c3c992b6eb71ce9b6908e"
    },
    {
      "bel": "path(DO:\"COVID-19\")",
      "concept": {
        "name": "COVID-19",
        "namespace": "DO"
      },
      "function": "Pathology",
      "id": "6f9f1c2e8012537e503a758c6bfaff0f"
    },
    {
      "bel": "path(DO:\"adult respiratory distress syndrome\")",
      "concept": {
        "name": "adult respiratory distress syndrome",
        "namespace": "DO"
      },
      "function": "Pathology",
      "id": "13c578f210684ad9f22dd027aa28b11a"
    },
    {
      "bel": "path(DO:\"pulmonary fibrosis\")",
      "concept": {
        "name": "pulmonary fibrosis",
        "namespace": "DO"
      },
      "function": "Pathology",
      "id": "2a240bbba2a0c01bbc4067d6bcb070bf"
    },
    {
      "bel": "path(DO:pneumonia)",
      "concept": {
        "name": "pneumonia",
        "namespace": "DO"
      },
      "function": "Pathology",
      "id": "274776fc664e9bfd9c191cca80623b0d"
    },
    {
      "bel": "path(HP:\"adaptive immune response\")",
      "concept": {
        "name": "adaptive immune response",
        "namespace": "HP"
      },
      "function": "Pathology",
      "id": "2acd9f1840245aba4b7f105ad30ded44"
    },
    {
      "bel": "path(HP:\"innate immune response\")",
      "concept": {
        "name": "innate immune response",
        "namespace": "HP"
      },
      "function": "Pathology",
      "id": "120a42f55ca63867709a570bd974f340"
    },
    {
      "bel": "path(HP:Fever)",
      "concept": {
        "name": "Fever",
        "namespace": "HP"
      },
      "function": "Pathology",
      "id": "28f3e35789cf742f4f5cc7453350aae5"
    },
    {
      "bel": "path(HP:inflammation)",
      "concept": {
        "name": "inflammation",
        "namespace": "HP"
      },
      "function": "Pathology",
      "id": "9d6a7b2e018426f1a413c7e24ccadb47"
    }
  ]
}