{
  "directed": true,
  "graph": {
    "annotation_list": {},
    "annotation_pattern": {},
    "annotation_url": {
      "Disease": "https://arty.scai.fraunhofer.de/artifactory/bel/annotation/disease/disease-20190128.belanno"
    },
    "document_metadata": {
      "authors": "Yojana Gadiya",
      "contact": "yojana.gadiya@scai.fraunhofer.de",
      "copyright": "Copyright © 2020 Fraunhofer Institute SCAI, All rights reserved",
      "description": "Asymptomatic carrier state, acute respiratory disease, and pneumonia due to severe acute respiratory syndromecoronavirus 2 (SARS-CoV-2): Facts and myths",
      "licenses": "Private Ownership to Fraunhofer Institute SCAI",
      "name": "PMID_32173241",
      "version": "2.0.0"
    },
    "namespace_pattern": {},
    "namespace_url": {
      "CHEBI": "https://arty.scai.fraunhofer.de/artifactory/bel/namespace/chebi/chebi-20190708.belns",
      "DO": "https://arty.scai.fraunhofer.de/artifactory/bel/namespace/disease-ontology/disease-ontology-20200407.belns",
      "GOBP": "https://arty.scai.fraunhofer.de/artifactory/bel/namespace/go-biological-process/go-biological-process-20190128.belns",
      "MESH": "https://arty.scai.fraunhofer.de/artifactory/bel/namespace/mesh/mesh-names-20181007.belns",
      "MESHA": "https://arty.scai.fraunhofer.de/artifactory/bel/namespace/mesh-anatomy/mesh-anatomy-20190128.belns",
      "MESHD": "https://arty.scai.fraunhofer.de/artifactory/bel/namespace/mesh-diseases/mesh-diseases-20190128.belns"
    },
    "path": "32173241.bel",
    "pybel_version": "0.14.6"
  },
  "links": [
    {
      "citation": {
        "authors": [
          "Hsueh PR",
          "Hsueh SC",
          "Ko WC",
          "Lai CC",
          "Liu YH",
          "Wang CY",
          "Wang YH",
          "Yen MY"
        ],
        "date": "2020-03-04",
        "db": "PubMed",
        "db_id": "32173241",
        "db_name": "Journal of microbiology, immunology, and infection = Wei mian yu gan ran za zhi",
        "first": "Lai CC",
        "last": "Hsueh PR"
      },
      "evidence": "COVID-19 was defined as the respiratory disease caused by SARS-CoV-2 that emerged in China in 2019 (https://www.who.int/westernpacific/emergencies/covid-19).",
      "key": "4ac4cc7bf15b44a2d0d147169b72f5f6",
      "line": 85,
      "relation": "isA",
      "source": 4,
      "target": 11
    },
    {
      "citation": {
        "authors": [
          "Hsueh PR",
          "Hsueh SC",
          "Ko WC",
          "Lai CC",
          "Liu YH",
          "Wang CY",
          "Wang YH",
          "Yen MY"
        ],
        "date": "2020-03-04",
        "db": "PubMed",
        "db_id": "32173241",
        "db_name": "Journal of microbiology, immunology, and infection = Wei mian yu gan ran za zhi",
        "first": "Lai CC",
        "last": "Hsueh PR"
      },
      "evidence": "The clinical manifestations of COVID-19 are protean, which include asymptomatic carrier, ARD, and pneumonia of varying degrees of severity. First, asymptomatic cases were diagnosed based on positive viral nucleic acid test results, but without any COVID-19 symptoms, such as fever, gastrointestinal, or respiratory symptoms, and no significant abnormalities on chest radiograph [7,8].",
      "key": "61ec75c5bafc23c610b4c795d430a1e1",
      "line": 89,
      "relation": "positiveCorrelation",
      "source": 4,
      "target": 5
    },
    {
      "citation": {
        "authors": [
          "Hsueh PR",
          "Hsueh SC",
          "Ko WC",
          "Lai CC",
          "Liu YH",
          "Wang CY",
          "Wang YH",
          "Yen MY"
        ],
        "date": "2020-03-04",
        "db": "PubMed",
        "db_id": "32173241",
        "db_name": "Journal of microbiology, immunology, and infection = Wei mian yu gan ran za zhi",
        "first": "Lai CC",
        "last": "Hsueh PR"
      },
      "evidence": "The clinical manifestations of COVID-19 are protean, which include asymptomatic carrier, ARD, and pneumonia of varying degrees of severity. First, asymptomatic cases were diagnosed based on positive viral nucleic acid test results, but without any COVID-19 symptoms, such as fever, gastrointestinal, or respiratory symptoms, and no significant abnormalities on chest radiograph [7,8].",
      "key": "a24f6af9d47312439ebab23f3e636f4a",
      "line": 90,
      "relation": "positiveCorrelation",
      "source": 4,
      "target": 14
    },
    {
      "citation": {
        "authors": [
          "Hsueh PR",
          "Hsueh SC",
          "Ko WC",
          "Lai CC",
          "Liu YH",
          "Wang CY",
          "Wang YH",
          "Yen MY"
        ],
        "date": "2020-03-04",
        "db": "PubMed",
        "db_id": "32173241",
        "db_name": "Journal of microbiology, immunology, and infection = Wei mian yu gan ran za zhi",
        "first": "Lai CC",
        "last": "Hsueh PR"
      },
      "evidence": "The clinical manifestations of COVID-19 are protean, which include asymptomatic carrier, ARD, and pneumonia of varying degrees of severity. First, asymptomatic cases were diagnosed based on positive viral nucleic acid test results, but without any COVID-19 symptoms, such as fever, gastrointestinal, or respiratory symptoms, and no significant abnormalities on chest radiograph [7,8].",
      "key": "31576e10a7b06c937a186e5bf42ce787",
      "line": 91,
      "relation": "positiveCorrelation",
      "source": 4,
      "target": 9
    },
    {
      "citation": {
        "authors": [
          "Hsueh PR",
          "Hsueh SC",
          "Ko WC",
          "Lai CC",
          "Liu YH",
          "Wang CY",
          "Wang YH",
          "Yen MY"
        ],
        "date": "2020-03-04",
        "db": "PubMed",
        "db_id": "32173241",
        "db_name": "Journal of microbiology, immunology, and infection = Wei mian yu gan ran za zhi",
        "first": "Lai CC",
        "last": "Hsueh PR"
      },
      "evidence": "Among a pooled analysis of 468 patients with pneumonia (Table 2) based on five studies with detailed description of clinical features of the disease, [11, 12, 13, 14,23] male sex comprised 60.3% of patients and the mean age was 53 years.",
      "key": "8134bc1e58b5c8913a330c9f582fad27",
      "line": 95,
      "relation": "association",
      "source": 4,
      "target": 15
    },
    {
      "citation": {
        "authors": [
          "Hsueh PR",
          "Hsueh SC",
          "Ko WC",
          "Lai CC",
          "Liu YH",
          "Wang CY",
          "Wang YH",
          "Yen MY"
        ],
        "date": "2020-03-04",
        "db": "PubMed",
        "db_id": "32173241",
        "db_name": "Journal of microbiology, immunology, and infection = Wei mian yu gan ran za zhi",
        "first": "Lai CC",
        "last": "Hsueh PR"
      },
      "evidence": "Among a pooled analysis of 468 patients with pneumonia (Table 2) based on five studies with detailed description of clinical features of the disease, [11, 12, 13, 14,23] male sex comprised 60.3% of patients and the mean age was 53 years.",
      "key": "d754d538b9ca3880e1590659f3994c2b",
      "line": 96,
      "relation": "association",
      "source": 4,
      "target": 12
    },
    {
      "citation": {
        "authors": [
          "Hsueh PR",
          "Hsueh SC",
          "Ko WC",
          "Lai CC",
          "Liu YH",
          "Wang CY",
          "Wang YH",
          "Yen MY"
        ],
        "date": "2020-03-04",
        "db": "PubMed",
        "db_id": "32173241",
        "db_name": "Journal of microbiology, immunology, and infection = Wei mian yu gan ran za zhi",
        "first": "Lai CC",
        "last": "Hsueh PR"
      },
      "evidence": "Among a pooled analysis of 468 patients with pneumonia (Table 2) based on five studies with detailed description of clinical features of the disease, [11, 12, 13, 14,23] male sex comprised 60.3% of patients and the mean age was 53 years.",
      "key": "17dae78eda6cf1d938b3eb3687dbd5c2",
      "line": 97,
      "relation": "association",
      "source": 4,
      "target": 7
    },
    {
      "citation": {
        "authors": [
          "Hsueh PR",
          "Hsueh SC",
          "Ko WC",
          "Lai CC",
          "Liu YH",
          "Wang CY",
          "Wang YH",
          "Yen MY"
        ],
        "date": "2020-03-04",
        "db": "PubMed",
        "db_id": "32173241",
        "db_name": "Journal of microbiology, immunology, and infection = Wei mian yu gan ran za zhi",
        "first": "Lai CC",
        "last": "Hsueh PR"
      },
      "evidence": "Among a pooled analysis of 468 patients with pneumonia (Table 2) based on five studies with detailed description of clinical features of the disease, [11, 12, 13, 14,23] male sex comprised 60.3% of patients and the mean age was 53 years.",
      "key": "3186c1d4193d983152e0caf6693fa117",
      "line": 98,
      "relation": "association",
      "source": 4,
      "target": 6
    },
    {
      "citation": {
        "authors": [
          "Hsueh PR",
          "Hsueh SC",
          "Ko WC",
          "Lai CC",
          "Liu YH",
          "Wang CY",
          "Wang YH",
          "Yen MY"
        ],
        "date": "2020-03-04",
        "db": "PubMed",
        "db_id": "32173241",
        "db_name": "Journal of microbiology, immunology, and infection = Wei mian yu gan ran za zhi",
        "first": "Lai CC",
        "last": "Hsueh PR"
      },
      "evidence": "Among a pooled analysis of 468 patients with pneumonia (Table 2) based on five studies with detailed description of clinical features of the disease, [11, 12, 13, 14,23] male sex comprised 60.3% of patients and the mean age was 53 years.",
      "key": "8dffa36e2722276887eb8765f3535d79",
      "line": 99,
      "relation": "association",
      "source": 4,
      "target": 10
    },
    {
      "citation": {
        "authors": [
          "Hsueh PR",
          "Hsueh SC",
          "Ko WC",
          "Lai CC",
          "Liu YH",
          "Wang CY",
          "Wang YH",
          "Yen MY"
        ],
        "date": "2020-03-04",
        "db": "PubMed",
        "db_id": "32173241",
        "db_name": "Journal of microbiology, immunology, and infection = Wei mian yu gan ran za zhi",
        "first": "Lai CC",
        "last": "Hsueh PR"
      },
      "evidence": "Among a pooled analysis of 468 patients with pneumonia (Table 2) based on five studies with detailed description of clinical features of the disease, [11, 12, 13, 14,23] male sex comprised 60.3% of patients and the mean age was 53 years.",
      "key": "f53e8a49c5c25fbb48b430b246e49352",
      "line": 100,
      "relation": "positiveCorrelation",
      "source": 4,
      "target": 13
    },
    {
      "citation": {
        "authors": [
          "Hsueh PR",
          "Hsueh SC",
          "Ko WC",
          "Lai CC",
          "Liu YH",
          "Wang CY",
          "Wang YH",
          "Yen MY"
        ],
        "date": "2020-03-04",
        "db": "PubMed",
        "db_id": "32173241",
        "db_name": "Journal of microbiology, immunology, and infection = Wei mian yu gan ran za zhi",
        "first": "Lai CC",
        "last": "Hsueh PR"
      },
      "evidence": "Among a pooled analysis of 468 patients with pneumonia (Table 2) based on five studies with detailed description of clinical features of the disease, [11, 12, 13, 14,23] male sex comprised 60.3% of patients and the mean age was 53 years.",
      "key": "151874a0a7a072ed55686c46818d78fb",
      "line": 101,
      "relation": "positiveCorrelation",
      "source": 4,
      "target": 16
    },
    {
      "citation": {
        "authors": [
          "Hsueh PR",
          "Hsueh SC",
          "Ko WC",
          "Lai CC",
          "Liu YH",
          "Wang CY",
          "Wang YH",
          "Yen MY"
        ],
        "date": "2020-03-04",
        "db": "PubMed",
        "db_id": "32173241",
        "db_name": "Journal of microbiology, immunology, and infection = Wei mian yu gan ran za zhi",
        "first": "Lai CC",
        "last": "Hsueh PR"
      },
      "evidence": "Among a pooled analysis of 468 patients with pneumonia (Table 2) based on five studies with detailed description of clinical features of the disease, [11, 12, 13, 14,23] male sex comprised 60.3% of patients and the mean age was 53 years.",
      "key": "64d0fe4d8c8a7e4444a9fb0ea21dfd0c",
      "line": 102,
      "relation": "positiveCorrelation",
      "source": 4,
      "target": 2
    },
    {
      "citation": {
        "authors": [
          "Hsueh PR",
          "Hsueh SC",
          "Ko WC",
          "Lai CC",
          "Liu YH",
          "Wang CY",
          "Wang YH",
          "Yen MY"
        ],
        "date": "2020-03-04",
        "db": "PubMed",
        "db_id": "32173241",
        "db_name": "Journal of microbiology, immunology, and infection = Wei mian yu gan ran za zhi",
        "first": "Lai CC",
        "last": "Hsueh PR"
      },
      "evidence": "Among a pooled analysis of 468 patients with pneumonia (Table 2) based on five studies with detailed description of clinical features of the disease, [11, 12, 13, 14,23] male sex comprised 60.3% of patients and the mean age was 53 years.",
      "key": "00bb81685671e3b29c7d57b81b9d6823",
      "line": 103,
      "relation": "positiveCorrelation",
      "source": 4,
      "target": 17
    },
    {
      "citation": {
        "authors": [
          "Hsueh PR",
          "Hsueh SC",
          "Ko WC",
          "Lai CC",
          "Liu YH",
          "Wang CY",
          "Wang YH",
          "Yen MY"
        ],
        "date": "2020-03-04",
        "db": "PubMed",
        "db_id": "32173241",
        "db_name": "Journal of microbiology, immunology, and infection = Wei mian yu gan ran za zhi",
        "first": "Lai CC",
        "last": "Hsueh PR"
      },
      "evidence": "Among a pooled analysis of 468 patients with pneumonia (Table 2) based on five studies with detailed description of clinical features of the disease, [11, 12, 13, 14,23] male sex comprised 60.3% of patients and the mean age was 53 years.",
      "key": "502b47446657d747dba302271a411873",
      "line": 104,
      "relation": "positiveCorrelation",
      "source": 4,
      "target": 18
    },
    {
      "citation": {
        "authors": [
          "Hsueh PR",
          "Hsueh SC",
          "Ko WC",
          "Lai CC",
          "Liu YH",
          "Wang CY",
          "Wang YH",
          "Yen MY"
        ],
        "date": "2020-03-04",
        "db": "PubMed",
        "db_id": "32173241",
        "db_name": "Journal of microbiology, immunology, and infection = Wei mian yu gan ran za zhi",
        "first": "Lai CC",
        "last": "Hsueh PR"
      },
      "evidence": "The clinical manifestations of COVID-19 are protean, which include asymptomatic carrier, ARD, and pneumonia of varying degrees of severity. First, asymptomatic cases were diagnosed based on positive viral nucleic acid test results, but without any COVID-19 symptoms, such as fever, gastrointestinal, or respiratory symptoms, and no significant abnormalities on chest radiograph [7,8].",
      "key": "7d035b959deaf09a3d5169613bc9f5cf",
      "line": 89,
      "relation": "positiveCorrelation",
      "source": 5,
      "target": 4
    },
    {
      "citation": {
        "authors": [
          "Hsueh PR",
          "Hsueh SC",
          "Ko WC",
          "Lai CC",
          "Liu YH",
          "Wang CY",
          "Wang YH",
          "Yen MY"
        ],
        "date": "2020-03-04",
        "db": "PubMed",
        "db_id": "32173241",
        "db_name": "Journal of microbiology, immunology, and infection = Wei mian yu gan ran za zhi",
        "first": "Lai CC",
        "last": "Hsueh PR"
      },
      "evidence": "The clinical manifestations of COVID-19 are protean, which include asymptomatic carrier, ARD, and pneumonia of varying degrees of severity. First, asymptomatic cases were diagnosed based on positive viral nucleic acid test results, but without any COVID-19 symptoms, such as fever, gastrointestinal, or respiratory symptoms, and no significant abnormalities on chest radiograph [7,8].",
      "key": "f517664857ca9d05ea15d9b6ebe5334c",
      "line": 90,
      "relation": "positiveCorrelation",
      "source": 14,
      "target": 4
    },
    {
      "citation": {
        "authors": [
          "Hsueh PR",
          "Hsueh SC",
          "Ko WC",
          "Lai CC",
          "Liu YH",
          "Wang CY",
          "Wang YH",
          "Yen MY"
        ],
        "date": "2020-03-04",
        "db": "PubMed",
        "db_id": "32173241",
        "db_name": "Journal of microbiology, immunology, and infection = Wei mian yu gan ran za zhi",
        "first": "Lai CC",
        "last": "Hsueh PR"
      },
      "evidence": "The clinical manifestations of COVID-19 are protean, which include asymptomatic carrier, ARD, and pneumonia of varying degrees of severity. First, asymptomatic cases were diagnosed based on positive viral nucleic acid test results, but without any COVID-19 symptoms, such as fever, gastrointestinal, or respiratory symptoms, and no significant abnormalities on chest radiograph [7,8].",
      "key": "9f6d82ecb90f71833047585cb05cc7c6",
      "line": 91,
      "relation": "positiveCorrelation",
      "source": 9,
      "target": 4
    },
    {
      "citation": {
        "authors": [
          "Hsueh PR",
          "Hsueh SC",
          "Ko WC",
          "Lai CC",
          "Liu YH",
          "Wang CY",
          "Wang YH",
          "Yen MY"
        ],
        "date": "2020-03-04",
        "db": "PubMed",
        "db_id": "32173241",
        "db_name": "Journal of microbiology, immunology, and infection = Wei mian yu gan ran za zhi",
        "first": "Lai CC",
        "last": "Hsueh PR"
      },
      "evidence": "Among a pooled analysis of 468 patients with pneumonia (Table 2) based on five studies with detailed description of clinical features of the disease, [11, 12, 13, 14,23] male sex comprised 60.3% of patients and the mean age was 53 years.",
      "key": "06bf833120269b39c951a433770b367b",
      "line": 95,
      "relation": "association",
      "source": 15,
      "target": 4
    },
    {
      "citation": {
        "authors": [
          "Hsueh PR",
          "Hsueh SC",
          "Ko WC",
          "Lai CC",
          "Liu YH",
          "Wang CY",
          "Wang YH",
          "Yen MY"
        ],
        "date": "2020-03-04",
        "db": "PubMed",
        "db_id": "32173241",
        "db_name": "Journal of microbiology, immunology, and infection = Wei mian yu gan ran za zhi",
        "first": "Lai CC",
        "last": "Hsueh PR"
      },
      "evidence": "Among a pooled analysis of 468 patients with pneumonia (Table 2) based on five studies with detailed description of clinical features of the disease, [11, 12, 13, 14,23] male sex comprised 60.3% of patients and the mean age was 53 years.",
      "key": "51404475bdf1c9d852f28b74afe3d136",
      "line": 96,
      "relation": "association",
      "source": 12,
      "target": 4
    },
    {
      "citation": {
        "authors": [
          "Hsueh PR",
          "Hsueh SC",
          "Ko WC",
          "Lai CC",
          "Liu YH",
          "Wang CY",
          "Wang YH",
          "Yen MY"
        ],
        "date": "2020-03-04",
        "db": "PubMed",
        "db_id": "32173241",
        "db_name": "Journal of microbiology, immunology, and infection = Wei mian yu gan ran za zhi",
        "first": "Lai CC",
        "last": "Hsueh PR"
      },
      "evidence": "Among a pooled analysis of 468 patients with pneumonia (Table 2) based on five studies with detailed description of clinical features of the disease, [11, 12, 13, 14,23] male sex comprised 60.3% of patients and the mean age was 53 years.",
      "key": "914047259f32e31b0fc87191ea58ca24",
      "line": 97,
      "relation": "association",
      "source": 7,
      "target": 4
    },
    {
      "citation": {
        "authors": [
          "Hsueh PR",
          "Hsueh SC",
          "Ko WC",
          "Lai CC",
          "Liu YH",
          "Wang CY",
          "Wang YH",
          "Yen MY"
        ],
        "date": "2020-03-04",
        "db": "PubMed",
        "db_id": "32173241",
        "db_name": "Journal of microbiology, immunology, and infection = Wei mian yu gan ran za zhi",
        "first": "Lai CC",
        "last": "Hsueh PR"
      },
      "evidence": "Among a pooled analysis of 468 patients with pneumonia (Table 2) based on five studies with detailed description of clinical features of the disease, [11, 12, 13, 14,23] male sex comprised 60.3% of patients and the mean age was 53 years.",
      "key": "8a33ed900e166b5d420c6e4d6c9ac2cd",
      "line": 98,
      "relation": "association",
      "source": 6,
      "target": 4
    },
    {
      "citation": {
        "authors": [
          "Hsueh PR",
          "Hsueh SC",
          "Ko WC",
          "Lai CC",
          "Liu YH",
          "Wang CY",
          "Wang YH",
          "Yen MY"
        ],
        "date": "2020-03-04",
        "db": "PubMed",
        "db_id": "32173241",
        "db_name": "Journal of microbiology, immunology, and infection = Wei mian yu gan ran za zhi",
        "first": "Lai CC",
        "last": "Hsueh PR"
      },
      "evidence": "Among a pooled analysis of 468 patients with pneumonia (Table 2) based on five studies with detailed description of clinical features of the disease, [11, 12, 13, 14,23] male sex comprised 60.3% of patients and the mean age was 53 years.",
      "key": "88ff0172bc76ea2077e67ff801e11264",
      "line": 99,
      "relation": "association",
      "source": 10,
      "target": 4
    },
    {
      "citation": {
        "authors": [
          "Hsueh PR",
          "Hsueh SC",
          "Ko WC",
          "Lai CC",
          "Liu YH",
          "Wang CY",
          "Wang YH",
          "Yen MY"
        ],
        "date": "2020-03-04",
        "db": "PubMed",
        "db_id": "32173241",
        "db_name": "Journal of microbiology, immunology, and infection = Wei mian yu gan ran za zhi",
        "first": "Lai CC",
        "last": "Hsueh PR"
      },
      "evidence": "Among a pooled analysis of 468 patients with pneumonia (Table 2) based on five studies with detailed description of clinical features of the disease, [11, 12, 13, 14,23] male sex comprised 60.3% of patients and the mean age was 53 years.",
      "key": "406415a8d953c904aa65ee406be1cee0",
      "line": 100,
      "relation": "positiveCorrelation",
      "source": 13,
      "target": 4
    },
    {
      "citation": {
        "authors": [
          "Hsueh PR",
          "Hsueh SC",
          "Ko WC",
          "Lai CC",
          "Liu YH",
          "Wang CY",
          "Wang YH",
          "Yen MY"
        ],
        "date": "2020-03-04",
        "db": "PubMed",
        "db_id": "32173241",
        "db_name": "Journal of microbiology, immunology, and infection = Wei mian yu gan ran za zhi",
        "first": "Lai CC",
        "last": "Hsueh PR"
      },
      "evidence": "Among a pooled analysis of 468 patients with pneumonia (Table 2) based on five studies with detailed description of clinical features of the disease, [11, 12, 13, 14,23] male sex comprised 60.3% of patients and the mean age was 53 years.",
      "key": "2d8f269b6184e4cc27b96b966199131e",
      "line": 101,
      "relation": "positiveCorrelation",
      "source": 16,
      "target": 4
    },
    {
      "citation": {
        "authors": [
          "Hsueh PR",
          "Hsueh SC",
          "Ko WC",
          "Lai CC",
          "Liu YH",
          "Wang CY",
          "Wang YH",
          "Yen MY"
        ],
        "date": "2020-03-04",
        "db": "PubMed",
        "db_id": "32173241",
        "db_name": "Journal of microbiology, immunology, and infection = Wei mian yu gan ran za zhi",
        "first": "Lai CC",
        "last": "Hsueh PR"
      },
      "evidence": "Among a pooled analysis of 468 patients with pneumonia (Table 2) based on five studies with detailed description of clinical features of the disease, [11, 12, 13, 14,23] male sex comprised 60.3% of patients and the mean age was 53 years.",
      "key": "f354b8b30349b9bd68eed16573ea19d0",
      "line": 102,
      "relation": "positiveCorrelation",
      "source": 2,
      "target": 4
    },
    {
      "citation": {
        "authors": [
          "Hsueh PR",
          "Hsueh SC",
          "Ko WC",
          "Lai CC",
          "Liu YH",
          "Wang CY",
          "Wang YH",
          "Yen MY"
        ],
        "date": "2020-03-04",
        "db": "PubMed",
        "db_id": "32173241",
        "db_name": "Journal of microbiology, immunology, and infection = Wei mian yu gan ran za zhi",
        "first": "Lai CC",
        "last": "Hsueh PR"
      },
      "evidence": "Among a pooled analysis of 468 patients with pneumonia (Table 2) based on five studies with detailed description of clinical features of the disease, [11, 12, 13, 14,23] male sex comprised 60.3% of patients and the mean age was 53 years.",
      "key": "e8978acd95426663b881bab07a6e5f80",
      "line": 103,
      "relation": "positiveCorrelation",
      "source": 17,
      "target": 4
    },
    {
      "citation": {
        "authors": [
          "Hsueh PR",
          "Hsueh SC",
          "Ko WC",
          "Lai CC",
          "Liu YH",
          "Wang CY",
          "Wang YH",
          "Yen MY"
        ],
        "date": "2020-03-04",
        "db": "PubMed",
        "db_id": "32173241",
        "db_name": "Journal of microbiology, immunology, and infection = Wei mian yu gan ran za zhi",
        "first": "Lai CC",
        "last": "Hsueh PR"
      },
      "evidence": "Among a pooled analysis of 468 patients with pneumonia (Table 2) based on five studies with detailed description of clinical features of the disease, [11, 12, 13, 14,23] male sex comprised 60.3% of patients and the mean age was 53 years.",
      "key": "c0c37d428e87bd02f5452fb6cad393fd",
      "line": 104,
      "relation": "positiveCorrelation",
      "source": 18,
      "target": 4
    },
    {
      "citation": {
        "authors": [
          "Hsueh PR",
          "Hsueh SC",
          "Ko WC",
          "Lai CC",
          "Liu YH",
          "Wang CY",
          "Wang YH",
          "Yen MY"
        ],
        "date": "2020-03-04",
        "db": "PubMed",
        "db_id": "32173241",
        "db_name": "Journal of microbiology, immunology, and infection = Wei mian yu gan ran za zhi",
        "first": "Lai CC",
        "last": "Hsueh PR"
      },
      "evidence": "However, corticosteroid therapy could be associated with delayed MERS-CoV RNA clearance (adjusted hazard ratio, 0.35; 95% CI, 0.17–0.72; p = 0.005) for critically ill patients with MERS,[40] and early corticosteroid treatment could be associated with higher subsequent plasma RNA load of SARS-CoV for adults with SARS.[41] Moreover, corticosteroid-associated psychosis and diabetes were observed in the treatment of SARS.[42,43].",
      "key": "42fc38ec40d81677f6685496818effee",
      "line": 108,
      "relation": "increases",
      "source": 0,
      "target": 3
    },
    {
      "annotations": {
        "Disease": {
          "severe acute respiratory syndrome": true
        }
      },
      "citation": {
        "authors": [
          "Hsueh PR",
          "Hsueh SC",
          "Ko WC",
          "Lai CC",
          "Liu YH",
          "Wang CY",
          "Wang YH",
          "Yen MY"
        ],
        "date": "2020-03-04",
        "db": "PubMed",
        "db_id": "32173241",
        "db_name": "Journal of microbiology, immunology, and infection = Wei mian yu gan ran za zhi",
        "first": "Lai CC",
        "last": "Hsueh PR"
      },
      "evidence": "However, corticosteroid therapy could be associated with delayed MERS-CoV RNA clearance (adjusted hazard ratio, 0.35; 95% CI, 0.17–0.72; p = 0.005) for critically ill patients with MERS,[40] and early corticosteroid treatment could be associated with higher subsequent plasma RNA load of SARS-CoV for adults with SARS.[41] Moreover, corticosteroid-associated psychosis and diabetes were observed in the treatment of SARS.[42,43].",
      "key": "d19d6382a2708298366641e8ce5afd70",
      "line": 110,
      "object": {
        "location": {
          "name": "Plasma",
          "namespace": "MESH"
        }
      },
      "relation": "increases",
      "source": 0,
      "target": 1
    },
    {
      "annotations": {
        "Disease": {
          "severe acute respiratory syndrome": true
        }
      },
      "citation": {
        "authors": [
          "Hsueh PR",
          "Hsueh SC",
          "Ko WC",
          "Lai CC",
          "Liu YH",
          "Wang CY",
          "Wang YH",
          "Yen MY"
        ],
        "date": "2020-03-04",
        "db": "PubMed",
        "db_id": "32173241",
        "db_name": "Journal of microbiology, immunology, and infection = Wei mian yu gan ran za zhi",
        "first": "Lai CC",
        "last": "Hsueh PR"
      },
      "evidence": "However, corticosteroid therapy could be associated with delayed MERS-CoV RNA clearance (adjusted hazard ratio, 0.35; 95% CI, 0.17–0.72; p = 0.005) for critically ill patients with MERS,[40] and early corticosteroid treatment could be associated with higher subsequent plasma RNA load of SARS-CoV for adults with SARS.[41] Moreover, corticosteroid-associated psychosis and diabetes were observed in the treatment of SARS.[42,43].",
      "key": "68c213c9e0d6d0c1aa78f97df17784c4",
      "line": 111,
      "relation": "positiveCorrelation",
      "source": 0,
      "target": 8
    },
    {
      "annotations": {
        "Disease": {
          "severe acute respiratory syndrome": true
        }
      },
      "citation": {
        "authors": [
          "Hsueh PR",
          "Hsueh SC",
          "Ko WC",
          "Lai CC",
          "Liu YH",
          "Wang CY",
          "Wang YH",
          "Yen MY"
        ],
        "date": "2020-03-04",
        "db": "PubMed",
        "db_id": "32173241",
        "db_name": "Journal of microbiology, immunology, and infection = Wei mian yu gan ran za zhi",
        "first": "Lai CC",
        "last": "Hsueh PR"
      },
      "evidence": "However, corticosteroid therapy could be associated with delayed MERS-CoV RNA clearance (adjusted hazard ratio, 0.35; 95% CI, 0.17–0.72; p = 0.005) for critically ill patients with MERS,[40] and early corticosteroid treatment could be associated with higher subsequent plasma RNA load of SARS-CoV for adults with SARS.[41] Moreover, corticosteroid-associated psychosis and diabetes were observed in the treatment of SARS.[42,43].",
      "key": "d6cb55787aef590c1ef257953b2b5ba8",
      "line": 111,
      "relation": "positiveCorrelation",
      "source": 8,
      "target": 0
    }
  ],
  "multigraph": true,
  "nodes": [
    {
      "bel": "a(CHEBI:corticosteroid)",
      "concept": {
        "name": "corticosteroid",
        "namespace": "CHEBI"
      },
      "function": "Abundance",
      "id": "a468686acdbd9b5763eec60c73e99320"
    },
    {
      "bel": "a(MESH:\"RNA, Viral\")",
      "concept": {
        "name": "RNA, Viral",
        "namespace": "MESH"
      },
      "function": "Abundance",
      "id": "ee3639abaecc7757e3d353fd9090a7e2"
    },
    {
      "bel": "a(MESH:Sputum)",
      "concept": {
        "name": "Sputum",
        "namespace": "MESH"
      },
      "function": "Abundance",
      "id": "415c4a11010a9ebf6801dde6d7b1105c"
    },
    {
      "bel": "bp(GOBP:\"clearance of foreign intracellular RNA\")",
      "concept": {
        "name": "clearance of foreign intracellular RNA",
        "namespace": "GOBP"
      },
      "function": "BiologicalProcess",
      "id": "5ca3a5b30a578fe15a6eb7c4a3de0885"
    },
    {
      "bel": "path(DO:\"COVID-19\")",
      "concept": {
        "name": "COVID-19",
        "namespace": "DO"
      },
      "function": "Pathology",
      "id": "6f9f1c2e8012537e503a758c6bfaff0f"
    },
    {
      "bel": "path(DO:\"adult respiratory distress syndrome\")",
      "concept": {
        "name": "adult respiratory distress syndrome",
        "namespace": "DO"
      },
      "function": "Pathology",
      "id": "13c578f210684ad9f22dd027aa28b11a"
    },
    {
      "bel": "path(DO:\"chronic kidney disease\")",
      "concept": {
        "name": "chronic kidney disease",
        "namespace": "DO"
      },
      "function": "Pathology",
      "id": "c41e49c1d2c8f2dacb14ef7c3d7c4aca"
    },
    {
      "bel": "path(DO:\"chronic obstructive pulmonary disease\")",
      "concept": {
        "name": "chronic obstructive pulmonary disease",
        "namespace": "DO"
      },
      "function": "Pathology",
      "id": "52c7695775666e17f73294c1b6376caa"
    },
    {
      "bel": "path(DO:\"drug psychosis\")",
      "concept": {
        "name": "drug psychosis",
        "namespace": "DO"
      },
      "function": "Pathology",
      "id": "cd8ffbec645c01a48011e5da28fbd855"
    },
    {
      "bel": "path(DO:\"gastrointestinal system disease\")",
      "concept": {
        "name": "gastrointestinal system disease",
        "namespace": "DO"
      },
      "function": "Pathology",
      "id": "893e29dcb4b6d1f866106cb38039cfa7"
    },
    {
      "bel": "path(DO:\"liver disease\")",
      "concept": {
        "name": "liver disease",
        "namespace": "DO"
      },
      "function": "Pathology",
      "id": "7ace349650daf4963b90a1b187782472"
    },
    {
      "bel": "path(DO:\"respiratory system disease\")",
      "concept": {
        "name": "respiratory system disease",
        "namespace": "DO"
      },
      "function": "Pathology",
      "id": "6bee8d5c208dd80a5ee8d4f4b694e066"
    },
    {
      "bel": "path(DO:hypertension)",
      "concept": {
        "name": "hypertension",
        "namespace": "DO"
      },
      "function": "Pathology",
      "id": "53d5b8bd814074e87b1da1ff6250dcff"
    },
    {
      "bel": "path(DO:pharyngitis)",
      "concept": {
        "name": "pharyngitis",
        "namespace": "DO"
      },
      "function": "Pathology",
      "id": "6553d29f9dc2d0e3deabe93d420bc62a"
    },
    {
      "bel": "path(DO:pneumonia)",
      "concept": {
        "name": "pneumonia",
        "namespace": "DO"
      },
      "function": "Pathology",
      "id": "274776fc664e9bfd9c191cca80623b0d"
    },
    {
      "bel": "path(MESHD:\"Diabetes Mellitus\")",
      "concept": {
        "name": "Diabetes Mellitus",
        "namespace": "MESHD"
      },
      "function": "Pathology",
      "id": "f27438b39cb4c96bd185ebdad661bc2c"
    },
    {
      "bel": "path(MESHD:Myalgia)",
      "concept": {
        "name": "Myalgia",
        "namespace": "MESHD"
      },
      "function": "Pathology",
      "id": "165c92daa0d40cee57c0a1264a0b0e57"
    },
    {
      "bel": "path(MESHD:Nausea)",
      "concept": {
        "name": "Nausea",
        "namespace": "MESHD"
      },
      "function": "Pathology",
      "id": "c2e3e7189010dfa7e02e94580bfbfe29"
    },
    {
      "bel": "path(MESHD:Vomiting)",
      "concept": {
        "name": "Vomiting",
        "namespace": "MESHD"
      },
      "function": "Pathology",
      "id": "9496b66b9fd3495db55b19aa674145ad"
    }
  ]
}