{
  "directed": true,
  "graph": {
    "annotation_list": {
      "Custom_Disease": [
        "COVID-19"
      ],
      "PublicationStatus": [
        "Published"
      ],
      "PublicationType": [
        "Letter"
      ],
      "Section": [
        "Full Text"
      ]
    },
    "annotation_pattern": {},
    "annotation_url": {
      "Species": "https://arty.scai.fraunhofer.de/artifactory/bel/annotation/species-taxonomy-id/species-taxonomy-id-20170511.belanno"
    },
    "document_metadata": {
      "authors": "Thrishna",
      "contact": "thrishna@causalitybiomodels.com",
      "copyright": "Copyright © 2020 Fraunhofer Institute SCAI, All rights reserved",
      "description": "COVID Knowledge Curation project",
      "licenses": "Private Ownership to Fraunhofer Institute SCAI",
      "name": "32198713.bel",
      "version": "2.0.0"
    },
    "namespace_pattern": {
      "FIXME": ".*",
      "UNIPROT": "^([A-N,R-Z][0-9]([A-Z][A-Z, 0-9][A-Z, 0-9][0-9]){1,2})|([O,P,Q][0-9][A-Z, 0-9][A-Z, 0-9][A-Z, 0-9][0-9])(\\.\\d+)?$"
    },
    "namespace_url": {
      "COVID": "https://arty.scai.fraunhofer.de/artifactory/bel/namespace/ncbi-covid19/ncbi-covid19-20200326.belns",
      "DO": "https://arty.scai.fraunhofer.de/artifactory/bel/namespace/disease-ontology/disease-ontology-20200407.belns",
      "GO": "https://arty.scai.fraunhofer.de/artifactory/bel/namespace/go/go-20180109.belns",
      "HGNC": "https://arty.scai.fraunhofer.de/artifactory/bel/namespace/hgnc/hgnc-20190708.belns",
      "MESH": "https://arty.scai.fraunhofer.de/artifactory/bel/namespace/mesh/mesh-names-20181007.belns",
      "PFAM": "https://arty.scai.fraunhofer.de/artifactory/bel/namespace/pfam/pfam-names-20181024.belns",
      "TAX": "https://arty.scai.fraunhofer.de/artifactory/bel/namespace/ncbi-taxonomy/ncbi-taxonomy-20200322.belns"
    },
    "path": "32198713.bel",
    "pybel_version": "0.14.6"
  },
  "links": [
    {
      "annotations": {
        "Custom_Disease": {
          "COVID-19": true
        },
        "PublicationStatus": {
          "Published": true
        },
        "PublicationType": {
          "Letter": true
        },
        "Section": {
          "Full Text": true
        }
      },
      "citation": {
        "authors": [
          "Ge XY",
          "Li JY",
          "Liao CH",
          "Qiu Y",
          "Wang Q",
          "Zhou ZJ"
        ],
        "date": "2020-03-20",
        "db": "PubMed",
        "db_id": "32198713",
        "db_name": "Virologica Sinica",
        "first": "Wang Q",
        "last": "Ge XY"
      },
      "evidence": "The viral infection incubation period varies from 2 to 14 days and typical clinical symptoms are fever, dry cough, dyspnea, headache, and pneumonia. Disease onset may result in progressive respiratory failure due to alveolar damage and even death (Chan et al. 2020; Chen et al. 2020; Huang et al. 2020).",
      "key": "331dd22568d96751c9b8b507e9339792",
      "line": 47,
      "relation": "increases",
      "source": 13,
      "target": 19
    },
    {
      "annotations": {
        "Custom_Disease": {
          "COVID-19": true
        },
        "PublicationStatus": {
          "Published": true
        },
        "PublicationType": {
          "Letter": true
        },
        "Section": {
          "Full Text": true
        }
      },
      "citation": {
        "authors": [
          "Ge XY",
          "Li JY",
          "Liao CH",
          "Qiu Y",
          "Wang Q",
          "Zhou ZJ"
        ],
        "date": "2020-03-20",
        "db": "PubMed",
        "db_id": "32198713",
        "db_name": "Virologica Sinica",
        "first": "Wang Q",
        "last": "Ge XY"
      },
      "evidence": "The viral infection incubation period varies from 2 to 14 days and typical clinical symptoms are fever, dry cough, dyspnea, headache, and pneumonia. Disease onset may result in progressive respiratory failure due to alveolar damage and even death (Chan et al. 2020; Chen et al. 2020; Huang et al. 2020).",
      "key": "72275949cacaa0ea50f2bb54708616ae",
      "line": 48,
      "relation": "increases",
      "source": 13,
      "target": 17
    },
    {
      "annotations": {
        "Custom_Disease": {
          "COVID-19": true
        },
        "PublicationStatus": {
          "Published": true
        },
        "PublicationType": {
          "Letter": true
        },
        "Section": {
          "Full Text": true
        }
      },
      "citation": {
        "authors": [
          "Ge XY",
          "Li JY",
          "Liao CH",
          "Qiu Y",
          "Wang Q",
          "Zhou ZJ"
        ],
        "date": "2020-03-20",
        "db": "PubMed",
        "db_id": "32198713",
        "db_name": "Virologica Sinica",
        "first": "Wang Q",
        "last": "Ge XY"
      },
      "evidence": "The viral infection incubation period varies from 2 to 14 days and typical clinical symptoms are fever, dry cough, dyspnea, headache, and pneumonia. Disease onset may result in progressive respiratory failure due to alveolar damage and even death (Chan et al. 2020; Chen et al. 2020; Huang et al. 2020).",
      "key": "d4a630447aa81e1a0168cfd92a2fbccd",
      "line": 49,
      "relation": "increases",
      "source": 13,
      "target": 18
    },
    {
      "annotations": {
        "Custom_Disease": {
          "COVID-19": true
        },
        "PublicationStatus": {
          "Published": true
        },
        "PublicationType": {
          "Letter": true
        },
        "Section": {
          "Full Text": true
        }
      },
      "citation": {
        "authors": [
          "Ge XY",
          "Li JY",
          "Liao CH",
          "Qiu Y",
          "Wang Q",
          "Zhou ZJ"
        ],
        "date": "2020-03-20",
        "db": "PubMed",
        "db_id": "32198713",
        "db_name": "Virologica Sinica",
        "first": "Wang Q",
        "last": "Ge XY"
      },
      "evidence": "The viral infection incubation period varies from 2 to 14 days and typical clinical symptoms are fever, dry cough, dyspnea, headache, and pneumonia. Disease onset may result in progressive respiratory failure due to alveolar damage and even death (Chan et al. 2020; Chen et al. 2020; Huang et al. 2020).",
      "key": "419ab283f59872f14fd8358ba41868c3",
      "line": 50,
      "relation": "increases",
      "source": 13,
      "target": 20
    },
    {
      "annotations": {
        "Custom_Disease": {
          "COVID-19": true
        },
        "PublicationStatus": {
          "Published": true
        },
        "PublicationType": {
          "Letter": true
        },
        "Section": {
          "Full Text": true
        }
      },
      "citation": {
        "authors": [
          "Ge XY",
          "Li JY",
          "Liao CH",
          "Qiu Y",
          "Wang Q",
          "Zhou ZJ"
        ],
        "date": "2020-03-20",
        "db": "PubMed",
        "db_id": "32198713",
        "db_name": "Virologica Sinica",
        "first": "Wang Q",
        "last": "Ge XY"
      },
      "evidence": "The viral infection incubation period varies from 2 to 14 days and typical clinical symptoms are fever, dry cough, dyspnea, headache, and pneumonia. Disease onset may result in progressive respiratory failure due to alveolar damage and even death (Chan et al. 2020; Chen et al. 2020; Huang et al. 2020).",
      "key": "3b717bea659550c8359c39a8f7ef8ce2",
      "line": 51,
      "relation": "increases",
      "source": 13,
      "target": 15
    },
    {
      "annotations": {
        "Custom_Disease": {
          "COVID-19": true
        },
        "PublicationStatus": {
          "Published": true
        },
        "PublicationType": {
          "Letter": true
        },
        "Section": {
          "Full Text": true
        }
      },
      "citation": {
        "authors": [
          "Ge XY",
          "Li JY",
          "Liao CH",
          "Qiu Y",
          "Wang Q",
          "Zhou ZJ"
        ],
        "date": "2020-03-20",
        "db": "PubMed",
        "db_id": "32198713",
        "db_name": "Virologica Sinica",
        "first": "Wang Q",
        "last": "Ge XY"
      },
      "evidence": "The viral infection incubation period varies from 2 to 14 days and typical clinical symptoms are fever, dry cough, dyspnea, headache, and pneumonia. Disease onset may result in progressive respiratory failure due to alveolar damage and even death (Chan et al. 2020; Chen et al. 2020; Huang et al. 2020).",
      "key": "faecffafbfbc60d14f1c6c9f7ff0b464",
      "line": 52,
      "relation": "increases",
      "source": 13,
      "target": 16
    },
    {
      "annotations": {
        "Custom_Disease": {
          "COVID-19": true
        },
        "PublicationStatus": {
          "Published": true
        },
        "PublicationType": {
          "Letter": true
        },
        "Section": {
          "Full Text": true
        }
      },
      "citation": {
        "authors": [
          "Ge XY",
          "Li JY",
          "Liao CH",
          "Qiu Y",
          "Wang Q",
          "Zhou ZJ"
        ],
        "date": "2020-03-20",
        "db": "PubMed",
        "db_id": "32198713",
        "db_name": "Virologica Sinica",
        "first": "Wang Q",
        "last": "Ge XY"
      },
      "evidence": "The viral infection incubation period varies from 2 to 14 days and typical clinical symptoms are fever, dry cough, dyspnea, headache, and pneumonia. Disease onset may result in progressive respiratory failure due to alveolar damage and even death (Chan et al. 2020; Chen et al. 2020; Huang et al. 2020).",
      "key": "b06b7f743207fd3cbb4ca4c4349d07b5",
      "line": 53,
      "relation": "positiveCorrelation",
      "source": 16,
      "target": 14
    },
    {
      "annotations": {
        "Custom_Disease": {
          "COVID-19": true
        },
        "PublicationStatus": {
          "Published": true
        },
        "PublicationType": {
          "Letter": true
        },
        "Section": {
          "Full Text": true
        }
      },
      "citation": {
        "authors": [
          "Ge XY",
          "Li JY",
          "Liao CH",
          "Qiu Y",
          "Wang Q",
          "Zhou ZJ"
        ],
        "date": "2020-03-20",
        "db": "PubMed",
        "db_id": "32198713",
        "db_name": "Virologica Sinica",
        "first": "Wang Q",
        "last": "Ge XY"
      },
      "evidence": "The viral infection incubation period varies from 2 to 14 days and typical clinical symptoms are fever, dry cough, dyspnea, headache, and pneumonia. Disease onset may result in progressive respiratory failure due to alveolar damage and even death (Chan et al. 2020; Chen et al. 2020; Huang et al. 2020).",
      "key": "cda93ff33491a55388d561516d5abe8d",
      "line": 53,
      "relation": "positiveCorrelation",
      "source": 14,
      "target": 16
    },
    {
      "annotations": {
        "PublicationStatus": {
          "Published": true
        },
        "PublicationType": {
          "Letter": true
        },
        "Section": {
          "Full Text": true
        }
      },
      "citation": {
        "authors": [
          "Ge XY",
          "Li JY",
          "Liao CH",
          "Qiu Y",
          "Wang Q",
          "Zhou ZJ"
        ],
        "date": "2020-03-20",
        "db": "PubMed",
        "db_id": "32198713",
        "db_name": "Virologica Sinica",
        "first": "Wang Q",
        "last": "Ge XY"
      },
      "evidence": "For coronaviruses, their receptor binding and subsequent internalization mainly depend on the spike protein (S protein) anchored in the viral envelope.",
      "key": "584415f84e14018029811093d026efec",
      "line": 60,
      "relation": "association",
      "source": 1,
      "target": 8
    },
    {
      "annotations": {
        "PublicationStatus": {
          "Published": true
        },
        "PublicationType": {
          "Letter": true
        },
        "Section": {
          "Full Text": true
        }
      },
      "citation": {
        "authors": [
          "Ge XY",
          "Li JY",
          "Liao CH",
          "Qiu Y",
          "Wang Q",
          "Zhou ZJ"
        ],
        "date": "2020-03-20",
        "db": "PubMed",
        "db_id": "32198713",
        "db_name": "Virologica Sinica",
        "first": "Wang Q",
        "last": "Ge XY"
      },
      "evidence": "For coronaviruses, their receptor binding and subsequent internalization mainly depend on the spike protein (S protein) anchored in the viral envelope.",
      "key": "3957f133f6c8048b826fa12b38faeaf2",
      "line": 60,
      "relation": "association",
      "source": 8,
      "target": 1
    },
    {
      "annotations": {
        "PublicationStatus": {
          "Published": true
        },
        "PublicationType": {
          "Letter": true
        },
        "Section": {
          "Full Text": true
        }
      },
      "citation": {
        "authors": [
          "Ge XY",
          "Li JY",
          "Liao CH",
          "Qiu Y",
          "Wang Q",
          "Zhou ZJ"
        ],
        "date": "2020-03-20",
        "db": "PubMed",
        "db_id": "32198713",
        "db_name": "Virologica Sinica",
        "first": "Wang Q",
        "last": "Ge XY"
      },
      "evidence": "For coronaviruses, their receptor binding and subsequent internalization mainly depend on the spike protein (S protein) anchored in the viral envelope.",
      "key": "1bb23e1b80eac1d574770417b4b0b4c8",
      "line": 61,
      "relation": "increases",
      "source": 0,
      "target": 2
    },
    {
      "annotations": {
        "Custom_Disease": {
          "COVID-19": true
        },
        "PublicationStatus": {
          "Published": true
        },
        "PublicationType": {
          "Letter": true
        },
        "Section": {
          "Full Text": true
        }
      },
      "citation": {
        "authors": [
          "Ge XY",
          "Li JY",
          "Liao CH",
          "Qiu Y",
          "Wang Q",
          "Zhou ZJ"
        ],
        "date": "2020-03-20",
        "db": "PubMed",
        "db_id": "32198713",
        "db_name": "Virologica Sinica",
        "first": "Wang Q",
        "last": "Ge XY"
      },
      "evidence": "With the furin cleavage site on the S protein, 2019-nCoV probably gains ability to infect organs or tissues insensitive to other coronaviruses, leading to systematic infection of 2019-nCoV in the body",
      "key": "41aec1db5075f37ce25f4c1050b4e642",
      "line": 95,
      "relation": "increases",
      "source": 2,
      "target": 13
    },
    {
      "annotations": {
        "PublicationStatus": {
          "Published": true
        },
        "PublicationType": {
          "Letter": true
        },
        "Section": {
          "Full Text": true
        },
        "Species": {
          "9606": true
        }
      },
      "citation": {
        "authors": [
          "Ge XY",
          "Li JY",
          "Liao CH",
          "Qiu Y",
          "Wang Q",
          "Zhou ZJ"
        ],
        "date": "2020-03-20",
        "db": "PubMed",
        "db_id": "32198713",
        "db_name": "Virologica Sinica",
        "first": "Wang Q",
        "last": "Ge XY"
      },
      "evidence": "For instance, a variety of human proteases, such as trypsin, tryptase Clara, human airway trypsin-like protease (HAT) and transmembrane protease serine 2 (TMPRSS2), are known to cleave and activate the S protein of SARS-CoV (Bosch et al. 2008; Bertram et al. 2011).",
      "key": "496af348d7a1147ac6ca947f4406725c",
      "line": 69,
      "relation": "increases",
      "source": 10,
      "subject": {
        "modifier": "Activity"
      },
      "target": 12
    },
    {
      "annotations": {
        "PublicationStatus": {
          "Published": true
        },
        "PublicationType": {
          "Letter": true
        },
        "Section": {
          "Full Text": true
        },
        "Species": {
          "9606": true
        }
      },
      "citation": {
        "authors": [
          "Ge XY",
          "Li JY",
          "Liao CH",
          "Qiu Y",
          "Wang Q",
          "Zhou ZJ"
        ],
        "date": "2020-03-20",
        "db": "PubMed",
        "db_id": "32198713",
        "db_name": "Virologica Sinica",
        "first": "Wang Q",
        "last": "Ge XY"
      },
      "evidence": "For instance, a variety of human proteases, such as trypsin, tryptase Clara, human airway trypsin-like protease (HAT) and transmembrane protease serine 2 (TMPRSS2), are known to cleave and activate the S protein of SARS-CoV (Bosch et al. 2008; Bertram et al. 2011).",
      "key": "255dc4b210d042f457c69b561cbfb5ce",
      "line": 74,
      "object": {
        "modifier": "Activity"
      },
      "relation": "increases",
      "source": 12,
      "target": 11
    },
    {
      "key": "030ad7f3e0ecb03e3c233c4bca1b3561",
      "relation": "hasVariant",
      "source": 11,
      "target": 12
    },
    {
      "annotations": {
        "PublicationStatus": {
          "Published": true
        },
        "PublicationType": {
          "Letter": true
        },
        "Section": {
          "Full Text": true
        },
        "Species": {
          "9606": true
        }
      },
      "citation": {
        "authors": [
          "Ge XY",
          "Li JY",
          "Liao CH",
          "Qiu Y",
          "Wang Q",
          "Zhou ZJ"
        ],
        "date": "2020-03-20",
        "db": "PubMed",
        "db_id": "32198713",
        "db_name": "Virologica Sinica",
        "first": "Wang Q",
        "last": "Ge XY"
      },
      "evidence": "For instance, a variety of human proteases, such as trypsin, tryptase Clara, human airway trypsin-like protease (HAT) and transmembrane protease serine 2 (TMPRSS2), are known to cleave and activate the S protein of SARS-CoV (Bosch et al. 2008; Bertram et al. 2011).",
      "key": "fe15276daea47bf5c11d866348dcf139",
      "line": 70,
      "relation": "increases",
      "source": 9,
      "subject": {
        "modifier": "Activity"
      },
      "target": 12
    },
    {
      "annotations": {
        "PublicationStatus": {
          "Published": true
        },
        "PublicationType": {
          "Letter": true
        },
        "Section": {
          "Full Text": true
        },
        "Species": {
          "9606": true
        }
      },
      "citation": {
        "authors": [
          "Ge XY",
          "Li JY",
          "Liao CH",
          "Qiu Y",
          "Wang Q",
          "Zhou ZJ"
        ],
        "date": "2020-03-20",
        "db": "PubMed",
        "db_id": "32198713",
        "db_name": "Virologica Sinica",
        "first": "Wang Q",
        "last": "Ge XY"
      },
      "evidence": "For instance, a variety of human proteases, such as trypsin, tryptase Clara, human airway trypsin-like protease (HAT) and transmembrane protease serine 2 (TMPRSS2), are known to cleave and activate the S protein of SARS-CoV (Bosch et al. 2008; Bertram et al. 2011).",
      "key": "b59c26fdf5e3a0c4790fb959ee38c0e6",
      "line": 72,
      "relation": "increases",
      "source": 7,
      "subject": {
        "modifier": "Activity"
      },
      "target": 12
    },
    {
      "annotations": {
        "PublicationStatus": {
          "Published": true
        },
        "PublicationType": {
          "Letter": true
        },
        "Section": {
          "Full Text": true
        },
        "Species": {
          "9606": true
        }
      },
      "citation": {
        "authors": [
          "Ge XY",
          "Li JY",
          "Liao CH",
          "Qiu Y",
          "Wang Q",
          "Zhou ZJ"
        ],
        "date": "2020-03-20",
        "db": "PubMed",
        "db_id": "32198713",
        "db_name": "Virologica Sinica",
        "first": "Wang Q",
        "last": "Ge XY"
      },
      "evidence": "For instance, a variety of human proteases, such as trypsin, tryptase Clara, human airway trypsin-like protease (HAT) and transmembrane protease serine 2 (TMPRSS2), are known to cleave and activate the S protein of SARS-CoV (Bosch et al. 2008; Bertram et al. 2011).",
      "key": "3dd4b4dd4417458246d8bc88be791b06",
      "line": 73,
      "relation": "increases",
      "source": 6,
      "subject": {
        "modifier": "Activity"
      },
      "target": 12
    },
    {
      "annotations": {
        "Custom_Disease": {
          "COVID-19": true
        },
        "PublicationStatus": {
          "Published": true
        },
        "PublicationType": {
          "Letter": true
        },
        "Section": {
          "Full Text": true
        }
      },
      "citation": {
        "authors": [
          "Ge XY",
          "Li JY",
          "Liao CH",
          "Qiu Y",
          "Wang Q",
          "Zhou ZJ"
        ],
        "date": "2020-03-20",
        "db": "PubMed",
        "db_id": "32198713",
        "db_name": "Virologica Sinica",
        "first": "Wang Q",
        "last": "Ge XY"
      },
      "evidence": "As a result, 2019-nCoV S protein showed a unique furin cleavage (–RRAR–) within the S1/S2 domain which was overlapped with insertion described above (Fig. 1B).This furin cleavage site was located between the residues 682 and 685, distinct from SARSCoV and all other SARS- like coronaviruses which only contain a trypsin or TMPRSS2 cleavage site at R667 (corresponding to residues 685 in 2019-nCoV S) (Fig. 1B)",
      "key": "69636ab0f782af1e6857ea15900d606b",
      "line": 86,
      "relation": "increases",
      "source": 5,
      "subject": {
        "modifier": "Activity"
      },
      "target": 4
    },
    {
      "annotations": {
        "Custom_Disease": {
          "COVID-19": true
        },
        "PublicationStatus": {
          "Published": true
        },
        "PublicationType": {
          "Letter": true
        },
        "Section": {
          "Full Text": true
        }
      },
      "citation": {
        "authors": [
          "Ge XY",
          "Li JY",
          "Liao CH",
          "Qiu Y",
          "Wang Q",
          "Zhou ZJ"
        ],
        "date": "2020-03-20",
        "db": "PubMed",
        "db_id": "32198713",
        "db_name": "Virologica Sinica",
        "first": "Wang Q",
        "last": "Ge XY"
      },
      "evidence": "With the furin cleavage site on the S protein, 2019-nCoV probably gains ability to infect organs or tissues insensitive to other coronaviruses, leading to systematic infection of 2019-nCoV in the body",
      "key": "312660235889537ab2f9e570cde3f50d",
      "line": 94,
      "relation": "increases",
      "source": 4,
      "target": 2
    },
    {
      "key": "2fac24f2b27106d2c0ea816941980bf5",
      "relation": "hasVariant",
      "source": 3,
      "target": 4
    }
  ],
  "multigraph": true,
  "nodes": [
    {
      "bel": "a(MESH:\"Spike Glycoprotein, Coronavirus\")",
      "concept": {
        "name": "Spike Glycoprotein, Coronavirus",
        "namespace": "MESH"
      },
      "function": "Abundance",
      "id": "e3c5bbfa190900cacb3900c06bba4db6"
    },
    {
      "bel": "a(TAX:Corona)",
      "concept": {
        "name": "Corona",
        "namespace": "TAX"
      },
      "function": "Abundance",
      "id": "c7344a9b45f6f9d43f9c910aae8ea378"
    },
    {
      "bel": "bp(GO:\"viral entry into host cell\")",
      "concept": {
        "name": "viral entry into host cell",
        "namespace": "GO"
      },
      "function": "BiologicalProcess",
      "id": "2a6e5ae8582e2cded25095e14c2ee329"
    },
    {
      "bel": "p(COVID:S)",
      "concept": {
        "name": "S",
        "namespace": "COVID"
      },
      "function": "Protein",
      "id": "8d090715298e11996081058536798c19"
    },
    {
      "bel": "p(COVID:S, frag(\"?\"))",
      "concept": {
        "name": "S",
        "namespace": "COVID"
      },
      "function": "Protein",
      "id": "a4ea879b1d193de79d75f4ce77b539a5",
      "variants": [
        {
          "kind": "frag",
          "missing": "?"
        }
      ]
    },
    {
      "bel": "p(HGNC:FURIN)",
      "concept": {
        "name": "FURIN",
        "namespace": "HGNC"
      },
      "function": "Protein",
      "id": "f83a63eb6f02936c9e35615d2c96805f"
    },
    {
      "bel": "p(HGNC:TMPRSS11D)",
      "concept": {
        "name": "TMPRSS11D",
        "namespace": "HGNC"
      },
      "function": "Protein",
      "id": "18b492c96d32eb5c1e5cebda526ee934"
    },
    {
      "bel": "p(HGNC:TMPRSS2)",
      "concept": {
        "name": "TMPRSS2",
        "namespace": "HGNC"
      },
      "function": "Protein",
      "id": "1ac71e8152c90a7b43c9bc546579050d"
    },
    {
      "bel": "p(MESH:\"Spike Glycoprotein, Coronavirus\")",
      "concept": {
        "name": "Spike Glycoprotein, Coronavirus",
        "namespace": "MESH"
      },
      "function": "Protein",
      "id": "72bf47ec055cad8f8650ec2d351f6721"
    },
    {
      "bel": "p(MESH:\"tryptase Clara\")",
      "concept": {
        "name": "tryptase Clara",
        "namespace": "MESH"
      },
      "function": "Protein",
      "id": "2a459cd0d6a63feaf74b1aecec13f5b8"
    },
    {
      "bel": "p(PFAM:Trypsin)",
      "concept": {
        "name": "Trypsin",
        "namespace": "PFAM"
      },
      "function": "Protein",
      "id": "594903f7bc56dec0e6021882e7e33aba"
    },
    {
      "bel": "p(UNIPROT:P59594)",
      "concept": {
        "name": "P59594",
        "namespace": "UNIPROT"
      },
      "function": "Protein",
      "id": "7543d9372e2f08df7ae62ef5685b391b"
    },
    {
      "bel": "p(UNIPROT:P59594, frag(\"?\"))",
      "concept": {
        "name": "P59594",
        "namespace": "UNIPROT"
      },
      "function": "Protein",
      "id": "43192e82e20e167cd4e4f3a3037491cd",
      "variants": [
        {
          "kind": "frag",
          "missing": "?"
        }
      ]
    },
    {
      "bel": "path(DO:\"COVID-19\")",
      "concept": {
        "name": "COVID-19",
        "namespace": "DO"
      },
      "function": "Pathology",
      "id": "6f9f1c2e8012537e503a758c6bfaff0f"
    },
    {
      "bel": "path(DO:\"respiratory failure\")",
      "concept": {
        "name": "respiratory failure",
        "namespace": "DO"
      },
      "function": "Pathology",
      "id": "d8af133a6da228e78521eeec3d16b82f"
    },
    {
      "bel": "path(DO:pneumonia)",
      "concept": {
        "name": "pneumonia",
        "namespace": "DO"
      },
      "function": "Pathology",
      "id": "274776fc664e9bfd9c191cca80623b0d"
    },
    {
      "bel": "path(FIXME:\"alveolar damage\")",
      "concept": {
        "name": "alveolar damage",
        "namespace": "FIXME"
      },
      "function": "Pathology",
      "id": "4463d7de01da501038e8326519edfe39"
    },
    {
      "bel": "path(MESH:Cough)",
      "concept": {
        "name": "Cough",
        "namespace": "MESH"
      },
      "function": "Pathology",
      "id": "9fee4f29ebce7356ac1721785693b80c"
    },
    {
      "bel": "path(MESH:Dyspnea)",
      "concept": {
        "name": "Dyspnea",
        "namespace": "MESH"
      },
      "function": "Pathology",
      "id": "3f78d64501d3d9478ac9ad623a28ec72"
    },
    {
      "bel": "path(MESH:Fever)",
      "concept": {
        "name": "Fever",
        "namespace": "MESH"
      },
      "function": "Pathology",
      "id": "ffc74da80b64d7057f4eff0e06cdd1b6"
    },
    {
      "bel": "path(MESH:Headache)",
      "concept": {
        "name": "Headache",
        "namespace": "MESH"
      },
      "function": "Pathology",
      "id": "2a9db847bd9248b92260deeecc169912"
    }
  ]
}