{
  "directed": true,
  "graph": {
    "annotation_list": {
      "Assay": [
        "enzyme immunoassay"
      ],
      "Custom_Disease": [
        "COVID-19"
      ],
      "PublicationStatus": [
        "Published"
      ],
      "PublicationType": [
        "Research"
      ],
      "Sample": [
        "Rectal swab",
        "Saliva"
      ],
      "Section": [
        "Results"
      ],
      "Severity": [
        "Mild",
        "Severe"
      ],
      "Technique": [
        "computed tomography"
      ],
      "Timeline": [
        "10 days",
        "7 days"
      ]
    },
    "annotation_pattern": {},
    "annotation_url": {
      "MeSHAnatomy": "https://arty.scai.fraunhofer.de/artifactory/bel/annotation/mesh-anatomy/mesh-anatomy-20190128.belanno",
      "Species": "https://arty.scai.fraunhofer.de/artifactory/bel/annotation/species-taxonomy-id/species-taxonomy-id-20170511.belanno"
    },
    "document_metadata": {
      "authors": "Abish K",
      "contact": "abish@causalitybiomodels.com",
      "copyright": "Copyright © 2020 Fraunhofer Institute SCAI, All rights reserved",
      "description": "COVID_Knowledge_Curation_project",
      "licenses": "Private Ownership to Fraunhofer Institute SCAI",
      "name": "32213337.bel",
      "version": "2.0.0"
    },
    "namespace_pattern": {},
    "namespace_url": {
      "COVID": "https://arty.scai.fraunhofer.de/artifactory/bel/namespace/ncbi-covid19/ncbi-covid19-20200326.belns",
      "DO": "https://arty.scai.fraunhofer.de/artifactory/bel/namespace/disease-ontology/disease-ontology-20200407.belns",
      "GFAM": "https://arty.scai.fraunhofer.de/artifactory/bel/namespace/hgnc-gene-families/hgnc-genefamily-names-20181221.belns",
      "HP": "https://arty.scai.fraunhofer.de/artifactory/bel/namespace/hp/hp-20190130.belns",
      "MESH": "https://arty.scai.fraunhofer.de/artifactory/bel/namespace/mesh/mesh-names-20181007.belns",
      "TAX": "https://arty.scai.fraunhofer.de/artifactory/bel/namespace/ncbi-taxonomy/ncbi-taxonomy-20200322.belns"
    },
    "path": "32213337.bel",
    "pybel_version": "0.14.6"
  },
  "links": [
    {
      "annotations": {
        "PublicationStatus": {
          "Published": true
        },
        "PublicationType": {
          "Research": true
        },
        "Section": {
          "Results": true
        },
        "Species": {
          "9606": true
        }
      },
      "citation": {
        "authors": [
          "Cai JP",
          "Chan JF",
          "Chan JM",
          "Chan KH",
          "Chan WM",
          "Chen H",
          "Chen LL",
          "Chen Z",
          "Cheng VC",
          "Chik TS",
          "Choi CY",
          "Hung IF",
          "Ip JD",
          "Lau DP",
          "Leung WS",
          "Lung DC",
          "Luo CT",
          "Ng AC",
          "Poon RW",
          "Tam AR",
          "To KK",
          "Tsang OT",
          "Wu TC",
          "Yip CC",
          "Yuen KY"
        ],
        "date": "2020-03-23",
        "db": "PubMed",
        "db_id": "32213337",
        "db_name": "The Lancet. Infectious diseases",
        "first": "To KK",
        "last": "Yuen KY"
      },
      "evidence": "On presentation, the most common symptom was fever in 22 patients (96%), followed by cough in five (22%), chills in four (17%), and dyspnoea in four (17%; table).",
      "key": "ce3be9f7684ac0b05ccec2f317681ebf",
      "line": 52,
      "relation": "increases",
      "source": 8,
      "target": 13
    },
    {
      "annotations": {
        "PublicationStatus": {
          "Published": true
        },
        "PublicationType": {
          "Research": true
        },
        "Section": {
          "Results": true
        },
        "Species": {
          "9606": true
        }
      },
      "citation": {
        "authors": [
          "Cai JP",
          "Chan JF",
          "Chan JM",
          "Chan KH",
          "Chan WM",
          "Chen H",
          "Chen LL",
          "Chen Z",
          "Cheng VC",
          "Chik TS",
          "Choi CY",
          "Hung IF",
          "Ip JD",
          "Lau DP",
          "Leung WS",
          "Lung DC",
          "Luo CT",
          "Ng AC",
          "Poon RW",
          "Tam AR",
          "To KK",
          "Tsang OT",
          "Wu TC",
          "Yip CC",
          "Yuen KY"
        ],
        "date": "2020-03-23",
        "db": "PubMed",
        "db_id": "32213337",
        "db_name": "The Lancet. Infectious diseases",
        "first": "To KK",
        "last": "Yuen KY"
      },
      "evidence": "On presentation, the most common symptom was fever in 22 patients (96%), followed by cough in five (22%), chills in four (17%), and dyspnoea in four (17%; table).",
      "key": "b7e1284ba33499426f096ee213d19c94",
      "line": 53,
      "relation": "increases",
      "source": 8,
      "target": 12
    },
    {
      "annotations": {
        "PublicationStatus": {
          "Published": true
        },
        "PublicationType": {
          "Research": true
        },
        "Section": {
          "Results": true
        },
        "Species": {
          "9606": true
        }
      },
      "citation": {
        "authors": [
          "Cai JP",
          "Chan JF",
          "Chan JM",
          "Chan KH",
          "Chan WM",
          "Chen H",
          "Chen LL",
          "Chen Z",
          "Cheng VC",
          "Chik TS",
          "Choi CY",
          "Hung IF",
          "Ip JD",
          "Lau DP",
          "Leung WS",
          "Lung DC",
          "Luo CT",
          "Ng AC",
          "Poon RW",
          "Tam AR",
          "To KK",
          "Tsang OT",
          "Wu TC",
          "Yip CC",
          "Yuen KY"
        ],
        "date": "2020-03-23",
        "db": "PubMed",
        "db_id": "32213337",
        "db_name": "The Lancet. Infectious diseases",
        "first": "To KK",
        "last": "Yuen KY"
      },
      "evidence": "On presentation, the most common symptom was fever in 22 patients (96%), followed by cough in five (22%), chills in four (17%), and dyspnoea in four (17%; table).",
      "key": "fd24f27a41c45e8bbf17b096de189e5d",
      "line": 54,
      "relation": "increases",
      "source": 8,
      "target": 14
    },
    {
      "annotations": {
        "PublicationStatus": {
          "Published": true
        },
        "PublicationType": {
          "Research": true
        },
        "Section": {
          "Results": true
        },
        "Severity": {
          "Severe": true
        },
        "Species": {
          "9606": true
        }
      },
      "citation": {
        "authors": [
          "Cai JP",
          "Chan JF",
          "Chan JM",
          "Chan KH",
          "Chan WM",
          "Chen H",
          "Chen LL",
          "Chen Z",
          "Cheng VC",
          "Chik TS",
          "Choi CY",
          "Hung IF",
          "Ip JD",
          "Lau DP",
          "Leung WS",
          "Lung DC",
          "Luo CT",
          "Ng AC",
          "Poon RW",
          "Tam AR",
          "To KK",
          "Tsang OT",
          "Wu TC",
          "Yip CC",
          "Yuen KY"
        ],
        "date": "2020-03-23",
        "db": "PubMed",
        "db_id": "32213337",
        "db_name": "The Lancet. Infectious diseases",
        "first": "To KK",
        "last": "Yuen KY"
      },
      "evidence": "Dyspnoea was significantly more frequent among the ten patients with severe disease than among those with mild disease (four [40%] of ten vs none [0%] of 13; p=0·024).",
      "key": "537652943e500298bbf237ec5ccab7c1",
      "line": 61,
      "relation": "increases",
      "source": 8,
      "target": 14
    },
    {
      "annotations": {
        "MeSHAnatomy": {
          "Serum": true
        },
        "PublicationStatus": {
          "Published": true
        },
        "PublicationType": {
          "Research": true
        },
        "Section": {
          "Results": true
        },
        "Severity": {
          "Severe": true
        },
        "Species": {
          "9606": true
        }
      },
      "citation": {
        "authors": [
          "Cai JP",
          "Chan JF",
          "Chan JM",
          "Chan KH",
          "Chan WM",
          "Chen H",
          "Chen LL",
          "Chen Z",
          "Cheng VC",
          "Chik TS",
          "Choi CY",
          "Hung IF",
          "Ip JD",
          "Lau DP",
          "Leung WS",
          "Lung DC",
          "Luo CT",
          "Ng AC",
          "Poon RW",
          "Tam AR",
          "To KK",
          "Tsang OT",
          "Wu TC",
          "Yip CC",
          "Yuen KY"
        ],
        "date": "2020-03-23",
        "db": "PubMed",
        "db_id": "32213337",
        "db_name": "The Lancet. Infectious diseases",
        "first": "To KK",
        "last": "Yuen KY"
      },
      "evidence": "Serum alkaline phosphatase was significantly higher among patients with severe disease than among those with mild disease (74 U/L [range 56–149] vs 60 U/L [38–118]; p=0·026).",
      "key": "64ba36b919fe8be91410292cb196ef78",
      "line": 70,
      "relation": "increases",
      "source": 8,
      "target": 7
    },
    {
      "annotations": {
        "PublicationStatus": {
          "Published": true
        },
        "PublicationType": {
          "Research": true
        },
        "Section": {
          "Results": true
        },
        "Severity": {
          "Severe": true
        },
        "Species": {
          "9606": true
        }
      },
      "citation": {
        "authors": [
          "Cai JP",
          "Chan JF",
          "Chan JM",
          "Chan KH",
          "Chan WM",
          "Chen H",
          "Chen LL",
          "Chen Z",
          "Cheng VC",
          "Chik TS",
          "Choi CY",
          "Hung IF",
          "Ip JD",
          "Lau DP",
          "Leung WS",
          "Lung DC",
          "Luo CT",
          "Ng AC",
          "Poon RW",
          "Tam AR",
          "To KK",
          "Tsang OT",
          "Wu TC",
          "Yip CC",
          "Yuen KY"
        ],
        "date": "2020-03-23",
        "db": "PubMed",
        "db_id": "32213337",
        "db_name": "The Lancet. Infectious diseases",
        "first": "To KK",
        "last": "Yuen KY"
      },
      "evidence": "The lymphocyte count was lower among patients with severe disease than among those with mild disease (0·65 × 10⁹ cells per L [range 0·30–1·90] vs 1·03 [0·57–2·25]), but this difference was not significant (p=0·088).",
      "key": "e3108fabac7e3c810102f18d65e424b0",
      "line": 80,
      "relation": "decreases",
      "source": 8,
      "target": 3
    },
    {
      "annotations": {
        "PublicationStatus": {
          "Published": true
        },
        "PublicationType": {
          "Research": true
        },
        "Section": {
          "Results": true
        },
        "Severity": {
          "Severe": true
        },
        "Species": {
          "9606": true
        }
      },
      "citation": {
        "authors": [
          "Cai JP",
          "Chan JF",
          "Chan JM",
          "Chan KH",
          "Chan WM",
          "Chen H",
          "Chen LL",
          "Chen Z",
          "Cheng VC",
          "Chik TS",
          "Choi CY",
          "Hung IF",
          "Ip JD",
          "Lau DP",
          "Leung WS",
          "Lung DC",
          "Luo CT",
          "Ng AC",
          "Poon RW",
          "Tam AR",
          "To KK",
          "Tsang OT",
          "Wu TC",
          "Yip CC",
          "Yuen KY"
        ],
        "date": "2020-03-23",
        "db": "PubMed",
        "db_id": "32213337",
        "db_name": "The Lancet. Infectious diseases",
        "first": "To KK",
        "last": "Yuen KY"
      },
      "evidence": "Lymphopenia and neutrophilia were present in a higher proportion of patients with severe disease than in those with mild disease, but the differences were not significant (p=0·090 and p=0·068, respectively).",
      "key": "740d43541decd1777961c2ffabffdc95",
      "line": 88,
      "relation": "increases",
      "source": 8,
      "target": 9
    },
    {
      "annotations": {
        "PublicationStatus": {
          "Published": true
        },
        "PublicationType": {
          "Research": true
        },
        "Section": {
          "Results": true
        },
        "Severity": {
          "Severe": true
        },
        "Species": {
          "9606": true
        }
      },
      "citation": {
        "authors": [
          "Cai JP",
          "Chan JF",
          "Chan JM",
          "Chan KH",
          "Chan WM",
          "Chen H",
          "Chen LL",
          "Chen Z",
          "Cheng VC",
          "Chik TS",
          "Choi CY",
          "Hung IF",
          "Ip JD",
          "Lau DP",
          "Leung WS",
          "Lung DC",
          "Luo CT",
          "Ng AC",
          "Poon RW",
          "Tam AR",
          "To KK",
          "Tsang OT",
          "Wu TC",
          "Yip CC",
          "Yuen KY"
        ],
        "date": "2020-03-23",
        "db": "PubMed",
        "db_id": "32213337",
        "db_name": "The Lancet. Infectious diseases",
        "first": "To KK",
        "last": "Yuen KY"
      },
      "evidence": "Lymphopenia and neutrophilia were present in a higher proportion of patients with severe disease than in those with mild disease, but the differences were not significant (p=0·090 and p=0·068, respectively).",
      "key": "b8ef277fb9219160225142bb77219587",
      "line": 89,
      "relation": "increases",
      "source": 8,
      "target": 11
    },
    {
      "annotations": {
        "PublicationStatus": {
          "Published": true
        },
        "PublicationType": {
          "Research": true
        },
        "Section": {
          "Results": true
        },
        "Species": {
          "9606": true
        },
        "Technique": {
          "computed tomography": true
        }
      },
      "citation": {
        "authors": [
          "Cai JP",
          "Chan JF",
          "Chan JM",
          "Chan KH",
          "Chan WM",
          "Chen H",
          "Chen LL",
          "Chen Z",
          "Cheng VC",
          "Chik TS",
          "Choi CY",
          "Hung IF",
          "Ip JD",
          "Lau DP",
          "Leung WS",
          "Lung DC",
          "Luo CT",
          "Ng AC",
          "Poon RW",
          "Tam AR",
          "To KK",
          "Tsang OT",
          "Wu TC",
          "Yip CC",
          "Yuen KY"
        ],
        "date": "2020-03-23",
        "db": "PubMed",
        "db_id": "32213337",
        "db_name": "The Lancet. Infectious diseases",
        "first": "To KK",
        "last": "Yuen KY"
      },
      "evidence": "Multifocal ground-glass lung opacities were seen in 17 (74%) patients on CT.",
      "key": "8fc7834df066b31a4797ab9a890a0f69",
      "line": 96,
      "relation": "increases",
      "source": 8,
      "target": 10
    },
    {
      "annotations": {
        "MeSHAnatomy": {
          "Blood": true
        },
        "PublicationStatus": {
          "Published": true
        },
        "PublicationType": {
          "Research": true
        },
        "Sample": {
          "Rectal swab": true
        },
        "Section": {
          "Results": true
        },
        "Severity": {
          "Mild": true,
          "Severe": true
        },
        "Species": {
          "9606": true
        }
      },
      "citation": {
        "authors": [
          "Cai JP",
          "Chan JF",
          "Chan JM",
          "Chan KH",
          "Chan WM",
          "Chen H",
          "Chen LL",
          "Chen Z",
          "Cheng VC",
          "Chik TS",
          "Choi CY",
          "Hung IF",
          "Ip JD",
          "Lau DP",
          "Leung WS",
          "Lung DC",
          "Luo CT",
          "Ng AC",
          "Poon RW",
          "Tam AR",
          "To KK",
          "Tsang OT",
          "Wu TC",
          "Yip CC",
          "Yuen KY"
        ],
        "date": "2020-03-23",
        "db": "PubMed",
        "db_id": "32213337",
        "db_name": "The Lancet. Infectious diseases",
        "first": "To KK",
        "last": "Yuen KY"
      },
      "evidence": "SARS-CoV-2 RNA was detected in blood samples in five (22%) patients and rectal swabs in four (27%), but the detection rate between severe and mild cases did not differ (p=0·62 and p=0·57, respectively; table).",
      "key": "94685abc241064bc89c5e155e5acd678",
      "line": 107,
      "relation": "increases",
      "source": 8,
      "target": 15
    },
    {
      "annotations": {
        "MeSHAnatomy": {
          "Oropharynx": true
        },
        "PublicationStatus": {
          "Published": true
        },
        "PublicationType": {
          "Research": true
        },
        "Sample": {
          "Saliva": true
        },
        "Section": {
          "Results": true
        },
        "Species": {
          "9606": true
        },
        "Timeline": {
          "7 days": true
        }
      },
      "citation": {
        "authors": [
          "Cai JP",
          "Chan JF",
          "Chan JM",
          "Chan KH",
          "Chan WM",
          "Chen H",
          "Chen LL",
          "Chen Z",
          "Cheng VC",
          "Chik TS",
          "Choi CY",
          "Hung IF",
          "Ip JD",
          "Lau DP",
          "Leung WS",
          "Lung DC",
          "Luo CT",
          "Ng AC",
          "Poon RW",
          "Tam AR",
          "To KK",
          "Tsang OT",
          "Wu TC",
          "Yip CC",
          "Yuen KY"
        ],
        "date": "2020-03-23",
        "db": "PubMed",
        "db_id": "32213337",
        "db_name": "The Lancet. Infectious diseases",
        "first": "To KK",
        "last": "Yuen KY"
      },
      "evidence": "The viral load in posterior oropharyngeal saliva samples was highest during the first week of symptom onset then gradually declined (slope –0·15, 95% CI –0·19 to –0·11; R²=0·71; figure 2).",
      "key": "3e6f09c39f9266e5bf20a592ff50189e",
      "line": 120,
      "relation": "increases",
      "source": 8,
      "target": 4
    },
    {
      "annotations": {
        "MeSHAnatomy": {
          "Blood": true
        },
        "PublicationStatus": {
          "Published": true
        },
        "PublicationType": {
          "Research": true
        },
        "Sample": {
          "Rectal swab": true
        },
        "Section": {
          "Results": true
        },
        "Severity": {
          "Mild": true,
          "Severe": true
        },
        "Species": {
          "9606": true
        }
      },
      "citation": {
        "authors": [
          "Cai JP",
          "Chan JF",
          "Chan JM",
          "Chan KH",
          "Chan WM",
          "Chen H",
          "Chen LL",
          "Chen Z",
          "Cheng VC",
          "Chik TS",
          "Choi CY",
          "Hung IF",
          "Ip JD",
          "Lau DP",
          "Leung WS",
          "Lung DC",
          "Luo CT",
          "Ng AC",
          "Poon RW",
          "Tam AR",
          "To KK",
          "Tsang OT",
          "Wu TC",
          "Yip CC",
          "Yuen KY"
        ],
        "date": "2020-03-23",
        "db": "PubMed",
        "db_id": "32213337",
        "db_name": "The Lancet. Infectious diseases",
        "first": "To KK",
        "last": "Yuen KY"
      },
      "evidence": "SARS-CoV-2 RNA was detected in blood samples in five (22%) patients and rectal swabs in four (27%), but the detection rate between severe and mild cases did not differ (p=0·62 and p=0·57, respectively; table).",
      "key": "22fef329245df77a31b7226ab587f4af",
      "line": 108,
      "relation": "association",
      "source": 15,
      "target": 4
    },
    {
      "annotations": {
        "MeSHAnatomy": {
          "Blood": true
        },
        "PublicationStatus": {
          "Published": true
        },
        "PublicationType": {
          "Research": true
        },
        "Sample": {
          "Rectal swab": true
        },
        "Section": {
          "Results": true
        },
        "Severity": {
          "Mild": true,
          "Severe": true
        },
        "Species": {
          "9606": true
        }
      },
      "citation": {
        "authors": [
          "Cai JP",
          "Chan JF",
          "Chan JM",
          "Chan KH",
          "Chan WM",
          "Chen H",
          "Chen LL",
          "Chen Z",
          "Cheng VC",
          "Chik TS",
          "Choi CY",
          "Hung IF",
          "Ip JD",
          "Lau DP",
          "Leung WS",
          "Lung DC",
          "Luo CT",
          "Ng AC",
          "Poon RW",
          "Tam AR",
          "To KK",
          "Tsang OT",
          "Wu TC",
          "Yip CC",
          "Yuen KY"
        ],
        "date": "2020-03-23",
        "db": "PubMed",
        "db_id": "32213337",
        "db_name": "The Lancet. Infectious diseases",
        "first": "To KK",
        "last": "Yuen KY"
      },
      "evidence": "SARS-CoV-2 RNA was detected in blood samples in five (22%) patients and rectal swabs in four (27%), but the detection rate between severe and mild cases did not differ (p=0·62 and p=0·57, respectively; table).",
      "key": "83883589fe0b7c9e45a3133d23fa22a7",
      "line": 108,
      "relation": "association",
      "source": 4,
      "target": 15
    },
    {
      "annotations": {
        "Custom_Disease": {
          "COVID-19": true
        },
        "PublicationStatus": {
          "Published": true
        },
        "PublicationType": {
          "Research": true
        },
        "Section": {
          "Results": true
        },
        "Species": {
          "9606": true
        }
      },
      "citation": {
        "authors": [
          "Cai JP",
          "Chan JF",
          "Chan JM",
          "Chan KH",
          "Chan WM",
          "Chen H",
          "Chen LL",
          "Chen Z",
          "Cheng VC",
          "Chik TS",
          "Choi CY",
          "Hung IF",
          "Ip JD",
          "Lau DP",
          "Leung WS",
          "Lung DC",
          "Luo CT",
          "Ng AC",
          "Poon RW",
          "Tam AR",
          "To KK",
          "Tsang OT",
          "Wu TC",
          "Yip CC",
          "Yuen KY"
        ],
        "date": "2020-03-23",
        "db": "PubMed",
        "db_id": "32213337",
        "db_name": "The Lancet. Infectious diseases",
        "first": "To KK",
        "last": "Yuen KY"
      },
      "evidence": "A significant positive correlation between age and peak viral load was noted (Spearman’s ρ=0·48, 95% CI 0·074–0·75; p=0·020; figure 3A).",
      "key": "e722ad349c0e40f21d36054e9c34c972",
      "line": 129,
      "relation": "positiveCorrelation",
      "source": 4,
      "target": 0
    },
    {
      "annotations": {
        "Assay": {
          "enzyme immunoassay": true
        },
        "Custom_Disease": {
          "COVID-19": true
        },
        "PublicationStatus": {
          "Published": true
        },
        "PublicationType": {
          "Research": true
        },
        "Section": {
          "Results": true
        },
        "Species": {
          "9606": true
        },
        "Timeline": {
          "10 days": true
        }
      },
      "citation": {
        "authors": [
          "Cai JP",
          "Chan JF",
          "Chan JM",
          "Chan KH",
          "Chan WM",
          "Chen H",
          "Chen LL",
          "Chen Z",
          "Cheng VC",
          "Chik TS",
          "Choi CY",
          "Hung IF",
          "Ip JD",
          "Lau DP",
          "Leung WS",
          "Lung DC",
          "Luo CT",
          "Ng AC",
          "Poon RW",
          "Tam AR",
          "To KK",
          "Tsang OT",
          "Wu TC",
          "Yip CC",
          "Yuen KY"
        ],
        "date": "2020-03-23",
        "db": "PubMed",
        "db_id": "32213337",
        "db_name": "The Lancet. Infectious diseases",
        "first": "To KK",
        "last": "Yuen KY"
      },
      "evidence": "An increase was noted in IgG or IgM antibody levels against NP or RBD for most patients at 10 days or later after symptom onset, as shown by OD values in EIA (figure 4).",
      "key": "112e3898b3bf1e682dae4ec32498f70f",
      "line": 139,
      "relation": "increases",
      "source": 4,
      "target": 1
    },
    {
      "annotations": {
        "Assay": {
          "enzyme immunoassay": true
        },
        "Custom_Disease": {
          "COVID-19": true
        },
        "PublicationStatus": {
          "Published": true
        },
        "PublicationType": {
          "Research": true
        },
        "Section": {
          "Results": true
        },
        "Species": {
          "9606": true
        },
        "Timeline": {
          "10 days": true
        }
      },
      "citation": {
        "authors": [
          "Cai JP",
          "Chan JF",
          "Chan JM",
          "Chan KH",
          "Chan WM",
          "Chen H",
          "Chen LL",
          "Chen Z",
          "Cheng VC",
          "Chik TS",
          "Choi CY",
          "Hung IF",
          "Ip JD",
          "Lau DP",
          "Leung WS",
          "Lung DC",
          "Luo CT",
          "Ng AC",
          "Poon RW",
          "Tam AR",
          "To KK",
          "Tsang OT",
          "Wu TC",
          "Yip CC",
          "Yuen KY"
        ],
        "date": "2020-03-23",
        "db": "PubMed",
        "db_id": "32213337",
        "db_name": "The Lancet. Infectious diseases",
        "first": "To KK",
        "last": "Yuen KY"
      },
      "evidence": "An increase was noted in IgG or IgM antibody levels against NP or RBD for most patients at 10 days or later after symptom onset, as shown by OD values in EIA (figure 4).",
      "key": "c70266c37b4c7a3791f6b5c7027fa376",
      "line": 140,
      "relation": "increases",
      "source": 4,
      "target": 2
    },
    {
      "annotations": {
        "Assay": {
          "enzyme immunoassay": true
        },
        "Custom_Disease": {
          "COVID-19": true
        },
        "PublicationStatus": {
          "Published": true
        },
        "PublicationType": {
          "Research": true
        },
        "Section": {
          "Results": true
        },
        "Species": {
          "9606": true
        },
        "Timeline": {
          "10 days": true
        }
      },
      "citation": {
        "authors": [
          "Cai JP",
          "Chan JF",
          "Chan JM",
          "Chan KH",
          "Chan WM",
          "Chen H",
          "Chen LL",
          "Chen Z",
          "Cheng VC",
          "Chik TS",
          "Choi CY",
          "Hung IF",
          "Ip JD",
          "Lau DP",
          "Leung WS",
          "Lung DC",
          "Luo CT",
          "Ng AC",
          "Poon RW",
          "Tam AR",
          "To KK",
          "Tsang OT",
          "Wu TC",
          "Yip CC",
          "Yuen KY"
        ],
        "date": "2020-03-23",
        "db": "PubMed",
        "db_id": "32213337",
        "db_name": "The Lancet. Infectious diseases",
        "first": "To KK",
        "last": "Yuen KY"
      },
      "evidence": "An increase was noted in IgG or IgM antibody levels against NP or RBD for most patients at 10 days or later after symptom onset, as shown by OD values in EIA (figure 4).",
      "key": "bd3651c841053a8564d9ffa3ba7a0353",
      "line": 143,
      "relation": "association",
      "source": 4,
      "target": 5
    },
    {
      "annotations": {
        "Assay": {
          "enzyme immunoassay": true
        },
        "Custom_Disease": {
          "COVID-19": true
        },
        "PublicationStatus": {
          "Published": true
        },
        "PublicationType": {
          "Research": true
        },
        "Section": {
          "Results": true
        },
        "Species": {
          "9606": true
        },
        "Timeline": {
          "10 days": true
        }
      },
      "citation": {
        "authors": [
          "Cai JP",
          "Chan JF",
          "Chan JM",
          "Chan KH",
          "Chan WM",
          "Chen H",
          "Chen LL",
          "Chen Z",
          "Cheng VC",
          "Chik TS",
          "Choi CY",
          "Hung IF",
          "Ip JD",
          "Lau DP",
          "Leung WS",
          "Lung DC",
          "Luo CT",
          "Ng AC",
          "Poon RW",
          "Tam AR",
          "To KK",
          "Tsang OT",
          "Wu TC",
          "Yip CC",
          "Yuen KY"
        ],
        "date": "2020-03-23",
        "db": "PubMed",
        "db_id": "32213337",
        "db_name": "The Lancet. Infectious diseases",
        "first": "To KK",
        "last": "Yuen KY"
      },
      "evidence": "An increase was noted in IgG or IgM antibody levels against NP or RBD for most patients at 10 days or later after symptom onset, as shown by OD values in EIA (figure 4).",
      "key": "ba7ed15f9f8c8846a0a361a300b62b61",
      "line": 146,
      "relation": "association",
      "source": 4,
      "target": 6
    },
    {
      "annotations": {
        "Custom_Disease": {
          "COVID-19": true
        },
        "PublicationStatus": {
          "Published": true
        },
        "PublicationType": {
          "Research": true
        },
        "Section": {
          "Results": true
        },
        "Species": {
          "9606": true
        }
      },
      "citation": {
        "authors": [
          "Cai JP",
          "Chan JF",
          "Chan JM",
          "Chan KH",
          "Chan WM",
          "Chen H",
          "Chen LL",
          "Chen Z",
          "Cheng VC",
          "Chik TS",
          "Choi CY",
          "Hung IF",
          "Ip JD",
          "Lau DP",
          "Leung WS",
          "Lung DC",
          "Luo CT",
          "Ng AC",
          "Poon RW",
          "Tam AR",
          "To KK",
          "Tsang OT",
          "Wu TC",
          "Yip CC",
          "Yuen KY"
        ],
        "date": "2020-03-23",
        "db": "PubMed",
        "db_id": "32213337",
        "db_name": "The Lancet. Infectious diseases",
        "first": "To KK",
        "last": "Yuen KY"
      },
      "evidence": "A significant positive correlation between age and peak viral load was noted (Spearman’s ρ=0·48, 95% CI 0·074–0·75; p=0·020; figure 3A).",
      "key": "6045c4b8f705f4772612d98f524420be",
      "line": 129,
      "relation": "positiveCorrelation",
      "source": 0,
      "target": 4
    },
    {
      "annotations": {
        "Assay": {
          "enzyme immunoassay": true
        },
        "Custom_Disease": {
          "COVID-19": true
        },
        "PublicationStatus": {
          "Published": true
        },
        "PublicationType": {
          "Research": true
        },
        "Section": {
          "Results": true
        },
        "Species": {
          "9606": true
        },
        "Timeline": {
          "10 days": true
        }
      },
      "citation": {
        "authors": [
          "Cai JP",
          "Chan JF",
          "Chan JM",
          "Chan KH",
          "Chan WM",
          "Chen H",
          "Chen LL",
          "Chen Z",
          "Cheng VC",
          "Chik TS",
          "Choi CY",
          "Hung IF",
          "Ip JD",
          "Lau DP",
          "Leung WS",
          "Lung DC",
          "Luo CT",
          "Ng AC",
          "Poon RW",
          "Tam AR",
          "To KK",
          "Tsang OT",
          "Wu TC",
          "Yip CC",
          "Yuen KY"
        ],
        "date": "2020-03-23",
        "db": "PubMed",
        "db_id": "32213337",
        "db_name": "The Lancet. Infectious diseases",
        "first": "To KK",
        "last": "Yuen KY"
      },
      "evidence": "An increase was noted in IgG or IgM antibody levels against NP or RBD for most patients at 10 days or later after symptom onset, as shown by OD values in EIA (figure 4).",
      "key": "238c0fba5ba41090aec36edaaa5843fa",
      "line": 141,
      "relation": "decreases",
      "source": 1,
      "target": 5
    },
    {
      "annotations": {
        "Assay": {
          "enzyme immunoassay": true
        },
        "Custom_Disease": {
          "COVID-19": true
        },
        "PublicationStatus": {
          "Published": true
        },
        "PublicationType": {
          "Research": true
        },
        "Section": {
          "Results": true
        },
        "Species": {
          "9606": true
        },
        "Timeline": {
          "10 days": true
        }
      },
      "citation": {
        "authors": [
          "Cai JP",
          "Chan JF",
          "Chan JM",
          "Chan KH",
          "Chan WM",
          "Chen H",
          "Chen LL",
          "Chen Z",
          "Cheng VC",
          "Chik TS",
          "Choi CY",
          "Hung IF",
          "Ip JD",
          "Lau DP",
          "Leung WS",
          "Lung DC",
          "Luo CT",
          "Ng AC",
          "Poon RW",
          "Tam AR",
          "To KK",
          "Tsang OT",
          "Wu TC",
          "Yip CC",
          "Yuen KY"
        ],
        "date": "2020-03-23",
        "db": "PubMed",
        "db_id": "32213337",
        "db_name": "The Lancet. Infectious diseases",
        "first": "To KK",
        "last": "Yuen KY"
      },
      "evidence": "An increase was noted in IgG or IgM antibody levels against NP or RBD for most patients at 10 days or later after symptom onset, as shown by OD values in EIA (figure 4).",
      "key": "2af90112e9d7ae352ccbac87fdaee5e2",
      "line": 144,
      "relation": "decreases",
      "source": 1,
      "target": 6
    },
    {
      "annotations": {
        "Assay": {
          "enzyme immunoassay": true
        },
        "Custom_Disease": {
          "COVID-19": true
        },
        "PublicationStatus": {
          "Published": true
        },
        "PublicationType": {
          "Research": true
        },
        "Section": {
          "Results": true
        },
        "Species": {
          "9606": true
        },
        "Timeline": {
          "10 days": true
        }
      },
      "citation": {
        "authors": [
          "Cai JP",
          "Chan JF",
          "Chan JM",
          "Chan KH",
          "Chan WM",
          "Chen H",
          "Chen LL",
          "Chen Z",
          "Cheng VC",
          "Chik TS",
          "Choi CY",
          "Hung IF",
          "Ip JD",
          "Lau DP",
          "Leung WS",
          "Lung DC",
          "Luo CT",
          "Ng AC",
          "Poon RW",
          "Tam AR",
          "To KK",
          "Tsang OT",
          "Wu TC",
          "Yip CC",
          "Yuen KY"
        ],
        "date": "2020-03-23",
        "db": "PubMed",
        "db_id": "32213337",
        "db_name": "The Lancet. Infectious diseases",
        "first": "To KK",
        "last": "Yuen KY"
      },
      "evidence": "An increase was noted in IgG or IgM antibody levels against NP or RBD for most patients at 10 days or later after symptom onset, as shown by OD values in EIA (figure 4).",
      "key": "77bf572efb32c3a3616adc3319ad24f3",
      "line": 142,
      "relation": "decreases",
      "source": 2,
      "target": 5
    },
    {
      "annotations": {
        "Assay": {
          "enzyme immunoassay": true
        },
        "Custom_Disease": {
          "COVID-19": true
        },
        "PublicationStatus": {
          "Published": true
        },
        "PublicationType": {
          "Research": true
        },
        "Section": {
          "Results": true
        },
        "Species": {
          "9606": true
        },
        "Timeline": {
          "10 days": true
        }
      },
      "citation": {
        "authors": [
          "Cai JP",
          "Chan JF",
          "Chan JM",
          "Chan KH",
          "Chan WM",
          "Chen H",
          "Chen LL",
          "Chen Z",
          "Cheng VC",
          "Chik TS",
          "Choi CY",
          "Hung IF",
          "Ip JD",
          "Lau DP",
          "Leung WS",
          "Lung DC",
          "Luo CT",
          "Ng AC",
          "Poon RW",
          "Tam AR",
          "To KK",
          "Tsang OT",
          "Wu TC",
          "Yip CC",
          "Yuen KY"
        ],
        "date": "2020-03-23",
        "db": "PubMed",
        "db_id": "32213337",
        "db_name": "The Lancet. Infectious diseases",
        "first": "To KK",
        "last": "Yuen KY"
      },
      "evidence": "An increase was noted in IgG or IgM antibody levels against NP or RBD for most patients at 10 days or later after symptom onset, as shown by OD values in EIA (figure 4).",
      "key": "42be5737985723d291fb1cc93d9899be",
      "line": 145,
      "relation": "decreases",
      "source": 2,
      "target": 6
    },
    {
      "annotations": {
        "Assay": {
          "enzyme immunoassay": true
        },
        "Custom_Disease": {
          "COVID-19": true
        },
        "PublicationStatus": {
          "Published": true
        },
        "PublicationType": {
          "Research": true
        },
        "Section": {
          "Results": true
        },
        "Species": {
          "9606": true
        },
        "Timeline": {
          "10 days": true
        }
      },
      "citation": {
        "authors": [
          "Cai JP",
          "Chan JF",
          "Chan JM",
          "Chan KH",
          "Chan WM",
          "Chen H",
          "Chen LL",
          "Chen Z",
          "Cheng VC",
          "Chik TS",
          "Choi CY",
          "Hung IF",
          "Ip JD",
          "Lau DP",
          "Leung WS",
          "Lung DC",
          "Luo CT",
          "Ng AC",
          "Poon RW",
          "Tam AR",
          "To KK",
          "Tsang OT",
          "Wu TC",
          "Yip CC",
          "Yuen KY"
        ],
        "date": "2020-03-23",
        "db": "PubMed",
        "db_id": "32213337",
        "db_name": "The Lancet. Infectious diseases",
        "first": "To KK",
        "last": "Yuen KY"
      },
      "evidence": "An increase was noted in IgG or IgM antibody levels against NP or RBD for most patients at 10 days or later after symptom onset, as shown by OD values in EIA (figure 4).",
      "key": "72f2ded6cb15c7a5944b88a81794a471",
      "line": 143,
      "relation": "association",
      "source": 5,
      "target": 4
    },
    {
      "annotations": {
        "Assay": {
          "enzyme immunoassay": true
        },
        "Custom_Disease": {
          "COVID-19": true
        },
        "PublicationStatus": {
          "Published": true
        },
        "PublicationType": {
          "Research": true
        },
        "Section": {
          "Results": true
        },
        "Species": {
          "9606": true
        },
        "Timeline": {
          "10 days": true
        }
      },
      "citation": {
        "authors": [
          "Cai JP",
          "Chan JF",
          "Chan JM",
          "Chan KH",
          "Chan WM",
          "Chen H",
          "Chen LL",
          "Chen Z",
          "Cheng VC",
          "Chik TS",
          "Choi CY",
          "Hung IF",
          "Ip JD",
          "Lau DP",
          "Leung WS",
          "Lung DC",
          "Luo CT",
          "Ng AC",
          "Poon RW",
          "Tam AR",
          "To KK",
          "Tsang OT",
          "Wu TC",
          "Yip CC",
          "Yuen KY"
        ],
        "date": "2020-03-23",
        "db": "PubMed",
        "db_id": "32213337",
        "db_name": "The Lancet. Infectious diseases",
        "first": "To KK",
        "last": "Yuen KY"
      },
      "evidence": "An increase was noted in IgG or IgM antibody levels against NP or RBD for most patients at 10 days or later after symptom onset, as shown by OD values in EIA (figure 4).",
      "key": "41c9c94f815e0d739bda52565b66bb02",
      "line": 146,
      "relation": "association",
      "source": 6,
      "target": 4
    }
  ],
  "multigraph": true,
  "nodes": [
    {
      "bel": "a(MESH:\"Age of Onset\")",
      "concept": {
        "name": "Age of Onset",
        "namespace": "MESH"
      },
      "function": "Abundance",
      "id": "0896fa3662038c7fd85cf6d48191d84f"
    },
    {
      "bel": "a(MESH:\"Immunoglobulin G\")",
      "concept": {
        "name": "Immunoglobulin G",
        "namespace": "MESH"
      },
      "function": "Abundance",
      "id": "ed6b199fc0a3b814d8ce805fa9964dca"
    },
    {
      "bel": "a(MESH:\"Immunoglobulin M\")",
      "concept": {
        "name": "Immunoglobulin M",
        "namespace": "MESH"
      },
      "function": "Abundance",
      "id": "3cbf8b95fef3a7e7a668264a25b1dec7"
    },
    {
      "bel": "a(MESH:Lymphocytes)",
      "concept": {
        "name": "Lymphocytes",
        "namespace": "MESH"
      },
      "function": "Abundance",
      "id": "05994a861f52857ee7dd98e839952695"
    },
    {
      "bel": "a(TAX:\"Severe acute respiratory syndrome coronavirus 2\")",
      "concept": {
        "name": "Severe acute respiratory syndrome coronavirus 2",
        "namespace": "TAX"
      },
      "function": "Abundance",
      "id": "c41851da59cc36c21b2e8acf24c1f46d"
    },
    {
      "bel": "p(COVID:N)",
      "concept": {
        "name": "N",
        "namespace": "COVID"
      },
      "function": "Protein",
      "id": "a1054f8b8ac9a90d2ad484980fa2a350"
    },
    {
      "bel": "p(COVID:S)",
      "concept": {
        "name": "S",
        "namespace": "COVID"
      },
      "function": "Protein",
      "id": "8d090715298e11996081058536798c19"
    },
    {
      "bel": "p(GFAM:\"Alkaline phosphatases\")",
      "concept": {
        "name": "Alkaline phosphatases",
        "namespace": "GFAM"
      },
      "function": "Protein",
      "id": "9c646eb3528e20a55a9f2a0559fac6ec"
    },
    {
      "bel": "path(DO:\"COVID-19\")",
      "concept": {
        "name": "COVID-19",
        "namespace": "DO"
      },
      "function": "Pathology",
      "id": "6f9f1c2e8012537e503a758c6bfaff0f"
    },
    {
      "bel": "path(DO:lymphopenia)",
      "concept": {
        "name": "lymphopenia",
        "namespace": "DO"
      },
      "function": "Pathology",
      "id": "c44581ea27814dd1a201d1fcc1979068"
    },
    {
      "bel": "path(HP:\"Ground-glass opacification on pulmonary HRCT\")",
      "concept": {
        "name": "Ground-glass opacification on pulmonary HRCT",
        "namespace": "HP"
      },
      "function": "Pathology",
      "id": "84ff186012d6eb9a071d53766af91a2e"
    },
    {
      "bel": "path(HP:Neutrophilia)",
      "concept": {
        "name": "Neutrophilia",
        "namespace": "HP"
      },
      "function": "Pathology",
      "id": "80a9c024b583a13929b06c77999a518f"
    },
    {
      "bel": "path(MESH:Chills)",
      "concept": {
        "name": "Chills",
        "namespace": "MESH"
      },
      "function": "Pathology",
      "id": "3caff30394a4479744dd1a898ffd6dbc"
    },
    {
      "bel": "path(MESH:Cough)",
      "concept": {
        "name": "Cough",
        "namespace": "MESH"
      },
      "function": "Pathology",
      "id": "9fee4f29ebce7356ac1721785693b80c"
    },
    {
      "bel": "path(MESH:Dyspnea)",
      "concept": {
        "name": "Dyspnea",
        "namespace": "MESH"
      },
      "function": "Pathology",
      "id": "3f78d64501d3d9478ac9ad623a28ec72"
    },
    {
      "bel": "r(COVID:ORF1ab)",
      "concept": {
        "name": "ORF1ab",
        "namespace": "COVID"
      },
      "function": "RNA",
      "id": "a90bf57b80b88f13f9cd92b619e10d40"
    }
  ]
}