{
  "directed": true,
  "graph": {
    "annotation_list": {
      "Analysis": [
        "Molecular docking"
      ],
      "PublicationStatus": [
        "Published"
      ],
      "PublicationType": [
        "Research"
      ],
      "Section": [
        "Results"
      ]
    },
    "annotation_pattern": {},
    "annotation_url": {
      "CellLine": "https://arty.scai.fraunhofer.de/artifactory/bel/annotation/cell-line/cell-line-20190128.belanno"
    },
    "document_metadata": {
      "authors": "Geena Mariya Jose",
      "contact": "geena.mariya.jose@causalitybiomodels.com",
      "copyright": "Copyright © 2020 Fraunhofer Institute SCAI, All rights reserved",
      "description": "COVID Knowledge Curation project",
      "licenses": "Private Ownership to Fraunhofer Institute SCAI",
      "name": "2218301.bel",
      "version": "2.0.0"
    },
    "namespace_pattern": {
      "FIXMECHEM": ".*",
      "UNIPROT": "^([A-N,R-Z][0-9]([A-Z][A-Z, 0-9][A-Z, 0-9][0-9]){1,2})|([O,P,Q][0-9][A-Z, 0-9][A-Z, 0-9][A-Z, 0-9][0-9])(\\.\\d+)?$"
    },
    "namespace_url": {
      "MESH": "https://arty.scai.fraunhofer.de/artifactory/bel/namespace/mesh/mesh-names-20181007.belns",
      "TAX": "https://arty.scai.fraunhofer.de/artifactory/bel/namespace/ncbi-taxonomy/ncbi-taxonomy-20200322.belns"
    },
    "path": "32218301.bel",
    "pybel_version": "0.14.6"
  },
  "links": [
    {
      "annotations": {
        "PublicationStatus": {
          "Published": true
        },
        "PublicationType": {
          "Research": true
        },
        "Section": {
          "Results": true
        }
      },
      "citation": {
        "authors": [
          "Cichero E",
          "Francesconi V",
          "Naesens L",
          "Schenone S",
          "Tonelli M"
        ],
        "date": "2020-03-25",
        "db": "PubMed",
        "db_id": "32218301",
        "db_name": "Molecules (Basel, Switzerland)",
        "first": "Francesconi V",
        "last": "Tonelli M",
        "volume": "25"
      },
      "evidence": "Seven compounds displayed activity against one of more human respiratory viruses; i.e., RSV (22 and 25), influenza A virus (6, 8, 16, 17 and 22) or human coronavirus (6, 8, 16, 17 and 24) (Table 1).",
      "key": "25f93d09812cbbb80dd3f5217b42a271",
      "line": 45,
      "relation": "decreases",
      "source": 4,
      "target": 8
    },
    {
      "annotations": {
        "PublicationStatus": {
          "Published": true
        },
        "PublicationType": {
          "Research": true
        },
        "Section": {
          "Results": true
        }
      },
      "citation": {
        "authors": [
          "Cichero E",
          "Francesconi V",
          "Naesens L",
          "Schenone S",
          "Tonelli M"
        ],
        "date": "2020-03-25",
        "db": "PubMed",
        "db_id": "32218301",
        "db_name": "Molecules (Basel, Switzerland)",
        "first": "Francesconi V",
        "last": "Tonelli M",
        "volume": "25"
      },
      "evidence": "Seven compounds displayed activity against one of more human respiratory viruses; i.e., RSV (22 and 25), influenza A virus (6, 8, 16, 17 and 22) or human coronavirus (6, 8, 16, 17 and 24) (Table 1).",
      "key": "1ddc8447e51c5ab340e03c00008b57be",
      "line": 62,
      "relation": "decreases",
      "source": 4,
      "target": 9
    },
    {
      "annotations": {
        "PublicationStatus": {
          "Published": true
        },
        "PublicationType": {
          "Research": true
        },
        "Section": {
          "Results": true
        }
      },
      "citation": {
        "authors": [
          "Cichero E",
          "Francesconi V",
          "Naesens L",
          "Schenone S",
          "Tonelli M"
        ],
        "date": "2020-03-25",
        "db": "PubMed",
        "db_id": "32218301",
        "db_name": "Molecules (Basel, Switzerland)",
        "first": "Francesconi V",
        "last": "Tonelli M",
        "volume": "25"
      },
      "evidence": "Seven compounds displayed activity against one of more human respiratory viruses; i.e., RSV (22 and 25), influenza A virus (6, 8, 16, 17 and 22) or human coronavirus (6, 8, 16, 17 and 24) (Table 1).",
      "key": "79700006ccd632298022e6ea17cc6c66",
      "line": 63,
      "relation": "decreases",
      "source": 4,
      "target": 10
    },
    {
      "key": "dd9674614df142bea3c2eaf2765a432b",
      "relation": "partOf",
      "source": 4,
      "target": 12
    },
    {
      "annotations": {
        "PublicationStatus": {
          "Published": true
        },
        "PublicationType": {
          "Research": true
        },
        "Section": {
          "Results": true
        }
      },
      "citation": {
        "authors": [
          "Cichero E",
          "Francesconi V",
          "Naesens L",
          "Schenone S",
          "Tonelli M"
        ],
        "date": "2020-03-25",
        "db": "PubMed",
        "db_id": "32218301",
        "db_name": "Molecules (Basel, Switzerland)",
        "first": "Francesconi V",
        "last": "Tonelli M",
        "volume": "25"
      },
      "evidence": "Seven compounds displayed activity against one of more human respiratory viruses; i.e., RSV (22 and 25), influenza A virus (6, 8, 16, 17 and 22) or human coronavirus (6, 8, 16, 17 and 24) (Table 1).",
      "key": "9df05fb3226418c1cc2644289408caed",
      "line": 47,
      "relation": "decreases",
      "source": 5,
      "target": 8
    },
    {
      "key": "fa34c46d8f93d8282da00ec67f12cd12",
      "relation": "partOf",
      "source": 5,
      "target": 13
    },
    {
      "annotations": {
        "PublicationStatus": {
          "Published": true
        },
        "PublicationType": {
          "Research": true
        },
        "Section": {
          "Results": true
        }
      },
      "citation": {
        "authors": [
          "Cichero E",
          "Francesconi V",
          "Naesens L",
          "Schenone S",
          "Tonelli M"
        ],
        "date": "2020-03-25",
        "db": "PubMed",
        "db_id": "32218301",
        "db_name": "Molecules (Basel, Switzerland)",
        "first": "Francesconi V",
        "last": "Tonelli M",
        "volume": "25"
      },
      "evidence": "Seven compounds displayed activity against one of more human respiratory viruses; i.e., RSV (22 and 25), influenza A virus (6, 8, 16, 17 and 22) or human coronavirus (6, 8, 16, 17 and 24) (Table 1).",
      "key": "c5122cf35fee7884830ae9579f603a6c",
      "line": 50,
      "relation": "decreases",
      "source": 6,
      "target": 9
    },
    {
      "annotations": {
        "PublicationStatus": {
          "Published": true
        },
        "PublicationType": {
          "Research": true
        },
        "Section": {
          "Results": true
        }
      },
      "citation": {
        "authors": [
          "Cichero E",
          "Francesconi V",
          "Naesens L",
          "Schenone S",
          "Tonelli M"
        ],
        "date": "2020-03-25",
        "db": "PubMed",
        "db_id": "32218301",
        "db_name": "Molecules (Basel, Switzerland)",
        "first": "Francesconi V",
        "last": "Tonelli M",
        "volume": "25"
      },
      "evidence": "Seven compounds displayed activity against one of more human respiratory viruses; i.e., RSV (22 and 25), influenza A virus (6, 8, 16, 17 and 22) or human coronavirus (6, 8, 16, 17 and 24) (Table 1).",
      "key": "cbf0ec218039441cd7ba5b656f8bd63c",
      "line": 51,
      "relation": "decreases",
      "source": 6,
      "target": 10
    },
    {
      "annotations": {
        "PublicationStatus": {
          "Published": true
        },
        "PublicationType": {
          "Research": true
        },
        "Section": {
          "Results": true
        }
      },
      "citation": {
        "authors": [
          "Cichero E",
          "Francesconi V",
          "Naesens L",
          "Schenone S",
          "Tonelli M"
        ],
        "date": "2020-03-25",
        "db": "PubMed",
        "db_id": "32218301",
        "db_name": "Molecules (Basel, Switzerland)",
        "first": "Francesconi V",
        "last": "Tonelli M",
        "volume": "25"
      },
      "evidence": "Seven compounds displayed activity against one of more human respiratory viruses; i.e., RSV (22 and 25), influenza A virus (6, 8, 16, 17 and 22) or human coronavirus (6, 8, 16, 17 and 24) (Table 1).",
      "key": "e0d573824b53d3d635602732c60ef171",
      "line": 66,
      "relation": "decreases",
      "source": 6,
      "target": 7
    },
    {
      "annotations": {
        "PublicationStatus": {
          "Published": true
        },
        "PublicationType": {
          "Research": true
        },
        "Section": {
          "Results": true
        }
      },
      "citation": {
        "authors": [
          "Cichero E",
          "Francesconi V",
          "Naesens L",
          "Schenone S",
          "Tonelli M"
        ],
        "date": "2020-03-25",
        "db": "PubMed",
        "db_id": "32218301",
        "db_name": "Molecules (Basel, Switzerland)",
        "first": "Francesconi V",
        "last": "Tonelli M",
        "volume": "25"
      },
      "evidence": "Seven compounds displayed activity against one of more human respiratory viruses; i.e., RSV (22 and 25), influenza A virus (6, 8, 16, 17 and 22) or human coronavirus (6, 8, 16, 17 and 24) (Table 1).",
      "key": "ab4c5ac22e12fea95fc8b699c852e93f",
      "line": 53,
      "relation": "decreases",
      "source": 3,
      "target": 9
    },
    {
      "annotations": {
        "PublicationStatus": {
          "Published": true
        },
        "PublicationType": {
          "Research": true
        },
        "Section": {
          "Results": true
        }
      },
      "citation": {
        "authors": [
          "Cichero E",
          "Francesconi V",
          "Naesens L",
          "Schenone S",
          "Tonelli M"
        ],
        "date": "2020-03-25",
        "db": "PubMed",
        "db_id": "32218301",
        "db_name": "Molecules (Basel, Switzerland)",
        "first": "Francesconi V",
        "last": "Tonelli M",
        "volume": "25"
      },
      "evidence": "Seven compounds displayed activity against one of more human respiratory viruses; i.e., RSV (22 and 25), influenza A virus (6, 8, 16, 17 and 22) or human coronavirus (6, 8, 16, 17 and 24) (Table 1).",
      "key": "630af5e5bc280451cc4e90e22ce7f77c",
      "line": 54,
      "relation": "decreases",
      "source": 3,
      "target": 10
    },
    {
      "annotations": {
        "PublicationStatus": {
          "Published": true
        },
        "PublicationType": {
          "Research": true
        },
        "Section": {
          "Results": true
        }
      },
      "citation": {
        "authors": [
          "Cichero E",
          "Francesconi V",
          "Naesens L",
          "Schenone S",
          "Tonelli M"
        ],
        "date": "2020-03-25",
        "db": "PubMed",
        "db_id": "32218301",
        "db_name": "Molecules (Basel, Switzerland)",
        "first": "Francesconi V",
        "last": "Tonelli M",
        "volume": "25"
      },
      "evidence": "Seven compounds displayed activity against one of more human respiratory viruses; i.e., RSV (22 and 25), influenza A virus (6, 8, 16, 17 and 22) or human coronavirus (6, 8, 16, 17 and 24) (Table 1).",
      "key": "57f4d1a03044f0a235239c3796d941b6",
      "line": 68,
      "relation": "decreases",
      "source": 3,
      "target": 7
    },
    {
      "annotations": {
        "PublicationStatus": {
          "Published": true
        },
        "PublicationType": {
          "Research": true
        },
        "Section": {
          "Results": true
        }
      },
      "citation": {
        "authors": [
          "Cichero E",
          "Francesconi V",
          "Naesens L",
          "Schenone S",
          "Tonelli M"
        ],
        "date": "2020-03-25",
        "db": "PubMed",
        "db_id": "32218301",
        "db_name": "Molecules (Basel, Switzerland)",
        "first": "Francesconi V",
        "last": "Tonelli M",
        "volume": "25"
      },
      "evidence": "Seven compounds displayed activity against one of more human respiratory viruses; i.e., RSV (22 and 25), influenza A virus (6, 8, 16, 17 and 22) or human coronavirus (6, 8, 16, 17 and 24) (Table 1).",
      "key": "1022e6b690231b65d9c1adf76267f2db",
      "line": 56,
      "relation": "decreases",
      "source": 2,
      "target": 9
    },
    {
      "annotations": {
        "PublicationStatus": {
          "Published": true
        },
        "PublicationType": {
          "Research": true
        },
        "Section": {
          "Results": true
        }
      },
      "citation": {
        "authors": [
          "Cichero E",
          "Francesconi V",
          "Naesens L",
          "Schenone S",
          "Tonelli M"
        ],
        "date": "2020-03-25",
        "db": "PubMed",
        "db_id": "32218301",
        "db_name": "Molecules (Basel, Switzerland)",
        "first": "Francesconi V",
        "last": "Tonelli M",
        "volume": "25"
      },
      "evidence": "Seven compounds displayed activity against one of more human respiratory viruses; i.e., RSV (22 and 25), influenza A virus (6, 8, 16, 17 and 22) or human coronavirus (6, 8, 16, 17 and 24) (Table 1).",
      "key": "bf10594b930150b7afe741a2c8e2d268",
      "line": 57,
      "relation": "decreases",
      "source": 2,
      "target": 10
    },
    {
      "annotations": {
        "PublicationStatus": {
          "Published": true
        },
        "PublicationType": {
          "Research": true
        },
        "Section": {
          "Results": true
        }
      },
      "citation": {
        "authors": [
          "Cichero E",
          "Francesconi V",
          "Naesens L",
          "Schenone S",
          "Tonelli M"
        ],
        "date": "2020-03-25",
        "db": "PubMed",
        "db_id": "32218301",
        "db_name": "Molecules (Basel, Switzerland)",
        "first": "Francesconi V",
        "last": "Tonelli M",
        "volume": "25"
      },
      "evidence": "Seven compounds displayed activity against one of more human respiratory viruses; i.e., RSV (22 and 25), influenza A virus (6, 8, 16, 17 and 22) or human coronavirus (6, 8, 16, 17 and 24) (Table 1).",
      "key": "a3f51c3c26945ef75ee969284dd9c661",
      "line": 70,
      "relation": "decreases",
      "source": 2,
      "target": 7
    },
    {
      "annotations": {
        "PublicationStatus": {
          "Published": true
        },
        "PublicationType": {
          "Research": true
        },
        "Section": {
          "Results": true
        }
      },
      "citation": {
        "authors": [
          "Cichero E",
          "Francesconi V",
          "Naesens L",
          "Schenone S",
          "Tonelli M"
        ],
        "date": "2020-03-25",
        "db": "PubMed",
        "db_id": "32218301",
        "db_name": "Molecules (Basel, Switzerland)",
        "first": "Francesconi V",
        "last": "Tonelli M",
        "volume": "25"
      },
      "evidence": "Seven compounds displayed activity against one of more human respiratory viruses; i.e., RSV (22 and 25), influenza A virus (6, 8, 16, 17 and 22) or human coronavirus (6, 8, 16, 17 and 24) (Table 1).",
      "key": "0572dbdc6182a14e42f37fde37cef7d7",
      "line": 59,
      "relation": "decreases",
      "source": 1,
      "target": 9
    },
    {
      "annotations": {
        "PublicationStatus": {
          "Published": true
        },
        "PublicationType": {
          "Research": true
        },
        "Section": {
          "Results": true
        }
      },
      "citation": {
        "authors": [
          "Cichero E",
          "Francesconi V",
          "Naesens L",
          "Schenone S",
          "Tonelli M"
        ],
        "date": "2020-03-25",
        "db": "PubMed",
        "db_id": "32218301",
        "db_name": "Molecules (Basel, Switzerland)",
        "first": "Francesconi V",
        "last": "Tonelli M",
        "volume": "25"
      },
      "evidence": "Seven compounds displayed activity against one of more human respiratory viruses; i.e., RSV (22 and 25), influenza A virus (6, 8, 16, 17 and 22) or human coronavirus (6, 8, 16, 17 and 24) (Table 1).",
      "key": "21e514c70a2da13372e3b1fa92362356",
      "line": 60,
      "relation": "decreases",
      "source": 1,
      "target": 10
    },
    {
      "annotations": {
        "PublicationStatus": {
          "Published": true
        },
        "PublicationType": {
          "Research": true
        },
        "Section": {
          "Results": true
        }
      },
      "citation": {
        "authors": [
          "Cichero E",
          "Francesconi V",
          "Naesens L",
          "Schenone S",
          "Tonelli M"
        ],
        "date": "2020-03-25",
        "db": "PubMed",
        "db_id": "32218301",
        "db_name": "Molecules (Basel, Switzerland)",
        "first": "Francesconi V",
        "last": "Tonelli M",
        "volume": "25"
      },
      "evidence": "Seven compounds displayed activity against one of more human respiratory viruses; i.e., RSV (22 and 25), influenza A virus (6, 8, 16, 17 and 22) or human coronavirus (6, 8, 16, 17 and 24) (Table 1).",
      "key": "6386d615e14a7b656ea5cccd752ef4fa",
      "line": 72,
      "relation": "decreases",
      "source": 1,
      "target": 7
    },
    {
      "annotations": {
        "CellLine": {
          "Hep-2 cell": true,
          "Vero cell": true
        },
        "PublicationStatus": {
          "Published": true
        },
        "PublicationType": {
          "Research": true
        },
        "Section": {
          "Results": true
        }
      },
      "citation": {
        "authors": [
          "Cichero E",
          "Francesconi V",
          "Naesens L",
          "Schenone S",
          "Tonelli M"
        ],
        "date": "2020-03-25",
        "db": "PubMed",
        "db_id": "32218301",
        "db_name": "Molecules (Basel, Switzerland)",
        "first": "Francesconi V",
        "last": "Tonelli M",
        "volume": "25"
      },
      "evidence": "Two compounds, 17 and 24, produced cytotoxicity in two of the four cell lines.",
      "key": "27f1bc830e20c8de5683bd9de15c65a8",
      "line": 79,
      "relation": "decreases",
      "source": 1,
      "target": 11
    },
    {
      "annotations": {
        "PublicationStatus": {
          "Published": true
        },
        "PublicationType": {
          "Research": true
        },
        "Section": {
          "Results": true
        }
      },
      "citation": {
        "authors": [
          "Cichero E",
          "Francesconi V",
          "Naesens L",
          "Schenone S",
          "Tonelli M"
        ],
        "date": "2020-03-25",
        "db": "PubMed",
        "db_id": "32218301",
        "db_name": "Molecules (Basel, Switzerland)",
        "first": "Francesconi V",
        "last": "Tonelli M",
        "volume": "25"
      },
      "evidence": "Seven compounds displayed activity against one of more human respiratory viruses; i.e., RSV (22 and 25), influenza A virus (6, 8, 16, 17 and 22) or human coronavirus (6, 8, 16, 17 and 24) (Table 1).",
      "key": "1ea93cf8ee3628a1e80e6cb33c2c52c9",
      "line": 74,
      "relation": "decreases",
      "source": 0,
      "target": 7
    },
    {
      "annotations": {
        "CellLine": {
          "MDCK cell": true,
          "Vero cell": true
        },
        "PublicationStatus": {
          "Published": true
        },
        "PublicationType": {
          "Research": true
        },
        "Section": {
          "Results": true
        }
      },
      "citation": {
        "authors": [
          "Cichero E",
          "Francesconi V",
          "Naesens L",
          "Schenone S",
          "Tonelli M"
        ],
        "date": "2020-03-25",
        "db": "PubMed",
        "db_id": "32218301",
        "db_name": "Molecules (Basel, Switzerland)",
        "first": "Francesconi V",
        "last": "Tonelli M",
        "volume": "25"
      },
      "evidence": "Two compounds, 17 and 24, produced cytotoxicity in two of the four cell lines.",
      "key": "b104c649985def667bc41053636c0fbb",
      "line": 82,
      "relation": "decreases",
      "source": 0,
      "target": 11
    },
    {
      "key": "ce0e0afc43b0b05557e2723ea531fc8e",
      "relation": "partOf",
      "source": 14,
      "target": 12
    },
    {
      "key": "5674fb7a62c464b30592b8fb285f4b89",
      "relation": "partOf",
      "source": 14,
      "target": 13
    }
  ],
  "multigraph": true,
  "nodes": [
    {
      "bel": "a(FIXMECHEM:\"1-[2-(N,N-diethylamino)ethyl]-2-(4-ethoxybenzyl)-5-(1-hydrazineylideneethyl)-1H-benzo[d]imidazole\")",
      "concept": {
        "name": "1-[2-(N,N-diethylamino)ethyl]-2-(4-ethoxybenzyl)-5-(1-hydrazineylideneethyl)-1H-benzo[d]imidazole",
        "namespace": "FIXMECHEM"
      },
      "function": "Abundance",
      "id": "7d61dcf3e1e3b54f405c5c7b786e9f7e"
    },
    {
      "bel": "a(FIXMECHEM:\"2-(1-{1-[3-(N,N-Diethylamino)propyl]-2-(4-methoxybenzyl)-1H-benzo[d]imidazol-5-yl}-ethylidene)hydrazine-1-carboxamide\")",
      "concept": {
        "name": "2-(1-{1-[3-(N,N-Diethylamino)propyl]-2-(4-methoxybenzyl)-1H-benzo[d]imidazol-5-yl}-ethylidene)hydrazine-1-carboxamide",
        "namespace": "FIXMECHEM"
      },
      "function": "Abundance",
      "id": "e3e5c23ec4cbb442732c97be702c3c13"
    },
    {
      "bel": "a(FIXMECHEM:\"2-(1-{1-[3-(N,N-Diethylamino)propyl]-2-benzyl-1H-benzo[d]imidazol-5-yl}ethylidene)-hydrazine-1-carboxamide\")",
      "concept": {
        "name": "2-(1-{1-[3-(N,N-Diethylamino)propyl]-2-benzyl-1H-benzo[d]imidazol-5-yl}ethylidene)-hydrazine-1-carboxamide",
        "namespace": "FIXMECHEM"
      },
      "function": "Abundance",
      "id": "4a321c61d844fde7379205ad9aff9395"
    },
    {
      "bel": "a(FIXMECHEM:\"2-(1-{2-Benzyl-1-[3-(N,N-diethylamino)propyl]-1H-benzo[d]imidazol-5-yl}ethylidene)-hydrazine-1-carbothioamide\")",
      "concept": {
        "name": "2-(1-{2-Benzyl-1-[3-(N,N-diethylamino)propyl]-1H-benzo[d]imidazol-5-yl}ethylidene)-hydrazine-1-carbothioamide",
        "namespace": "FIXMECHEM"
      },
      "function": "Abundance",
      "id": "8c1d4beed2884da44fd6abf5d647c8e3"
    },
    {
      "bel": "a(FIXMECHEM:\"2-(1-{2-[(2H-Benzo[d][1,2,3]triazol-1-yl)methyl]-1-[3-(N,N-dimethylamino)propyl]-1H-benzo[d]imidazol-5-yl}ethylidene)hydrazine-1-carbothioamide\")",
      "concept": {
        "name": "2-(1-{2-[(2H-Benzo[d][1,2,3]triazol-1-yl)methyl]-1-[3-(N,N-dimethylamino)propyl]-1H-benzo[d]imidazol-5-yl}ethylidene)hydrazine-1-carbothioamide",
        "namespace": "FIXMECHEM"
      },
      "function": "Abundance",
      "id": "9b13ac66c0e829f9bac17c052eee49b6"
    },
    {
      "bel": "a(FIXMECHEM:\"2-[(Benzotriazol-2-yl)methyl]-1-[2-(N,N-diethylamino)ethyl]-5-(1-hydrazineylideneethyl)-1H-benzo[d]imidazole\")",
      "concept": {
        "name": "2-[(Benzotriazol-2-yl)methyl]-1-[2-(N,N-diethylamino)ethyl]-5-(1-hydrazineylideneethyl)-1H-benzo[d]imidazole",
        "namespace": "FIXMECHEM"
      },
      "function": "Abundance",
      "id": "0981f5dfffd4fa9c283338146d219d26"
    },
    {
      "bel": "a(FIXMECHEM:\"2-{1-[2-(4-Chlorobenzyl)-1-[2-(N,N-diethylamino)ethyl]-1H-benzo[d]imidazol-5-yl]-ethylidene}hydrazine-1-carbothioamide\")",
      "concept": {
        "name": "2-{1-[2-(4-Chlorobenzyl)-1-[2-(N,N-diethylamino)ethyl]-1H-benzo[d]imidazol-5-yl]-ethylidene}hydrazine-1-carbothioamide",
        "namespace": "FIXMECHEM"
      },
      "function": "Abundance",
      "id": "dc534328a0ab451400beaacb9be042c4"
    },
    {
      "bel": "a(TAX:\"Human coronavirus 229E\")",
      "concept": {
        "name": "Human coronavirus 229E",
        "namespace": "TAX"
      },
      "function": "Abundance",
      "id": "79ffb71f2dda620fb098f4f65e4a6e64"
    },
    {
      "bel": "a(TAX:\"Human respiratory syncytial virus A strain Long\")",
      "concept": {
        "name": "Human respiratory syncytial virus A strain Long",
        "namespace": "TAX"
      },
      "function": "Abundance",
      "id": "45b168e28b065163eb96b4afd9c9cd6c"
    },
    {
      "bel": "a(TAX:\"Influenza A virus (A/Hong Kong/7/1987(H3N2))\")",
      "concept": {
        "name": "Influenza A virus (A/Hong Kong/7/1987(H3N2))",
        "namespace": "TAX"
      },
      "function": "Abundance",
      "id": "77bb80b183e82557deafba9a888d76a2"
    },
    {
      "bel": "a(TAX:\"Influenza A virus (H1N1)\")",
      "concept": {
        "name": "Influenza A virus (H1N1)",
        "namespace": "TAX"
      },
      "function": "Abundance",
      "id": "afe31aed6fcf69b577d600b999e4015e"
    },
    {
      "bel": "bp(MESH:\"Cell Survival\")",
      "concept": {
        "name": "Cell Survival",
        "namespace": "MESH"
      },
      "function": "BiologicalProcess",
      "id": "c6f26bea83787c63169a3fcb728da799"
    },
    {
      "bel": "complex(a(FIXMECHEM:\"2-(1-{2-[(2H-Benzo[d][1,2,3]triazol-1-yl)methyl]-1-[3-(N,N-dimethylamino)propyl]-1H-benzo[d]imidazol-5-yl}ethylidene)hydrazine-1-carbothioamide\"), p(UNIPROT:P12568))",
      "function": "Complex",
      "id": "2b0f9d7cb9f3c50506c6319d01c4c902",
      "members": [
        {
          "bel": "a(FIXMECHEM:\"2-(1-{2-[(2H-Benzo[d][1,2,3]triazol-1-yl)methyl]-1-[3-(N,N-dimethylamino)propyl]-1H-benzo[d]imidazol-5-yl}ethylidene)hydrazine-1-carbothioamide\")",
          "concept": {
            "name": "2-(1-{2-[(2H-Benzo[d][1,2,3]triazol-1-yl)methyl]-1-[3-(N,N-dimethylamino)propyl]-1H-benzo[d]imidazol-5-yl}ethylidene)hydrazine-1-carbothioamide",
            "namespace": "FIXMECHEM"
          },
          "function": "Abundance",
          "id": "9b13ac66c0e829f9bac17c052eee49b6"
        },
        {
          "bel": "p(UNIPROT:P12568)",
          "concept": {
            "name": "P12568",
            "namespace": "UNIPROT"
          },
          "function": "Protein",
          "id": "c6b85c732a4af8a1f9ec751850d72af1"
        }
      ]
    },
    {
      "bel": "complex(a(FIXMECHEM:\"2-[(Benzotriazol-2-yl)methyl]-1-[2-(N,N-diethylamino)ethyl]-5-(1-hydrazineylideneethyl)-1H-benzo[d]imidazole\"), p(UNIPROT:P12568))",
      "function": "Complex",
      "id": "d221871d648f3e62085f38c2d3f494e5",
      "members": [
        {
          "bel": "a(FIXMECHEM:\"2-[(Benzotriazol-2-yl)methyl]-1-[2-(N,N-diethylamino)ethyl]-5-(1-hydrazineylideneethyl)-1H-benzo[d]imidazole\")",
          "concept": {
            "name": "2-[(Benzotriazol-2-yl)methyl]-1-[2-(N,N-diethylamino)ethyl]-5-(1-hydrazineylideneethyl)-1H-benzo[d]imidazole",
            "namespace": "FIXMECHEM"
          },
          "function": "Abundance",
          "id": "0981f5dfffd4fa9c283338146d219d26"
        },
        {
          "bel": "p(UNIPROT:P12568)",
          "concept": {
            "name": "P12568",
            "namespace": "UNIPROT"
          },
          "function": "Protein",
          "id": "c6b85c732a4af8a1f9ec751850d72af1"
        }
      ]
    },
    {
      "bel": "p(UNIPROT:P12568)",
      "concept": {
        "name": "P12568",
        "namespace": "UNIPROT"
      },
      "function": "Protein",
      "id": "c6b85c732a4af8a1f9ec751850d72af1"
    }
  ]
}