{
  "directed": true,
  "graph": {
    "annotation_list": {
      "Assay": [
        "gold immunochromatographic assay"
      ],
      "Custom_Disease": [
        "COVID-19"
      ],
      "Disease_Stage": [
        "early stage",
        "late stage",
        "middle stage"
      ],
      "PublicationStatus": [
        "Published"
      ],
      "PublicationType": [
        "Research"
      ],
      "Section": [
        "Full Text"
      ]
    },
    "annotation_pattern": {
      "BioAssay": ".*"
    },
    "annotation_url": {
      "MeSHAnatomy": "https://arty.scai.fraunhofer.de/artifactory/bel/annotation/mesh-anatomy/mesh-anatomy-20170511.belanno",
      "Species": "https://arty.scai.fraunhofer.de/artifactory/bel/annotation/species-taxonomy-id/species-taxonomy-id-20170511.belanno"
    },
    "document_metadata": {
      "authors": "Thrishna",
      "contact": "thrishna@causalitybiomodels.com",
      "copyright": "Copyright © 2020 Fraunhofer Institute SCAI, All rights reserved",
      "description": "COVID Knowledge Curation project",
      "licenses": "Private Ownership to Fraunhofer Institute SCAI",
      "name": "32221133.bel",
      "version": "2.0.0"
    },
    "namespace_pattern": {},
    "namespace_url": {
      "COVID": "https://arty.scai.fraunhofer.de/artifactory/bel/namespace/ncbi-covid19/ncbi-covid19-20200326.belns",
      "DO": "https://arty.scai.fraunhofer.de/artifactory/bel/namespace/disease-ontology/disease-ontology-20200407.belns",
      "GO": "https://arty.scai.fraunhofer.de/artifactory/bel/namespace/go/go-20180109.belns"
    },
    "path": "32221133.bel",
    "pybel_version": "0.14.6"
  },
  "links": [
    {
      "annotations": {
        "Custom_Disease": {
          "COVID-19": true
        },
        "PublicationStatus": {
          "Published": true
        },
        "PublicationType": {
          "Research": true
        },
        "Section": {
          "Full Text": true
        },
        "Species": {
          "9606": true
        }
      },
      "citation": {
        "authors": [
          "Cao JF",
          "Dai EH",
          "Gao HX",
          "Huang Y",
          "Li L",
          "Li YN",
          "Liu YZ",
          "Lu JH",
          "Wang HB",
          "Wang YL",
          "Xu Y",
          "Xu ZG",
          "Yuan DQ",
          "Zhang Z"
        ],
        "date": "2020-03-26",
        "db": "PubMed",
        "db_id": "32221133",
        "db_name": "Chinese medical journal",
        "first": "Gao HX",
        "last": "Dai EH"
      },
      "evidence": "The level of serum IgM and IgG antibodies were detected using three different commercial testing kits (CLIA, GICA, and ELISA) developed by the Beier Bioengineering Company (Beijing, China), which targeted the spike (S) and nucleocapsid (N) proteins of 2019-nCoV.",
      "key": "cf60ade5251b876ed6ef07d97e6f3407",
      "line": 46,
      "relation": "decreases",
      "source": 1,
      "target": 3
    },
    {
      "annotations": {
        "Assay": {
          "gold immunochromatographic assay": true
        },
        "BioAssay": {
          "ELISA": true,
          "chemiluminescence-linked immunosorbent assay": true
        },
        "Custom_Disease": {
          "COVID-19": true
        },
        "Disease_Stage": {
          "early stage": true,
          "late stage": true,
          "middle stage": true
        },
        "MeSHAnatomy": {
          "Serum": true
        },
        "PublicationStatus": {
          "Published": true
        },
        "PublicationType": {
          "Research": true
        },
        "Section": {
          "Full Text": true
        },
        "Species": {
          "9606": true
        }
      },
      "citation": {
        "authors": [
          "Cao JF",
          "Dai EH",
          "Gao HX",
          "Huang Y",
          "Li L",
          "Li YN",
          "Liu YZ",
          "Lu JH",
          "Wang HB",
          "Wang YL",
          "Xu Y",
          "Xu ZG",
          "Yuan DQ",
          "Zhang Z"
        ],
        "date": "2020-03-26",
        "db": "PubMed",
        "db_id": "32221133",
        "db_name": "Chinese medical journal",
        "first": "Gao HX",
        "last": "Dai EH"
      },
      "evidence": "As shown in Table 1, at the early, middle and late stages of infection, the serum IgM antibody was detected in 6/10, 7/13, and 11/14 of cases, respectively (at least one immunoassay was positive). Meanwhile, at the early and middle stages of infection, 5/10 and 10/13 cases demonstrated positive serum IgG results, whereas the serum IgG was detected in all cases (14/14) when it came to the late stage of infection",
      "key": "ac31f58e547f3b3fc3dd9cf0a1482c99",
      "line": 61,
      "relation": "prognosticBiomarkerFor",
      "source": 1,
      "target": 4
    },
    {
      "annotations": {
        "Assay": {
          "gold immunochromatographic assay": true
        },
        "Custom_Disease": {
          "COVID-19": true
        },
        "Disease_Stage": {
          "early stage": true,
          "late stage": true,
          "middle stage": true
        },
        "MeSHAnatomy": {
          "Serum": true
        },
        "PublicationStatus": {
          "Published": true
        },
        "PublicationType": {
          "Research": true
        },
        "Section": {
          "Full Text": true
        },
        "Species": {
          "9606": true
        }
      },
      "citation": {
        "authors": [
          "Cao JF",
          "Dai EH",
          "Gao HX",
          "Huang Y",
          "Li L",
          "Li YN",
          "Liu YZ",
          "Lu JH",
          "Wang HB",
          "Wang YL",
          "Xu Y",
          "Xu ZG",
          "Yuan DQ",
          "Zhang Z"
        ],
        "date": "2020-03-26",
        "db": "PubMed",
        "db_id": "32221133",
        "db_name": "Chinese medical journal",
        "first": "Gao HX",
        "last": "Dai EH"
      },
      "evidence": "GICA possessed a relatively higher positive rate in serum IgM detection (5/10, 5/13, and 9/14 in the early, middle, and late stages, respectively) and ELISA exhibited a comparatively higher positive rate in serum IgG testing (4/10, 8/13, and 12/14 in the early, middle, and late stages, respectively)",
      "key": "2735dd01e0e1e20cd1bba216fe8acec4",
      "line": 72,
      "relation": "prognosticBiomarkerFor",
      "source": 1,
      "target": 4
    },
    {
      "annotations": {
        "Custom_Disease": {
          "COVID-19": true
        },
        "PublicationStatus": {
          "Published": true
        },
        "PublicationType": {
          "Research": true
        },
        "Section": {
          "Full Text": true
        },
        "Species": {
          "9606": true
        }
      },
      "citation": {
        "authors": [
          "Cao JF",
          "Dai EH",
          "Gao HX",
          "Huang Y",
          "Li L",
          "Li YN",
          "Liu YZ",
          "Lu JH",
          "Wang HB",
          "Wang YL",
          "Xu Y",
          "Xu ZG",
          "Yuan DQ",
          "Zhang Z"
        ],
        "date": "2020-03-26",
        "db": "PubMed",
        "db_id": "32221133",
        "db_name": "Chinese medical journal",
        "first": "Gao HX",
        "last": "Dai EH"
      },
      "evidence": "The level of serum IgM and IgG antibodies were detected using three different commercial testing kits (CLIA, GICA, and ELISA) developed by the Beier Bioengineering Company (Beijing, China), which targeted the spike (S) and nucleocapsid (N) proteins of 2019-nCoV.",
      "key": "fc90bfdcfa8784fee435c18a4393a0e1",
      "line": 47,
      "relation": "decreases",
      "source": 0,
      "target": 2
    },
    {
      "annotations": {
        "BioAssay": {
          "ELISA": true
        },
        "Custom_Disease": {
          "COVID-19": true
        },
        "Disease_Stage": {
          "early stage": true,
          "late stage": true,
          "middle stage": true
        },
        "MeSHAnatomy": {
          "Serum": true
        },
        "PublicationStatus": {
          "Published": true
        },
        "PublicationType": {
          "Research": true
        },
        "Section": {
          "Full Text": true
        },
        "Species": {
          "9606": true
        }
      },
      "citation": {
        "authors": [
          "Cao JF",
          "Dai EH",
          "Gao HX",
          "Huang Y",
          "Li L",
          "Li YN",
          "Liu YZ",
          "Lu JH",
          "Wang HB",
          "Wang YL",
          "Xu Y",
          "Xu ZG",
          "Yuan DQ",
          "Zhang Z"
        ],
        "date": "2020-03-26",
        "db": "PubMed",
        "db_id": "32221133",
        "db_name": "Chinese medical journal",
        "first": "Gao HX",
        "last": "Dai EH"
      },
      "evidence": "GICA possessed a relatively higher positive rate in serum IgM detection (5/10, 5/13, and 9/14 in the early, middle, and late stages, respectively) and ELISA exhibited a comparatively higher positive rate in serum IgG testing (4/10, 8/13, and 12/14 in the early, middle, and late stages, respectively)",
      "key": "68454a0cdb6320d177b808d7c73f1803",
      "line": 75,
      "relation": "prognosticBiomarkerFor",
      "source": 0,
      "target": 4
    }
  ],
  "multigraph": true,
  "nodes": [
    {
      "bel": "complex(GO:\"IgG immunoglobulin complex, circulating\")",
      "concept": {
        "name": "IgG immunoglobulin complex, circulating",
        "namespace": "GO"
      },
      "function": "Complex",
      "id": "fc955b0a84bea2329f6e35b86ce9403d"
    },
    {
      "bel": "complex(GO:\"IgM immunoglobulin complex, circulating\")",
      "concept": {
        "name": "IgM immunoglobulin complex, circulating",
        "namespace": "GO"
      },
      "function": "Complex",
      "id": "a3ad1f2de34e2ef2c032f48a55ddea5b"
    },
    {
      "bel": "p(COVID:N)",
      "concept": {
        "name": "N",
        "namespace": "COVID"
      },
      "function": "Protein",
      "id": "a1054f8b8ac9a90d2ad484980fa2a350"
    },
    {
      "bel": "p(COVID:S)",
      "concept": {
        "name": "S",
        "namespace": "COVID"
      },
      "function": "Protein",
      "id": "8d090715298e11996081058536798c19"
    },
    {
      "bel": "path(DO:\"COVID-19\")",
      "concept": {
        "name": "COVID-19",
        "namespace": "DO"
      },
      "function": "Pathology",
      "id": "6f9f1c2e8012537e503a758c6bfaff0f"
    }
  ]
}