{
  "directed": true,
  "graph": {
    "annotation_list": {
      "Custom_Disease": [
        "COVID-19"
      ],
      "PublicationStatus": [
        "Preprint"
      ],
      "PublicationType": [
        "Research"
      ],
      "Section": [
        "Results"
      ]
    },
    "annotation_pattern": {},
    "annotation_url": {
      "Species": "https://arty.scai.fraunhofer.de/artifactory/bel/annotation/species-taxonomy-id/species-taxonomy-id-20170511.belanno"
    },
    "document_metadata": {
      "authors": "Abish K",
      "contact": "abish@causalitybiomodels.com",
      "copyright": "Copyright © 2020 Fraunhofer Institute SCAI, All rights reserved",
      "description": "COVID Knowledge Curation project",
      "licenses": "Private Ownership to Fraunhofer Institute SCAI",
      "name": "Li_et.al_2020.bel",
      "version": "2.0.0"
    },
    "namespace_pattern": {
      "PUBCHEM": "^\\d+$"
    },
    "namespace_url": {
      "CHEBI": "https://arty.scai.fraunhofer.de/artifactory/bel/namespace/chebi/chebi-20190708.belns",
      "DO": "https://arty.scai.fraunhofer.de/artifactory/bel/namespace/disease-ontology/disease-ontology-20200407.belns",
      "GFAM": "https://arty.scai.fraunhofer.de/artifactory/bel/namespace/hgnc-gene-families/hgnc-genefamily-names-20181221.belns",
      "GO": "https://arty.scai.fraunhofer.de/artifactory/bel/namespace/go/go-20180109.belns",
      "HGNC": "https://arty.scai.fraunhofer.de/artifactory/bel/namespace/hgnc/hgnc-20190708.belns",
      "HP": "https://arty.scai.fraunhofer.de/artifactory/bel/namespace/hp/hp-20190130.belns",
      "MESH": "https://arty.scai.fraunhofer.de/artifactory/bel/namespace/mesh/mesh-names-20181007.belns",
      "TAX": "https://arty.scai.fraunhofer.de/artifactory/bel/namespace/ncbi-taxonomy/ncbi-taxonomy-20200322.belns"
    },
    "path": "Li_et.al_2020.bel",
    "pybel_version": "0.14.6"
  },
  "links": [
    {
      "annotations": {
        "Custom_Disease": {
          "COVID-19": true
        },
        "PublicationStatus": {
          "Preprint": true
        },
        "PublicationType": {
          "Research": true
        },
        "Section": {
          "Results": true
        },
        "Species": {
          "9606": true
        }
      },
      "citation": {
        "db": "DOI",
        "db_id": "10.20944/preprints202003.0286.v1"
      },
      "evidence": "The Newman greedy heuristic module detection algorithm was applied on the network, leading to five modules, representing the T cell receptor signalling pathway, JAK-STAT signalling pathway, C-type lectin receptor signalling pathway, Chemokine signalling pathway and Endocytosis (Figure 2C).",
      "key": "f952291ee3c3983fd765b33e3a12070c",
      "line": 49,
      "relation": "regulates",
      "source": 10,
      "target": 13
    },
    {
      "annotations": {
        "Custom_Disease": {
          "COVID-19": true
        },
        "PublicationStatus": {
          "Preprint": true
        },
        "PublicationType": {
          "Research": true
        },
        "Section": {
          "Results": true
        },
        "Species": {
          "9606": true
        }
      },
      "citation": {
        "db": "DOI",
        "db_id": "10.20944/preprints202003.0286.v1"
      },
      "evidence": "The Newman greedy heuristic module detection algorithm was applied on the network, leading to five modules, representing the T cell receptor signalling pathway, JAK-STAT signalling pathway, C-type lectin receptor signalling pathway, Chemokine signalling pathway and Endocytosis (Figure 2C).",
      "key": "ba3238194b3009c4ab1cec26326a8875",
      "line": 50,
      "relation": "regulates",
      "source": 10,
      "target": 11
    },
    {
      "annotations": {
        "Custom_Disease": {
          "COVID-19": true
        },
        "PublicationStatus": {
          "Preprint": true
        },
        "PublicationType": {
          "Research": true
        },
        "Section": {
          "Results": true
        },
        "Species": {
          "9606": true
        }
      },
      "citation": {
        "db": "DOI",
        "db_id": "10.20944/preprints202003.0286.v1"
      },
      "evidence": "The Newman greedy heuristic module detection algorithm was applied on the network, leading to five modules, representing the T cell receptor signalling pathway, JAK-STAT signalling pathway, C-type lectin receptor signalling pathway, Chemokine signalling pathway and Endocytosis (Figure 2C).",
      "key": "24d77e83acbd966d5f5ae449a418b7cb",
      "line": 51,
      "relation": "regulates",
      "source": 10,
      "target": 16
    },
    {
      "annotations": {
        "Custom_Disease": {
          "COVID-19": true
        },
        "PublicationStatus": {
          "Preprint": true
        },
        "PublicationType": {
          "Research": true
        },
        "Section": {
          "Results": true
        },
        "Species": {
          "9606": true
        }
      },
      "citation": {
        "db": "DOI",
        "db_id": "10.20944/preprints202003.0286.v1"
      },
      "evidence": "The Newman greedy heuristic module detection algorithm was applied on the network, leading to five modules, representing the T cell receptor signalling pathway, JAK-STAT signalling pathway, C-type lectin receptor signalling pathway, Chemokine signalling pathway and Endocytosis (Figure 2C).",
      "key": "1a979f4829cd49f8be137ddbde3e03c7",
      "line": 52,
      "relation": "regulates",
      "source": 10,
      "target": 17
    },
    {
      "annotations": {
        "Custom_Disease": {
          "COVID-19": true
        },
        "PublicationStatus": {
          "Preprint": true
        },
        "PublicationType": {
          "Research": true
        },
        "Section": {
          "Results": true
        },
        "Species": {
          "9606": true
        }
      },
      "citation": {
        "db": "DOI",
        "db_id": "10.20944/preprints202003.0286.v1"
      },
      "evidence": "The Newman greedy heuristic module detection algorithm was applied on the network, leading to five modules, representing the T cell receptor signalling pathway, JAK-STAT signalling pathway, C-type lectin receptor signalling pathway, Chemokine signalling pathway and Endocytosis (Figure 2C).",
      "key": "3742fa1438ea9c58a7c70aa39dbcd70e",
      "line": 53,
      "relation": "regulates",
      "source": 10,
      "target": 14
    },
    {
      "annotations": {
        "Custom_Disease": {
          "COVID-19": true
        },
        "PublicationStatus": {
          "Preprint": true
        },
        "PublicationType": {
          "Research": true
        },
        "Section": {
          "Results": true
        },
        "Species": {
          "9606": true
        }
      },
      "citation": {
        "db": "DOI",
        "db_id": "10.20944/preprints202003.0286.v1"
      },
      "evidence": "The Newman greedy heuristic module detection algorithm was applied on the network, leading to five modules, representing the T cell receptor signalling pathway, JAK-STAT signalling pathway, C-type lectin receptor signalling pathway, Chemokine signalling pathway and Endocytosis (Figure 2C).",
      "key": "bb6a3e9e8660bb9ce4614fef7d43584b",
      "line": 54,
      "relation": "regulates",
      "source": 10,
      "target": 18
    },
    {
      "annotations": {
        "Custom_Disease": {
          "COVID-19": true
        },
        "PublicationStatus": {
          "Preprint": true
        },
        "PublicationType": {
          "Research": true
        },
        "Section": {
          "Results": true
        },
        "Species": {
          "9606": true
        }
      },
      "citation": {
        "db": "DOI",
        "db_id": "10.20944/preprints202003.0286.v1"
      },
      "evidence": "Through a literature review, we identified a list of important symptoms and mechanisms linked to SARS-CoV-2, including fever, fatigue, cough 17, breathing difficulty, septic shock, viral proliferation, immunodeficiency and pulmonary fibrosis 18 (Figure 4).",
      "key": "d467a3c74e6664f1a6888e078e32a96f",
      "line": 58,
      "relation": "increases",
      "source": 10,
      "target": 30
    },
    {
      "annotations": {
        "Custom_Disease": {
          "COVID-19": true
        },
        "PublicationStatus": {
          "Preprint": true
        },
        "PublicationType": {
          "Research": true
        },
        "Section": {
          "Results": true
        },
        "Species": {
          "9606": true
        }
      },
      "citation": {
        "db": "DOI",
        "db_id": "10.20944/preprints202003.0286.v1"
      },
      "evidence": "Through a literature review, we identified a list of important symptoms and mechanisms linked to SARS-CoV-2, including fever, fatigue, cough 17, breathing difficulty, septic shock, viral proliferation, immunodeficiency and pulmonary fibrosis 18 (Figure 4).",
      "key": "42a616840eef84c8418244e5d4a1b3a1",
      "line": 59,
      "relation": "positiveCorrelation",
      "source": 30,
      "target": 36
    },
    {
      "annotations": {
        "Custom_Disease": {
          "COVID-19": true
        },
        "PublicationStatus": {
          "Preprint": true
        },
        "PublicationType": {
          "Research": true
        },
        "Section": {
          "Results": true
        },
        "Species": {
          "9606": true
        }
      },
      "citation": {
        "db": "DOI",
        "db_id": "10.20944/preprints202003.0286.v1"
      },
      "evidence": "Through a literature review, we identified a list of important symptoms and mechanisms linked to SARS-CoV-2, including fever, fatigue, cough 17, breathing difficulty, septic shock, viral proliferation, immunodeficiency and pulmonary fibrosis 18 (Figure 4).",
      "key": "7b80d8327b7e387d08c1dcaa6a23b47e",
      "line": 60,
      "relation": "positiveCorrelation",
      "source": 30,
      "target": 34
    },
    {
      "annotations": {
        "Custom_Disease": {
          "COVID-19": true
        },
        "PublicationStatus": {
          "Preprint": true
        },
        "PublicationType": {
          "Research": true
        },
        "Section": {
          "Results": true
        },
        "Species": {
          "9606": true
        }
      },
      "citation": {
        "db": "DOI",
        "db_id": "10.20944/preprints202003.0286.v1"
      },
      "evidence": "Through a literature review, we identified a list of important symptoms and mechanisms linked to SARS-CoV-2, including fever, fatigue, cough 17, breathing difficulty, septic shock, viral proliferation, immunodeficiency and pulmonary fibrosis 18 (Figure 4).",
      "key": "fc02140bcc43afed94cca54e93f4eb34",
      "line": 61,
      "relation": "positiveCorrelation",
      "source": 30,
      "target": 35
    },
    {
      "annotations": {
        "Custom_Disease": {
          "COVID-19": true
        },
        "PublicationStatus": {
          "Preprint": true
        },
        "PublicationType": {
          "Research": true
        },
        "Section": {
          "Results": true
        },
        "Species": {
          "9606": true
        }
      },
      "citation": {
        "db": "DOI",
        "db_id": "10.20944/preprints202003.0286.v1"
      },
      "evidence": "Through a literature review, we identified a list of important symptoms and mechanisms linked to SARS-CoV-2, including fever, fatigue, cough 17, breathing difficulty, septic shock, viral proliferation, immunodeficiency and pulmonary fibrosis 18 (Figure 4).",
      "key": "fe7968ff6c774e935060f84e67b1bd08",
      "line": 62,
      "relation": "positiveCorrelation",
      "source": 30,
      "target": 33
    },
    {
      "annotations": {
        "Custom_Disease": {
          "COVID-19": true
        },
        "PublicationStatus": {
          "Preprint": true
        },
        "PublicationType": {
          "Research": true
        },
        "Section": {
          "Results": true
        },
        "Species": {
          "9606": true
        }
      },
      "citation": {
        "db": "DOI",
        "db_id": "10.20944/preprints202003.0286.v1"
      },
      "evidence": "Through a literature review, we identified a list of important symptoms and mechanisms linked to SARS-CoV-2, including fever, fatigue, cough 17, breathing difficulty, septic shock, viral proliferation, immunodeficiency and pulmonary fibrosis 18 (Figure 4).",
      "key": "dccd88947357110c459ca0f12f956dd1",
      "line": 63,
      "relation": "positiveCorrelation",
      "source": 30,
      "target": 19
    },
    {
      "annotations": {
        "Custom_Disease": {
          "COVID-19": true
        },
        "PublicationStatus": {
          "Preprint": true
        },
        "PublicationType": {
          "Research": true
        },
        "Section": {
          "Results": true
        },
        "Species": {
          "9606": true
        }
      },
      "citation": {
        "db": "DOI",
        "db_id": "10.20944/preprints202003.0286.v1"
      },
      "evidence": "Through a literature review, we identified a list of important symptoms and mechanisms linked to SARS-CoV-2, including fever, fatigue, cough 17, breathing difficulty, septic shock, viral proliferation, immunodeficiency and pulmonary fibrosis 18 (Figure 4).",
      "key": "78ec62928adebcd348ced42dbaeb0801",
      "line": 64,
      "relation": "positiveCorrelation",
      "source": 30,
      "target": 32
    },
    {
      "annotations": {
        "Custom_Disease": {
          "COVID-19": true
        },
        "PublicationStatus": {
          "Preprint": true
        },
        "PublicationType": {
          "Research": true
        },
        "Section": {
          "Results": true
        },
        "Species": {
          "9606": true
        }
      },
      "citation": {
        "db": "DOI",
        "db_id": "10.20944/preprints202003.0286.v1"
      },
      "evidence": "Through a literature review, we identified a list of important symptoms and mechanisms linked to SARS-CoV-2, including fever, fatigue, cough 17, breathing difficulty, septic shock, viral proliferation, immunodeficiency and pulmonary fibrosis 18 (Figure 4).",
      "key": "0a9034e4823b0dfefc1d28cae7552bfc",
      "line": 65,
      "relation": "positiveCorrelation",
      "source": 30,
      "target": 31
    },
    {
      "annotations": {
        "Custom_Disease": {
          "COVID-19": true
        },
        "PublicationStatus": {
          "Preprint": true
        },
        "PublicationType": {
          "Research": true
        },
        "Section": {
          "Results": true
        },
        "Species": {
          "9606": true
        }
      },
      "citation": {
        "db": "DOI",
        "db_id": "10.20944/preprints202003.0286.v1"
      },
      "evidence": "Before being treated with thalidomide + methylprednisolone, the patient showed an increase in C-reactive protein (CRP) and cytokine levels, including interleukin 6 (IL-6), interleukin 10 (IL-10) and interferon gamma (IFN-gamma) together with reduced CD4+ and CD8+ T cells counts.",
      "key": "c0631c6f07bcd6d9079bf816f744b3d8",
      "line": 78,
      "relation": "positiveCorrelation",
      "source": 30,
      "target": 25
    },
    {
      "annotations": {
        "Custom_Disease": {
          "COVID-19": true
        },
        "PublicationStatus": {
          "Preprint": true
        },
        "PublicationType": {
          "Research": true
        },
        "Section": {
          "Results": true
        },
        "Species": {
          "9606": true
        }
      },
      "citation": {
        "db": "DOI",
        "db_id": "10.20944/preprints202003.0286.v1"
      },
      "evidence": "Before being treated with thalidomide + methylprednisolone, the patient showed an increase in C-reactive protein (CRP) and cytokine levels, including interleukin 6 (IL-6), interleukin 10 (IL-10) and interferon gamma (IFN-gamma) together with reduced CD4+ and CD8+ T cells counts.",
      "key": "153f16a4bb78371fd977b5d9d3f9538b",
      "line": 79,
      "relation": "positiveCorrelation",
      "source": 30,
      "target": 28
    },
    {
      "annotations": {
        "Custom_Disease": {
          "COVID-19": true
        },
        "PublicationStatus": {
          "Preprint": true
        },
        "PublicationType": {
          "Research": true
        },
        "Section": {
          "Results": true
        },
        "Species": {
          "9606": true
        }
      },
      "citation": {
        "db": "DOI",
        "db_id": "10.20944/preprints202003.0286.v1"
      },
      "evidence": "Before being treated with thalidomide + methylprednisolone, the patient showed an increase in C-reactive protein (CRP) and cytokine levels, including interleukin 6 (IL-6), interleukin 10 (IL-10) and interferon gamma (IFN-gamma) together with reduced CD4+ and CD8+ T cells counts.",
      "key": "11131507962e797c94692185274579c9",
      "line": 80,
      "relation": "positiveCorrelation",
      "source": 30,
      "target": 27
    },
    {
      "annotations": {
        "Custom_Disease": {
          "COVID-19": true
        },
        "PublicationStatus": {
          "Preprint": true
        },
        "PublicationType": {
          "Research": true
        },
        "Section": {
          "Results": true
        },
        "Species": {
          "9606": true
        }
      },
      "citation": {
        "db": "DOI",
        "db_id": "10.20944/preprints202003.0286.v1"
      },
      "evidence": "Before being treated with thalidomide + methylprednisolone, the patient showed an increase in C-reactive protein (CRP) and cytokine levels, including interleukin 6 (IL-6), interleukin 10 (IL-10) and interferon gamma (IFN-gamma) together with reduced CD4+ and CD8+ T cells counts.",
      "key": "1a96cee6e08c3bf5088b75856809c1d2",
      "line": 81,
      "relation": "positiveCorrelation",
      "source": 30,
      "target": 26
    },
    {
      "annotations": {
        "Custom_Disease": {
          "COVID-19": true
        },
        "PublicationStatus": {
          "Preprint": true
        },
        "PublicationType": {
          "Research": true
        },
        "Section": {
          "Results": true
        },
        "Species": {
          "9606": true
        }
      },
      "citation": {
        "db": "DOI",
        "db_id": "10.20944/preprints202003.0286.v1"
      },
      "evidence": "Before being treated with thalidomide + methylprednisolone, the patient showed an increase in C-reactive protein (CRP) and cytokine levels, including interleukin 6 (IL-6), interleukin 10 (IL-10) and interferon gamma (IFN-gamma) together with reduced CD4+ and CD8+ T cells counts.",
      "key": "93f03341478ff926c11742adf3cbeabc",
      "line": 82,
      "relation": "positiveCorrelation",
      "source": 30,
      "target": 7
    },
    {
      "annotations": {
        "Custom_Disease": {
          "COVID-19": true
        },
        "PublicationStatus": {
          "Preprint": true
        },
        "PublicationType": {
          "Research": true
        },
        "Section": {
          "Results": true
        },
        "Species": {
          "9606": true
        }
      },
      "citation": {
        "db": "DOI",
        "db_id": "10.20944/preprints202003.0286.v1"
      },
      "evidence": "Before being treated with thalidomide + methylprednisolone, the patient showed an increase in C-reactive protein (CRP) and cytokine levels, including interleukin 6 (IL-6), interleukin 10 (IL-10) and interferon gamma (IFN-gamma) together with reduced CD4+ and CD8+ T cells counts.",
      "key": "cb9b67ed1912a12d2a5c6fb70816726c",
      "line": 83,
      "relation": "positiveCorrelation",
      "source": 30,
      "target": 8
    },
    {
      "annotations": {
        "Custom_Disease": {
          "COVID-19": true
        },
        "PublicationStatus": {
          "Preprint": true
        },
        "PublicationType": {
          "Research": true
        },
        "Section": {
          "Results": true
        },
        "Species": {
          "9606": true
        }
      },
      "citation": {
        "db": "DOI",
        "db_id": "10.20944/preprints202003.0286.v1"
      },
      "evidence": "Through a literature review, we identified a list of important symptoms and mechanisms linked to SARS-CoV-2, including fever, fatigue, cough 17, breathing difficulty, septic shock, viral proliferation, immunodeficiency and pulmonary fibrosis 18 (Figure 4).",
      "key": "2a1ab810153a6d2e30cbfcb75d77a696",
      "line": 59,
      "relation": "positiveCorrelation",
      "source": 36,
      "target": 30
    },
    {
      "annotations": {
        "Custom_Disease": {
          "COVID-19": true
        },
        "PublicationStatus": {
          "Preprint": true
        },
        "PublicationType": {
          "Research": true
        },
        "Section": {
          "Results": true
        },
        "Species": {
          "9606": true
        }
      },
      "citation": {
        "db": "DOI",
        "db_id": "10.20944/preprints202003.0286.v1"
      },
      "evidence": "Through a literature review, we identified a list of important symptoms and mechanisms linked to SARS-CoV-2, including fever, fatigue, cough 17, breathing difficulty, septic shock, viral proliferation, immunodeficiency and pulmonary fibrosis 18 (Figure 4).",
      "key": "0439eaab11cc0d783041ab0bd8ab2531",
      "line": 60,
      "relation": "positiveCorrelation",
      "source": 34,
      "target": 30
    },
    {
      "annotations": {
        "Custom_Disease": {
          "COVID-19": true
        },
        "PublicationStatus": {
          "Preprint": true
        },
        "PublicationType": {
          "Research": true
        },
        "Section": {
          "Results": true
        },
        "Species": {
          "9606": true
        }
      },
      "citation": {
        "db": "DOI",
        "db_id": "10.20944/preprints202003.0286.v1"
      },
      "evidence": "Through a literature review, we identified a list of important symptoms and mechanisms linked to SARS-CoV-2, including fever, fatigue, cough 17, breathing difficulty, septic shock, viral proliferation, immunodeficiency and pulmonary fibrosis 18 (Figure 4).",
      "key": "3e626fbea521f264599c59bc5dd90839",
      "line": 61,
      "relation": "positiveCorrelation",
      "source": 35,
      "target": 30
    },
    {
      "annotations": {
        "Custom_Disease": {
          "COVID-19": true
        },
        "PublicationStatus": {
          "Preprint": true
        },
        "PublicationType": {
          "Research": true
        },
        "Section": {
          "Results": true
        },
        "Species": {
          "9606": true
        }
      },
      "citation": {
        "db": "DOI",
        "db_id": "10.20944/preprints202003.0286.v1"
      },
      "evidence": "Through a literature review, we identified a list of important symptoms and mechanisms linked to SARS-CoV-2, including fever, fatigue, cough 17, breathing difficulty, septic shock, viral proliferation, immunodeficiency and pulmonary fibrosis 18 (Figure 4).",
      "key": "737b9f1722df2d3f2b3c1fa553269b6d",
      "line": 62,
      "relation": "positiveCorrelation",
      "source": 33,
      "target": 30
    },
    {
      "annotations": {
        "Custom_Disease": {
          "COVID-19": true
        },
        "PublicationStatus": {
          "Preprint": true
        },
        "PublicationType": {
          "Research": true
        },
        "Section": {
          "Results": true
        },
        "Species": {
          "9606": true
        }
      },
      "citation": {
        "db": "DOI",
        "db_id": "10.20944/preprints202003.0286.v1"
      },
      "evidence": "Through a literature review, we identified a list of important symptoms and mechanisms linked to SARS-CoV-2, including fever, fatigue, cough 17, breathing difficulty, septic shock, viral proliferation, immunodeficiency and pulmonary fibrosis 18 (Figure 4).",
      "key": "10b2288c053bc6d2b3506f6e46c05dc3",
      "line": 63,
      "relation": "positiveCorrelation",
      "source": 19,
      "target": 30
    },
    {
      "annotations": {
        "Custom_Disease": {
          "COVID-19": true
        },
        "PublicationStatus": {
          "Preprint": true
        },
        "PublicationType": {
          "Research": true
        },
        "Section": {
          "Results": true
        },
        "Species": {
          "9606": true
        }
      },
      "citation": {
        "db": "DOI",
        "db_id": "10.20944/preprints202003.0286.v1"
      },
      "evidence": "Through a literature review, we identified a list of important symptoms and mechanisms linked to SARS-CoV-2, including fever, fatigue, cough 17, breathing difficulty, septic shock, viral proliferation, immunodeficiency and pulmonary fibrosis 18 (Figure 4).",
      "key": "76a0abd0225f0f4575a49fbb5b0b2647",
      "line": 64,
      "relation": "positiveCorrelation",
      "source": 32,
      "target": 30
    },
    {
      "annotations": {
        "Custom_Disease": {
          "COVID-19": true
        },
        "PublicationStatus": {
          "Preprint": true
        },
        "PublicationType": {
          "Research": true
        },
        "Section": {
          "Results": true
        },
        "Species": {
          "9606": true
        }
      },
      "citation": {
        "db": "DOI",
        "db_id": "10.20944/preprints202003.0286.v1"
      },
      "evidence": "Through a literature review, we identified a list of important symptoms and mechanisms linked to SARS-CoV-2, including fever, fatigue, cough 17, breathing difficulty, septic shock, viral proliferation, immunodeficiency and pulmonary fibrosis 18 (Figure 4).",
      "key": "9e24a3e2a93ef2245093f1ed2e1920ed",
      "line": 65,
      "relation": "positiveCorrelation",
      "source": 31,
      "target": 30
    },
    {
      "annotations": {
        "Custom_Disease": {
          "COVID-19": true
        },
        "PublicationStatus": {
          "Preprint": true
        },
        "PublicationType": {
          "Research": true
        },
        "Section": {
          "Results": true
        },
        "Species": {
          "9606": true
        }
      },
      "citation": {
        "db": "DOI",
        "db_id": "10.20944/preprints202003.0286.v1"
      },
      "evidence": "At the time, we put forward pseudoephedrine, andrographolide, chloroquine, abacavir, baricitinib, and quercetin as repurposing candidates from our list, because there were other researches also suggesting or predicting these drugs, mainly based on our Yaozh database search and literature review.",
      "key": "ab44f6270a809b41527e279166f35713",
      "line": 69,
      "relation": "decreases",
      "source": 4,
      "target": 30
    },
    {
      "annotations": {
        "Custom_Disease": {
          "COVID-19": true
        },
        "PublicationStatus": {
          "Preprint": true
        },
        "PublicationType": {
          "Research": true
        },
        "Section": {
          "Results": true
        },
        "Species": {
          "9606": true
        }
      },
      "citation": {
        "db": "DOI",
        "db_id": "10.20944/preprints202003.0286.v1"
      },
      "evidence": "At the time, we put forward pseudoephedrine, andrographolide, chloroquine, abacavir, baricitinib, and quercetin as repurposing candidates from our list, because there were other researches also suggesting or predicting these drugs, mainly based on our Yaozh database search and literature review.",
      "key": "3c7e675301ac3bf7da48958a76b96c70",
      "line": 70,
      "relation": "decreases",
      "source": 2,
      "target": 30
    },
    {
      "annotations": {
        "Custom_Disease": {
          "COVID-19": true
        },
        "PublicationStatus": {
          "Preprint": true
        },
        "PublicationType": {
          "Research": true
        },
        "Section": {
          "Results": true
        },
        "Species": {
          "9606": true
        }
      },
      "citation": {
        "db": "DOI",
        "db_id": "10.20944/preprints202003.0286.v1"
      },
      "evidence": "At the time, we put forward pseudoephedrine, andrographolide, chloroquine, abacavir, baricitinib, and quercetin as repurposing candidates from our list, because there were other researches also suggesting or predicting these drugs, mainly based on our Yaozh database search and literature review.",
      "key": "1bd2a028dd5cf0a529ba4ee0715b67c9",
      "line": 71,
      "relation": "decreases",
      "source": 3,
      "target": 30
    },
    {
      "annotations": {
        "Custom_Disease": {
          "COVID-19": true
        },
        "PublicationStatus": {
          "Preprint": true
        },
        "PublicationType": {
          "Research": true
        },
        "Section": {
          "Results": true
        },
        "Species": {
          "9606": true
        }
      },
      "citation": {
        "db": "DOI",
        "db_id": "10.20944/preprints202003.0286.v1"
      },
      "evidence": "At the time, we put forward pseudoephedrine, andrographolide, chloroquine, abacavir, baricitinib, and quercetin as repurposing candidates from our list, because there were other researches also suggesting or predicting these drugs, mainly based on our Yaozh database search and literature review.",
      "key": "08894615a184c260d7b14ec9dd071164",
      "line": 72,
      "relation": "decreases",
      "source": 1,
      "target": 30
    },
    {
      "annotations": {
        "Custom_Disease": {
          "COVID-19": true
        },
        "PublicationStatus": {
          "Preprint": true
        },
        "PublicationType": {
          "Research": true
        },
        "Section": {
          "Results": true
        },
        "Species": {
          "9606": true
        }
      },
      "citation": {
        "db": "DOI",
        "db_id": "10.20944/preprints202003.0286.v1"
      },
      "evidence": "At the time, we put forward pseudoephedrine, andrographolide, chloroquine, abacavir, baricitinib, and quercetin as repurposing candidates from our list, because there were other researches also suggesting or predicting these drugs, mainly based on our Yaozh database search and literature review.",
      "key": "c336c73615728e34723cca156eb457b0",
      "line": 73,
      "relation": "decreases",
      "source": 9,
      "target": 30
    },
    {
      "annotations": {
        "Custom_Disease": {
          "COVID-19": true
        },
        "PublicationStatus": {
          "Preprint": true
        },
        "PublicationType": {
          "Research": true
        },
        "Section": {
          "Results": true
        },
        "Species": {
          "9606": true
        }
      },
      "citation": {
        "db": "DOI",
        "db_id": "10.20944/preprints202003.0286.v1"
      },
      "evidence": "At the time, we put forward pseudoephedrine, andrographolide, chloroquine, abacavir, baricitinib, and quercetin as repurposing candidates from our list, because there were other researches also suggesting or predicting these drugs, mainly based on our Yaozh database search and literature review.",
      "key": "d51ee456146326a575d3493b7665f74a",
      "line": 74,
      "relation": "decreases",
      "source": 5,
      "target": 30
    },
    {
      "annotations": {
        "Custom_Disease": {
          "COVID-19": true
        },
        "PublicationStatus": {
          "Preprint": true
        },
        "PublicationType": {
          "Research": true
        },
        "Section": {
          "Results": true
        },
        "Species": {
          "9606": true
        }
      },
      "citation": {
        "db": "DOI",
        "db_id": "10.20944/preprints202003.0286.v1"
      },
      "evidence": "Before being treated with thalidomide + methylprednisolone, the patient showed an increase in C-reactive protein (CRP) and cytokine levels, including interleukin 6 (IL-6), interleukin 10 (IL-10) and interferon gamma (IFN-gamma) together with reduced CD4+ and CD8+ T cells counts.",
      "key": "d9ef57253e115373d44a02bf275165c4",
      "line": 78,
      "relation": "positiveCorrelation",
      "source": 25,
      "target": 30
    },
    {
      "annotations": {
        "Custom_Disease": {
          "COVID-19": true
        },
        "PublicationStatus": {
          "Preprint": true
        },
        "PublicationType": {
          "Research": true
        },
        "Section": {
          "Results": true
        },
        "Species": {
          "9606": true
        }
      },
      "citation": {
        "db": "DOI",
        "db_id": "10.20944/preprints202003.0286.v1"
      },
      "evidence": "Before being treated with thalidomide + methylprednisolone, the patient showed an increase in C-reactive protein (CRP) and cytokine levels, including interleukin 6 (IL-6), interleukin 10 (IL-10) and interferon gamma (IFN-gamma) together with reduced CD4+ and CD8+ T cells counts.",
      "key": "c0f592b5f8942b13a9f409bc5dafc254",
      "line": 79,
      "relation": "positiveCorrelation",
      "source": 28,
      "target": 30
    },
    {
      "annotations": {
        "Custom_Disease": {
          "COVID-19": true
        },
        "PublicationStatus": {
          "Preprint": true
        },
        "PublicationType": {
          "Research": true
        },
        "Section": {
          "Results": true
        },
        "Species": {
          "9606": true
        }
      },
      "citation": {
        "db": "DOI",
        "db_id": "10.20944/preprints202003.0286.v1"
      },
      "evidence": "Before being treated with thalidomide + methylprednisolone, the patient showed an increase in C-reactive protein (CRP) and cytokine levels, including interleukin 6 (IL-6), interleukin 10 (IL-10) and interferon gamma (IFN-gamma) together with reduced CD4+ and CD8+ T cells counts.",
      "key": "d07b199c9083c30af685667ac8166708",
      "line": 80,
      "relation": "positiveCorrelation",
      "source": 27,
      "target": 30
    },
    {
      "annotations": {
        "Custom_Disease": {
          "COVID-19": true
        },
        "PublicationStatus": {
          "Preprint": true
        },
        "PublicationType": {
          "Research": true
        },
        "Section": {
          "Results": true
        },
        "Species": {
          "9606": true
        }
      },
      "citation": {
        "db": "DOI",
        "db_id": "10.20944/preprints202003.0286.v1"
      },
      "evidence": "Before being treated with thalidomide + methylprednisolone, the patient showed an increase in C-reactive protein (CRP) and cytokine levels, including interleukin 6 (IL-6), interleukin 10 (IL-10) and interferon gamma (IFN-gamma) together with reduced CD4+ and CD8+ T cells counts.",
      "key": "ee1e33043131228006f3e41c7c4b9ff8",
      "line": 81,
      "relation": "positiveCorrelation",
      "source": 26,
      "target": 30
    },
    {
      "key": "26efbd8961085db07341e6d8b5812bb9",
      "relation": "partOf",
      "source": 26,
      "target": 21
    },
    {
      "annotations": {
        "Custom_Disease": {
          "COVID-19": true
        },
        "PublicationStatus": {
          "Preprint": true
        },
        "PublicationType": {
          "Research": true
        },
        "Section": {
          "Results": true
        },
        "Species": {
          "9606": true
        }
      },
      "citation": {
        "db": "DOI",
        "db_id": "10.20944/preprints202003.0286.v1"
      },
      "evidence": "Before being treated with thalidomide + methylprednisolone, the patient showed an increase in C-reactive protein (CRP) and cytokine levels, including interleukin 6 (IL-6), interleukin 10 (IL-10) and interferon gamma (IFN-gamma) together with reduced CD4+ and CD8+ T cells counts.",
      "key": "0563c8a9c98caaa3758aae0ae8674685",
      "line": 82,
      "relation": "positiveCorrelation",
      "source": 7,
      "target": 30
    },
    {
      "annotations": {
        "Custom_Disease": {
          "COVID-19": true
        },
        "PublicationStatus": {
          "Preprint": true
        },
        "PublicationType": {
          "Research": true
        },
        "Section": {
          "Results": true
        },
        "Species": {
          "9606": true
        }
      },
      "citation": {
        "db": "DOI",
        "db_id": "10.20944/preprints202003.0286.v1"
      },
      "evidence": "Before being treated with thalidomide + methylprednisolone, the patient showed an increase in C-reactive protein (CRP) and cytokine levels, including interleukin 6 (IL-6), interleukin 10 (IL-10) and interferon gamma (IFN-gamma) together with reduced CD4+ and CD8+ T cells counts.",
      "key": "58f9829730fb7d434c4ef0de213db5a0",
      "line": 83,
      "relation": "positiveCorrelation",
      "source": 8,
      "target": 30
    },
    {
      "annotations": {
        "Custom_Disease": {
          "COVID-19": true
        },
        "PublicationStatus": {
          "Preprint": true
        },
        "PublicationType": {
          "Research": true
        },
        "Section": {
          "Results": true
        },
        "Species": {
          "9606": true
        }
      },
      "citation": {
        "db": "DOI",
        "db_id": "10.20944/preprints202003.0286.v1"
      },
      "evidence": "Before being treated with thalidomide + methylprednisolone, the patient showed an increase in C-reactive protein (CRP) and cytokine levels, including interleukin 6 (IL-6), interleukin 10 (IL-10) and interferon gamma (IFN-gamma) together with reduced CD4+ and CD8+ T cells counts.",
      "key": "ec8e6dca990e46fcac03bbf05f713b90",
      "line": 84,
      "relation": "decreases",
      "source": 23,
      "target": 25
    },
    {
      "annotations": {
        "Custom_Disease": {
          "COVID-19": true
        },
        "PublicationStatus": {
          "Preprint": true
        },
        "PublicationType": {
          "Research": true
        },
        "Section": {
          "Results": true
        },
        "Species": {
          "9606": true
        }
      },
      "citation": {
        "db": "DOI",
        "db_id": "10.20944/preprints202003.0286.v1"
      },
      "evidence": "Before being treated with thalidomide + methylprednisolone, the patient showed an increase in C-reactive protein (CRP) and cytokine levels, including interleukin 6 (IL-6), interleukin 10 (IL-10) and interferon gamma (IFN-gamma) together with reduced CD4+ and CD8+ T cells counts.",
      "key": "b27f40a03dbf64ee47366ce298df2ff0",
      "line": 85,
      "relation": "decreases",
      "source": 23,
      "target": 27
    },
    {
      "annotations": {
        "Custom_Disease": {
          "COVID-19": true
        },
        "PublicationStatus": {
          "Preprint": true
        },
        "PublicationType": {
          "Research": true
        },
        "Section": {
          "Results": true
        },
        "Species": {
          "9606": true
        }
      },
      "citation": {
        "db": "DOI",
        "db_id": "10.20944/preprints202003.0286.v1"
      },
      "evidence": "Before being treated with thalidomide + methylprednisolone, the patient showed an increase in C-reactive protein (CRP) and cytokine levels, including interleukin 6 (IL-6), interleukin 10 (IL-10) and interferon gamma (IFN-gamma) together with reduced CD4+ and CD8+ T cells counts.",
      "key": "bae51291bf681599e43555f5e559e565",
      "line": 86,
      "relation": "decreases",
      "source": 23,
      "target": 28
    },
    {
      "annotations": {
        "Custom_Disease": {
          "COVID-19": true
        },
        "PublicationStatus": {
          "Preprint": true
        },
        "PublicationType": {
          "Research": true
        },
        "Section": {
          "Results": true
        },
        "Species": {
          "9606": true
        }
      },
      "citation": {
        "db": "DOI",
        "db_id": "10.20944/preprints202003.0286.v1"
      },
      "evidence": "Before being treated with thalidomide + methylprednisolone, the patient showed an increase in C-reactive protein (CRP) and cytokine levels, including interleukin 6 (IL-6), interleukin 10 (IL-10) and interferon gamma (IFN-gamma) together with reduced CD4+ and CD8+ T cells counts.",
      "key": "fb7982c700154a6e533f395a32ef4fcc",
      "line": 87,
      "relation": "decreases",
      "source": 23,
      "target": 26
    },
    {
      "annotations": {
        "Custom_Disease": {
          "COVID-19": true
        },
        "PublicationStatus": {
          "Preprint": true
        },
        "PublicationType": {
          "Research": true
        },
        "Section": {
          "Results": true
        },
        "Species": {
          "9606": true
        }
      },
      "citation": {
        "db": "DOI",
        "db_id": "10.20944/preprints202003.0286.v1"
      },
      "evidence": "Before being treated with thalidomide + methylprednisolone, the patient showed an increase in C-reactive protein (CRP) and cytokine levels, including interleukin 6 (IL-6), interleukin 10 (IL-10) and interferon gamma (IFN-gamma) together with reduced CD4+ and CD8+ T cells counts.",
      "key": "3c405753819b7461d0c58293f5db6d0a",
      "line": 88,
      "relation": "decreases",
      "source": 23,
      "target": 7
    },
    {
      "annotations": {
        "Custom_Disease": {
          "COVID-19": true
        },
        "PublicationStatus": {
          "Preprint": true
        },
        "PublicationType": {
          "Research": true
        },
        "Section": {
          "Results": true
        },
        "Species": {
          "9606": true
        }
      },
      "citation": {
        "db": "DOI",
        "db_id": "10.20944/preprints202003.0286.v1"
      },
      "evidence": "Before being treated with thalidomide + methylprednisolone, the patient showed an increase in C-reactive protein (CRP) and cytokine levels, including interleukin 6 (IL-6), interleukin 10 (IL-10) and interferon gamma (IFN-gamma) together with reduced CD4+ and CD8+ T cells counts.",
      "key": "4e9dcad47bef1d6383697146971b8056",
      "line": 89,
      "relation": "decreases",
      "source": 23,
      "target": 8
    },
    {
      "key": "2675a0b336d718bce1c73ebcc1ed4be8",
      "relation": "partOf",
      "source": 0,
      "target": 23
    },
    {
      "key": "49454b69592080837ae57cecd9f8f7b8",
      "relation": "partOf",
      "source": 6,
      "target": 23
    },
    {
      "annotations": {
        "Custom_Disease": {
          "COVID-19": true
        },
        "PublicationStatus": {
          "Preprint": true
        },
        "PublicationType": {
          "Research": true
        },
        "Section": {
          "Results": true
        },
        "Species": {
          "9606": true
        }
      },
      "citation": {
        "db": "DOI",
        "db_id": "10.20944/preprints202003.0286.v1"
      },
      "evidence": "It was previously shown that thalidomide enhances TCR-mediated T cells activation by by-passing T cell need for co-stimulation by accessory molecules, such as the B7 protein together with the CD28 protein, and therefore can overcome T cell deficiency 25 .",
      "key": "c1663ed4cec6dd1a6b8645080a44902e",
      "line": 93,
      "object": {
        "modifier": "Activity"
      },
      "relation": "increases",
      "source": 6,
      "target": 20
    },
    {
      "annotations": {
        "Custom_Disease": {
          "COVID-19": true
        },
        "PublicationStatus": {
          "Preprint": true
        },
        "PublicationType": {
          "Research": true
        },
        "Section": {
          "Results": true
        },
        "Species": {
          "9606": true
        }
      },
      "citation": {
        "db": "DOI",
        "db_id": "10.20944/preprints202003.0286.v1"
      },
      "evidence": "Finally, it was also reported that thalidomide prevents NF-kB from binding to the promoters of its target genes, including TNF-alpha and IFN-Gamma thereby reducing excessive inflammatory response 27,28 .",
      "key": "a275f7b6363889bf397b5bca9fff6f44",
      "line": 98,
      "relation": "decreases",
      "source": 6,
      "target": 22
    },
    {
      "annotations": {
        "Custom_Disease": {
          "COVID-19": true
        },
        "PublicationStatus": {
          "Preprint": true
        },
        "PublicationType": {
          "Research": true
        },
        "Section": {
          "Results": true
        },
        "Species": {
          "9606": true
        }
      },
      "citation": {
        "db": "DOI",
        "db_id": "10.20944/preprints202003.0286.v1"
      },
      "evidence": "Finally, it was also reported that thalidomide prevents NF-kB from binding to the promoters of its target genes, including TNF-alpha and IFN-Gamma thereby reducing excessive inflammatory response 27,28 .",
      "key": "05214540b8105db3611b9b6cc7f50e47",
      "line": 99,
      "relation": "decreases",
      "source": 6,
      "target": 21
    },
    {
      "annotations": {
        "Custom_Disease": {
          "COVID-19": true
        },
        "PublicationStatus": {
          "Preprint": true
        },
        "PublicationType": {
          "Research": true
        },
        "Section": {
          "Results": true
        },
        "Species": {
          "9606": true
        }
      },
      "citation": {
        "db": "DOI",
        "db_id": "10.20944/preprints202003.0286.v1"
      },
      "evidence": "It was previously shown that thalidomide enhances TCR-mediated T cells activation by by-passing T cell need for co-stimulation by accessory molecules, such as the B7 protein together with the CD28 protein, and therefore can overcome T cell deficiency 25 .",
      "key": "6fac67144abaf8fd20bd4b15c7f3be29",
      "line": 94,
      "relation": "increases",
      "source": 20,
      "subject": {
        "modifier": "Activity"
      },
      "target": 12
    },
    {
      "annotations": {
        "Custom_Disease": {
          "COVID-19": true
        },
        "PublicationStatus": {
          "Preprint": true
        },
        "PublicationType": {
          "Research": true
        },
        "Section": {
          "Results": true
        },
        "Species": {
          "9606": true
        }
      },
      "citation": {
        "db": "DOI",
        "db_id": "10.20944/preprints202003.0286.v1"
      },
      "evidence": "Finally, it was also reported that thalidomide prevents NF-kB from binding to the promoters of its target genes, including TNF-alpha and IFN-Gamma thereby reducing excessive inflammatory response 27,28 .",
      "key": "0181441fe3629ac9ff0e33af07990521",
      "line": 100,
      "relation": "increases",
      "source": 22,
      "target": 15
    },
    {
      "key": "9d053c29d3ba0a58a4fbd60bdcc0c03f",
      "relation": "partOf",
      "source": 24,
      "target": 22
    },
    {
      "key": "1fb45cf92b9b3efc2fdf2c5b0dcd46ee",
      "relation": "partOf",
      "source": 24,
      "target": 21
    },
    {
      "key": "ea8b0722adc6eae6685ebadf64cccabc",
      "relation": "partOf",
      "source": 29,
      "target": 22
    },
    {
      "annotations": {
        "Custom_Disease": {
          "COVID-19": true
        },
        "PublicationStatus": {
          "Preprint": true
        },
        "PublicationType": {
          "Research": true
        },
        "Section": {
          "Results": true
        },
        "Species": {
          "9606": true
        }
      },
      "citation": {
        "db": "DOI",
        "db_id": "10.20944/preprints202003.0286.v1"
      },
      "evidence": "Finally, it was also reported that thalidomide prevents NF-kB from binding to the promoters of its target genes, including TNF-alpha and IFN-Gamma thereby reducing excessive inflammatory response 27,28 .",
      "key": "3176d95b9a856dcf2436c3a5e9b0f5c7",
      "line": 101,
      "relation": "increases",
      "source": 21,
      "target": 15
    }
  ],
  "multigraph": true,
  "nodes": [
    {
      "bel": "a(CHEBI:\"6alpha-methylprednisolone\")",
      "concept": {
        "name": "6alpha-methylprednisolone",
        "namespace": "CHEBI"
      },
      "function": "Abundance",
      "id": "fea471620ced80ced8490de1e02e6695"
    },
    {
      "bel": "a(CHEBI:abacavir)",
      "concept": {
        "name": "abacavir",
        "namespace": "CHEBI"
      },
      "function": "Abundance",
      "id": "ff6eab27b3699dee4d276ce4be8301bf"
    },
    {
      "bel": "a(CHEBI:andrographolide)",
      "concept": {
        "name": "andrographolide",
        "namespace": "CHEBI"
      },
      "function": "Abundance",
      "id": "50bf4b3469300d760f13fb33d0e33651"
    },
    {
      "bel": "a(CHEBI:chloroquine)",
      "concept": {
        "name": "chloroquine",
        "namespace": "CHEBI"
      },
      "function": "Abundance",
      "id": "c368fe204031ce23a04cc402914492f6"
    },
    {
      "bel": "a(CHEBI:pseudoephedrine)",
      "concept": {
        "name": "pseudoephedrine",
        "namespace": "CHEBI"
      },
      "function": "Abundance",
      "id": "927bec741ec664f5df4ece1fa1b07c5e"
    },
    {
      "bel": "a(CHEBI:quercetin)",
      "concept": {
        "name": "quercetin",
        "namespace": "CHEBI"
      },
      "function": "Abundance",
      "id": "a28f8c30fb808296b32e36ce1820c0d9"
    },
    {
      "bel": "a(CHEBI:thalidomide)",
      "concept": {
        "name": "thalidomide",
        "namespace": "CHEBI"
      },
      "function": "Abundance",
      "id": "a404e318da9a7efdd7bff90bfd81d8cc"
    },
    {
      "bel": "a(MESH:\"CD4-Positive T-Lymphocytes\")",
      "concept": {
        "name": "CD4-Positive T-Lymphocytes",
        "namespace": "MESH"
      },
      "function": "Abundance",
      "id": "d26f55e472a40223e18fc717c6a1b55d"
    },
    {
      "bel": "a(MESH:\"CD8-Positive T-Lymphocytes\")",
      "concept": {
        "name": "CD8-Positive T-Lymphocytes",
        "namespace": "MESH"
      },
      "function": "Abundance",
      "id": "59b2f285d4c75c8c59127aa7c441658c"
    },
    {
      "bel": "a(PUBCHEM:44205240)",
      "concept": {
        "name": "44205240",
        "namespace": "PUBCHEM"
      },
      "function": "Abundance",
      "id": "fda0c01bc085293876ac3bbe2bf92d92"
    },
    {
      "bel": "a(TAX:\"Severe acute respiratory syndrome coronavirus 2\")",
      "concept": {
        "name": "Severe acute respiratory syndrome coronavirus 2",
        "namespace": "TAX"
      },
      "function": "Abundance",
      "id": "c41851da59cc36c21b2e8acf24c1f46d"
    },
    {
      "bel": "bp(GO:\"JAK-STAT cascade\")",
      "concept": {
        "name": "JAK-STAT cascade",
        "namespace": "GO"
      },
      "function": "BiologicalProcess",
      "id": "67c0e73180af1fa505581ac68e0b88ce"
    },
    {
      "bel": "bp(GO:\"T cell activation\")",
      "concept": {
        "name": "T cell activation",
        "namespace": "GO"
      },
      "function": "BiologicalProcess",
      "id": "6475795284a1f1c537342febd590bb31"
    },
    {
      "bel": "bp(GO:\"T cell receptor signaling pathway\")",
      "concept": {
        "name": "T cell receptor signaling pathway",
        "namespace": "GO"
      },
      "function": "BiologicalProcess",
      "id": "b509bbacd7bc7403e1f10defa6bf20b6"
    },
    {
      "bel": "bp(GO:\"chemokine-mediated signaling pathway\")",
      "concept": {
        "name": "chemokine-mediated signaling pathway",
        "namespace": "GO"
      },
      "function": "BiologicalProcess",
      "id": "6aa612da0d8cf633320a8211544f7d25"
    },
    {
      "bel": "bp(GO:\"inflammatory response\")",
      "concept": {
        "name": "inflammatory response",
        "namespace": "GO"
      },
      "function": "BiologicalProcess",
      "id": "abd32f6c5cca606061975532840db260"
    },
    {
      "bel": "bp(GO:\"inhibitory C-type lectin receptor signaling pathway\")",
      "concept": {
        "name": "inhibitory C-type lectin receptor signaling pathway",
        "namespace": "GO"
      },
      "function": "BiologicalProcess",
      "id": "f472bad92a3c5b108e1562c6af031e9f"
    },
    {
      "bel": "bp(GO:\"stimulatory C-type lectin receptor signaling pathway\")",
      "concept": {
        "name": "stimulatory C-type lectin receptor signaling pathway",
        "namespace": "GO"
      },
      "function": "BiologicalProcess",
      "id": "07a663cc6a02680a865bc71e584c0d94"
    },
    {
      "bel": "bp(GO:endocytosis)",
      "concept": {
        "name": "endocytosis",
        "namespace": "GO"
      },
      "function": "BiologicalProcess",
      "id": "4dfe1bc8ad46020348f422e95ecbfb54"
    },
    {
      "bel": "bp(MESH:\"Virus Replication\")",
      "concept": {
        "name": "Virus Replication",
        "namespace": "MESH"
      },
      "function": "BiologicalProcess",
      "id": "f511c0a55a7b8aa880279fba6181fd8c"
    },
    {
      "bel": "complex(GO:\"T cell receptor complex\")",
      "concept": {
        "name": "T cell receptor complex",
        "namespace": "GO"
      },
      "function": "Complex",
      "id": "336f891db2f26caf2d2c13d7f983c589"
    },
    {
      "bel": "complex(p(GFAM:\"NF-kappa B complex subunits\"), p(HGNC:IFNG))",
      "function": "Complex",
      "id": "fb5778ebd7e899a55b487224c6708be2",
      "members": [
        {
          "bel": "p(GFAM:\"NF-kappa B complex subunits\")",
          "concept": {
            "name": "NF-kappa B complex subunits",
            "namespace": "GFAM"
          },
          "function": "Protein",
          "id": "b80c67723c18965267a42193c54bd23b"
        },
        {
          "bel": "p(HGNC:IFNG)",
          "concept": {
            "name": "IFNG",
            "namespace": "HGNC"
          },
          "function": "Protein",
          "id": "20367a6ea54ae1032be4f48276f3c524"
        }
      ]
    },
    {
      "bel": "complex(p(GFAM:\"NF-kappa B complex subunits\"), p(HGNC:TNF))",
      "function": "Complex",
      "id": "b17f937a6f557b7a224dd0001a635416",
      "members": [
        {
          "bel": "p(GFAM:\"NF-kappa B complex subunits\")",
          "concept": {
            "name": "NF-kappa B complex subunits",
            "namespace": "GFAM"
          },
          "function": "Protein",
          "id": "b80c67723c18965267a42193c54bd23b"
        },
        {
          "bel": "p(HGNC:TNF)",
          "concept": {
            "name": "TNF",
            "namespace": "HGNC"
          },
          "function": "Protein",
          "id": "fdc1c1f5a73c3c992b6eb71ce9b6908e"
        }
      ]
    },
    {
      "bel": "composite(a(CHEBI:\"6alpha-methylprednisolone\"), a(CHEBI:thalidomide))",
      "function": "Composite",
      "id": "733777657911ec4a2f6884e5dbe486b8",
      "members": [
        {
          "bel": "a(CHEBI:\"6alpha-methylprednisolone\")",
          "concept": {
            "name": "6alpha-methylprednisolone",
            "namespace": "CHEBI"
          },
          "function": "Abundance",
          "id": "fea471620ced80ced8490de1e02e6695"
        },
        {
          "bel": "a(CHEBI:thalidomide)",
          "concept": {
            "name": "thalidomide",
            "namespace": "CHEBI"
          },
          "function": "Abundance",
          "id": "a404e318da9a7efdd7bff90bfd81d8cc"
        }
      ]
    },
    {
      "bel": "p(GFAM:\"NF-kappa B complex subunits\")",
      "concept": {
        "name": "NF-kappa B complex subunits",
        "namespace": "GFAM"
      },
      "function": "Protein",
      "id": "b80c67723c18965267a42193c54bd23b"
    },
    {
      "bel": "p(HGNC:CRP)",
      "concept": {
        "name": "CRP",
        "namespace": "HGNC"
      },
      "function": "Protein",
      "id": "b2238c9ec2ce73112c0f44c8375b7acb"
    },
    {
      "bel": "p(HGNC:IFNG)",
      "concept": {
        "name": "IFNG",
        "namespace": "HGNC"
      },
      "function": "Protein",
      "id": "20367a6ea54ae1032be4f48276f3c524"
    },
    {
      "bel": "p(HGNC:IL10)",
      "concept": {
        "name": "IL10",
        "namespace": "HGNC"
      },
      "function": "Protein",
      "id": "e0c41f4b3cb8bef32af4e3217ba8aa12"
    },
    {
      "bel": "p(HGNC:IL6)",
      "concept": {
        "name": "IL6",
        "namespace": "HGNC"
      },
      "function": "Protein",
      "id": "8a1d3c4828c5416eba867c395cc65caa"
    },
    {
      "bel": "p(HGNC:TNF)",
      "concept": {
        "name": "TNF",
        "namespace": "HGNC"
      },
      "function": "Protein",
      "id": "fdc1c1f5a73c3c992b6eb71ce9b6908e"
    },
    {
      "bel": "path(DO:\"COVID-19\")",
      "concept": {
        "name": "COVID-19",
        "namespace": "DO"
      },
      "function": "Pathology",
      "id": "6f9f1c2e8012537e503a758c6bfaff0f"
    },
    {
      "bel": "path(DO:\"pulmonary fibrosis\")",
      "concept": {
        "name": "pulmonary fibrosis",
        "namespace": "DO"
      },
      "function": "Pathology",
      "id": "2a240bbba2a0c01bbc4067d6bcb070bf"
    },
    {
      "bel": "path(HP:Immunodeficiency)",
      "concept": {
        "name": "Immunodeficiency",
        "namespace": "HP"
      },
      "function": "Pathology",
      "id": "808600a1befd593cfca9ef3d33dcc6d6"
    },
    {
      "bel": "path(MESH:\"Shock, Septic\")",
      "concept": {
        "name": "Shock, Septic",
        "namespace": "MESH"
      },
      "function": "Pathology",
      "id": "ec01d7e71bacf422427c41b3a0d38411"
    },
    {
      "bel": "path(MESH:Cough)",
      "concept": {
        "name": "Cough",
        "namespace": "MESH"
      },
      "function": "Pathology",
      "id": "9fee4f29ebce7356ac1721785693b80c"
    },
    {
      "bel": "path(MESH:Dyspnea)",
      "concept": {
        "name": "Dyspnea",
        "namespace": "MESH"
      },
      "function": "Pathology",
      "id": "3f78d64501d3d9478ac9ad623a28ec72"
    },
    {
      "bel": "path(MESH:Fever)",
      "concept": {
        "name": "Fever",
        "namespace": "MESH"
      },
      "function": "Pathology",
      "id": "ffc74da80b64d7057f4eff0e06cdd1b6"
    }
  ]
}