{
  "directed": true,
  "graph": {
    "annotation_list": {
      "Cohort": [
        "control",
        "dipyridamole treated"
      ],
      "Dose": [
        "0.1 µM"
      ],
      "Mouse_Infection_Type": [
        "Vesicular stomatitis virus"
      ],
      "PublicationStatus": [
        "Preprint"
      ],
      "PublicationType": [
        "Research"
      ],
      "Section": [
        "Results"
      ],
      "Technique": [
        "computed tomography"
      ]
    },
    "annotation_pattern": {
      "BioAssay": ".*"
    },
    "annotation_url": {
      "CellLine": "https://arty.scai.fraunhofer.de/artifactory/bel/annotation/cell-line/cell-line-20190128.belanno",
      "MeSHAnatomy": "https://arty.scai.fraunhofer.de/artifactory/bel/annotation/mesh-anatomy/mesh-anatomy-20190128.belanno",
      "Species": "https://arty.scai.fraunhofer.de/artifactory/bel/annotation/species-taxonomy-id/species-taxonomy-id-20170511.belanno"
    },
    "document_metadata": {
      "authors": "Geena Mariya Jose",
      "contact": "geena.mariya.jose@causalitybiomodels.com",
      "copyright": "Copyright © 2020 Fraunhofer Institute SCAI, All rights reserved",
      "description": "COVID Knowledge Curation project",
      "licenses": "Private Ownership to Fraunhofer Institute SCAI",
      "name": "Liu_X_et.al_2020.bel",
      "version": "2.0.0"
    },
    "namespace_pattern": {},
    "namespace_url": {
      "CHEBI": "https://arty.scai.fraunhofer.de/artifactory/bel/namespace/chebi/chebi-20190708.belns",
      "COVID": "https://arty.scai.fraunhofer.de/artifactory/bel/namespace/ncbi-covid19/ncbi-covid19-20200326.belns",
      "DO": "https://arty.scai.fraunhofer.de/artifactory/bel/namespace/disease-ontology/disease-ontology-20200407.belns",
      "GO": "https://arty.scai.fraunhofer.de/artifactory/bel/namespace/go/go-20180109.belns",
      "HGNC": "https://arty.scai.fraunhofer.de/artifactory/bel/namespace/hgnc/hgnc-20190708.belns",
      "HP": "https://arty.scai.fraunhofer.de/artifactory/bel/namespace/hp/hp-20190130.belns",
      "MESH": "https://arty.scai.fraunhofer.de/artifactory/bel/namespace/mesh/mesh-names-20181007.belns",
      "TAX": "https://arty.scai.fraunhofer.de/artifactory/bel/namespace/ncbi-taxonomy/ncbi-taxonomy-20200322.belns"
    },
    "path": "Liu_X_et.al_2020.bel",
    "pybel_version": "0.14.6"
  },
  "links": [
    {
      "key": "0097ea22b9ee82978b3abc962a9311ff",
      "relation": "partOf",
      "source": 1,
      "target": 8
    },
    {
      "annotations": {
        "BioAssay": {
          "titration method": true
        },
        "CellLine": {
          "VERO C1008 cell": true
        },
        "Dose": {
          "0.1 µM": true
        },
        "PublicationStatus": {
          "Preprint": true
        },
        "PublicationType": {
          "Research": true
        },
        "Section": {
          "Results": true
        }
      },
      "citation": {
        "db": "DOI",
        "db_id": "10.1101/2020.02.27.20027557"
      },
      "evidence": "Remarkably,at 0.1 µM DIP suppressed more than 50% of HCoV-19 replication (Figure 1C).",
      "key": "a38cf262b1b091ef0349c60bd253224a",
      "line": 66,
      "relation": "decreases",
      "source": 1,
      "target": 2
    },
    {
      "annotations": {
        "BioAssay": {
          "real-time PCR ": true
        },
        "CellLine": {
          "A549 cell": true
        },
        "PublicationStatus": {
          "Preprint": true
        },
        "PublicationType": {
          "Research": true
        },
        "Section": {
          "Results": true
        }
      },
      "citation": {
        "db": "DOI",
        "db_id": "10.1101/2020.02.27.20027557"
      },
      "evidence": "Our results demonstrated that DIP (5 μM) treatment significantly increased IFNB, IFIT1, and ISG15 messenger RNA expression and promoted IFN-B secretion (Figure 2A) by increasing TBK1 and IRF3 phosphorylation (Figure 2B).",
      "key": "d918fe4576d63309cf1c105b7c769b29",
      "line": 74,
      "relation": "increases",
      "source": 1,
      "target": 27
    },
    {
      "annotations": {
        "BioAssay": {
          "real-time PCR ": true
        },
        "CellLine": {
          "A549 cell": true
        },
        "PublicationStatus": {
          "Preprint": true
        },
        "PublicationType": {
          "Research": true
        },
        "Section": {
          "Results": true
        }
      },
      "citation": {
        "db": "DOI",
        "db_id": "10.1101/2020.02.27.20027557"
      },
      "evidence": "Our results demonstrated that DIP (5 μM) treatment significantly increased IFNB, IFIT1, and ISG15 messenger RNA expression and promoted IFN-B secretion (Figure 2A) by increasing TBK1 and IRF3 phosphorylation (Figure 2B).",
      "key": "66bd6a2e25c4e2a36895810cd02136aa",
      "line": 75,
      "relation": "increases",
      "source": 1,
      "target": 26
    },
    {
      "annotations": {
        "BioAssay": {
          "real-time PCR ": true
        },
        "CellLine": {
          "A549 cell": true
        },
        "PublicationStatus": {
          "Preprint": true
        },
        "PublicationType": {
          "Research": true
        },
        "Section": {
          "Results": true
        }
      },
      "citation": {
        "db": "DOI",
        "db_id": "10.1101/2020.02.27.20027557"
      },
      "evidence": "Our results demonstrated that DIP (5 μM) treatment significantly increased IFNB, IFIT1, and ISG15 messenger RNA expression and promoted IFN-B secretion (Figure 2A) by increasing TBK1 and IRF3 phosphorylation (Figure 2B).",
      "key": "d204b8184ee5fa6621b28c963601af27",
      "line": 76,
      "relation": "increases",
      "source": 1,
      "target": 28
    },
    {
      "annotations": {
        "BioAssay": {
          "western blot": true
        },
        "CellLine": {
          "A549 cell": true
        },
        "PublicationStatus": {
          "Preprint": true
        },
        "PublicationType": {
          "Research": true
        },
        "Section": {
          "Results": true
        }
      },
      "citation": {
        "db": "DOI",
        "db_id": "10.1101/2020.02.27.20027557"
      },
      "evidence": "Our results demonstrated that DIP (5 μM) treatment significantly increased IFNB, IFIT1, and ISG15 messenger RNA expression and promoted IFN-B secretion (Figure 2A) by increasing TBK1 and IRF3 phosphorylation (Figure 2B).",
      "key": "38fb23ac13e0213fe8757f4c673fcc9d",
      "line": 79,
      "relation": "increases",
      "source": 1,
      "target": 15
    },
    {
      "annotations": {
        "BioAssay": {
          "western blot": true
        },
        "CellLine": {
          "A549 cell": true
        },
        "PublicationStatus": {
          "Preprint": true
        },
        "PublicationType": {
          "Research": true
        },
        "Section": {
          "Results": true
        }
      },
      "citation": {
        "db": "DOI",
        "db_id": "10.1101/2020.02.27.20027557"
      },
      "evidence": "Our results demonstrated that DIP (5 μM) treatment significantly increased IFNB, IFIT1, and ISG15 messenger RNA expression and promoted IFN-B secretion (Figure 2A) by increasing TBK1 and IRF3 phosphorylation (Figure 2B).",
      "key": "50ca4e11af6bfd9ffc692a8046e5a0af",
      "line": 80,
      "relation": "increases",
      "source": 1,
      "target": 13
    },
    {
      "annotations": {
        "CellLine": {
          "A549 cell": true
        },
        "Mouse_Infection_Type": {
          "Vesicular stomatitis virus": true
        },
        "PublicationStatus": {
          "Preprint": true
        },
        "PublicationType": {
          "Research": true
        },
        "Section": {
          "Results": true
        },
        "Species": {
          "10090": true
        }
      },
      "citation": {
        "db": "DOI",
        "db_id": "10.1101/2020.02.27.20027557"
      },
      "evidence": "DIP administration significantly prolonged the survival rate of VSV-infected mice (Figure 2C), and substantially alleviated pulmonary pathology (Figure 2D).",
      "key": "9741842a9f6ef6dcc0ea26f4e702e03e",
      "line": 90,
      "relation": "increases",
      "source": 1,
      "target": 6
    },
    {
      "annotations": {
        "CellLine": {
          "A549 cell": true
        },
        "Mouse_Infection_Type": {
          "Vesicular stomatitis virus": true
        },
        "PublicationStatus": {
          "Preprint": true
        },
        "PublicationType": {
          "Research": true
        },
        "Section": {
          "Results": true
        },
        "Species": {
          "10090": true
        }
      },
      "citation": {
        "db": "DOI",
        "db_id": "10.1101/2020.02.27.20027557"
      },
      "evidence": "DIP administration significantly prolonged the survival rate of VSV-infected mice (Figure 2C), and substantially alleviated pulmonary pathology (Figure 2D).",
      "key": "d079d38c858117b5c823099d932647ee",
      "line": 91,
      "relation": "increases",
      "source": 1,
      "target": 25
    },
    {
      "annotations": {
        "CellLine": {
          "A549 cell": true
        },
        "Cohort": {
          "dipyridamole treated": true
        },
        "PublicationStatus": {
          "Preprint": true
        },
        "PublicationType": {
          "Research": true
        },
        "Section": {
          "Results": true
        },
        "Species": {
          "9606": true
        }
      },
      "citation": {
        "db": "DOI",
        "db_id": "10.1101/2020.02.27.20027557"
      },
      "evidence": "Two weeks after initiation of DIP treatment, 3 of the 6 severe cases (50%) and all 4 of the mild cases (100%) were discharged from the hospital",
      "key": "186aa27c53d4b1139676afc9f7dfe79d",
      "line": 122,
      "relation": "negativeCorrelation",
      "source": 1,
      "target": 17
    },
    {
      "annotations": {
        "CellLine": {
          "A549 cell": true
        },
        "Cohort": {
          "dipyridamole treated": true
        },
        "PublicationStatus": {
          "Preprint": true
        },
        "PublicationType": {
          "Research": true
        },
        "Section": {
          "Results": true
        },
        "Species": {
          "9606": true
        }
      },
      "citation": {
        "db": "DOI",
        "db_id": "10.1101/2020.02.27.20027557"
      },
      "evidence": "Furthermore, we observed a continuously increased trend in lymphocyte counts and significantly increased platelet numbers in patients receiving DIP treatment in comparison to the control group (Figure 3A).",
      "key": "8cb1437a5144b22288e2c50ee21fd359",
      "line": 125,
      "relation": "increases",
      "source": 1,
      "target": 4
    },
    {
      "annotations": {
        "CellLine": {
          "A549 cell": true
        },
        "Cohort": {
          "dipyridamole treated": true
        },
        "PublicationStatus": {
          "Preprint": true
        },
        "PublicationType": {
          "Research": true
        },
        "Section": {
          "Results": true
        },
        "Species": {
          "9606": true
        }
      },
      "citation": {
        "db": "DOI",
        "db_id": "10.1101/2020.02.27.20027557"
      },
      "evidence": "Furthermore, we observed a continuously increased trend in lymphocyte counts and significantly increased platelet numbers in patients receiving DIP treatment in comparison to the control group (Figure 3A).",
      "key": "983f8a6ea9a012619ec18111f9da77a3",
      "line": 126,
      "relation": "increases",
      "source": 1,
      "target": 5
    },
    {
      "annotations": {
        "CellLine": {
          "A549 cell": true
        },
        "Cohort": {
          "dipyridamole treated": true
        },
        "PublicationStatus": {
          "Preprint": true
        },
        "PublicationType": {
          "Research": true
        },
        "Section": {
          "Results": true
        },
        "Species": {
          "9606": true
        }
      },
      "citation": {
        "db": "DOI",
        "db_id": "10.1101/2020.02.27.20027557"
      },
      "evidence": "We measured dynamic changes in reference to the respective baseline levels for all patients, and found that the levels of D-dimer continuously rose in the control group, whereas they were decreased and stabilized in the DIP-treated group (Figure 3A, Figure S2).",
      "key": "98fcdf0adfd766112ba6b3ef9b16a6ee",
      "line": 129,
      "relation": "decreases",
      "source": 1,
      "target": 16
    },
    {
      "key": "5c3a0f57edcca21eecc85c8e1cd08ce7",
      "relation": "partOf",
      "source": 10,
      "target": 8
    },
    {
      "key": "84a9f95a7d3b16f705d7150136b890fd",
      "relation": "hasVariant",
      "source": 9,
      "target": 10
    },
    {
      "annotations": {
        "PublicationStatus": {
          "Preprint": true
        },
        "PublicationType": {
          "Research": true
        },
        "Section": {
          "Results": true
        }
      },
      "citation": {
        "db": "DOI",
        "db_id": "10.1101/2020.02.27.20027557"
      },
      "evidence": "Hydrophobic and hydrogen bond (H-bond) interactions are the main driving forces for the binding between DIP and Mpro.",
      "key": "664253cd3203aa87184fd11541cbb3d4",
      "line": 60,
      "relation": "increases",
      "source": 3,
      "target": 8
    },
    {
      "annotations": {
        "BioAssay": {
          "ELISA": true
        },
        "CellLine": {
          "A549 cell": true
        },
        "PublicationStatus": {
          "Preprint": true
        },
        "PublicationType": {
          "Research": true
        },
        "Section": {
          "Results": true
        }
      },
      "citation": {
        "db": "DOI",
        "db_id": "10.1101/2020.02.27.20027557"
      },
      "evidence": "Our results demonstrated that DIP (5 μM) treatment significantly increased IFNB, IFIT1, and ISG15 messenger RNA expression and promoted IFN-B secretion (Figure 2A) by increasing TBK1 and IRF3 phosphorylation (Figure 2B).",
      "key": "c6ea6c3dd6d294bd350d0a371cb5da0b",
      "line": 83,
      "relation": "increases",
      "source": 15,
      "target": 11
    },
    {
      "key": "2e00126e1ba3be923f8a8cafb7adbb2b",
      "relation": "hasVariant",
      "source": 14,
      "target": 15
    },
    {
      "annotations": {
        "BioAssay": {
          "ELISA": true
        },
        "CellLine": {
          "A549 cell": true
        },
        "PublicationStatus": {
          "Preprint": true
        },
        "PublicationType": {
          "Research": true
        },
        "Section": {
          "Results": true
        }
      },
      "citation": {
        "db": "DOI",
        "db_id": "10.1101/2020.02.27.20027557"
      },
      "evidence": "Our results demonstrated that DIP (5 μM) treatment significantly increased IFNB, IFIT1, and ISG15 messenger RNA expression and promoted IFN-B secretion (Figure 2A) by increasing TBK1 and IRF3 phosphorylation (Figure 2B).",
      "key": "729b58302396f28bbe6019f0005dc4bf",
      "line": 84,
      "relation": "increases",
      "source": 13,
      "target": 11
    },
    {
      "key": "ef53236da337721ee40eb18b186dbda0",
      "relation": "hasVariant",
      "source": 12,
      "target": 13
    },
    {
      "annotations": {
        "CellLine": {
          "A549 cell": true
        },
        "MeSHAnatomy": {
          "Blood": true
        },
        "PublicationStatus": {
          "Preprint": true
        },
        "PublicationType": {
          "Research": true
        },
        "Section": {
          "Results": true
        },
        "Species": {
          "9606": true
        }
      },
      "citation": {
        "db": "DOI",
        "db_id": "10.1101/2020.02.27.20027557"
      },
      "evidence": "Decreased platelet counts were observed in 25 (20.2%) patients, prolonged prothrombin time (PT) was observed in 77 (62.1%) patients, fibrinogen (FIB) levels were increased in 27 (21.8%) patients, and D-dimer levels were increased in 26 (21.0%) patients.",
      "key": "d1840b2178a7760b6e1a7e0fd2a3847c",
      "line": 98,
      "relation": "negativeCorrelation",
      "source": 17,
      "target": 5
    },
    {
      "annotations": {
        "CellLine": {
          "A549 cell": true
        },
        "MeSHAnatomy": {
          "Blood": true
        },
        "PublicationStatus": {
          "Preprint": true
        },
        "PublicationType": {
          "Research": true
        },
        "Section": {
          "Results": true
        },
        "Species": {
          "9606": true
        }
      },
      "citation": {
        "db": "DOI",
        "db_id": "10.1101/2020.02.27.20027557"
      },
      "evidence": "Decreased platelet counts were observed in 25 (20.2%) patients, prolonged prothrombin time (PT) was observed in 77 (62.1%) patients, fibrinogen (FIB) levels were increased in 27 (21.8%) patients, and D-dimer levels were increased in 26 (21.0%) patients.",
      "key": "fc65fd6dea7e8355e9f81791a9817779",
      "line": 99,
      "relation": "association",
      "source": 17,
      "target": 21
    },
    {
      "annotations": {
        "CellLine": {
          "A549 cell": true
        },
        "MeSHAnatomy": {
          "Blood": true
        },
        "PublicationStatus": {
          "Preprint": true
        },
        "PublicationType": {
          "Research": true
        },
        "Section": {
          "Results": true
        },
        "Species": {
          "9606": true
        }
      },
      "citation": {
        "db": "DOI",
        "db_id": "10.1101/2020.02.27.20027557"
      },
      "evidence": "Decreased platelet counts were observed in 25 (20.2%) patients, prolonged prothrombin time (PT) was observed in 77 (62.1%) patients, fibrinogen (FIB) levels were increased in 27 (21.8%) patients, and D-dimer levels were increased in 26 (21.0%) patients.",
      "key": "3bc362beb6af635c4b17206b8c4a7e8a",
      "line": 100,
      "relation": "positiveCorrelation",
      "source": 17,
      "target": 0
    },
    {
      "annotations": {
        "CellLine": {
          "A549 cell": true
        },
        "MeSHAnatomy": {
          "Blood": true
        },
        "PublicationStatus": {
          "Preprint": true
        },
        "PublicationType": {
          "Research": true
        },
        "Section": {
          "Results": true
        },
        "Species": {
          "9606": true
        }
      },
      "citation": {
        "db": "DOI",
        "db_id": "10.1101/2020.02.27.20027557"
      },
      "evidence": "Decreased platelet counts were observed in 25 (20.2%) patients, prolonged prothrombin time (PT) was observed in 77 (62.1%) patients, fibrinogen (FIB) levels were increased in 27 (21.8%) patients, and D-dimer levels were increased in 26 (21.0%) patients.",
      "key": "cf7fb98478b6b198693c959aca24c486",
      "line": 101,
      "relation": "positiveCorrelation",
      "source": 17,
      "target": 16
    },
    {
      "annotations": {
        "CellLine": {
          "A549 cell": true
        },
        "Cohort": {
          "control": true,
          "dipyridamole treated": true
        },
        "PublicationStatus": {
          "Preprint": true
        },
        "PublicationType": {
          "Research": true
        },
        "Section": {
          "Results": true
        },
        "Species": {
          "9606": true
        }
      },
      "citation": {
        "db": "DOI",
        "db_id": "10.1101/2020.02.27.20027557"
      },
      "evidence": "All patients manifested cough and most of them felt shortness of breath, and 60.0% patients had nausea and vomiting",
      "key": "09d063a7f522b01b292a8bf4a4764b40",
      "line": 106,
      "relation": "association",
      "source": 17,
      "target": 22
    },
    {
      "annotations": {
        "CellLine": {
          "A549 cell": true
        },
        "Cohort": {
          "control": true,
          "dipyridamole treated": true
        },
        "PublicationStatus": {
          "Preprint": true
        },
        "PublicationType": {
          "Research": true
        },
        "Section": {
          "Results": true
        },
        "Species": {
          "9606": true
        }
      },
      "citation": {
        "db": "DOI",
        "db_id": "10.1101/2020.02.27.20027557"
      },
      "evidence": "All patients manifested cough and most of them felt shortness of breath, and 60.0% patients had nausea and vomiting",
      "key": "74ecf24b903ee489e3102407f6418be2",
      "line": 107,
      "relation": "association",
      "source": 17,
      "target": 23
    },
    {
      "annotations": {
        "CellLine": {
          "A549 cell": true
        },
        "Cohort": {
          "control": true,
          "dipyridamole treated": true
        },
        "PublicationStatus": {
          "Preprint": true
        },
        "PublicationType": {
          "Research": true
        },
        "Section": {
          "Results": true
        },
        "Species": {
          "9606": true
        },
        "Technique": {
          "computed tomography": true
        }
      },
      "citation": {
        "db": "DOI",
        "db_id": "10.1101/2020.02.27.20027557"
      },
      "evidence": "Chest CT scan revealed bilateral pneumonia in all patients",
      "key": "8c2032bbed6bf9a0f757f34c07762e00",
      "line": 111,
      "relation": "association",
      "source": 17,
      "target": 20
    },
    {
      "annotations": {
        "CellLine": {
          "A549 cell": true
        },
        "Cohort": {
          "control": true,
          "dipyridamole treated": true
        },
        "PublicationStatus": {
          "Preprint": true
        },
        "PublicationType": {
          "Research": true
        },
        "Section": {
          "Results": true
        },
        "Species": {
          "9606": true
        }
      },
      "citation": {
        "db": "DOI",
        "db_id": "10.1101/2020.02.27.20027557"
      },
      "evidence": "Comorbidities, including diabetes mellitus, cardiovascular and cerebrovascular diseases, were found in 4 and 5 of the patients from the DIP and control group,  respectively.",
      "key": "0a3bdac4ab22173a00de84dfe61e2a93",
      "line": 115,
      "relation": "association",
      "source": 17,
      "target": 19
    },
    {
      "annotations": {
        "CellLine": {
          "A549 cell": true
        },
        "Cohort": {
          "control": true,
          "dipyridamole treated": true
        },
        "PublicationStatus": {
          "Preprint": true
        },
        "PublicationType": {
          "Research": true
        },
        "Section": {
          "Results": true
        },
        "Species": {
          "9606": true
        }
      },
      "citation": {
        "db": "DOI",
        "db_id": "10.1101/2020.02.27.20027557"
      },
      "evidence": "Comorbidities, including diabetes mellitus, cardiovascular and cerebrovascular diseases, were found in 4 and 5 of the patients from the DIP and control group,  respectively.",
      "key": "3136d5c0fe0fbac7830ec7a870d3c2d5",
      "line": 116,
      "relation": "association",
      "source": 17,
      "target": 24
    },
    {
      "annotations": {
        "CellLine": {
          "A549 cell": true
        },
        "Cohort": {
          "control": true,
          "dipyridamole treated": true
        },
        "PublicationStatus": {
          "Preprint": true
        },
        "PublicationType": {
          "Research": true
        },
        "Section": {
          "Results": true
        },
        "Species": {
          "9606": true
        }
      },
      "citation": {
        "db": "DOI",
        "db_id": "10.1101/2020.02.27.20027557"
      },
      "evidence": "Comorbidities, including diabetes mellitus, cardiovascular and cerebrovascular diseases, were found in 4 and 5 of the patients from the DIP and control group,  respectively.",
      "key": "9180729fda0e0d929e9892ebc4ffa053",
      "line": 117,
      "relation": "association",
      "source": 17,
      "target": 18
    },
    {
      "annotations": {
        "CellLine": {
          "A549 cell": true
        },
        "Cohort": {
          "dipyridamole treated": true
        },
        "PublicationStatus": {
          "Preprint": true
        },
        "PublicationType": {
          "Research": true
        },
        "Section": {
          "Results": true
        },
        "Species": {
          "9606": true
        }
      },
      "citation": {
        "db": "DOI",
        "db_id": "10.1101/2020.02.27.20027557"
      },
      "evidence": "Two weeks after initiation of DIP treatment, 3 of the 6 severe cases (50%) and all 4 of the mild cases (100%) were discharged from the hospital",
      "key": "8ab0f5d2c27611f467a3cf3545687d80",
      "line": 122,
      "relation": "negativeCorrelation",
      "source": 17,
      "target": 1
    },
    {
      "annotations": {
        "CellLine": {
          "A549 cell": true
        },
        "MeSHAnatomy": {
          "Blood": true
        },
        "PublicationStatus": {
          "Preprint": true
        },
        "PublicationType": {
          "Research": true
        },
        "Section": {
          "Results": true
        },
        "Species": {
          "9606": true
        }
      },
      "citation": {
        "db": "DOI",
        "db_id": "10.1101/2020.02.27.20027557"
      },
      "evidence": "Decreased platelet counts were observed in 25 (20.2%) patients, prolonged prothrombin time (PT) was observed in 77 (62.1%) patients, fibrinogen (FIB) levels were increased in 27 (21.8%) patients, and D-dimer levels were increased in 26 (21.0%) patients.",
      "key": "49a58bc5289ecfada0dca63744556c5e",
      "line": 98,
      "relation": "negativeCorrelation",
      "source": 5,
      "target": 17
    },
    {
      "annotations": {
        "CellLine": {
          "A549 cell": true
        },
        "MeSHAnatomy": {
          "Blood": true
        },
        "PublicationStatus": {
          "Preprint": true
        },
        "PublicationType": {
          "Research": true
        },
        "Section": {
          "Results": true
        },
        "Species": {
          "9606": true
        }
      },
      "citation": {
        "db": "DOI",
        "db_id": "10.1101/2020.02.27.20027557"
      },
      "evidence": "Decreased platelet counts were observed in 25 (20.2%) patients, prolonged prothrombin time (PT) was observed in 77 (62.1%) patients, fibrinogen (FIB) levels were increased in 27 (21.8%) patients, and D-dimer levels were increased in 26 (21.0%) patients.",
      "key": "632f2f70bcf04b6c8ea42b468414e769",
      "line": 99,
      "relation": "association",
      "source": 21,
      "target": 17
    },
    {
      "annotations": {
        "CellLine": {
          "A549 cell": true
        },
        "MeSHAnatomy": {
          "Blood": true
        },
        "PublicationStatus": {
          "Preprint": true
        },
        "PublicationType": {
          "Research": true
        },
        "Section": {
          "Results": true
        },
        "Species": {
          "9606": true
        }
      },
      "citation": {
        "db": "DOI",
        "db_id": "10.1101/2020.02.27.20027557"
      },
      "evidence": "Decreased platelet counts were observed in 25 (20.2%) patients, prolonged prothrombin time (PT) was observed in 77 (62.1%) patients, fibrinogen (FIB) levels were increased in 27 (21.8%) patients, and D-dimer levels were increased in 26 (21.0%) patients.",
      "key": "041555391f44d2819ab4244b354c9078",
      "line": 100,
      "relation": "positiveCorrelation",
      "source": 0,
      "target": 17
    },
    {
      "annotations": {
        "CellLine": {
          "A549 cell": true
        },
        "MeSHAnatomy": {
          "Blood": true
        },
        "PublicationStatus": {
          "Preprint": true
        },
        "PublicationType": {
          "Research": true
        },
        "Section": {
          "Results": true
        },
        "Species": {
          "9606": true
        }
      },
      "citation": {
        "db": "DOI",
        "db_id": "10.1101/2020.02.27.20027557"
      },
      "evidence": "Decreased platelet counts were observed in 25 (20.2%) patients, prolonged prothrombin time (PT) was observed in 77 (62.1%) patients, fibrinogen (FIB) levels were increased in 27 (21.8%) patients, and D-dimer levels were increased in 26 (21.0%) patients.",
      "key": "9cd0b56e8d21b4cf7df2967b26b3313c",
      "line": 101,
      "relation": "positiveCorrelation",
      "source": 16,
      "target": 17
    },
    {
      "annotations": {
        "CellLine": {
          "A549 cell": true
        },
        "PublicationStatus": {
          "Preprint": true
        },
        "PublicationType": {
          "Research": true
        },
        "Section": {
          "Results": true
        },
        "Species": {
          "9606": true
        }
      },
      "citation": {
        "db": "DOI",
        "db_id": "10.1101/2020.02.27.20027557"
      },
      "evidence": "This reinforces that high levels of D-dimer and low lymphocyte counts are 306 associated with poor prognosis and suggest that that DIP treatment should be initiated before the progression to critical illness (Figure 3B).",
      "key": "c497a2482446bc7d860e3a0735d5707f",
      "line": 133,
      "relation": "negativeCorrelation",
      "source": 16,
      "target": 7
    },
    {
      "annotations": {
        "CellLine": {
          "A549 cell": true
        },
        "Cohort": {
          "control": true,
          "dipyridamole treated": true
        },
        "PublicationStatus": {
          "Preprint": true
        },
        "PublicationType": {
          "Research": true
        },
        "Section": {
          "Results": true
        },
        "Species": {
          "9606": true
        }
      },
      "citation": {
        "db": "DOI",
        "db_id": "10.1101/2020.02.27.20027557"
      },
      "evidence": "All patients manifested cough and most of them felt shortness of breath, and 60.0% patients had nausea and vomiting",
      "key": "09bc058d98ea71d6b2bb8067757f33e9",
      "line": 106,
      "relation": "association",
      "source": 22,
      "target": 17
    },
    {
      "annotations": {
        "CellLine": {
          "A549 cell": true
        },
        "Cohort": {
          "control": true,
          "dipyridamole treated": true
        },
        "PublicationStatus": {
          "Preprint": true
        },
        "PublicationType": {
          "Research": true
        },
        "Section": {
          "Results": true
        },
        "Species": {
          "9606": true
        }
      },
      "citation": {
        "db": "DOI",
        "db_id": "10.1101/2020.02.27.20027557"
      },
      "evidence": "All patients manifested cough and most of them felt shortness of breath, and 60.0% patients had nausea and vomiting",
      "key": "69c8f43464c8fb74f7158307f4162d00",
      "line": 107,
      "relation": "association",
      "source": 23,
      "target": 17
    },
    {
      "annotations": {
        "CellLine": {
          "A549 cell": true
        },
        "Cohort": {
          "control": true,
          "dipyridamole treated": true
        },
        "PublicationStatus": {
          "Preprint": true
        },
        "PublicationType": {
          "Research": true
        },
        "Section": {
          "Results": true
        },
        "Species": {
          "9606": true
        },
        "Technique": {
          "computed tomography": true
        }
      },
      "citation": {
        "db": "DOI",
        "db_id": "10.1101/2020.02.27.20027557"
      },
      "evidence": "Chest CT scan revealed bilateral pneumonia in all patients",
      "key": "4d00fee8998f38f70b7ebab2d062f6aa",
      "line": 111,
      "relation": "association",
      "source": 20,
      "target": 17
    },
    {
      "annotations": {
        "CellLine": {
          "A549 cell": true
        },
        "Cohort": {
          "control": true,
          "dipyridamole treated": true
        },
        "PublicationStatus": {
          "Preprint": true
        },
        "PublicationType": {
          "Research": true
        },
        "Section": {
          "Results": true
        },
        "Species": {
          "9606": true
        }
      },
      "citation": {
        "db": "DOI",
        "db_id": "10.1101/2020.02.27.20027557"
      },
      "evidence": "Comorbidities, including diabetes mellitus, cardiovascular and cerebrovascular diseases, were found in 4 and 5 of the patients from the DIP and control group,  respectively.",
      "key": "9e350ab32efca3086115ea345b7af36f",
      "line": 115,
      "relation": "association",
      "source": 19,
      "target": 17
    },
    {
      "annotations": {
        "CellLine": {
          "A549 cell": true
        },
        "Cohort": {
          "control": true,
          "dipyridamole treated": true
        },
        "PublicationStatus": {
          "Preprint": true
        },
        "PublicationType": {
          "Research": true
        },
        "Section": {
          "Results": true
        },
        "Species": {
          "9606": true
        }
      },
      "citation": {
        "db": "DOI",
        "db_id": "10.1101/2020.02.27.20027557"
      },
      "evidence": "Comorbidities, including diabetes mellitus, cardiovascular and cerebrovascular diseases, were found in 4 and 5 of the patients from the DIP and control group,  respectively.",
      "key": "814f1d002e6425741cd8f2c65c27bf1d",
      "line": 116,
      "relation": "association",
      "source": 24,
      "target": 17
    },
    {
      "annotations": {
        "CellLine": {
          "A549 cell": true
        },
        "Cohort": {
          "control": true,
          "dipyridamole treated": true
        },
        "PublicationStatus": {
          "Preprint": true
        },
        "PublicationType": {
          "Research": true
        },
        "Section": {
          "Results": true
        },
        "Species": {
          "9606": true
        }
      },
      "citation": {
        "db": "DOI",
        "db_id": "10.1101/2020.02.27.20027557"
      },
      "evidence": "Comorbidities, including diabetes mellitus, cardiovascular and cerebrovascular diseases, were found in 4 and 5 of the patients from the DIP and control group,  respectively.",
      "key": "5cdd8bd054dbe831726b4852f12b56ae",
      "line": 117,
      "relation": "association",
      "source": 18,
      "target": 17
    },
    {
      "annotations": {
        "CellLine": {
          "A549 cell": true
        },
        "PublicationStatus": {
          "Preprint": true
        },
        "PublicationType": {
          "Research": true
        },
        "Section": {
          "Results": true
        },
        "Species": {
          "9606": true
        }
      },
      "citation": {
        "db": "DOI",
        "db_id": "10.1101/2020.02.27.20027557"
      },
      "evidence": "This reinforces that high levels of D-dimer and low lymphocyte counts are 306 associated with poor prognosis and suggest that that DIP treatment should be initiated before the progression to critical illness (Figure 3B).",
      "key": "d9818f61cdcc07d6fade7ae0c0153949",
      "line": 134,
      "relation": "positiveCorrelation",
      "source": 4,
      "target": 7
    },
    {
      "annotations": {
        "CellLine": {
          "A549 cell": true
        },
        "PublicationStatus": {
          "Preprint": true
        },
        "PublicationType": {
          "Research": true
        },
        "Section": {
          "Results": true
        },
        "Species": {
          "9606": true
        }
      },
      "citation": {
        "db": "DOI",
        "db_id": "10.1101/2020.02.27.20027557"
      },
      "evidence": "This reinforces that high levels of D-dimer and low lymphocyte counts are 306 associated with poor prognosis and suggest that that DIP treatment should be initiated before the progression to critical illness (Figure 3B).",
      "key": "1444af11dec3efff834db11d2edfa173",
      "line": 133,
      "relation": "negativeCorrelation",
      "source": 7,
      "target": 16
    },
    {
      "annotations": {
        "CellLine": {
          "A549 cell": true
        },
        "PublicationStatus": {
          "Preprint": true
        },
        "PublicationType": {
          "Research": true
        },
        "Section": {
          "Results": true
        },
        "Species": {
          "9606": true
        }
      },
      "citation": {
        "db": "DOI",
        "db_id": "10.1101/2020.02.27.20027557"
      },
      "evidence": "This reinforces that high levels of D-dimer and low lymphocyte counts are 306 associated with poor prognosis and suggest that that DIP treatment should be initiated before the progression to critical illness (Figure 3B).",
      "key": "14f99151d00fa1df855cc06d1364ac92",
      "line": 134,
      "relation": "positiveCorrelation",
      "source": 7,
      "target": 4
    }
  ],
  "multigraph": true,
  "nodes": [
    {
      "bel": "a(CHEBI:Fibrinogen)",
      "concept": {
        "name": "Fibrinogen",
        "namespace": "CHEBI"
      },
      "function": "Abundance",
      "id": "3c556d39ce9fe0ff08defbef0bb57d5a"
    },
    {
      "bel": "a(CHEBI:dipyridamole)",
      "concept": {
        "name": "dipyridamole",
        "namespace": "CHEBI"
      },
      "function": "Abundance",
      "id": "a6ec0c52dac3406a354acdc29875dba4"
    },
    {
      "bel": "a(TAX:\"Severe acute respiratory syndrome coronavirus 2\")",
      "concept": {
        "name": "Severe acute respiratory syndrome coronavirus 2",
        "namespace": "TAX"
      },
      "function": "Abundance",
      "id": "c41851da59cc36c21b2e8acf24c1f46d"
    },
    {
      "bel": "bp(MESH:\"Hydrophobic and Hydrophilic Interactions\")",
      "concept": {
        "name": "Hydrophobic and Hydrophilic Interactions",
        "namespace": "MESH"
      },
      "function": "BiologicalProcess",
      "id": "a6e4c5a24c27bd275a9306a9e99978db"
    },
    {
      "bel": "bp(MESH:\"Lymphocyte Count\")",
      "concept": {
        "name": "Lymphocyte Count",
        "namespace": "MESH"
      },
      "function": "BiologicalProcess",
      "id": "1524717e3441737493010574850f1ce7"
    },
    {
      "bel": "bp(MESH:\"Platelet Count\")",
      "concept": {
        "name": "Platelet Count",
        "namespace": "MESH"
      },
      "function": "BiologicalProcess",
      "id": "2925a20007d257be5ea15c8f4fe852e4"
    },
    {
      "bel": "bp(MESH:\"Survival Rate\")",
      "concept": {
        "name": "Survival Rate",
        "namespace": "MESH"
      },
      "function": "BiologicalProcess",
      "id": "18de5c62bf4ea9bb10dd32f03346de9c"
    },
    {
      "bel": "bp(MESH:Prognosis)",
      "concept": {
        "name": "Prognosis",
        "namespace": "MESH"
      },
      "function": "BiologicalProcess",
      "id": "a1bd783e74f098aa0bc4586782950284"
    },
    {
      "bel": "complex(a(CHEBI:dipyridamole), p(COVID:ORF1ab, frag(\"3264_3569\")))",
      "function": "Complex",
      "id": "64da4a1058a6810b0d03c6f2ecb2954c",
      "members": [
        {
          "bel": "a(CHEBI:dipyridamole)",
          "concept": {
            "name": "dipyridamole",
            "namespace": "CHEBI"
          },
          "function": "Abundance",
          "id": "a6ec0c52dac3406a354acdc29875dba4"
        },
        {
          "bel": "p(COVID:ORF1ab, frag(\"3264_3569\"))",
          "concept": {
            "name": "ORF1ab",
            "namespace": "COVID"
          },
          "function": "Protein",
          "id": "8b1aed13f6853876f8b68f28deac1a26",
          "variants": [
            {
              "kind": "frag",
              "start": 3264,
              "stop": 3569
            }
          ]
        }
      ]
    },
    {
      "bel": "p(COVID:ORF1ab)",
      "concept": {
        "name": "ORF1ab",
        "namespace": "COVID"
      },
      "function": "Protein",
      "id": "3e2ae75f3061012cb65ea6b97f7db096"
    },
    {
      "bel": "p(COVID:ORF1ab, frag(\"3264_3569\"))",
      "concept": {
        "name": "ORF1ab",
        "namespace": "COVID"
      },
      "function": "Protein",
      "id": "8b1aed13f6853876f8b68f28deac1a26",
      "variants": [
        {
          "kind": "frag",
          "start": 3264,
          "stop": 3569
        }
      ]
    },
    {
      "bel": "p(HGNC:IFNB1)",
      "concept": {
        "name": "IFNB1",
        "namespace": "HGNC"
      },
      "function": "Protein",
      "id": "187da957c4e0c092e01fc85dd9da5fa4"
    },
    {
      "bel": "p(HGNC:IRF3)",
      "concept": {
        "name": "IRF3",
        "namespace": "HGNC"
      },
      "function": "Protein",
      "id": "897eff5dfdc1e9477decd386f7648733"
    },
    {
      "bel": "p(HGNC:IRF3, pmod(Ph))",
      "concept": {
        "name": "IRF3",
        "namespace": "HGNC"
      },
      "function": "Protein",
      "id": "e8e23fe731eada4dec69aee15f4d9244",
      "variants": [
        {
          "concept": {
            "name": "Ph",
            "namespace": "bel"
          },
          "kind": "pmod"
        }
      ]
    },
    {
      "bel": "p(HGNC:TBK1)",
      "concept": {
        "name": "TBK1",
        "namespace": "HGNC"
      },
      "function": "Protein",
      "id": "23fc9956fab807934042c65b055af556"
    },
    {
      "bel": "p(HGNC:TBK1, pmod(Ph))",
      "concept": {
        "name": "TBK1",
        "namespace": "HGNC"
      },
      "function": "Protein",
      "id": "217cda547ac0f481276ed463d84b4c7b",
      "variants": [
        {
          "concept": {
            "name": "Ph",
            "namespace": "bel"
          },
          "kind": "pmod"
        }
      ]
    },
    {
      "bel": "p(MESH:\"fibrin fragment D\")",
      "concept": {
        "name": "fibrin fragment D",
        "namespace": "MESH"
      },
      "function": "Protein",
      "id": "32c813a594e5f966f9209deeafa7aef9"
    },
    {
      "bel": "path(DO:\"COVID-19\")",
      "concept": {
        "name": "COVID-19",
        "namespace": "DO"
      },
      "function": "Pathology",
      "id": "6f9f1c2e8012537e503a758c6bfaff0f"
    },
    {
      "bel": "path(DO:\"cerebrovascular disease\")",
      "concept": {
        "name": "cerebrovascular disease",
        "namespace": "DO"
      },
      "function": "Pathology",
      "id": "17b862fe34392e3a33b9f4c88b87612c"
    },
    {
      "bel": "path(DO:\"diabetes mellitus\")",
      "concept": {
        "name": "diabetes mellitus",
        "namespace": "DO"
      },
      "function": "Pathology",
      "id": "a851751c015aaa69ddfba6458d99c945"
    },
    {
      "bel": "path(DO:pneumonia)",
      "concept": {
        "name": "pneumonia",
        "namespace": "DO"
      },
      "function": "Pathology",
      "id": "274776fc664e9bfd9c191cca80623b0d"
    },
    {
      "bel": "path(HP:\"Prolonged prothrombin time\")",
      "concept": {
        "name": "Prolonged prothrombin time",
        "namespace": "HP"
      },
      "function": "Pathology",
      "id": "7ae42ee141120b5a6b4b29022bad180d"
    },
    {
      "bel": "path(HP:Cough)",
      "concept": {
        "name": "Cough",
        "namespace": "HP"
      },
      "function": "Pathology",
      "id": "46175cd35e12952e2b452a4165638120"
    },
    {
      "bel": "path(HP:Dyspnea)",
      "concept": {
        "name": "Dyspnea",
        "namespace": "HP"
      },
      "function": "Pathology",
      "id": "963560b5f8fac4a36096e31cb33a61ea"
    },
    {
      "bel": "path(MESH:\"Cardiovascular Diseases\")",
      "concept": {
        "name": "Cardiovascular Diseases",
        "namespace": "MESH"
      },
      "function": "Pathology",
      "id": "b23198e180b52cff18e09a730c87b095"
    },
    {
      "bel": "path(MESH:\"Lung Diseases\")",
      "concept": {
        "name": "Lung Diseases",
        "namespace": "MESH"
      },
      "function": "Pathology",
      "id": "a2081096977a3df45918bcc7209d3554"
    },
    {
      "bel": "r(HGNC:IFIT1)",
      "concept": {
        "name": "IFIT1",
        "namespace": "HGNC"
      },
      "function": "RNA",
      "id": "c33c5aafc3449e072dc0f891b9d67626"
    },
    {
      "bel": "r(HGNC:IFNB1)",
      "concept": {
        "name": "IFNB1",
        "namespace": "HGNC"
      },
      "function": "RNA",
      "id": "0741df84ff6642ebb4c57401b4765a09"
    },
    {
      "bel": "r(HGNC:ISG15)",
      "concept": {
        "name": "ISG15",
        "namespace": "HGNC"
      },
      "function": "RNA",
      "id": "6ec9b50067d6971147914fb0928189cf"
    }
  ]
}