{
  "directed": true,
  "graph": {
    "annotation_list": {
      "PublicationStatus": [
        "Preprint"
      ],
      "PublicationType": [
        "Research"
      ],
      "Section": [
        "Results"
      ]
    },
    "annotation_pattern": {},
    "annotation_url": {},
    "document_metadata": {
      "authors": "Priya S",
      "contact": "priya@causalitybiomodels.com",
      "copyright": "Copyright © 2020 Fraunhofer Institute SCAI, All rights reserved",
      "description": "COVID Knowledge Curation project",
      "licenses": "Private Ownership to Fraunhofer Institute SCAI",
      "name": "Tetz_et.al_2020.bel",
      "version": "2.0.0"
    },
    "namespace_pattern": {},
    "namespace_url": {
      "COVID": "https://arty.scai.fraunhofer.de/artifactory/bel/namespace/ncbi-covid19/ncbi-covid19-20200326.belns",
      "DO": "https://arty.scai.fraunhofer.de/artifactory/bel/namespace/disease-ontology/disease-ontology-20200407.belns",
      "HGNC": "https://arty.scai.fraunhofer.de/artifactory/bel/namespace/hgnc/hgnc-20190708.belns",
      "INTERPRO": "https://arty.scai.fraunhofer.de/artifactory/bel/namespace/interpro/interpro-names-20181021.belns",
      "TAX": "https://arty.scai.fraunhofer.de/artifactory/bel/namespace/ncbi-taxonomy/ncbi-taxonomy-20200322.belns"
    },
    "path": "Tetz_et.al_2020.bel",
    "pybel_version": "0.14.6"
  },
  "links": [
    {
      "annotations": {
        "PublicationStatus": {
          "Preprint": true
        },
        "PublicationType": {
          "Research": true
        },
        "Section": {
          "Results": true
        }
      },
      "citation": {
        "db": "DOI",
        "db_id": "10.20944/preprints202003.0422.v1"
      },
      "evidence": "Consistent with this hypothesis, we found that SARS-CoV-2 along with other residue substitutions has five substituted amino acids in the RBD compared to SARSCoV;the following are the substitutions in the RBD: S460 → Q474, T488 → N481, N480 → Q493, Y485 → Q498 and T488 → N501, therefore forming a hydrophobic Q/N rich region that enables the prionogenity of the SARS-CoV-2 RBD (Figure 1).",
      "key": "cf823bb9b18334bf7d8f3ea9e4f1471f",
      "line": 43,
      "relation": "increases",
      "source": 1,
      "target": 0
    },
    {
      "annotations": {
        "PublicationStatus": {
          "Preprint": true
        },
        "PublicationType": {
          "Research": true
        },
        "Section": {
          "Results": true
        }
      },
      "citation": {
        "db": "DOI",
        "db_id": "10.20944/preprints202003.0422.v1"
      },
      "evidence": "Thus, Q498 and T500 from the PrD of the SARS-CoV2 RBD interact with Y41 and Q42 within the PrD of ACE2; while Q474, F486 and N501 from the PrD of the SARS-CoV2 RBD bind to Q24, M82 and K343 of a non-PrD of ACE2. Notably, only K417 and Y453 were the only residues of the SARS-CoV-2 RBD that were outside the viral PrD and bound to a non-PrD of ACE2 (Figure 2B).",
      "key": "410c9f8168ebae029d500e31cb3ccdb6",
      "line": 53,
      "relation": "increases",
      "source": 1,
      "target": 0
    },
    {
      "key": "cc2d182e46a7afcbe8de0b32b4f87ed1",
      "relation": "partOf",
      "source": 2,
      "target": 1
    },
    {
      "key": "1db03b2523b3b2cd2b465edf9382bc2a",
      "relation": "partOf",
      "source": 3,
      "target": 1
    },
    {
      "annotations": {
        "PublicationStatus": {
          "Preprint": true
        },
        "PublicationType": {
          "Research": true
        },
        "Section": {
          "Results": true
        }
      },
      "citation": {
        "db": "DOI",
        "db_id": "10.20944/preprints202003.0422.v1"
      },
      "evidence": "Consistent with this hypothesis, we found that SARS-CoV-2 along with other residue substitutions has five substituted amino acids in the RBD compared to SARSCoV;the following are the substitutions in the RBD: S460 → Q474, T488 → N481, N480 → Q493, Y485 → Q498 and T488 → N501, therefore forming a hydrophobic Q/N rich region that enables the prionogenity of the SARS-CoV-2 RBD (Figure 1).",
      "key": "439772b780b10e21487c72c2f81b2da1",
      "line": 44,
      "relation": "association",
      "source": 0,
      "target": 5
    },
    {
      "annotations": {
        "PublicationStatus": {
          "Preprint": true
        },
        "PublicationType": {
          "Research": true
        },
        "Section": {
          "Results": true
        }
      },
      "citation": {
        "db": "DOI",
        "db_id": "10.20944/preprints202003.0422.v1"
      },
      "evidence": "Thus, Q498 and T500 from the PrD of the SARS-CoV2 RBD interact with Y41 and Q42 within the PrD of ACE2; while Q474, F486 and N501 from the PrD of the SARS-CoV2 RBD bind to Q24, M82 and K343 of a non-PrD of ACE2. Notably, only K417 and Y453 were the only residues of the SARS-CoV-2 RBD that were outside the viral PrD and bound to a non-PrD of ACE2 (Figure 2B).",
      "key": "7e4560657977dc3f41b13cd4a3630ff7",
      "line": 54,
      "relation": "association",
      "source": 0,
      "target": 5
    },
    {
      "annotations": {
        "PublicationStatus": {
          "Preprint": true
        },
        "PublicationType": {
          "Research": true
        },
        "Section": {
          "Results": true
        }
      },
      "citation": {
        "db": "DOI",
        "db_id": "10.20944/preprints202003.0422.v1"
      },
      "evidence": "Consistent with this hypothesis, we found that SARS-CoV-2 along with other residue substitutions has five substituted amino acids in the RBD compared to SARSCoV;the following are the substitutions in the RBD: S460 → Q474, T488 → N481, N480 → Q493, Y485 → Q498 and T488 → N501, therefore forming a hydrophobic Q/N rich region that enables the prionogenity of the SARS-CoV-2 RBD (Figure 1).",
      "key": "20dbaf92235a2b4400db119862190ef4",
      "line": 44,
      "relation": "association",
      "source": 5,
      "target": 0
    },
    {
      "annotations": {
        "PublicationStatus": {
          "Preprint": true
        },
        "PublicationType": {
          "Research": true
        },
        "Section": {
          "Results": true
        }
      },
      "citation": {
        "db": "DOI",
        "db_id": "10.20944/preprints202003.0422.v1"
      },
      "evidence": "Thus, Q498 and T500 from the PrD of the SARS-CoV2 RBD interact with Y41 and Q42 within the PrD of ACE2; while Q474, F486 and N501 from the PrD of the SARS-CoV2 RBD bind to Q24, M82 and K343 of a non-PrD of ACE2. Notably, only K417 and Y453 were the only residues of the SARS-CoV-2 RBD that were outside the viral PrD and bound to a non-PrD of ACE2 (Figure 2B).",
      "key": "76cd6a990353972f1490115993f8f7c1",
      "line": 54,
      "relation": "association",
      "source": 5,
      "target": 0
    },
    {
      "key": "e03de5d031fd39165db9612aadf9f215",
      "relation": "hasComponent",
      "source": 4,
      "target": 3
    },
    {
      "key": "a75bd5364ca147ff4b2f9e14eadca253",
      "relation": "hasComponent",
      "source": 4,
      "target": 2
    }
  ],
  "multigraph": true,
  "nodes": [
    {
      "bel": "a(TAX:\"Severe acute respiratory syndrome coronavirus 2\")",
      "concept": {
        "name": "Severe acute respiratory syndrome coronavirus 2",
        "namespace": "TAX"
      },
      "function": "Abundance",
      "id": "c41851da59cc36c21b2e8acf24c1f46d"
    },
    {
      "bel": "complex(p(COVID:S), p(HGNC:ACE2))",
      "function": "Complex",
      "id": "6b8514d35b9a04dcfdf30d01d4a3a0a0",
      "members": [
        {
          "bel": "p(COVID:S)",
          "concept": {
            "name": "S",
            "namespace": "COVID"
          },
          "function": "Protein",
          "id": "8d090715298e11996081058536798c19"
        },
        {
          "bel": "p(HGNC:ACE2)",
          "concept": {
            "name": "ACE2",
            "namespace": "HGNC"
          },
          "function": "Protein",
          "id": "bb9a231a2c68ff8f3bad2adad9ed6a94"
        }
      ]
    },
    {
      "bel": "p(COVID:S)",
      "concept": {
        "name": "S",
        "namespace": "COVID"
      },
      "function": "Protein",
      "id": "8d090715298e11996081058536798c19"
    },
    {
      "bel": "p(HGNC:ACE2)",
      "concept": {
        "name": "ACE2",
        "namespace": "HGNC"
      },
      "function": "Protein",
      "id": "bb9a231a2c68ff8f3bad2adad9ed6a94"
    },
    {
      "bel": "p(INTERPRO:\"Prion protein\")",
      "concept": {
        "name": "Prion protein",
        "namespace": "INTERPRO"
      },
      "function": "Protein",
      "id": "2429fc16f4b3952e1c65b52556270eea"
    },
    {
      "bel": "path(DO:\"COVID-19\")",
      "concept": {
        "name": "COVID-19",
        "namespace": "DO"
      },
      "function": "Pathology",
      "id": "6f9f1c2e8012537e503a758c6bfaff0f"
    }
  ]
}