{
  "directed": true,
  "graph": {
    "annotation_list": {
      "PublicationStatus": [
        "Published"
      ],
      "PublicationType": [
        "Research"
      ],
      "Section": [
        "Results"
      ]
    },
    "annotation_pattern": {
      "BioAssay": ".*"
    },
    "annotation_url": {},
    "document_metadata": {
      "authors": "Priya S",
      "contact": "priya@causalitybiomodels.com",
      "copyright": "Copyright © 2020 Fraunhofer Institute SCAI, All rights reserved",
      "description": "COVID Knowledge Curation project",
      "licenses": "Private Ownership to Fraunhofer Institute SCAI",
      "name": "Thuy_et.al_2020.bel",
      "version": "2.0.0"
    },
    "namespace_pattern": {
      "PUBCHEM": "^\\d+$"
    },
    "namespace_url": {
      "CHEBI": "https://arty.scai.fraunhofer.de/artifactory/bel/namespace/chebi/chebi-20190708.belns",
      "COVID": "https://arty.scai.fraunhofer.de/artifactory/bel/namespace/ncbi-covid19/ncbi-covid19-20200326.belns",
      "HGNC": "https://arty.scai.fraunhofer.de/artifactory/bel/namespace/hgnc/hgnc-20190708.belns",
      "TAX": "https://arty.scai.fraunhofer.de/artifactory/bel/namespace/ncbi-taxonomy/ncbi-taxonomy-20200322.belns"
    },
    "path": "Thuy_et.al_2020.bel",
    "pybel_version": "0.14.6"
  },
  "links": [
    {
      "annotations": {
        "BioAssay": {
          "molecular docking": true
        },
        "PublicationStatus": {
          "Published": true
        },
        "PublicationType": {
          "Research": true
        },
        "Section": {
          "Results": true
        }
      },
      "citation": {
        "db": "DOI",
        "db_id": "10.1021/acsomega.0c00772"
      },
      "evidence": "The model describing the docking molecules indicated that all of the 17 compounds in the garlic essential oil from T1-ACE2 to T17-ACE2 have the binding ability toward the areas affected by the ACE2 protein.",
      "key": "e05a895909633455a523bcf450c5e534",
      "line": 48,
      "object": {
        "modifier": "Activity"
      },
      "relation": "decreases",
      "source": 23,
      "target": 53
    },
    {
      "annotations": {
        "BioAssay": {
          "molecular docking": true
        },
        "PublicationStatus": {
          "Published": true
        },
        "PublicationType": {
          "Research": true
        },
        "Section": {
          "Results": true
        }
      },
      "citation": {
        "db": "DOI",
        "db_id": "10.1021/acsomega.0c00772"
      },
      "evidence": "The compounds T1 and T2 indicated the highest content in the garlic essential oil (51.3%) and gave the best anti-SARS-CoV-2 activity, followed by the three compounds T5, T4, and T11.",
      "key": "b536fbe42d0e8c1372a222bbd07c7fec",
      "line": 85,
      "object": {
        "modifier": "Activity"
      },
      "relation": "decreases",
      "source": 23,
      "target": 53
    },
    {
      "key": "2001c264e96282937c7ca933ea9e064d",
      "relation": "partOf",
      "source": 2,
      "target": 23
    },
    {
      "key": "c3eeb269779f9d1e39eb8ffd9ce9dc2f",
      "relation": "partOf",
      "source": 2,
      "target": 22
    },
    {
      "key": "51413e0c21cef4397906f28fa7e4c58f",
      "relation": "partOf",
      "source": 53,
      "target": 23
    },
    {
      "key": "dc0e7e007e4b571fbf1c6dbd6438eed9",
      "relation": "partOf",
      "source": 53,
      "target": 24
    },
    {
      "key": "4769ff77a8f52ca2fadd5bb689252d26",
      "relation": "partOf",
      "source": 53,
      "target": 40
    },
    {
      "key": "1a42a251731fd1f0e25acda238244807",
      "relation": "partOf",
      "source": 53,
      "target": 46
    },
    {
      "key": "f6f338f67a0a35cec796a75e895ed658",
      "relation": "partOf",
      "source": 53,
      "target": 50
    },
    {
      "key": "dfd555214b8d1ec1e8b50b21b6f228da",
      "relation": "partOf",
      "source": 53,
      "target": 36
    },
    {
      "key": "e9faca99962859c28cb14457f0b36a8c",
      "relation": "partOf",
      "source": 53,
      "target": 42
    },
    {
      "key": "92236f185dfb6155f12942ba6a9ae8a5",
      "relation": "partOf",
      "source": 53,
      "target": 28
    },
    {
      "key": "c13010cd5edcab80f0d186f8ecab72f3",
      "relation": "partOf",
      "source": 53,
      "target": 34
    },
    {
      "key": "27fa6edbb81785d233b2b154eb55f71a",
      "relation": "partOf",
      "source": 53,
      "target": 26
    },
    {
      "key": "abe66cff4955ecfebbebde57bfa27000",
      "relation": "partOf",
      "source": 53,
      "target": 30
    },
    {
      "key": "a60c8e92118802b2530f9e128729d350",
      "relation": "partOf",
      "source": 53,
      "target": 19
    },
    {
      "key": "3bf6a764846ce9c4b99348671d976e8f",
      "relation": "partOf",
      "source": 53,
      "target": 21
    },
    {
      "key": "d7202ab371d77f708a22f69e8fb7c607",
      "relation": "partOf",
      "source": 53,
      "target": 38
    },
    {
      "key": "9a0c96f4af9d8dd1ab40f659e74636ed",
      "relation": "partOf",
      "source": 53,
      "target": 48
    },
    {
      "key": "eba57a34a3154693a853c4814fcd94d2",
      "relation": "partOf",
      "source": 53,
      "target": 44
    },
    {
      "key": "31477af344150de430b86a34aba9415e",
      "relation": "partOf",
      "source": 53,
      "target": 32
    },
    {
      "annotations": {
        "BioAssay": {
          "molecular docking": true
        },
        "PublicationStatus": {
          "Published": true
        },
        "PublicationType": {
          "Research": true
        },
        "Section": {
          "Results": true
        }
      },
      "citation": {
        "db": "DOI",
        "db_id": "10.1021/acsomega.0c00772"
      },
      "evidence": "The model describing the docking molecules indicated that all of the 17 compounds in the garlic essential oil from T1-ACE2 to T17-ACE2 have the binding ability toward the areas affected by the ACE2 protein.",
      "key": "5254e4aa85d4b809967af3e4ca9fe82b",
      "line": 50,
      "object": {
        "modifier": "Activity"
      },
      "relation": "decreases",
      "source": 24,
      "target": 53
    },
    {
      "annotations": {
        "BioAssay": {
          "molecular docking": true
        },
        "PublicationStatus": {
          "Published": true
        },
        "PublicationType": {
          "Research": true
        },
        "Section": {
          "Results": true
        }
      },
      "citation": {
        "db": "DOI",
        "db_id": "10.1021/acsomega.0c00772"
      },
      "evidence": "The compounds T1 and T2 indicated the highest content in the garlic essential oil (51.3%) and gave the best anti-SARS-CoV-2 activity, followed by the three compounds T5, T4, and T11.",
      "key": "d5b6ed86e682f5b9fab38a0c4dd2b33e",
      "line": 86,
      "object": {
        "modifier": "Activity"
      },
      "relation": "decreases",
      "source": 24,
      "target": 53
    },
    {
      "key": "a0a61533e2b21e11cd456fe593474ead",
      "relation": "partOf",
      "source": 3,
      "target": 24
    },
    {
      "annotations": {
        "BioAssay": {
          "molecular docking": true
        },
        "PublicationStatus": {
          "Published": true
        },
        "PublicationType": {
          "Research": true
        },
        "Section": {
          "Results": true
        }
      },
      "citation": {
        "db": "DOI",
        "db_id": "10.1021/acsomega.0c00772"
      },
      "evidence": "The model describing the docking molecules indicated that all of the 17 compounds in the garlic essential oil from T1-ACE2 to T17-ACE2 have the binding ability toward the areas affected by the ACE2 protein.",
      "key": "25d2b854ba536c08958bdef7babb14e6",
      "line": 52,
      "object": {
        "modifier": "Activity"
      },
      "relation": "decreases",
      "source": 40,
      "target": 53
    },
    {
      "key": "8e6d64854dca6e2291cf929ffde1850a",
      "relation": "partOf",
      "source": 11,
      "target": 40
    },
    {
      "key": "6ef680327ae43d55c3a93a429f62a489",
      "relation": "partOf",
      "source": 11,
      "target": 39
    },
    {
      "annotations": {
        "BioAssay": {
          "molecular docking": true
        },
        "PublicationStatus": {
          "Published": true
        },
        "PublicationType": {
          "Research": true
        },
        "Section": {
          "Results": true
        }
      },
      "citation": {
        "db": "DOI",
        "db_id": "10.1021/acsomega.0c00772"
      },
      "evidence": "The model describing the docking molecules indicated that all of the 17 compounds in the garlic essential oil from T1-ACE2 to T17-ACE2 have the binding ability toward the areas affected by the ACE2 protein.",
      "key": "8f7c1200fa92c6d0c917f73fe972b2bc",
      "line": 54,
      "object": {
        "modifier": "Activity"
      },
      "relation": "decreases",
      "source": 46,
      "target": 53
    },
    {
      "annotations": {
        "BioAssay": {
          "molecular docking": true
        },
        "PublicationStatus": {
          "Published": true
        },
        "PublicationType": {
          "Research": true
        },
        "Section": {
          "Results": true
        }
      },
      "citation": {
        "db": "DOI",
        "db_id": "10.1021/acsomega.0c00772"
      },
      "evidence": "The compounds T1 and T2 indicated the highest content in the garlic essential oil (51.3%) and gave the best anti-SARS-CoV-2 activity, followed by the three compounds T5, T4, and T11.",
      "key": "03197ff7e63cdfb1c0626573ad39f979",
      "line": 87,
      "object": {
        "modifier": "Activity"
      },
      "relation": "decreases",
      "source": 46,
      "target": 53
    },
    {
      "key": "d5d9ed72adf519175e709b4e04dc64f7",
      "relation": "partOf",
      "source": 14,
      "target": 46
    },
    {
      "key": "7c0c8912655b786295aab916ad7b86b1",
      "relation": "partOf",
      "source": 14,
      "target": 45
    },
    {
      "annotations": {
        "BioAssay": {
          "molecular docking": true
        },
        "PublicationStatus": {
          "Published": true
        },
        "PublicationType": {
          "Research": true
        },
        "Section": {
          "Results": true
        }
      },
      "citation": {
        "db": "DOI",
        "db_id": "10.1021/acsomega.0c00772"
      },
      "evidence": "The model describing the docking molecules indicated that all of the 17 compounds in the garlic essential oil from T1-ACE2 to T17-ACE2 have the binding ability toward the areas affected by the ACE2 protein.",
      "key": "87925b52c58c4b4110b65f7328905158",
      "line": 56,
      "object": {
        "modifier": "Activity"
      },
      "relation": "decreases",
      "source": 50,
      "target": 53
    },
    {
      "annotations": {
        "BioAssay": {
          "molecular docking": true
        },
        "PublicationStatus": {
          "Published": true
        },
        "PublicationType": {
          "Research": true
        },
        "Section": {
          "Results": true
        }
      },
      "citation": {
        "db": "DOI",
        "db_id": "10.1021/acsomega.0c00772"
      },
      "evidence": "The compounds T1 and T2 indicated the highest content in the garlic essential oil (51.3%) and gave the best anti-SARS-CoV-2 activity, followed by the three compounds T5, T4, and T11.",
      "key": "bb5b4f6dbbdf6de91f99a799af0d0363",
      "line": 88,
      "object": {
        "modifier": "Activity"
      },
      "relation": "decreases",
      "source": 50,
      "target": 53
    },
    {
      "key": "0477543b6d168ae30d5501e7c294b0a7",
      "relation": "partOf",
      "source": 16,
      "target": 50
    },
    {
      "key": "8999ba2ddea86c58292a3db0348ded41",
      "relation": "partOf",
      "source": 16,
      "target": 49
    },
    {
      "annotations": {
        "BioAssay": {
          "molecular docking": true
        },
        "PublicationStatus": {
          "Published": true
        },
        "PublicationType": {
          "Research": true
        },
        "Section": {
          "Results": true
        }
      },
      "citation": {
        "db": "DOI",
        "db_id": "10.1021/acsomega.0c00772"
      },
      "evidence": "The model describing the docking molecules indicated that all of the 17 compounds in the garlic essential oil from T1-ACE2 to T17-ACE2 have the binding ability toward the areas affected by the ACE2 protein.",
      "key": "d23f2a92bd60a301b48b08db935a0951",
      "line": 58,
      "object": {
        "modifier": "Activity"
      },
      "relation": "decreases",
      "source": 36,
      "target": 53
    },
    {
      "key": "3b4ebf05b5dee237e0b62be80d8eff62",
      "relation": "partOf",
      "source": 9,
      "target": 36
    },
    {
      "key": "14dd0141cb52e7e0fd43665033c647f2",
      "relation": "partOf",
      "source": 9,
      "target": 35
    },
    {
      "annotations": {
        "BioAssay": {
          "molecular docking": true
        },
        "PublicationStatus": {
          "Published": true
        },
        "PublicationType": {
          "Research": true
        },
        "Section": {
          "Results": true
        }
      },
      "citation": {
        "db": "DOI",
        "db_id": "10.1021/acsomega.0c00772"
      },
      "evidence": "The model describing the docking molecules indicated that all of the 17 compounds in the garlic essential oil from T1-ACE2 to T17-ACE2 have the binding ability toward the areas affected by the ACE2 protein.",
      "key": "ecb7e972f329a3f96e67511d1e1b29e1",
      "line": 60,
      "object": {
        "modifier": "Activity"
      },
      "relation": "decreases",
      "source": 42,
      "target": 53
    },
    {
      "key": "3ff436edb6596dbc7015e8e70e472d01",
      "relation": "partOf",
      "source": 12,
      "target": 42
    },
    {
      "key": "213e902a74d186f9785794eee24cc886",
      "relation": "partOf",
      "source": 12,
      "target": 41
    },
    {
      "annotations": {
        "BioAssay": {
          "molecular docking": true
        },
        "PublicationStatus": {
          "Published": true
        },
        "PublicationType": {
          "Research": true
        },
        "Section": {
          "Results": true
        }
      },
      "citation": {
        "db": "DOI",
        "db_id": "10.1021/acsomega.0c00772"
      },
      "evidence": "The model describing the docking molecules indicated that all of the 17 compounds in the garlic essential oil from T1-ACE2 to T17-ACE2 have the binding ability toward the areas affected by the ACE2 protein.",
      "key": "0b14856616d4bb72457c21f5ed8559d6",
      "line": 62,
      "object": {
        "modifier": "Activity"
      },
      "relation": "decreases",
      "source": 28,
      "target": 53
    },
    {
      "key": "584b37e34751ff0f2b511656bb217006",
      "relation": "partOf",
      "source": 5,
      "target": 28
    },
    {
      "key": "777d227f18f3a91b2b37e01fe03c98d3",
      "relation": "partOf",
      "source": 5,
      "target": 27
    },
    {
      "annotations": {
        "BioAssay": {
          "molecular docking": true
        },
        "PublicationStatus": {
          "Published": true
        },
        "PublicationType": {
          "Research": true
        },
        "Section": {
          "Results": true
        }
      },
      "citation": {
        "db": "DOI",
        "db_id": "10.1021/acsomega.0c00772"
      },
      "evidence": "The model describing the docking molecules indicated that all of the 17 compounds in the garlic essential oil from T1-ACE2 to T17-ACE2 have the binding ability toward the areas affected by the ACE2 protein.",
      "key": "cf24050897ba9cd50defe6ce1be6adeb",
      "line": 64,
      "object": {
        "modifier": "Activity"
      },
      "relation": "decreases",
      "source": 34,
      "target": 53
    },
    {
      "key": "b6e7e01f694b4fce865bf367e8f2eaa2",
      "relation": "partOf",
      "source": 8,
      "target": 34
    },
    {
      "key": "4ea63cd5fca9349edc5279b42028dac8",
      "relation": "partOf",
      "source": 8,
      "target": 33
    },
    {
      "annotations": {
        "BioAssay": {
          "molecular docking": true
        },
        "PublicationStatus": {
          "Published": true
        },
        "PublicationType": {
          "Research": true
        },
        "Section": {
          "Results": true
        }
      },
      "citation": {
        "db": "DOI",
        "db_id": "10.1021/acsomega.0c00772"
      },
      "evidence": "The model describing the docking molecules indicated that all of the 17 compounds in the garlic essential oil from T1-ACE2 to T17-ACE2 have the binding ability toward the areas affected by the ACE2 protein.",
      "key": "bceba53fa47448fc5ff9cc204141ea90",
      "line": 66,
      "object": {
        "modifier": "Activity"
      },
      "relation": "decreases",
      "source": 26,
      "target": 53
    },
    {
      "key": "c214640e3d1137b61bd6ba3fb330f89b",
      "relation": "partOf",
      "source": 4,
      "target": 26
    },
    {
      "key": "eec6204d69374d6bfc686f2be4f3b465",
      "relation": "partOf",
      "source": 4,
      "target": 25
    },
    {
      "annotations": {
        "BioAssay": {
          "molecular docking": true
        },
        "PublicationStatus": {
          "Published": true
        },
        "PublicationType": {
          "Research": true
        },
        "Section": {
          "Results": true
        }
      },
      "citation": {
        "db": "DOI",
        "db_id": "10.1021/acsomega.0c00772"
      },
      "evidence": "The model describing the docking molecules indicated that all of the 17 compounds in the garlic essential oil from T1-ACE2 to T17-ACE2 have the binding ability toward the areas affected by the ACE2 protein.",
      "key": "0b9fb846acd50a9ab92046202d066ee2",
      "line": 68,
      "object": {
        "modifier": "Activity"
      },
      "relation": "decreases",
      "source": 30,
      "target": 53
    },
    {
      "annotations": {
        "BioAssay": {
          "molecular docking": true
        },
        "PublicationStatus": {
          "Published": true
        },
        "PublicationType": {
          "Research": true
        },
        "Section": {
          "Results": true
        }
      },
      "citation": {
        "db": "DOI",
        "db_id": "10.1021/acsomega.0c00772"
      },
      "evidence": "The compounds T1 and T2 indicated the highest content in the garlic essential oil (51.3%) and gave the best anti-SARS-CoV-2 activity, followed by the three compounds T5, T4, and T11.",
      "key": "193829d7ef74c0d89ba7bce8eb6b2f09",
      "line": 89,
      "object": {
        "modifier": "Activity"
      },
      "relation": "decreases",
      "source": 30,
      "target": 53
    },
    {
      "key": "eaaa27e8367fd72ac8ac7702c3908ff3",
      "relation": "partOf",
      "source": 6,
      "target": 30
    },
    {
      "key": "df388d965d1694c2ecb46e21761ba3af",
      "relation": "partOf",
      "source": 6,
      "target": 29
    },
    {
      "annotations": {
        "BioAssay": {
          "molecular docking": true
        },
        "PublicationStatus": {
          "Published": true
        },
        "PublicationType": {
          "Research": true
        },
        "Section": {
          "Results": true
        }
      },
      "citation": {
        "db": "DOI",
        "db_id": "10.1021/acsomega.0c00772"
      },
      "evidence": "The model describing the docking molecules indicated that all of the 17 compounds in the garlic essential oil from T1-ACE2 to T17-ACE2 have the binding ability toward the areas affected by the ACE2 protein.",
      "key": "a778939a4fca168566b18329fb45c3fb",
      "line": 70,
      "object": {
        "modifier": "Activity"
      },
      "relation": "decreases",
      "source": 19,
      "target": 53
    },
    {
      "key": "762150fbf304c5ac90c27a6cd855cf20",
      "relation": "partOf",
      "source": 0,
      "target": 19
    },
    {
      "key": "e1ecb68d497b998ceaca16b580fdc75a",
      "relation": "partOf",
      "source": 0,
      "target": 18
    },
    {
      "annotations": {
        "BioAssay": {
          "molecular docking": true
        },
        "PublicationStatus": {
          "Published": true
        },
        "PublicationType": {
          "Research": true
        },
        "Section": {
          "Results": true
        }
      },
      "citation": {
        "db": "DOI",
        "db_id": "10.1021/acsomega.0c00772"
      },
      "evidence": "The model describing the docking molecules indicated that all of the 17 compounds in the garlic essential oil from T1-ACE2 to T17-ACE2 have the binding ability toward the areas affected by the ACE2 protein.",
      "key": "77395af36da0693a089f3d6019efe408",
      "line": 72,
      "object": {
        "modifier": "Activity"
      },
      "relation": "decreases",
      "source": 21,
      "target": 53
    },
    {
      "key": "4a8cbecf07bb5815f1b96884284afe4a",
      "relation": "partOf",
      "source": 1,
      "target": 21
    },
    {
      "key": "d51e2bab6481017a29403265ab6671a9",
      "relation": "partOf",
      "source": 1,
      "target": 20
    },
    {
      "annotations": {
        "BioAssay": {
          "molecular docking": true
        },
        "PublicationStatus": {
          "Published": true
        },
        "PublicationType": {
          "Research": true
        },
        "Section": {
          "Results": true
        }
      },
      "citation": {
        "db": "DOI",
        "db_id": "10.1021/acsomega.0c00772"
      },
      "evidence": "The model describing the docking molecules indicated that all of the 17 compounds in the garlic essential oil from T1-ACE2 to T17-ACE2 have the binding ability toward the areas affected by the ACE2 protein.",
      "key": "43e20fa90f6a82e24890314b7d51ba26",
      "line": 74,
      "object": {
        "modifier": "Activity"
      },
      "relation": "decreases",
      "source": 38,
      "target": 53
    },
    {
      "key": "05f596dc8668a2bb193c85f1153c37fc",
      "relation": "partOf",
      "source": 10,
      "target": 38
    },
    {
      "key": "edb9843a6a8328618df5f43fb0a3a564",
      "relation": "partOf",
      "source": 10,
      "target": 37
    },
    {
      "annotations": {
        "BioAssay": {
          "molecular docking": true
        },
        "PublicationStatus": {
          "Published": true
        },
        "PublicationType": {
          "Research": true
        },
        "Section": {
          "Results": true
        }
      },
      "citation": {
        "db": "DOI",
        "db_id": "10.1021/acsomega.0c00772"
      },
      "evidence": "The model describing the docking molecules indicated that all of the 17 compounds in the garlic essential oil from T1-ACE2 to T17-ACE2 have the binding ability toward the areas affected by the ACE2 protein.",
      "key": "52390312494e91757606df4f7cf325d6",
      "line": 76,
      "object": {
        "modifier": "Activity"
      },
      "relation": "decreases",
      "source": 48,
      "target": 53
    },
    {
      "key": "8d8d8616fd7aaef865706996194007d0",
      "relation": "partOf",
      "source": 15,
      "target": 48
    },
    {
      "key": "2df36bd9f94563e199b8eb3e5105099f",
      "relation": "partOf",
      "source": 15,
      "target": 47
    },
    {
      "annotations": {
        "BioAssay": {
          "molecular docking": true
        },
        "PublicationStatus": {
          "Published": true
        },
        "PublicationType": {
          "Research": true
        },
        "Section": {
          "Results": true
        }
      },
      "citation": {
        "db": "DOI",
        "db_id": "10.1021/acsomega.0c00772"
      },
      "evidence": "The model describing the docking molecules indicated that all of the 17 compounds in the garlic essential oil from T1-ACE2 to T17-ACE2 have the binding ability toward the areas affected by the ACE2 protein.",
      "key": "0da15896288ac2c9fd38d6f4c7a3da8e",
      "line": 78,
      "object": {
        "modifier": "Activity"
      },
      "relation": "decreases",
      "source": 44,
      "target": 53
    },
    {
      "key": "45f93346caf3c5cd1b5d065a3d63246e",
      "relation": "partOf",
      "source": 13,
      "target": 44
    },
    {
      "key": "384a586dea9932756e2d7894f7f5ae4c",
      "relation": "partOf",
      "source": 13,
      "target": 43
    },
    {
      "annotations": {
        "BioAssay": {
          "molecular docking": true
        },
        "PublicationStatus": {
          "Published": true
        },
        "PublicationType": {
          "Research": true
        },
        "Section": {
          "Results": true
        }
      },
      "citation": {
        "db": "DOI",
        "db_id": "10.1021/acsomega.0c00772"
      },
      "evidence": "The model describing the docking molecules indicated that all of the 17 compounds in the garlic essential oil from T1-ACE2 to T17-ACE2 have the binding ability toward the areas affected by the ACE2 protein.",
      "key": "eb7df608da9b2c159efd67d1ecf99455",
      "line": 80,
      "object": {
        "modifier": "Activity"
      },
      "relation": "decreases",
      "source": 32,
      "target": 53
    },
    {
      "key": "10743941216175fe5639e8291a978445",
      "relation": "partOf",
      "source": 7,
      "target": 32
    },
    {
      "key": "294112f699b2d141f2ac2a337b11832c",
      "relation": "partOf",
      "source": 7,
      "target": 31
    },
    {
      "annotations": {
        "BioAssay": {
          "molecular docking": true
        },
        "PublicationStatus": {
          "Published": true
        },
        "PublicationType": {
          "Research": true
        },
        "Section": {
          "Results": true
        }
      },
      "citation": {
        "db": "DOI",
        "db_id": "10.1021/acsomega.0c00772"
      },
      "evidence": "Meanwhile, the order of active compounds resisting SARS-CoV-2 is T2 = T1 > T5 > T4 > T11 > T15 > T8 > T16 > T9 > T12 > T13 > T3 > T6 > T7 > T10 > T14 > T17",
      "key": "fd12656efa25cd4e5364057d5f27de7f",
      "line": 92,
      "relation": "decreases",
      "source": 22,
      "target": 17
    },
    {
      "key": "ad9af26a95ad94489c1b8de416e99f97",
      "relation": "partOf",
      "source": 52,
      "target": 22
    },
    {
      "key": "a16a0eb18e8b7074bbb1ab2620a10bf7",
      "relation": "partOf",
      "source": 52,
      "target": 49
    },
    {
      "key": "3bfd23e792583fb48f7cf4eed3515810",
      "relation": "partOf",
      "source": 52,
      "target": 45
    },
    {
      "key": "13acf370349f9f88d9309efcfbadc0f8",
      "relation": "partOf",
      "source": 52,
      "target": 29
    },
    {
      "key": "9a45d76a7a809a2a73f199da45c140d1",
      "relation": "partOf",
      "source": 52,
      "target": 47
    },
    {
      "key": "7f5a59c58eecc4b97264278385341d66",
      "relation": "partOf",
      "source": 52,
      "target": 27
    },
    {
      "key": "bf1addc11ecd2e0c5678620439d07642",
      "relation": "partOf",
      "source": 52,
      "target": 43
    },
    {
      "key": "285885dca0c4c3c67adee48ed9343e6f",
      "relation": "partOf",
      "source": 52,
      "target": 33
    },
    {
      "key": "c6004516d3a4661a5c4a05c250bbb1db",
      "relation": "partOf",
      "source": 52,
      "target": 18
    },
    {
      "key": "5d0e72c6a6850c3a3d93b80b683e7853",
      "relation": "partOf",
      "source": 52,
      "target": 20
    },
    {
      "key": "91fb313db2456fe6b25ff445764e5068",
      "relation": "partOf",
      "source": 52,
      "target": 39
    },
    {
      "key": "a5d69be3f317eaa53455cdf9df4997dd",
      "relation": "partOf",
      "source": 52,
      "target": 35
    },
    {
      "key": "4c8d2fef71e642ca895245e78dec0344",
      "relation": "partOf",
      "source": 52,
      "target": 41
    },
    {
      "key": "74d3786b8062f9cafb35cc4fe44566df",
      "relation": "partOf",
      "source": 52,
      "target": 25
    },
    {
      "key": "c676c9fc8d288ee02a4adfb5e808c8ac",
      "relation": "partOf",
      "source": 52,
      "target": 37
    },
    {
      "key": "9d23e13ec4316b3285faeb12d70ad805",
      "relation": "partOf",
      "source": 52,
      "target": 31
    },
    {
      "key": "84a9f95a7d3b16f705d7150136b890fd",
      "relation": "hasVariant",
      "source": 51,
      "target": 52
    },
    {
      "annotations": {
        "BioAssay": {
          "molecular docking": true
        },
        "PublicationStatus": {
          "Published": true
        },
        "PublicationType": {
          "Research": true
        },
        "Section": {
          "Results": true
        }
      },
      "citation": {
        "db": "DOI",
        "db_id": "10.1021/acsomega.0c00772"
      },
      "evidence": "Meanwhile, the order of active compounds resisting SARS-CoV-2 is T2 = T1 > T5 > T4 > T11 > T15 > T8 > T16 > T9 > T12 > T13 > T3 > T6 > T7 > T10 > T14 > T17",
      "key": "71b86c6619067df37802e169590eaa1b",
      "line": 94,
      "relation": "decreases",
      "source": 49,
      "target": 17
    },
    {
      "annotations": {
        "BioAssay": {
          "molecular docking": true
        },
        "PublicationStatus": {
          "Published": true
        },
        "PublicationType": {
          "Research": true
        },
        "Section": {
          "Results": true
        }
      },
      "citation": {
        "db": "DOI",
        "db_id": "10.1021/acsomega.0c00772"
      },
      "evidence": "Meanwhile, the order of active compounds resisting SARS-CoV-2 is T2 = T1 > T5 > T4 > T11 > T15 > T8 > T16 > T9 > T12 > T13 > T3 > T6 > T7 > T10 > T14 > T17",
      "key": "7b6e1e129c04765c79c02dd40915509c",
      "line": 95,
      "relation": "decreases",
      "source": 45,
      "target": 17
    },
    {
      "annotations": {
        "BioAssay": {
          "molecular docking": true
        },
        "PublicationStatus": {
          "Published": true
        },
        "PublicationType": {
          "Research": true
        },
        "Section": {
          "Results": true
        }
      },
      "citation": {
        "db": "DOI",
        "db_id": "10.1021/acsomega.0c00772"
      },
      "evidence": "Meanwhile, the order of active compounds resisting SARS-CoV-2 is T2 = T1 > T5 > T4 > T11 > T15 > T8 > T16 > T9 > T12 > T13 > T3 > T6 > T7 > T10 > T14 > T17",
      "key": "d4f6e9c0b036f2acfaa3bc40cff8ccfe",
      "line": 96,
      "relation": "decreases",
      "source": 29,
      "target": 17
    },
    {
      "annotations": {
        "BioAssay": {
          "molecular docking": true
        },
        "PublicationStatus": {
          "Published": true
        },
        "PublicationType": {
          "Research": true
        },
        "Section": {
          "Results": true
        }
      },
      "citation": {
        "db": "DOI",
        "db_id": "10.1021/acsomega.0c00772"
      },
      "evidence": "Meanwhile, the order of active compounds resisting SARS-CoV-2 is T2 = T1 > T5 > T4 > T11 > T15 > T8 > T16 > T9 > T12 > T13 > T3 > T6 > T7 > T10 > T14 > T17",
      "key": "c6a30bff27b0f5f6a8b0ae38f4e6c4ff",
      "line": 97,
      "relation": "decreases",
      "source": 47,
      "target": 17
    },
    {
      "annotations": {
        "BioAssay": {
          "molecular docking": true
        },
        "PublicationStatus": {
          "Published": true
        },
        "PublicationType": {
          "Research": true
        },
        "Section": {
          "Results": true
        }
      },
      "citation": {
        "db": "DOI",
        "db_id": "10.1021/acsomega.0c00772"
      },
      "evidence": "Meanwhile, the order of active compounds resisting SARS-CoV-2 is T2 = T1 > T5 > T4 > T11 > T15 > T8 > T16 > T9 > T12 > T13 > T3 > T6 > T7 > T10 > T14 > T17",
      "key": "d22ef3d3aa19bbf15b0af3e22e19704b",
      "line": 98,
      "relation": "decreases",
      "source": 27,
      "target": 17
    },
    {
      "annotations": {
        "BioAssay": {
          "molecular docking": true
        },
        "PublicationStatus": {
          "Published": true
        },
        "PublicationType": {
          "Research": true
        },
        "Section": {
          "Results": true
        }
      },
      "citation": {
        "db": "DOI",
        "db_id": "10.1021/acsomega.0c00772"
      },
      "evidence": "Meanwhile, the order of active compounds resisting SARS-CoV-2 is T2 = T1 > T5 > T4 > T11 > T15 > T8 > T16 > T9 > T12 > T13 > T3 > T6 > T7 > T10 > T14 > T17",
      "key": "9a7818440b699cc9219338916e0e4170",
      "line": 99,
      "relation": "decreases",
      "source": 43,
      "target": 17
    },
    {
      "annotations": {
        "BioAssay": {
          "molecular docking": true
        },
        "PublicationStatus": {
          "Published": true
        },
        "PublicationType": {
          "Research": true
        },
        "Section": {
          "Results": true
        }
      },
      "citation": {
        "db": "DOI",
        "db_id": "10.1021/acsomega.0c00772"
      },
      "evidence": "Meanwhile, the order of active compounds resisting SARS-CoV-2 is T2 = T1 > T5 > T4 > T11 > T15 > T8 > T16 > T9 > T12 > T13 > T3 > T6 > T7 > T10 > T14 > T17",
      "key": "85758a2e71c1ca70090183dbabcdbc55",
      "line": 100,
      "relation": "decreases",
      "source": 33,
      "target": 17
    },
    {
      "annotations": {
        "BioAssay": {
          "molecular docking": true
        },
        "PublicationStatus": {
          "Published": true
        },
        "PublicationType": {
          "Research": true
        },
        "Section": {
          "Results": true
        }
      },
      "citation": {
        "db": "DOI",
        "db_id": "10.1021/acsomega.0c00772"
      },
      "evidence": "Meanwhile, the order of active compounds resisting SARS-CoV-2 is T2 = T1 > T5 > T4 > T11 > T15 > T8 > T16 > T9 > T12 > T13 > T3 > T6 > T7 > T10 > T14 > T17",
      "key": "5caa2b5c67e80bba27c93477367159ac",
      "line": 101,
      "relation": "decreases",
      "source": 18,
      "target": 17
    },
    {
      "annotations": {
        "BioAssay": {
          "molecular docking": true
        },
        "PublicationStatus": {
          "Published": true
        },
        "PublicationType": {
          "Research": true
        },
        "Section": {
          "Results": true
        }
      },
      "citation": {
        "db": "DOI",
        "db_id": "10.1021/acsomega.0c00772"
      },
      "evidence": "Meanwhile, the order of active compounds resisting SARS-CoV-2 is T2 = T1 > T5 > T4 > T11 > T15 > T8 > T16 > T9 > T12 > T13 > T3 > T6 > T7 > T10 > T14 > T17",
      "key": "7021c6867da8e65867bd21a96dcf0a83",
      "line": 102,
      "relation": "decreases",
      "source": 20,
      "target": 17
    },
    {
      "annotations": {
        "BioAssay": {
          "molecular docking": true
        },
        "PublicationStatus": {
          "Published": true
        },
        "PublicationType": {
          "Research": true
        },
        "Section": {
          "Results": true
        }
      },
      "citation": {
        "db": "DOI",
        "db_id": "10.1021/acsomega.0c00772"
      },
      "evidence": "Meanwhile, the order of active compounds resisting SARS-CoV-2 is T2 = T1 > T5 > T4 > T11 > T15 > T8 > T16 > T9 > T12 > T13 > T3 > T6 > T7 > T10 > T14 > T17",
      "key": "012bba74497e22fe618a4dc6cd0d6b96",
      "line": 103,
      "relation": "decreases",
      "source": 39,
      "target": 17
    },
    {
      "annotations": {
        "BioAssay": {
          "molecular docking": true
        },
        "PublicationStatus": {
          "Published": true
        },
        "PublicationType": {
          "Research": true
        },
        "Section": {
          "Results": true
        }
      },
      "citation": {
        "db": "DOI",
        "db_id": "10.1021/acsomega.0c00772"
      },
      "evidence": "Meanwhile, the order of active compounds resisting SARS-CoV-2 is T2 = T1 > T5 > T4 > T11 > T15 > T8 > T16 > T9 > T12 > T13 > T3 > T6 > T7 > T10 > T14 > T17",
      "key": "c4d5494d08ce5e75cb2752f7b04de126",
      "line": 104,
      "relation": "decreases",
      "source": 35,
      "target": 17
    },
    {
      "annotations": {
        "BioAssay": {
          "molecular docking": true
        },
        "PublicationStatus": {
          "Published": true
        },
        "PublicationType": {
          "Research": true
        },
        "Section": {
          "Results": true
        }
      },
      "citation": {
        "db": "DOI",
        "db_id": "10.1021/acsomega.0c00772"
      },
      "evidence": "Meanwhile, the order of active compounds resisting SARS-CoV-2 is T2 = T1 > T5 > T4 > T11 > T15 > T8 > T16 > T9 > T12 > T13 > T3 > T6 > T7 > T10 > T14 > T17",
      "key": "590e845b9d964bd0d13ef201065b3066",
      "line": 105,
      "relation": "decreases",
      "source": 41,
      "target": 17
    },
    {
      "annotations": {
        "BioAssay": {
          "molecular docking": true
        },
        "PublicationStatus": {
          "Published": true
        },
        "PublicationType": {
          "Research": true
        },
        "Section": {
          "Results": true
        }
      },
      "citation": {
        "db": "DOI",
        "db_id": "10.1021/acsomega.0c00772"
      },
      "evidence": "Meanwhile, the order of active compounds resisting SARS-CoV-2 is T2 = T1 > T5 > T4 > T11 > T15 > T8 > T16 > T9 > T12 > T13 > T3 > T6 > T7 > T10 > T14 > T17",
      "key": "a8abbdc7554afdb754588d2257c6feb5",
      "line": 106,
      "relation": "decreases",
      "source": 25,
      "target": 17
    },
    {
      "annotations": {
        "BioAssay": {
          "molecular docking": true
        },
        "PublicationStatus": {
          "Published": true
        },
        "PublicationType": {
          "Research": true
        },
        "Section": {
          "Results": true
        }
      },
      "citation": {
        "db": "DOI",
        "db_id": "10.1021/acsomega.0c00772"
      },
      "evidence": "Meanwhile, the order of active compounds resisting SARS-CoV-2 is T2 = T1 > T5 > T4 > T11 > T15 > T8 > T16 > T9 > T12 > T13 > T3 > T6 > T7 > T10 > T14 > T17",
      "key": "2b91bbd3ca6b30842e72ef232a2498f6",
      "line": 107,
      "relation": "decreases",
      "source": 37,
      "target": 17
    },
    {
      "annotations": {
        "BioAssay": {
          "molecular docking": true
        },
        "PublicationStatus": {
          "Published": true
        },
        "PublicationType": {
          "Research": true
        },
        "Section": {
          "Results": true
        }
      },
      "citation": {
        "db": "DOI",
        "db_id": "10.1021/acsomega.0c00772"
      },
      "evidence": "Meanwhile, the order of active compounds resisting SARS-CoV-2 is T2 = T1 > T5 > T4 > T11 > T15 > T8 > T16 > T9 > T12 > T13 > T3 > T6 > T7 > T10 > T14 > T17",
      "key": "0295ce526628d6e202582ce60301121a",
      "line": 108,
      "relation": "decreases",
      "source": 31,
      "target": 17
    }
  ],
  "multigraph": true,
  "nodes": [
    {
      "bel": "a(CHEBI:\"allyl methyl disulfide\")",
      "concept": {
        "name": "allyl methyl disulfide",
        "namespace": "CHEBI"
      },
      "function": "Abundance",
      "id": "e6ffc898b5e619dbac077359712d8138"
    },
    {
      "bel": "a(CHEBI:\"diacetone alcohol\")",
      "concept": {
        "name": "diacetone alcohol",
        "namespace": "CHEBI"
      },
      "function": "Abundance",
      "id": "3d48035c3dbaad0de869b326ee0d7daa"
    },
    {
      "bel": "a(CHEBI:\"diallyl disulfide\")",
      "concept": {
        "name": "diallyl disulfide",
        "namespace": "CHEBI"
      },
      "function": "Abundance",
      "id": "ec126f8163be11914417c4cb1eb8a98b"
    },
    {
      "bel": "a(CHEBI:\"diallyl trisulfide\")",
      "concept": {
        "name": "diallyl trisulfide",
        "namespace": "CHEBI"
      },
      "function": "Abundance",
      "id": "9e3b74e9e06d0be2a8d99d7d936f4621"
    },
    {
      "bel": "a(CHEBI:carvone)",
      "concept": {
        "name": "carvone",
        "namespace": "CHEBI"
      },
      "function": "Abundance",
      "id": "03197e77e04c2795dee6d67f3185d0e9"
    },
    {
      "bel": "a(PUBCHEM:133337)",
      "concept": {
        "name": "133337",
        "namespace": "PUBCHEM"
      },
      "function": "Abundance",
      "id": "3f44db4922c92baeb935587672c23319"
    },
    {
      "bel": "a(PUBCHEM:181104)",
      "concept": {
        "name": "181104",
        "namespace": "PUBCHEM"
      },
      "function": "Abundance",
      "id": "273086048976430db9db6fa8fa406fa6"
    },
    {
      "bel": "a(PUBCHEM:21159455)",
      "concept": {
        "name": "21159455",
        "namespace": "PUBCHEM"
      },
      "function": "Abundance",
      "id": "43fef28f9a2f19a39e7112bb78e85127"
    },
    {
      "bel": "a(PUBCHEM:525328)",
      "concept": {
        "name": "525328",
        "namespace": "PUBCHEM"
      },
      "function": "Abundance",
      "id": "d08d7f123ce23880f5b76534921dbcbf"
    },
    {
      "bel": "a(PUBCHEM:525331)",
      "concept": {
        "name": "525331",
        "namespace": "PUBCHEM"
      },
      "function": "Abundance",
      "id": "9c7f916f04ea02d89b813ebb1bd79671"
    },
    {
      "bel": "a(PUBCHEM:5352693)",
      "concept": {
        "name": "5352693",
        "namespace": "PUBCHEM"
      },
      "function": "Abundance",
      "id": "014cde0d82f913ca45a2b5b9fc2bc256"
    },
    {
      "bel": "a(PUBCHEM:5352855)",
      "concept": {
        "name": "5352855",
        "namespace": "PUBCHEM"
      },
      "function": "Abundance",
      "id": "4cf27c4d4e3cdb0832597b19694900a7"
    },
    {
      "bel": "a(PUBCHEM:5352907)",
      "concept": {
        "name": "5352907",
        "namespace": "PUBCHEM"
      },
      "function": "Abundance",
      "id": "637a5d719ab8f709721a6021f1267554"
    },
    {
      "bel": "a(PUBCHEM:6164465)",
      "concept": {
        "name": "6164465",
        "namespace": "PUBCHEM"
      },
      "function": "Abundance",
      "id": "2a4690b91572b19bfca6e4d123d6c3c0"
    },
    {
      "bel": "a(PUBCHEM:61926)",
      "concept": {
        "name": "61926",
        "namespace": "PUBCHEM"
      },
      "function": "Abundance",
      "id": "f672f327d9a420435bdef70ca4f3c211"
    },
    {
      "bel": "a(PUBCHEM:66282)",
      "concept": {
        "name": "66282",
        "namespace": "PUBCHEM"
      },
      "function": "Abundance",
      "id": "93550c2bb470f9199a5afa75259dc65c"
    },
    {
      "bel": "a(PUBCHEM:75552)",
      "concept": {
        "name": "75552",
        "namespace": "PUBCHEM"
      },
      "function": "Abundance",
      "id": "9e8c12b25ef97a95c6c6b4b3372cc327"
    },
    {
      "bel": "a(TAX:\"Severe acute respiratory syndrome coronavirus 2\")",
      "concept": {
        "name": "Severe acute respiratory syndrome coronavirus 2",
        "namespace": "TAX"
      },
      "function": "Abundance",
      "id": "c41851da59cc36c21b2e8acf24c1f46d"
    },
    {
      "bel": "complex(a(CHEBI:\"allyl methyl disulfide\"), p(COVID:ORF1ab, frag(\"3264_3569\")))",
      "function": "Complex",
      "id": "7e9f75e0012738ea9695cd20bc0ec128",
      "members": [
        {
          "bel": "a(CHEBI:\"allyl methyl disulfide\")",
          "concept": {
            "name": "allyl methyl disulfide",
            "namespace": "CHEBI"
          },
          "function": "Abundance",
          "id": "e6ffc898b5e619dbac077359712d8138"
        },
        {
          "bel": "p(COVID:ORF1ab, frag(\"3264_3569\"))",
          "concept": {
            "name": "ORF1ab",
            "namespace": "COVID"
          },
          "function": "Protein",
          "id": "8b1aed13f6853876f8b68f28deac1a26",
          "variants": [
            {
              "kind": "frag",
              "start": 3264,
              "stop": 3569
            }
          ]
        }
      ]
    },
    {
      "bel": "complex(a(CHEBI:\"allyl methyl disulfide\"), p(HGNC:ACE2))",
      "function": "Complex",
      "id": "e9d965d30a0417ce168d853c4de7cc85",
      "members": [
        {
          "bel": "a(CHEBI:\"allyl methyl disulfide\")",
          "concept": {
            "name": "allyl methyl disulfide",
            "namespace": "CHEBI"
          },
          "function": "Abundance",
          "id": "e6ffc898b5e619dbac077359712d8138"
        },
        {
          "bel": "p(HGNC:ACE2)",
          "concept": {
            "name": "ACE2",
            "namespace": "HGNC"
          },
          "function": "Protein",
          "id": "bb9a231a2c68ff8f3bad2adad9ed6a94"
        }
      ]
    },
    {
      "bel": "complex(a(CHEBI:\"diacetone alcohol\"), p(COVID:ORF1ab, frag(\"3264_3569\")))",
      "function": "Complex",
      "id": "de06db043c8e3c46fbd1a4c03c3201e7",
      "members": [
        {
          "bel": "a(CHEBI:\"diacetone alcohol\")",
          "concept": {
            "name": "diacetone alcohol",
            "namespace": "CHEBI"
          },
          "function": "Abundance",
          "id": "3d48035c3dbaad0de869b326ee0d7daa"
        },
        {
          "bel": "p(COVID:ORF1ab, frag(\"3264_3569\"))",
          "concept": {
            "name": "ORF1ab",
            "namespace": "COVID"
          },
          "function": "Protein",
          "id": "8b1aed13f6853876f8b68f28deac1a26",
          "variants": [
            {
              "kind": "frag",
              "start": 3264,
              "stop": 3569
            }
          ]
        }
      ]
    },
    {
      "bel": "complex(a(CHEBI:\"diacetone alcohol\"), p(HGNC:ACE2))",
      "function": "Complex",
      "id": "325c89694b52d338f46ea57c074be46f",
      "members": [
        {
          "bel": "a(CHEBI:\"diacetone alcohol\")",
          "concept": {
            "name": "diacetone alcohol",
            "namespace": "CHEBI"
          },
          "function": "Abundance",
          "id": "3d48035c3dbaad0de869b326ee0d7daa"
        },
        {
          "bel": "p(HGNC:ACE2)",
          "concept": {
            "name": "ACE2",
            "namespace": "HGNC"
          },
          "function": "Protein",
          "id": "bb9a231a2c68ff8f3bad2adad9ed6a94"
        }
      ]
    },
    {
      "bel": "complex(a(CHEBI:\"diallyl disulfide\"), p(COVID:ORF1ab, frag(\"3264_3569\")))",
      "function": "Complex",
      "id": "0ccc4834be49f9393c2d22a436087fb5",
      "members": [
        {
          "bel": "a(CHEBI:\"diallyl disulfide\")",
          "concept": {
            "name": "diallyl disulfide",
            "namespace": "CHEBI"
          },
          "function": "Abundance",
          "id": "ec126f8163be11914417c4cb1eb8a98b"
        },
        {
          "bel": "p(COVID:ORF1ab, frag(\"3264_3569\"))",
          "concept": {
            "name": "ORF1ab",
            "namespace": "COVID"
          },
          "function": "Protein",
          "id": "8b1aed13f6853876f8b68f28deac1a26",
          "variants": [
            {
              "kind": "frag",
              "start": 3264,
              "stop": 3569
            }
          ]
        }
      ]
    },
    {
      "bel": "complex(a(CHEBI:\"diallyl disulfide\"), p(HGNC:ACE2))",
      "function": "Complex",
      "id": "26fa4d56970d76802d491e2d10a23416",
      "members": [
        {
          "bel": "a(CHEBI:\"diallyl disulfide\")",
          "concept": {
            "name": "diallyl disulfide",
            "namespace": "CHEBI"
          },
          "function": "Abundance",
          "id": "ec126f8163be11914417c4cb1eb8a98b"
        },
        {
          "bel": "p(HGNC:ACE2)",
          "concept": {
            "name": "ACE2",
            "namespace": "HGNC"
          },
          "function": "Protein",
          "id": "bb9a231a2c68ff8f3bad2adad9ed6a94"
        }
      ]
    },
    {
      "bel": "complex(a(CHEBI:\"diallyl trisulfide\"), p(HGNC:ACE2))",
      "function": "Complex",
      "id": "dc01fa6e75d4dfc1f9d53440c287a16e",
      "members": [
        {
          "bel": "a(CHEBI:\"diallyl trisulfide\")",
          "concept": {
            "name": "diallyl trisulfide",
            "namespace": "CHEBI"
          },
          "function": "Abundance",
          "id": "9e3b74e9e06d0be2a8d99d7d936f4621"
        },
        {
          "bel": "p(HGNC:ACE2)",
          "concept": {
            "name": "ACE2",
            "namespace": "HGNC"
          },
          "function": "Protein",
          "id": "bb9a231a2c68ff8f3bad2adad9ed6a94"
        }
      ]
    },
    {
      "bel": "complex(a(CHEBI:carvone), p(COVID:ORF1ab, frag(\"3264_3569\")))",
      "function": "Complex",
      "id": "3f7895d0130507e367530b2d3039e080",
      "members": [
        {
          "bel": "a(CHEBI:carvone)",
          "concept": {
            "name": "carvone",
            "namespace": "CHEBI"
          },
          "function": "Abundance",
          "id": "03197e77e04c2795dee6d67f3185d0e9"
        },
        {
          "bel": "p(COVID:ORF1ab, frag(\"3264_3569\"))",
          "concept": {
            "name": "ORF1ab",
            "namespace": "COVID"
          },
          "function": "Protein",
          "id": "8b1aed13f6853876f8b68f28deac1a26",
          "variants": [
            {
              "kind": "frag",
              "start": 3264,
              "stop": 3569
            }
          ]
        }
      ]
    },
    {
      "bel": "complex(a(CHEBI:carvone), p(HGNC:ACE2))",
      "function": "Complex",
      "id": "ee31be47f4396f6126bdf13d8f4256e9",
      "members": [
        {
          "bel": "a(CHEBI:carvone)",
          "concept": {
            "name": "carvone",
            "namespace": "CHEBI"
          },
          "function": "Abundance",
          "id": "03197e77e04c2795dee6d67f3185d0e9"
        },
        {
          "bel": "p(HGNC:ACE2)",
          "concept": {
            "name": "ACE2",
            "namespace": "HGNC"
          },
          "function": "Protein",
          "id": "bb9a231a2c68ff8f3bad2adad9ed6a94"
        }
      ]
    },
    {
      "bel": "complex(a(PUBCHEM:133337), p(COVID:ORF1ab, frag(\"3264_3569\")))",
      "function": "Complex",
      "id": "233d7db888e9a02d1a446e06bc099f51",
      "members": [
        {
          "bel": "a(PUBCHEM:133337)",
          "concept": {
            "name": "133337",
            "namespace": "PUBCHEM"
          },
          "function": "Abundance",
          "id": "3f44db4922c92baeb935587672c23319"
        },
        {
          "bel": "p(COVID:ORF1ab, frag(\"3264_3569\"))",
          "concept": {
            "name": "ORF1ab",
            "namespace": "COVID"
          },
          "function": "Protein",
          "id": "8b1aed13f6853876f8b68f28deac1a26",
          "variants": [
            {
              "kind": "frag",
              "start": 3264,
              "stop": 3569
            }
          ]
        }
      ]
    },
    {
      "bel": "complex(a(PUBCHEM:133337), p(HGNC:ACE2))",
      "function": "Complex",
      "id": "20674d57c7d85a2f6bb0fb40960dc088",
      "members": [
        {
          "bel": "a(PUBCHEM:133337)",
          "concept": {
            "name": "133337",
            "namespace": "PUBCHEM"
          },
          "function": "Abundance",
          "id": "3f44db4922c92baeb935587672c23319"
        },
        {
          "bel": "p(HGNC:ACE2)",
          "concept": {
            "name": "ACE2",
            "namespace": "HGNC"
          },
          "function": "Protein",
          "id": "bb9a231a2c68ff8f3bad2adad9ed6a94"
        }
      ]
    },
    {
      "bel": "complex(a(PUBCHEM:181104), p(COVID:ORF1ab, frag(\"3264_3569\")))",
      "function": "Complex",
      "id": "5dea2864be0472569fcd3fd532b7331e",
      "members": [
        {
          "bel": "a(PUBCHEM:181104)",
          "concept": {
            "name": "181104",
            "namespace": "PUBCHEM"
          },
          "function": "Abundance",
          "id": "273086048976430db9db6fa8fa406fa6"
        },
        {
          "bel": "p(COVID:ORF1ab, frag(\"3264_3569\"))",
          "concept": {
            "name": "ORF1ab",
            "namespace": "COVID"
          },
          "function": "Protein",
          "id": "8b1aed13f6853876f8b68f28deac1a26",
          "variants": [
            {
              "kind": "frag",
              "start": 3264,
              "stop": 3569
            }
          ]
        }
      ]
    },
    {
      "bel": "complex(a(PUBCHEM:181104), p(HGNC:ACE2))",
      "function": "Complex",
      "id": "8bb05dedc62922de5662bf26bad31a89",
      "members": [
        {
          "bel": "a(PUBCHEM:181104)",
          "concept": {
            "name": "181104",
            "namespace": "PUBCHEM"
          },
          "function": "Abundance",
          "id": "273086048976430db9db6fa8fa406fa6"
        },
        {
          "bel": "p(HGNC:ACE2)",
          "concept": {
            "name": "ACE2",
            "namespace": "HGNC"
          },
          "function": "Protein",
          "id": "bb9a231a2c68ff8f3bad2adad9ed6a94"
        }
      ]
    },
    {
      "bel": "complex(a(PUBCHEM:21159455), p(COVID:ORF1ab, frag(\"3264_3569\")))",
      "function": "Complex",
      "id": "8d763074dd61d5f2374ad350865b8bb6",
      "members": [
        {
          "bel": "a(PUBCHEM:21159455)",
          "concept": {
            "name": "21159455",
            "namespace": "PUBCHEM"
          },
          "function": "Abundance",
          "id": "43fef28f9a2f19a39e7112bb78e85127"
        },
        {
          "bel": "p(COVID:ORF1ab, frag(\"3264_3569\"))",
          "concept": {
            "name": "ORF1ab",
            "namespace": "COVID"
          },
          "function": "Protein",
          "id": "8b1aed13f6853876f8b68f28deac1a26",
          "variants": [
            {
              "kind": "frag",
              "start": 3264,
              "stop": 3569
            }
          ]
        }
      ]
    },
    {
      "bel": "complex(a(PUBCHEM:21159455), p(HGNC:ACE2))",
      "function": "Complex",
      "id": "b0eaa13e4ab90d8afe59fd8fdc8b8a49",
      "members": [
        {
          "bel": "a(PUBCHEM:21159455)",
          "concept": {
            "name": "21159455",
            "namespace": "PUBCHEM"
          },
          "function": "Abundance",
          "id": "43fef28f9a2f19a39e7112bb78e85127"
        },
        {
          "bel": "p(HGNC:ACE2)",
          "concept": {
            "name": "ACE2",
            "namespace": "HGNC"
          },
          "function": "Protein",
          "id": "bb9a231a2c68ff8f3bad2adad9ed6a94"
        }
      ]
    },
    {
      "bel": "complex(a(PUBCHEM:525328), p(COVID:ORF1ab, frag(\"3264_3569\")))",
      "function": "Complex",
      "id": "3b5046db271a6e642752534df12b3aee",
      "members": [
        {
          "bel": "a(PUBCHEM:525328)",
          "concept": {
            "name": "525328",
            "namespace": "PUBCHEM"
          },
          "function": "Abundance",
          "id": "d08d7f123ce23880f5b76534921dbcbf"
        },
        {
          "bel": "p(COVID:ORF1ab, frag(\"3264_3569\"))",
          "concept": {
            "name": "ORF1ab",
            "namespace": "COVID"
          },
          "function": "Protein",
          "id": "8b1aed13f6853876f8b68f28deac1a26",
          "variants": [
            {
              "kind": "frag",
              "start": 3264,
              "stop": 3569
            }
          ]
        }
      ]
    },
    {
      "bel": "complex(a(PUBCHEM:525328), p(HGNC:ACE2))",
      "function": "Complex",
      "id": "94bd80c59a1cd05a9c8f32ca318725e1",
      "members": [
        {
          "bel": "a(PUBCHEM:525328)",
          "concept": {
            "name": "525328",
            "namespace": "PUBCHEM"
          },
          "function": "Abundance",
          "id": "d08d7f123ce23880f5b76534921dbcbf"
        },
        {
          "bel": "p(HGNC:ACE2)",
          "concept": {
            "name": "ACE2",
            "namespace": "HGNC"
          },
          "function": "Protein",
          "id": "bb9a231a2c68ff8f3bad2adad9ed6a94"
        }
      ]
    },
    {
      "bel": "complex(a(PUBCHEM:525331), p(COVID:ORF1ab, frag(\"3264_3569\")))",
      "function": "Complex",
      "id": "74a31c1c88b773396931ea73f0d051e7",
      "members": [
        {
          "bel": "a(PUBCHEM:525331)",
          "concept": {
            "name": "525331",
            "namespace": "PUBCHEM"
          },
          "function": "Abundance",
          "id": "9c7f916f04ea02d89b813ebb1bd79671"
        },
        {
          "bel": "p(COVID:ORF1ab, frag(\"3264_3569\"))",
          "concept": {
            "name": "ORF1ab",
            "namespace": "COVID"
          },
          "function": "Protein",
          "id": "8b1aed13f6853876f8b68f28deac1a26",
          "variants": [
            {
              "kind": "frag",
              "start": 3264,
              "stop": 3569
            }
          ]
        }
      ]
    },
    {
      "bel": "complex(a(PUBCHEM:525331), p(HGNC:ACE2))",
      "function": "Complex",
      "id": "287adfe230556d54af465d9b8a5f0ae4",
      "members": [
        {
          "bel": "a(PUBCHEM:525331)",
          "concept": {
            "name": "525331",
            "namespace": "PUBCHEM"
          },
          "function": "Abundance",
          "id": "9c7f916f04ea02d89b813ebb1bd79671"
        },
        {
          "bel": "p(HGNC:ACE2)",
          "concept": {
            "name": "ACE2",
            "namespace": "HGNC"
          },
          "function": "Protein",
          "id": "bb9a231a2c68ff8f3bad2adad9ed6a94"
        }
      ]
    },
    {
      "bel": "complex(a(PUBCHEM:5352693), p(COVID:ORF1ab, frag(\"3264_3569\")))",
      "function": "Complex",
      "id": "c367ef1cc2ca5a5cce3d8b3dc6cb77e5",
      "members": [
        {
          "bel": "a(PUBCHEM:5352693)",
          "concept": {
            "name": "5352693",
            "namespace": "PUBCHEM"
          },
          "function": "Abundance",
          "id": "014cde0d82f913ca45a2b5b9fc2bc256"
        },
        {
          "bel": "p(COVID:ORF1ab, frag(\"3264_3569\"))",
          "concept": {
            "name": "ORF1ab",
            "namespace": "COVID"
          },
          "function": "Protein",
          "id": "8b1aed13f6853876f8b68f28deac1a26",
          "variants": [
            {
              "kind": "frag",
              "start": 3264,
              "stop": 3569
            }
          ]
        }
      ]
    },
    {
      "bel": "complex(a(PUBCHEM:5352693), p(HGNC:ACE2))",
      "function": "Complex",
      "id": "711e767a4416df3ee9857f9a90fbcc3b",
      "members": [
        {
          "bel": "a(PUBCHEM:5352693)",
          "concept": {
            "name": "5352693",
            "namespace": "PUBCHEM"
          },
          "function": "Abundance",
          "id": "014cde0d82f913ca45a2b5b9fc2bc256"
        },
        {
          "bel": "p(HGNC:ACE2)",
          "concept": {
            "name": "ACE2",
            "namespace": "HGNC"
          },
          "function": "Protein",
          "id": "bb9a231a2c68ff8f3bad2adad9ed6a94"
        }
      ]
    },
    {
      "bel": "complex(a(PUBCHEM:5352855), p(COVID:ORF1ab, frag(\"3264_3569\")))",
      "function": "Complex",
      "id": "db45d0fa9f689e4d9aebcb4084e1cfc1",
      "members": [
        {
          "bel": "a(PUBCHEM:5352855)",
          "concept": {
            "name": "5352855",
            "namespace": "PUBCHEM"
          },
          "function": "Abundance",
          "id": "4cf27c4d4e3cdb0832597b19694900a7"
        },
        {
          "bel": "p(COVID:ORF1ab, frag(\"3264_3569\"))",
          "concept": {
            "name": "ORF1ab",
            "namespace": "COVID"
          },
          "function": "Protein",
          "id": "8b1aed13f6853876f8b68f28deac1a26",
          "variants": [
            {
              "kind": "frag",
              "start": 3264,
              "stop": 3569
            }
          ]
        }
      ]
    },
    {
      "bel": "complex(a(PUBCHEM:5352855), p(HGNC:ACE2))",
      "function": "Complex",
      "id": "621c92a9b06971958737dcb9c5017c5b",
      "members": [
        {
          "bel": "a(PUBCHEM:5352855)",
          "concept": {
            "name": "5352855",
            "namespace": "PUBCHEM"
          },
          "function": "Abundance",
          "id": "4cf27c4d4e3cdb0832597b19694900a7"
        },
        {
          "bel": "p(HGNC:ACE2)",
          "concept": {
            "name": "ACE2",
            "namespace": "HGNC"
          },
          "function": "Protein",
          "id": "bb9a231a2c68ff8f3bad2adad9ed6a94"
        }
      ]
    },
    {
      "bel": "complex(a(PUBCHEM:5352907), p(COVID:ORF1ab, frag(\"3264_3569\")))",
      "function": "Complex",
      "id": "7b1f771e9bce89ecc21ceecc6f26893d",
      "members": [
        {
          "bel": "a(PUBCHEM:5352907)",
          "concept": {
            "name": "5352907",
            "namespace": "PUBCHEM"
          },
          "function": "Abundance",
          "id": "637a5d719ab8f709721a6021f1267554"
        },
        {
          "bel": "p(COVID:ORF1ab, frag(\"3264_3569\"))",
          "concept": {
            "name": "ORF1ab",
            "namespace": "COVID"
          },
          "function": "Protein",
          "id": "8b1aed13f6853876f8b68f28deac1a26",
          "variants": [
            {
              "kind": "frag",
              "start": 3264,
              "stop": 3569
            }
          ]
        }
      ]
    },
    {
      "bel": "complex(a(PUBCHEM:5352907), p(HGNC:ACE2))",
      "function": "Complex",
      "id": "024cef6a938a747f08c6a347768a1fb0",
      "members": [
        {
          "bel": "a(PUBCHEM:5352907)",
          "concept": {
            "name": "5352907",
            "namespace": "PUBCHEM"
          },
          "function": "Abundance",
          "id": "637a5d719ab8f709721a6021f1267554"
        },
        {
          "bel": "p(HGNC:ACE2)",
          "concept": {
            "name": "ACE2",
            "namespace": "HGNC"
          },
          "function": "Protein",
          "id": "bb9a231a2c68ff8f3bad2adad9ed6a94"
        }
      ]
    },
    {
      "bel": "complex(a(PUBCHEM:6164465), p(COVID:ORF1ab, frag(\"3264_3569\")))",
      "function": "Complex",
      "id": "285b3dc632deb74f236fed8a406bfd23",
      "members": [
        {
          "bel": "a(PUBCHEM:6164465)",
          "concept": {
            "name": "6164465",
            "namespace": "PUBCHEM"
          },
          "function": "Abundance",
          "id": "2a4690b91572b19bfca6e4d123d6c3c0"
        },
        {
          "bel": "p(COVID:ORF1ab, frag(\"3264_3569\"))",
          "concept": {
            "name": "ORF1ab",
            "namespace": "COVID"
          },
          "function": "Protein",
          "id": "8b1aed13f6853876f8b68f28deac1a26",
          "variants": [
            {
              "kind": "frag",
              "start": 3264,
              "stop": 3569
            }
          ]
        }
      ]
    },
    {
      "bel": "complex(a(PUBCHEM:6164465), p(HGNC:ACE2))",
      "function": "Complex",
      "id": "d1fbe7f583d5d2fc0fa9352956263e59",
      "members": [
        {
          "bel": "a(PUBCHEM:6164465)",
          "concept": {
            "name": "6164465",
            "namespace": "PUBCHEM"
          },
          "function": "Abundance",
          "id": "2a4690b91572b19bfca6e4d123d6c3c0"
        },
        {
          "bel": "p(HGNC:ACE2)",
          "concept": {
            "name": "ACE2",
            "namespace": "HGNC"
          },
          "function": "Protein",
          "id": "bb9a231a2c68ff8f3bad2adad9ed6a94"
        }
      ]
    },
    {
      "bel": "complex(a(PUBCHEM:61926), p(COVID:ORF1ab, frag(\"3264_3569\")))",
      "function": "Complex",
      "id": "0e256e2ed0f301427111330615798b5f",
      "members": [
        {
          "bel": "a(PUBCHEM:61926)",
          "concept": {
            "name": "61926",
            "namespace": "PUBCHEM"
          },
          "function": "Abundance",
          "id": "f672f327d9a420435bdef70ca4f3c211"
        },
        {
          "bel": "p(COVID:ORF1ab, frag(\"3264_3569\"))",
          "concept": {
            "name": "ORF1ab",
            "namespace": "COVID"
          },
          "function": "Protein",
          "id": "8b1aed13f6853876f8b68f28deac1a26",
          "variants": [
            {
              "kind": "frag",
              "start": 3264,
              "stop": 3569
            }
          ]
        }
      ]
    },
    {
      "bel": "complex(a(PUBCHEM:61926), p(HGNC:ACE2))",
      "function": "Complex",
      "id": "c850e6544343f66bea02ebaa3801fe13",
      "members": [
        {
          "bel": "a(PUBCHEM:61926)",
          "concept": {
            "name": "61926",
            "namespace": "PUBCHEM"
          },
          "function": "Abundance",
          "id": "f672f327d9a420435bdef70ca4f3c211"
        },
        {
          "bel": "p(HGNC:ACE2)",
          "concept": {
            "name": "ACE2",
            "namespace": "HGNC"
          },
          "function": "Protein",
          "id": "bb9a231a2c68ff8f3bad2adad9ed6a94"
        }
      ]
    },
    {
      "bel": "complex(a(PUBCHEM:66282), p(COVID:ORF1ab, frag(\"3264_3569\")))",
      "function": "Complex",
      "id": "a1fff6b112d564ba5527214316240d42",
      "members": [
        {
          "bel": "a(PUBCHEM:66282)",
          "concept": {
            "name": "66282",
            "namespace": "PUBCHEM"
          },
          "function": "Abundance",
          "id": "93550c2bb470f9199a5afa75259dc65c"
        },
        {
          "bel": "p(COVID:ORF1ab, frag(\"3264_3569\"))",
          "concept": {
            "name": "ORF1ab",
            "namespace": "COVID"
          },
          "function": "Protein",
          "id": "8b1aed13f6853876f8b68f28deac1a26",
          "variants": [
            {
              "kind": "frag",
              "start": 3264,
              "stop": 3569
            }
          ]
        }
      ]
    },
    {
      "bel": "complex(a(PUBCHEM:66282), p(HGNC:ACE2))",
      "function": "Complex",
      "id": "0b98e58fcf2d64783746576beca4096c",
      "members": [
        {
          "bel": "a(PUBCHEM:66282)",
          "concept": {
            "name": "66282",
            "namespace": "PUBCHEM"
          },
          "function": "Abundance",
          "id": "93550c2bb470f9199a5afa75259dc65c"
        },
        {
          "bel": "p(HGNC:ACE2)",
          "concept": {
            "name": "ACE2",
            "namespace": "HGNC"
          },
          "function": "Protein",
          "id": "bb9a231a2c68ff8f3bad2adad9ed6a94"
        }
      ]
    },
    {
      "bel": "complex(a(PUBCHEM:75552), p(COVID:ORF1ab, frag(\"3264_3569\")))",
      "function": "Complex",
      "id": "673f1dc9faf7ed2a990a7c43e4bc1b79",
      "members": [
        {
          "bel": "a(PUBCHEM:75552)",
          "concept": {
            "name": "75552",
            "namespace": "PUBCHEM"
          },
          "function": "Abundance",
          "id": "9e8c12b25ef97a95c6c6b4b3372cc327"
        },
        {
          "bel": "p(COVID:ORF1ab, frag(\"3264_3569\"))",
          "concept": {
            "name": "ORF1ab",
            "namespace": "COVID"
          },
          "function": "Protein",
          "id": "8b1aed13f6853876f8b68f28deac1a26",
          "variants": [
            {
              "kind": "frag",
              "start": 3264,
              "stop": 3569
            }
          ]
        }
      ]
    },
    {
      "bel": "complex(a(PUBCHEM:75552), p(HGNC:ACE2))",
      "function": "Complex",
      "id": "34393f6a00ba21d19e4ace166ae38efc",
      "members": [
        {
          "bel": "a(PUBCHEM:75552)",
          "concept": {
            "name": "75552",
            "namespace": "PUBCHEM"
          },
          "function": "Abundance",
          "id": "9e8c12b25ef97a95c6c6b4b3372cc327"
        },
        {
          "bel": "p(HGNC:ACE2)",
          "concept": {
            "name": "ACE2",
            "namespace": "HGNC"
          },
          "function": "Protein",
          "id": "bb9a231a2c68ff8f3bad2adad9ed6a94"
        }
      ]
    },
    {
      "bel": "p(COVID:ORF1ab)",
      "concept": {
        "name": "ORF1ab",
        "namespace": "COVID"
      },
      "function": "Protein",
      "id": "3e2ae75f3061012cb65ea6b97f7db096"
    },
    {
      "bel": "p(COVID:ORF1ab, frag(\"3264_3569\"))",
      "concept": {
        "name": "ORF1ab",
        "namespace": "COVID"
      },
      "function": "Protein",
      "id": "8b1aed13f6853876f8b68f28deac1a26",
      "variants": [
        {
          "kind": "frag",
          "start": 3264,
          "stop": 3569
        }
      ]
    },
    {
      "bel": "p(HGNC:ACE2)",
      "concept": {
        "name": "ACE2",
        "namespace": "HGNC"
      },
      "function": "Protein",
      "id": "bb9a231a2c68ff8f3bad2adad9ed6a94"
    }
  ]
}