{
  "directed": true,
  "graph": {
    "annotation_list": {
      "Custom_Species": [
        "60711"
      ],
      "PublicationStatus": [
        "Published"
      ],
      "PublicationType": [
        "Rapid report"
      ],
      "Section": [
        "Full Text"
      ]
    },
    "annotation_pattern": {
      "BioAssay": ".*"
    },
    "annotation_url": {
      "CellLine": "https://arty.scai.fraunhofer.de/artifactory/bel/annotation/cell-line/cell-line-20190128.belanno",
      "Species": "https://arty.scai.fraunhofer.de/artifactory/bel/annotation/species-taxonomy-id/species-taxonomy-id-20170511.belanno"
    },
    "document_metadata": {
      "authors": "Geena Mariya Jose",
      "contact": "geena.mariya.jose@causalitybiomodels.com",
      "copyright": "Copyright © 2020 Fraunhofer Institute SCAI, All rights reserved",
      "description": "COVID Knowledge Curation project",
      "licenses": "Private Ownership to Fraunhofer Institute SCAI",
      "name": "15916886.bel",
      "version": "2.1.0"
    },
    "namespace_pattern": {
      "UNIPROT": "^([A-N,R-Z][0-9]([A-Z][A-Z, 0-9][A-Z, 0-9][0-9]){1,2})|([O,P,Q][0-9][A-Z, 0-9][A-Z, 0-9][A-Z, 0-9][0-9])(\\.\\d+)?$"
    },
    "namespace_url": {
      "GO": "https://arty.scai.fraunhofer.de/artifactory/bel/namespace/go/go-20180109.belns",
      "HP": "https://arty.scai.fraunhofer.de/artifactory/bel/namespace/hp/hp-20190130.belns",
      "MESH": "https://arty.scai.fraunhofer.de/artifactory/bel/namespace/mesh/mesh-names-20181007.belns",
      "TAX": "https://arty.scai.fraunhofer.de/artifactory/bel/namespace/ncbi-taxonomy/ncbi-taxonomy-20200322.belns"
    },
    "path": "15916886.bel",
    "pybel_version": "0.14.6"
  },
  "links": [
    {
      "annotations": {
        "CellLine": {
          "VERO C1008 cell": true
        },
        "Custom_Species": {
          "60711": true
        },
        "PublicationStatus": {
          "Published": true
        },
        "PublicationType": {
          "Rapid report": true
        },
        "Section": {
          "Full Text": true
        }
      },
      "citation": {
        "authors": [
          "Fukushi S",
          "Kurane I",
          "Mizutani T",
          "Morikawa S",
          "Saijo M"
        ],
        "date": "2005-06-30",
        "db": "PubMed",
        "db_id": "15916886",
        "db_name": "Biochimica et biophysica acta",
        "first": "Mizutani T",
        "last": "Morikawa S",
        "pages": "4-10",
        "volume": "1741"
      },
      "evidence": "These results indicated that the persistently infected Vero E6 cells produce infectious viruses.",
      "key": "4888841191068db512ec1bfa4714740e",
      "line": 49,
      "relation": "increases",
      "source": 0,
      "target": 10
    },
    {
      "annotations": {
        "CellLine": {
          "VERO C1008 cell": true
        },
        "Custom_Species": {
          "60711": true
        },
        "PublicationStatus": {
          "Published": true
        },
        "PublicationType": {
          "Rapid report": true
        },
        "Section": {
          "Full Text": true
        }
      },
      "citation": {
        "authors": [
          "Fukushi S",
          "Kurane I",
          "Mizutani T",
          "Morikawa S",
          "Saijo M"
        ],
        "date": "2005-06-30",
        "db": "PubMed",
        "db_id": "15916886",
        "db_name": "Biochimica et biophysica acta",
        "first": "Mizutani T",
        "last": "Morikawa S",
        "pages": "4-10",
        "volume": "1741"
      },
      "evidence": "These results indicated that the persistently infected Vero E6 cells produce infectious viruses.",
      "key": "3dd9ee3434c02a3f53282da07e9872ed",
      "line": 51,
      "relation": "association",
      "source": 0,
      "target": 4
    },
    {
      "annotations": {
        "CellLine": {
          "VERO C1008 cell": true
        },
        "Custom_Species": {
          "60711": true
        },
        "PublicationStatus": {
          "Published": true
        },
        "PublicationType": {
          "Rapid report": true
        },
        "Section": {
          "Full Text": true
        }
      },
      "citation": {
        "authors": [
          "Fukushi S",
          "Kurane I",
          "Mizutani T",
          "Morikawa S",
          "Saijo M"
        ],
        "date": "2005-06-30",
        "db": "PubMed",
        "db_id": "15916886",
        "db_name": "Biochimica et biophysica acta",
        "first": "Mizutani T",
        "last": "Morikawa S",
        "pages": "4-10",
        "volume": "1741"
      },
      "evidence": "The amount of mRNA8 and 9 of the persistent cells are 81.4% of the acute infected cells.",
      "key": "53da88edbd32f104828b32b6123f6a5b",
      "line": 55,
      "relation": "association",
      "source": 0,
      "target": 2
    },
    {
      "annotations": {
        "BioAssay": {
          "western blot": true
        },
        "CellLine": {
          "VERO C1008 cell": true
        },
        "Custom_Species": {
          "60711": true
        },
        "PublicationStatus": {
          "Published": true
        },
        "PublicationType": {
          "Rapid report": true
        },
        "Section": {
          "Full Text": true
        }
      },
      "citation": {
        "authors": [
          "Fukushi S",
          "Kurane I",
          "Mizutani T",
          "Morikawa S",
          "Saijo M"
        ],
        "date": "2005-06-30",
        "db": "PubMed",
        "db_id": "15916886",
        "db_name": "Biochimica et biophysica acta",
        "first": "Mizutani T",
        "last": "Morikawa S",
        "pages": "4-10",
        "volume": "1741"
      },
      "evidence": "Interestingly, ACE-2 was also decreased in the acute infection of SARS-CoV.",
      "key": "979ef33ed2d4afb093e630928b0082f8",
      "line": 59,
      "relation": "decreases",
      "source": 0,
      "target": 7
    },
    {
      "annotations": {
        "CellLine": {
          "VERO C1008 cell": true
        },
        "Custom_Species": {
          "60711": true
        },
        "PublicationStatus": {
          "Published": true
        },
        "PublicationType": {
          "Rapid report": true
        },
        "Section": {
          "Full Text": true
        }
      },
      "citation": {
        "authors": [
          "Fukushi S",
          "Kurane I",
          "Mizutani T",
          "Morikawa S",
          "Saijo M"
        ],
        "date": "2005-06-30",
        "db": "PubMed",
        "db_id": "15916886",
        "db_name": "Biochimica et biophysica acta",
        "first": "Mizutani T",
        "last": "Morikawa S",
        "pages": "4-10",
        "volume": "1741"
      },
      "evidence": "The majority of the virus in a seed could induce the apoptotic cell death of Vero E6 cells [13]",
      "key": "33a66cd85313d4d065b7bc8aaf512f75",
      "line": 64,
      "relation": "increases",
      "source": 0,
      "target": 1
    },
    {
      "annotations": {
        "BioAssay": {
          "western blot": true
        },
        "CellLine": {
          "VERO C1008 cell": true
        },
        "Custom_Species": {
          "60711": true
        },
        "PublicationStatus": {
          "Published": true
        },
        "PublicationType": {
          "Rapid report": true
        },
        "Section": {
          "Full Text": true
        }
      },
      "citation": {
        "authors": [
          "Fukushi S",
          "Kurane I",
          "Mizutani T",
          "Morikawa S",
          "Saijo M"
        ],
        "date": "2005-06-30",
        "db": "PubMed",
        "db_id": "15916886",
        "db_name": "Biochimica et biophysica acta",
        "first": "Mizutani T",
        "last": "Morikawa S",
        "pages": "4-10",
        "volume": "1741"
      },
      "evidence": "This result suggested that, at least, the phosphorylation of Akt in viral infected cells were necessary to establish persistence.",
      "key": "56cdee59c9e213f249696f05d8a47252",
      "line": 73,
      "relation": "increases",
      "source": 0,
      "target": 6
    },
    {
      "annotations": {
        "CellLine": {
          "VERO C1008 cell": true
        },
        "Custom_Species": {
          "60711": true
        },
        "PublicationStatus": {
          "Published": true
        },
        "PublicationType": {
          "Rapid report": true
        },
        "Section": {
          "Full Text": true
        }
      },
      "citation": {
        "authors": [
          "Fukushi S",
          "Kurane I",
          "Mizutani T",
          "Morikawa S",
          "Saijo M"
        ],
        "date": "2005-06-30",
        "db": "PubMed",
        "db_id": "15916886",
        "db_name": "Biochimica et biophysica acta",
        "first": "Mizutani T",
        "last": "Morikawa S",
        "pages": "4-10",
        "volume": "1741"
      },
      "evidence": "These results indicated that the persistently infected Vero E6 cells produce infectious viruses.",
      "key": "4511b72341623d6bf230363622b9c519",
      "line": 50,
      "relation": "increases",
      "source": 10,
      "target": 4
    },
    {
      "annotations": {
        "CellLine": {
          "VERO C1008 cell": true
        },
        "Custom_Species": {
          "60711": true
        },
        "PublicationStatus": {
          "Published": true
        },
        "PublicationType": {
          "Rapid report": true
        },
        "Section": {
          "Full Text": true
        }
      },
      "citation": {
        "authors": [
          "Fukushi S",
          "Kurane I",
          "Mizutani T",
          "Morikawa S",
          "Saijo M"
        ],
        "date": "2005-06-30",
        "db": "PubMed",
        "db_id": "15916886",
        "db_name": "Biochimica et biophysica acta",
        "first": "Mizutani T",
        "last": "Morikawa S",
        "pages": "4-10",
        "volume": "1741"
      },
      "evidence": "The amount of mRNA8 and 9 of the persistent cells are 81.4% of the acute infected cells.",
      "key": "25636169348a3d1ac4b26581c1aabb01",
      "line": 54,
      "relation": "increases",
      "source": 10,
      "target": 2
    },
    {
      "annotations": {
        "CellLine": {
          "VERO C1008 cell": true
        },
        "Custom_Species": {
          "60711": true
        },
        "PublicationStatus": {
          "Published": true
        },
        "PublicationType": {
          "Rapid report": true
        },
        "Section": {
          "Full Text": true
        }
      },
      "citation": {
        "authors": [
          "Fukushi S",
          "Kurane I",
          "Mizutani T",
          "Morikawa S",
          "Saijo M"
        ],
        "date": "2005-06-30",
        "db": "PubMed",
        "db_id": "15916886",
        "db_name": "Biochimica et biophysica acta",
        "first": "Mizutani T",
        "last": "Morikawa S",
        "pages": "4-10",
        "volume": "1741"
      },
      "evidence": "These results indicated that the persistently infected Vero E6 cells produce infectious viruses.",
      "key": "dcccbf1b1ea03de6739814ae7fdeb763",
      "line": 51,
      "relation": "association",
      "source": 4,
      "target": 0
    },
    {
      "annotations": {
        "CellLine": {
          "VERO C1008 cell": true
        },
        "Custom_Species": {
          "60711": true
        },
        "PublicationStatus": {
          "Published": true
        },
        "PublicationType": {
          "Rapid report": true
        },
        "Section": {
          "Full Text": true
        }
      },
      "citation": {
        "authors": [
          "Fukushi S",
          "Kurane I",
          "Mizutani T",
          "Morikawa S",
          "Saijo M"
        ],
        "date": "2005-06-30",
        "db": "PubMed",
        "db_id": "15916886",
        "db_name": "Biochimica et biophysica acta",
        "first": "Mizutani T",
        "last": "Morikawa S",
        "pages": "4-10",
        "volume": "1741"
      },
      "evidence": "The amount of mRNA8 and 9 of the persistent cells are 81.4% of the acute infected cells.",
      "key": "83e76d801e018e4d167fed3f10d7819b",
      "line": 55,
      "relation": "association",
      "source": 2,
      "target": 0
    },
    {
      "annotations": {
        "CellLine": {
          "VERO C1008 cell": true
        },
        "Custom_Species": {
          "60711": true
        },
        "PublicationStatus": {
          "Published": true
        },
        "PublicationType": {
          "Rapid report": true
        },
        "Section": {
          "Full Text": true
        }
      },
      "citation": {
        "authors": [
          "Fukushi S",
          "Kurane I",
          "Mizutani T",
          "Morikawa S",
          "Saijo M"
        ],
        "date": "2005-06-30",
        "db": "PubMed",
        "db_id": "15916886",
        "db_name": "Biochimica et biophysica acta",
        "first": "Mizutani T",
        "last": "Morikawa S",
        "pages": "4-10",
        "volume": "1741"
      },
      "evidence": "As shown in Fig. 6, SB203580 as an inhibitor of p38 MAPK and PD98059 as an inhibitor of MEK1/2 did not affect the establishment of persistent infection, whereas no surviving cells were observed following treatment with SP600125, an inhibitor of JNK, or LY294002, an inhibitor of PI3K/Akt.",
      "key": "b2a4f79c3bbbc50579f122539e2743d4",
      "line": 67,
      "relation": "increases",
      "source": 9,
      "target": 3
    },
    {
      "annotations": {
        "CellLine": {
          "VERO C1008 cell": true
        },
        "Custom_Species": {
          "60711": true
        },
        "PublicationStatus": {
          "Published": true
        },
        "PublicationType": {
          "Rapid report": true
        },
        "Section": {
          "Full Text": true
        }
      },
      "citation": {
        "authors": [
          "Fukushi S",
          "Kurane I",
          "Mizutani T",
          "Morikawa S",
          "Saijo M"
        ],
        "date": "2005-06-30",
        "db": "PubMed",
        "db_id": "15916886",
        "db_name": "Biochimica et biophysica acta",
        "first": "Mizutani T",
        "last": "Morikawa S",
        "pages": "4-10",
        "volume": "1741"
      },
      "evidence": "As shown in Fig. 6, SB203580 as an inhibitor of p38 MAPK and PD98059 as an inhibitor of MEK1/2 did not affect the establishment of persistent infection, whereas no surviving cells were observed following treatment with SP600125, an inhibitor of JNK, or LY294002, an inhibitor of PI3K/Akt.",
      "key": "5f6d0ca87b803ead001cea9e20ad8e9d",
      "line": 68,
      "relation": "increases",
      "source": 8,
      "target": 3
    },
    {
      "annotations": {
        "CellLine": {
          "VERO C1008 cell": true
        },
        "Custom_Species": {
          "60711": true
        },
        "PublicationStatus": {
          "Published": true
        },
        "PublicationType": {
          "Rapid report": true
        },
        "Section": {
          "Full Text": true
        }
      },
      "citation": {
        "authors": [
          "Fukushi S",
          "Kurane I",
          "Mizutani T",
          "Morikawa S",
          "Saijo M"
        ],
        "date": "2005-06-30",
        "db": "PubMed",
        "db_id": "15916886",
        "db_name": "Biochimica et biophysica acta",
        "first": "Mizutani T",
        "last": "Morikawa S",
        "pages": "4-10",
        "volume": "1741"
      },
      "evidence": "As shown in Fig. 6, SB203580 as an inhibitor of p38 MAPK and PD98059 as an inhibitor of MEK1/2 did not affect the establishment of persistent infection, whereas no surviving cells were observed following treatment with SP600125, an inhibitor of JNK, or LY294002, an inhibitor of PI3K/Akt.",
      "key": "de369deac2b58b834183f1b99759e004",
      "line": 69,
      "relation": "increases",
      "source": 5,
      "target": 3
    },
    {
      "key": "1d816d83ad23d30c20a799175d16de0d",
      "relation": "hasVariant",
      "source": 5,
      "target": 6
    },
    {
      "annotations": {
        "BioAssay": {
          "western blot": true
        },
        "CellLine": {
          "VERO C1008 cell": true
        },
        "Custom_Species": {
          "60711": true
        },
        "PublicationStatus": {
          "Published": true
        },
        "PublicationType": {
          "Rapid report": true
        },
        "Section": {
          "Full Text": true
        }
      },
      "citation": {
        "authors": [
          "Fukushi S",
          "Kurane I",
          "Mizutani T",
          "Morikawa S",
          "Saijo M"
        ],
        "date": "2005-06-30",
        "db": "PubMed",
        "db_id": "15916886",
        "db_name": "Biochimica et biophysica acta",
        "first": "Mizutani T",
        "last": "Morikawa S",
        "pages": "4-10",
        "volume": "1741"
      },
      "evidence": "This result suggested that, at least, the phosphorylation of Akt in viral infected cells were necessary to establish persistence.",
      "key": "d237302747dd2e3721e6776211777ac0",
      "line": 74,
      "relation": "increases",
      "source": 6,
      "target": 3
    }
  ],
  "multigraph": true,
  "nodes": [
    {
      "bel": "a(TAX:\"Severe acute respiratory syndrome-related coronavirus\")",
      "concept": {
        "name": "Severe acute respiratory syndrome-related coronavirus",
        "namespace": "TAX"
      },
      "function": "Abundance",
      "id": "a824ba056422b4e42996cd3269ec9a19"
    },
    {
      "bel": "bp(GO:\"apoptotic process\")",
      "concept": {
        "name": "apoptotic process",
        "namespace": "GO"
      },
      "function": "BiologicalProcess",
      "id": "9eb8739869ef0e82697f61a33d3d6afa"
    },
    {
      "bel": "bp(GO:\"viral genome replication\")",
      "concept": {
        "name": "viral genome replication",
        "namespace": "GO"
      },
      "function": "BiologicalProcess",
      "id": "e08b08a1af1179857efa22393f4badf4"
    },
    {
      "bel": "bp(MESH:\"Cell Survival\")",
      "concept": {
        "name": "Cell Survival",
        "namespace": "MESH"
      },
      "function": "BiologicalProcess",
      "id": "c6f26bea83787c63169a3fcb728da799"
    },
    {
      "bel": "bp(MESH:\"Virus Replication\")",
      "concept": {
        "name": "Virus Replication",
        "namespace": "MESH"
      },
      "function": "BiologicalProcess",
      "id": "f511c0a55a7b8aa880279fba6181fd8c"
    },
    {
      "bel": "p(UNIPROT:A0A0D9RBG0)",
      "concept": {
        "name": "A0A0D9RBG0",
        "namespace": "UNIPROT"
      },
      "function": "Protein",
      "id": "c861db85c7356d9607331ef2fcb59ef8"
    },
    {
      "bel": "p(UNIPROT:A0A0D9RBG0, pmod(Ph))",
      "concept": {
        "name": "A0A0D9RBG0",
        "namespace": "UNIPROT"
      },
      "function": "Protein",
      "id": "b83532ef4280dc1dee6dd6ee9ed551a1",
      "variants": [
        {
          "concept": {
            "name": "Ph",
            "namespace": "bel"
          },
          "kind": "pmod"
        }
      ]
    },
    {
      "bel": "p(UNIPROT:A0A0D9RQZ0)",
      "concept": {
        "name": "A0A0D9RQZ0",
        "namespace": "UNIPROT"
      },
      "function": "Protein",
      "id": "739508b2289934835fb174b9da81b196"
    },
    {
      "bel": "p(UNIPROT:A0A0D9RTM6)",
      "concept": {
        "name": "A0A0D9RTM6",
        "namespace": "UNIPROT"
      },
      "function": "Protein",
      "id": "072ba2e23798386093c378f8ed2d376f"
    },
    {
      "bel": "p(UNIPROT:A0A0D9SAF4)",
      "concept": {
        "name": "A0A0D9SAF4",
        "namespace": "UNIPROT"
      },
      "function": "Protein",
      "id": "68a4f554654e50943e3c0b177667830c"
    },
    {
      "bel": "path(HP:\"Severe viral infection\")",
      "concept": {
        "name": "Severe viral infection",
        "namespace": "HP"
      },
      "function": "Pathology",
      "id": "34677cfb1ed1ef312d43f05ea52d6281"
    }
  ]
}