{
  "directed": true,
  "graph": {
    "annotation_list": {
      "Assay": [
        "Q-TOF mass spectrometry"
      ],
      "Custom_CellLine": [
        "HL-CZ cell"
      ],
      "PublicationStatus": [
        "Published"
      ],
      "PublicationType": [
        "Research"
      ],
      "Sample": [
        "cell lysate",
        "culture medium"
      ],
      "Section": [
        "Results"
      ]
    },
    "annotation_pattern": {
      "BioAssay": ".*"
    },
    "annotation_url": {
      "Species": "https://arty.scai.fraunhofer.de/artifactory/bel/annotation/species-taxonomy-id/species-taxonomy-id-20170511.belanno",
      "TextLocation": "https://arty.scai.fraunhofer.de/artifactory/bel/annotation/text-location/text-location-1.0.1.belanno"
    },
    "document_metadata": {
      "authors": "Abish K",
      "contact": "abish@causalitybiomodels.com",
      "copyright": "Copyright © 2020 Fraunhofer Institute SCAI, All rights reserved",
      "description": "COVID Knowledge Curation project",
      "licenses": "Private Ownership to Fraunhofer Institute SCAI",
      "name": "22936401.bel",
      "version": "2.0.0"
    },
    "namespace_pattern": {
      "UNIPROT": "^([A-N,R-Z][0-9]([A-Z][A-Z, 0-9][A-Z, 0-9][0-9]){1,2})|([O,P,Q][0-9][A-Z, 0-9][A-Z, 0-9][A-Z, 0-9][0-9])(\\.\\d+)?$"
    },
    "namespace_url": {
      "CHEBI": "https://arty.scai.fraunhofer.de/artifactory/bel/namespace/chebi/chebi-20190708.belns",
      "GO": "https://arty.scai.fraunhofer.de/artifactory/bel/namespace/go/go-20180109.belns",
      "HGNC": "https://arty.scai.fraunhofer.de/artifactory/bel/namespace/hgnc/hgnc-20190708.belns",
      "TAX": "https://arty.scai.fraunhofer.de/artifactory/bel/namespace/ncbi-taxonomy/ncbi-taxonomy-20200322.belns"
    },
    "path": "22936401.bel",
    "pybel_version": "0.14.6"
  },
  "links": [
    {
      "annotations": {
        "BioAssay": {
          "quantitative PCR": true
        },
        "Custom_CellLine": {
          "HL-CZ cell": true
        },
        "PublicationStatus": {
          "Published": true
        },
        "PublicationType": {
          "Research": true
        },
        "Section": {
          "Results": true
        },
        "Species": {
          "9606": true
        }
      },
      "citation": {
        "authors": [
          "Lai CC",
          "Li SW",
          "Lin CW",
          "Lin YJ",
          "Tsai FJ",
          "Wan L",
          "Yang TC"
        ],
        "date": "2012-11-01",
        "db": "PubMed",
        "db_id": "22936401",
        "db_name": "Proteomics",
        "first": "Li SW",
        "last": "Lin CW",
        "pages": "3193-205",
        "volume": "12"
      },
      "evidence": "PLpro alone induced mRNA expression of TGF-b1 (greater than four fold), IL-1a (approximately three fold),and RANTES (approximately two fold) (Fig. 2A, D, and E), yet no signifi- cant rise in TNF-a and IFN-a compared to vector controls (Fig. 2B and C).",
      "key": "8e26528e3e8a8dbda341a7c61054575c",
      "line": 52,
      "relation": "increases",
      "source": 19,
      "target": 25
    },
    {
      "annotations": {
        "BioAssay": {
          "quantitative PCR": true
        },
        "Custom_CellLine": {
          "HL-CZ cell": true
        },
        "PublicationStatus": {
          "Published": true
        },
        "PublicationType": {
          "Research": true
        },
        "Section": {
          "Results": true
        },
        "Species": {
          "9606": true
        }
      },
      "citation": {
        "authors": [
          "Lai CC",
          "Li SW",
          "Lin CW",
          "Lin YJ",
          "Tsai FJ",
          "Wan L",
          "Yang TC"
        ],
        "date": "2012-11-01",
        "db": "PubMed",
        "db_id": "22936401",
        "db_name": "Proteomics",
        "first": "Li SW",
        "last": "Lin CW",
        "pages": "3193-205",
        "volume": "12"
      },
      "evidence": "PLpro alone induced mRNA expression of TGF-b1 (greater than four fold), IL-1a (approximately three fold),and RANTES (approximately two fold) (Fig. 2A, D, and E), yet no signifi- cant rise in TNF-a and IFN-a compared to vector controls (Fig. 2B and C).",
      "key": "3f2955c55e334e586b5df0d5907acc28",
      "line": 53,
      "relation": "increases",
      "source": 19,
      "target": 23
    },
    {
      "annotations": {
        "BioAssay": {
          "quantitative PCR": true
        },
        "Custom_CellLine": {
          "HL-CZ cell": true
        },
        "PublicationStatus": {
          "Published": true
        },
        "PublicationType": {
          "Research": true
        },
        "Section": {
          "Results": true
        },
        "Species": {
          "9606": true
        }
      },
      "citation": {
        "authors": [
          "Lai CC",
          "Li SW",
          "Lin CW",
          "Lin YJ",
          "Tsai FJ",
          "Wan L",
          "Yang TC"
        ],
        "date": "2012-11-01",
        "db": "PubMed",
        "db_id": "22936401",
        "db_name": "Proteomics",
        "first": "Li SW",
        "last": "Lin CW",
        "pages": "3193-205",
        "volume": "12"
      },
      "evidence": "PLpro alone induced mRNA expression of TGF-b1 (greater than four fold), IL-1a (approximately three fold),and RANTES (approximately two fold) (Fig. 2A, D, and E), yet no signifi- cant rise in TNF-a and IFN-a compared to vector controls (Fig. 2B and C).",
      "key": "7d0ac67979046d93c7cb01c5051041cf",
      "line": 54,
      "relation": "increases",
      "source": 19,
      "target": 20
    },
    {
      "key": "502316dd0ef19856511291a1a91b2d51",
      "relation": "partOf",
      "source": 19,
      "target": 9
    },
    {
      "annotations": {
        "Custom_CellLine": {
          "HL-CZ cell": true
        },
        "PublicationStatus": {
          "Published": true
        },
        "PublicationType": {
          "Research": true
        },
        "Sample": {
          "cell lysate": true,
          "culture medium": true
        },
        "Section": {
          "Results": true
        },
        "Species": {
          "9606": true
        }
      },
      "citation": {
        "authors": [
          "Lai CC",
          "Li SW",
          "Lin CW",
          "Lin YJ",
          "Tsai FJ",
          "Wan L",
          "Yang TC"
        ],
        "date": "2012-11-01",
        "db": "PubMed",
        "db_id": "22936401",
        "db_name": "Proteomics",
        "first": "Li SW",
        "last": "Lin CW",
        "pages": "3193-205",
        "volume": "12"
      },
      "evidence": "TGF-b1 in cultured media and cell lysates of PLpro-expressing cells were twice as high as in vector controls, indicating that PLpro plays a unique role in upregulating TGF-b1 production.",
      "key": "3370d4d252e3ef3ce5d0bd3c34b59fbc",
      "line": 71,
      "relation": "increases",
      "source": 19,
      "subject": {
        "modifier": "Activity"
      },
      "target": 16
    },
    {
      "annotations": {
        "Custom_CellLine": {
          "HL-CZ cell": true
        },
        "PublicationStatus": {
          "Published": true
        },
        "PublicationType": {
          "Research": true
        },
        "Section": {
          "Results": true
        },
        "Species": {
          "9606": true
        }
      },
      "citation": {
        "authors": [
          "Lai CC",
          "Li SW",
          "Lin CW",
          "Lin YJ",
          "Tsai FJ",
          "Wan L",
          "Yang TC"
        ],
        "date": "2012-11-01",
        "db": "PubMed",
        "db_id": "22936401",
        "db_name": "Proteomics",
        "first": "Li SW",
        "last": "Lin CW",
        "pages": "3193-205",
        "volume": "12"
      },
      "evidence": "Results indicated the activation of p38 MAPK- and ERK1/2-mediated signaling linking with induction of TGF-?1 and upregulation of vimentin by PLpro.",
      "key": "342826cf710d1b2a92ae33639841b747",
      "line": 165,
      "relation": "increases",
      "source": 19,
      "subject": {
        "modifier": "Activity"
      },
      "target": 16
    },
    {
      "annotations": {
        "BioAssay": {
          "mass spectrometry": true
        },
        "Custom_CellLine": {
          "HL-CZ cell": true
        },
        "PublicationStatus": {
          "Published": true
        },
        "PublicationType": {
          "Research": true
        },
        "Section": {
          "Results": true
        },
        "Species": {
          "9606": true
        }
      },
      "citation": {
        "authors": [
          "Lai CC",
          "Li SW",
          "Lin CW",
          "Lin YJ",
          "Tsai FJ",
          "Wan L",
          "Yang TC"
        ],
        "date": "2012-11-01",
        "db": "PubMed",
        "db_id": "22936401",
        "db_name": "Proteomics",
        "first": "Li SW",
        "last": "Lin CW",
        "pages": "3193-205",
        "volume": "12"
      },
      "evidence": "MS analysis of HSP27 (Spot ID 1) showed a Mascot score of 161, five matched peptides, and sequence coverage of 37%; vimentin (Spot ID 7) showed a Mascot score of 1420, sequence coverage of 71%, and 14 matched peptides",
      "key": "905c2433ad9b62c59634b67662094813",
      "line": 80,
      "relation": "increases",
      "source": 19,
      "subject": {
        "modifier": "Activity"
      },
      "target": 11
    },
    {
      "annotations": {
        "Assay": {
          "Q-TOF mass spectrometry": true
        },
        "Custom_CellLine": {
          "HL-CZ cell": true
        },
        "PublicationStatus": {
          "Published": true
        },
        "PublicationType": {
          "Research": true
        },
        "Section": {
          "Results": true
        },
        "Species": {
          "9606": true
        }
      },
      "citation": {
        "authors": [
          "Lai CC",
          "Li SW",
          "Lin CW",
          "Lin YJ",
          "Tsai FJ",
          "Wan L",
          "Yang TC"
        ],
        "date": "2012-11-01",
        "db": "PubMed",
        "db_id": "22936401",
        "db_name": "Proteomics",
        "first": "Li SW",
        "last": "Lin CW",
        "pages": "3193-205",
        "volume": "12"
      },
      "evidence": "Peptide peaks from Q-TOF MS analysis from three representative spots of interest, vimentin (Spot ID 7), glial fibrillary acidic protein (Spot ID 17), and HSP27 (Spot ID 1) appear in Supporting Information Fig. S1A–C.",
      "key": "af925c81e5fdfb6ac852a5ddacf44e9c",
      "line": 90,
      "relation": "increases",
      "source": 19,
      "subject": {
        "modifier": "Activity"
      },
      "target": 11
    },
    {
      "annotations": {
        "BioAssay": {
          "western blot": true
        },
        "Custom_CellLine": {
          "HL-CZ cell": true
        },
        "PublicationStatus": {
          "Published": true
        },
        "PublicationType": {
          "Research": true
        },
        "Section": {
          "Results": true
        },
        "Species": {
          "9606": true
        }
      },
      "citation": {
        "authors": [
          "Lai CC",
          "Li SW",
          "Lin CW",
          "Lin YJ",
          "Tsai FJ",
          "Wan L",
          "Yang TC"
        ],
        "date": "2012-11-01",
        "db": "PubMed",
        "db_id": "22936401",
        "db_name": "Proteomics",
        "first": "Li SW",
        "last": "Lin CW",
        "pages": "3193-205",
        "volume": "12"
      },
      "evidence": "Analyzing cell lysates by Western blot confirms protein profiling induced by PLpro (Fig. 5), i.e. significant rise of vimentin and HSP27 coupled with substantial decline of ERK1 in PLpro- expressing cells compared to vector controls, consistent with 2DE/Q-TOF MS/MS analysis in Fig. 4, Tables 1 and 2.",
      "key": "b455fdd36437ce109c4258429d0d84f6",
      "line": 102,
      "relation": "increases",
      "source": 19,
      "subject": {
        "modifier": "Activity"
      },
      "target": 11
    },
    {
      "annotations": {
        "BioAssay": {
          "mass spectrometry": true
        },
        "Custom_CellLine": {
          "HL-CZ cell": true
        },
        "PublicationStatus": {
          "Published": true
        },
        "PublicationType": {
          "Research": true
        },
        "Section": {
          "Results": true
        },
        "Species": {
          "9606": true
        }
      },
      "citation": {
        "authors": [
          "Lai CC",
          "Li SW",
          "Lin CW",
          "Lin YJ",
          "Tsai FJ",
          "Wan L",
          "Yang TC"
        ],
        "date": "2012-11-01",
        "db": "PubMed",
        "db_id": "22936401",
        "db_name": "Proteomics",
        "first": "Li SW",
        "last": "Lin CW",
        "pages": "3193-205",
        "volume": "12"
      },
      "evidence": "MS analysis of HSP27 (Spot ID 1) showed a Mascot score of 161, five matched peptides, and sequence coverage of 37%; vimentin (Spot ID 7) showed a Mascot score of 1420, sequence coverage of 71%, and 14 matched peptides",
      "key": "8719bdf7bee52c2f840660343500d2cf",
      "line": 81,
      "relation": "increases",
      "source": 19,
      "subject": {
        "modifier": "Activity"
      },
      "target": 17
    },
    {
      "annotations": {
        "Assay": {
          "Q-TOF mass spectrometry": true
        },
        "Custom_CellLine": {
          "HL-CZ cell": true
        },
        "PublicationStatus": {
          "Published": true
        },
        "PublicationType": {
          "Research": true
        },
        "Section": {
          "Results": true
        },
        "Species": {
          "9606": true
        }
      },
      "citation": {
        "authors": [
          "Lai CC",
          "Li SW",
          "Lin CW",
          "Lin YJ",
          "Tsai FJ",
          "Wan L",
          "Yang TC"
        ],
        "date": "2012-11-01",
        "db": "PubMed",
        "db_id": "22936401",
        "db_name": "Proteomics",
        "first": "Li SW",
        "last": "Lin CW",
        "pages": "3193-205",
        "volume": "12"
      },
      "evidence": "Peptide peaks from Q-TOF MS analysis from three representative spots of interest, vimentin (Spot ID 7), glial fibrillary acidic protein (Spot ID 17), and HSP27 (Spot ID 1) appear in Supporting Information Fig. S1A–C.",
      "key": "721a6c06a4a8e0596bd765a85615b952",
      "line": 91,
      "relation": "increases",
      "source": 19,
      "subject": {
        "modifier": "Activity"
      },
      "target": 17
    },
    {
      "annotations": {
        "BioAssay": {
          "western blot": true
        },
        "Custom_CellLine": {
          "HL-CZ cell": true
        },
        "PublicationStatus": {
          "Published": true
        },
        "PublicationType": {
          "Research": true
        },
        "Section": {
          "Results": true
        },
        "Species": {
          "9606": true
        }
      },
      "citation": {
        "authors": [
          "Lai CC",
          "Li SW",
          "Lin CW",
          "Lin YJ",
          "Tsai FJ",
          "Wan L",
          "Yang TC"
        ],
        "date": "2012-11-01",
        "db": "PubMed",
        "db_id": "22936401",
        "db_name": "Proteomics",
        "first": "Li SW",
        "last": "Lin CW",
        "pages": "3193-205",
        "volume": "12"
      },
      "evidence": "Analyzing cell lysates by Western blot confirms protein profiling induced by PLpro (Fig. 5), i.e. significant rise of vimentin and HSP27 coupled with substantial decline of ERK1 in PLpro- expressing cells compared to vector controls, consistent with 2DE/Q-TOF MS/MS analysis in Fig. 4, Tables 1 and 2.",
      "key": "a9ac132367fa0cfa2df59a9a0ea378fd",
      "line": 103,
      "relation": "increases",
      "source": 19,
      "subject": {
        "modifier": "Activity"
      },
      "target": 17
    },
    {
      "annotations": {
        "Custom_CellLine": {
          "HL-CZ cell": true
        },
        "PublicationStatus": {
          "Published": true
        },
        "PublicationType": {
          "Research": true
        },
        "Section": {
          "Results": true
        },
        "Species": {
          "9606": true
        }
      },
      "citation": {
        "authors": [
          "Lai CC",
          "Li SW",
          "Lin CW",
          "Lin YJ",
          "Tsai FJ",
          "Wan L",
          "Yang TC"
        ],
        "date": "2012-11-01",
        "db": "PubMed",
        "db_id": "22936401",
        "db_name": "Proteomics",
        "first": "Li SW",
        "last": "Lin CW",
        "pages": "3193-205",
        "volume": "12"
      },
      "evidence": "Results indicated the activation of p38 MAPK- and ERK1/2-mediated signaling linking with induction of TGF-?1 and upregulation of vimentin by PLpro.",
      "key": "6e837676d12f258f492975905d0b83be",
      "line": 166,
      "relation": "increases",
      "source": 19,
      "subject": {
        "modifier": "Activity"
      },
      "target": 17
    },
    {
      "annotations": {
        "Assay": {
          "Q-TOF mass spectrometry": true
        },
        "Custom_CellLine": {
          "HL-CZ cell": true
        },
        "PublicationStatus": {
          "Published": true
        },
        "PublicationType": {
          "Research": true
        },
        "Section": {
          "Results": true
        },
        "Species": {
          "9606": true
        }
      },
      "citation": {
        "authors": [
          "Lai CC",
          "Li SW",
          "Lin CW",
          "Lin YJ",
          "Tsai FJ",
          "Wan L",
          "Yang TC"
        ],
        "date": "2012-11-01",
        "db": "PubMed",
        "db_id": "22936401",
        "db_name": "Proteomics",
        "first": "Li SW",
        "last": "Lin CW",
        "pages": "3193-205",
        "volume": "12"
      },
      "evidence": "Peptide peaks from Q-TOF MS analysis from three representative spots of interest, vimentin (Spot ID 7), glial fibrillary acidic protein (Spot ID 17), and HSP27 (Spot ID 1) appear in Supporting Information Fig. S1A–C.",
      "key": "25ce52a960e29bc7fff83d052106a43f",
      "line": 92,
      "relation": "increases",
      "source": 19,
      "subject": {
        "modifier": "Activity"
      },
      "target": 10
    },
    {
      "annotations": {
        "BioAssay": {
          "western blot": true
        },
        "Custom_CellLine": {
          "HL-CZ cell": true
        },
        "PublicationStatus": {
          "Published": true
        },
        "PublicationType": {
          "Research": true
        },
        "Section": {
          "Results": true
        },
        "Species": {
          "9606": true
        }
      },
      "citation": {
        "authors": [
          "Lai CC",
          "Li SW",
          "Lin CW",
          "Lin YJ",
          "Tsai FJ",
          "Wan L",
          "Yang TC"
        ],
        "date": "2012-11-01",
        "db": "PubMed",
        "db_id": "22936401",
        "db_name": "Proteomics",
        "first": "Li SW",
        "last": "Lin CW",
        "pages": "3193-205",
        "volume": "12"
      },
      "evidence": "Analyzing cell lysates by Western blot confirms protein profiling induced by PLpro (Fig. 5), i.e. significant rise of vimentin and HSP27 coupled with substantial decline of ERK1 in PLpro- expressing cells compared to vector controls, consistent with 2DE/Q-TOF MS/MS analysis in Fig. 4, Tables 1 and 2.",
      "key": "3bc2cc6f0814e32788492152bc4ccf74",
      "line": 104,
      "relation": "decreases",
      "source": 19,
      "subject": {
        "modifier": "Activity"
      },
      "target": 15
    },
    {
      "annotations": {
        "BioAssay": {
          "quantitative PCR": true
        },
        "Custom_CellLine": {
          "HL-CZ cell": true
        },
        "PublicationStatus": {
          "Published": true
        },
        "PublicationType": {
          "Research": true
        },
        "Section": {
          "Results": true
        },
        "Species": {
          "9606": true
        }
      },
      "citation": {
        "authors": [
          "Lai CC",
          "Li SW",
          "Lin CW",
          "Lin YJ",
          "Tsai FJ",
          "Wan L",
          "Yang TC"
        ],
        "date": "2012-11-01",
        "db": "PubMed",
        "db_id": "22936401",
        "db_name": "Proteomics",
        "first": "Li SW",
        "last": "Lin CW",
        "pages": "3193-205",
        "volume": "12"
      },
      "evidence": "Moreover, quantitative real-time PCR indicated mRNA expression of ubiquitin-conjugating enzyme E2–25 kDa (Spot ID 3) and protein disulfide isomerase A3 precursor (Spot ID 11) upregulated two fold in PLpro-expressing cells, but no change in controls (Supporting Information Fig. S2), supporting 2D/MS data (Fig. 4 and Table 1).",
      "key": "97f7db79e733272e314dc4f75111f7b2",
      "line": 114,
      "relation": "increases",
      "source": 19,
      "subject": {
        "modifier": "Activity"
      },
      "target": 27
    },
    {
      "annotations": {
        "BioAssay": {
          "quantitative PCR": true
        },
        "Custom_CellLine": {
          "HL-CZ cell": true
        },
        "PublicationStatus": {
          "Published": true
        },
        "PublicationType": {
          "Research": true
        },
        "Section": {
          "Results": true
        },
        "Species": {
          "9606": true
        }
      },
      "citation": {
        "authors": [
          "Lai CC",
          "Li SW",
          "Lin CW",
          "Lin YJ",
          "Tsai FJ",
          "Wan L",
          "Yang TC"
        ],
        "date": "2012-11-01",
        "db": "PubMed",
        "db_id": "22936401",
        "db_name": "Proteomics",
        "first": "Li SW",
        "last": "Lin CW",
        "pages": "3193-205",
        "volume": "12"
      },
      "evidence": "Moreover, quantitative real-time PCR indicated mRNA expression of ubiquitin-conjugating enzyme E2–25 kDa (Spot ID 3) and protein disulfide isomerase A3 precursor (Spot ID 11) upregulated two fold in PLpro-expressing cells, but no change in controls (Supporting Information Fig. S2), supporting 2D/MS data (Fig. 4 and Table 1).",
      "key": "1783dcd9432c667886c6120d365edfa3",
      "line": 115,
      "relation": "increases",
      "source": 19,
      "subject": {
        "modifier": "Activity"
      },
      "target": 24
    },
    {
      "key": "e5e718c35aa59214ee59906a04299e19",
      "relation": "partOf",
      "source": 19,
      "target": 6
    },
    {
      "key": "d2d335343bb33f0d3cb42707be63263b",
      "relation": "partOf",
      "source": 19,
      "target": 7
    },
    {
      "key": "03022bc6f475146865f785b401ff8874",
      "relation": "partOf",
      "source": 19,
      "target": 8
    },
    {
      "annotations": {
        "Custom_CellLine": {
          "HL-CZ cell": true
        },
        "PublicationStatus": {
          "Published": true
        },
        "PublicationType": {
          "Research": true
        },
        "Section": {
          "Results": true
        },
        "Species": {
          "9606": true
        }
      },
      "citation": {
        "authors": [
          "Lai CC",
          "Li SW",
          "Lin CW",
          "Lin YJ",
          "Tsai FJ",
          "Wan L",
          "Yang TC"
        ],
        "date": "2012-11-01",
        "db": "PubMed",
        "db_id": "22936401",
        "db_name": "Proteomics",
        "first": "Li SW",
        "last": "Lin CW",
        "pages": "3193-205",
        "volume": "12"
      },
      "evidence": "Results indicated the activation of p38 MAPK- and ERK1/2-mediated signaling linking with induction of TGF-?1 and upregulation of vimentin by PLpro.",
      "key": "ac17bf596cce6e3bb6e99554bfb73678",
      "line": 163,
      "relation": "association",
      "source": 19,
      "subject": {
        "modifier": "Activity"
      },
      "target": 5
    },
    {
      "annotations": {
        "Custom_CellLine": {
          "HL-CZ cell": true
        },
        "PublicationStatus": {
          "Published": true
        },
        "PublicationType": {
          "Research": true
        },
        "Section": {
          "Results": true
        },
        "Species": {
          "9606": true
        }
      },
      "citation": {
        "authors": [
          "Lai CC",
          "Li SW",
          "Lin CW",
          "Lin YJ",
          "Tsai FJ",
          "Wan L",
          "Yang TC"
        ],
        "date": "2012-11-01",
        "db": "PubMed",
        "db_id": "22936401",
        "db_name": "Proteomics",
        "first": "Li SW",
        "last": "Lin CW",
        "pages": "3193-205",
        "volume": "12"
      },
      "evidence": "Results indicated the activation of p38 MAPK- and ERK1/2-mediated signaling linking with induction of TGF-?1 and upregulation of vimentin by PLpro.",
      "key": "b61f9e3a93904c467d9bc90b44cb6e4d",
      "line": 164,
      "relation": "association",
      "source": 19,
      "subject": {
        "modifier": "Activity"
      },
      "target": 4
    },
    {
      "key": "7eeb558546143eabfe0f739fc20b26d6",
      "relation": "hasVariant",
      "source": 18,
      "target": 19
    },
    {
      "annotations": {
        "BioAssay": {
          "quantitative PCR": true
        },
        "Custom_CellLine": {
          "HL-CZ cell": true
        },
        "PublicationStatus": {
          "Published": true
        },
        "PublicationType": {
          "Research": true
        },
        "Section": {
          "Results": true
        },
        "Species": {
          "9606": true
        }
      },
      "citation": {
        "authors": [
          "Lai CC",
          "Li SW",
          "Lin CW",
          "Lin YJ",
          "Tsai FJ",
          "Wan L",
          "Yang TC"
        ],
        "date": "2012-11-01",
        "db": "PubMed",
        "db_id": "22936401",
        "db_name": "Proteomics",
        "first": "Li SW",
        "last": "Lin CW",
        "pages": "3193-205",
        "volume": "12"
      },
      "evidence": "PLpro alone induced mRNA expression of TGF-b1 (greater than four fold), IL-1a (approximately three fold),and RANTES (approximately two fold) (Fig. 2A, D, and E), yet no signifi- cant rise in TNF-a and IFN-a compared to vector controls (Fig. 2B and C).",
      "key": "47590349ebee58c878c6917c5c69416b",
      "line": 55,
      "relation": "association",
      "source": 18,
      "target": 3
    },
    {
      "annotations": {
        "BioAssay": {
          "quantitative PCR": true
        },
        "Custom_CellLine": {
          "HL-CZ cell": true
        },
        "PublicationStatus": {
          "Published": true
        },
        "PublicationType": {
          "Research": true
        },
        "Section": {
          "Results": true
        },
        "Species": {
          "9606": true
        }
      },
      "citation": {
        "authors": [
          "Lai CC",
          "Li SW",
          "Lin CW",
          "Lin YJ",
          "Tsai FJ",
          "Wan L",
          "Yang TC"
        ],
        "date": "2012-11-01",
        "db": "PubMed",
        "db_id": "22936401",
        "db_name": "Proteomics",
        "first": "Li SW",
        "last": "Lin CW",
        "pages": "3193-205",
        "volume": "12"
      },
      "evidence": "PLpro alone induced mRNA expression of TGF-b1 (greater than four fold), IL-1a (approximately three fold),and RANTES (approximately two fold) (Fig. 2A, D, and E), yet no signifi- cant rise in TNF-a and IFN-a compared to vector controls (Fig. 2B and C).",
      "key": "7789fff6a0f9ca9f60dad3930d2fbea5",
      "line": 55,
      "relation": "association",
      "source": 3,
      "target": 18
    },
    {
      "annotations": {
        "BioAssay": {
          "quantitative PCR": true
        },
        "Custom_CellLine": {
          "HL-CZ cell": true
        },
        "PublicationStatus": {
          "Published": true
        },
        "PublicationType": {
          "Research": true
        },
        "Section": {
          "Results": true
        },
        "Species": {
          "9606": true
        }
      },
      "citation": {
        "authors": [
          "Lai CC",
          "Li SW",
          "Lin CW",
          "Lin YJ",
          "Tsai FJ",
          "Wan L",
          "Yang TC"
        ],
        "date": "2012-11-01",
        "db": "PubMed",
        "db_id": "22936401",
        "db_name": "Proteomics",
        "first": "Li SW",
        "last": "Lin CW",
        "pages": "3193-205",
        "volume": "12"
      },
      "evidence": "IFN-a treatment stimulated higher transcriptional levels of TNF-a and IFN-b, but not TGF-b1, IL-1a, and RANTES in vector controls than in PLpro-expressing cells (Fig. 2).",
      "key": "fac5cc52a9360525f642556bdaf6e808",
      "line": 62,
      "relation": "increases",
      "source": 9,
      "target": 26
    },
    {
      "annotations": {
        "BioAssay": {
          "quantitative PCR": true
        },
        "Custom_CellLine": {
          "HL-CZ cell": true
        },
        "PublicationStatus": {
          "Published": true
        },
        "PublicationType": {
          "Research": true
        },
        "Section": {
          "Results": true
        },
        "Species": {
          "9606": true
        }
      },
      "citation": {
        "authors": [
          "Lai CC",
          "Li SW",
          "Lin CW",
          "Lin YJ",
          "Tsai FJ",
          "Wan L",
          "Yang TC"
        ],
        "date": "2012-11-01",
        "db": "PubMed",
        "db_id": "22936401",
        "db_name": "Proteomics",
        "first": "Li SW",
        "last": "Lin CW",
        "pages": "3193-205",
        "volume": "12"
      },
      "evidence": "IFN-a treatment stimulated higher transcriptional levels of TNF-a and IFN-b, but not TGF-b1, IL-1a, and RANTES in vector controls than in PLpro-expressing cells (Fig. 2).",
      "key": "1adb8c82d4002e1180e339875e9660b1",
      "line": 63,
      "relation": "increases",
      "source": 9,
      "target": 22
    },
    {
      "key": "36fcee84eab54893d97ca804bd14064d",
      "relation": "partOf",
      "source": 12,
      "target": 9
    },
    {
      "annotations": {
        "BioAssay": {
          "quantitative PCR": true
        },
        "Custom_CellLine": {
          "HL-CZ cell": true
        },
        "PublicationStatus": {
          "Published": true
        },
        "PublicationType": {
          "Research": true
        },
        "Section": {
          "Results": true
        },
        "Species": {
          "9606": true
        }
      },
      "citation": {
        "authors": [
          "Lai CC",
          "Li SW",
          "Lin CW",
          "Lin YJ",
          "Tsai FJ",
          "Wan L",
          "Yang TC"
        ],
        "date": "2012-11-01",
        "db": "PubMed",
        "db_id": "22936401",
        "db_name": "Proteomics",
        "first": "Li SW",
        "last": "Lin CW",
        "pages": "3193-205",
        "volume": "12"
      },
      "evidence": "Quantitative real-time PCR assay indicated MG-132 causing more than a twofold decrease of TGF-?1 and vimentin mRNA in PLpro-expressing versus control cells (Fig. 6A).",
      "key": "c6c033974627002a32822cd0668ec88a",
      "line": 123,
      "relation": "decreases",
      "source": 6,
      "target": 25
    },
    {
      "annotations": {
        "BioAssay": {
          "quantitative PCR": true
        },
        "Custom_CellLine": {
          "HL-CZ cell": true
        },
        "PublicationStatus": {
          "Published": true
        },
        "PublicationType": {
          "Research": true
        },
        "Section": {
          "Results": true
        },
        "Species": {
          "9606": true
        }
      },
      "citation": {
        "authors": [
          "Lai CC",
          "Li SW",
          "Lin CW",
          "Lin YJ",
          "Tsai FJ",
          "Wan L",
          "Yang TC"
        ],
        "date": "2012-11-01",
        "db": "PubMed",
        "db_id": "22936401",
        "db_name": "Proteomics",
        "first": "Li SW",
        "last": "Lin CW",
        "pages": "3193-205",
        "volume": "12"
      },
      "evidence": "Quantitative real-time PCR assay indicated MG-132 causing more than a twofold decrease of TGF-?1 and vimentin mRNA in PLpro-expressing versus control cells (Fig. 6A).",
      "key": "041193579e71de9d15a34725a914dbaf",
      "line": 124,
      "relation": "decreases",
      "source": 6,
      "target": 28
    },
    {
      "annotations": {
        "BioAssay": {
          "ELISA": true
        },
        "Custom_CellLine": {
          "HL-CZ cell": true
        },
        "PublicationStatus": {
          "Published": true
        },
        "PublicationType": {
          "Research": true
        },
        "Sample": {
          "cell lysate": true
        },
        "Section": {
          "Results": true
        },
        "Species": {
          "9606": true
        }
      },
      "citation": {
        "authors": [
          "Lai CC",
          "Li SW",
          "Lin CW",
          "Lin YJ",
          "Tsai FJ",
          "Wan L",
          "Yang TC"
        ],
        "date": "2012-11-01",
        "db": "PubMed",
        "db_id": "22936401",
        "db_name": "Proteomics",
        "first": "Li SW",
        "last": "Lin CW",
        "pages": "3193-205",
        "volume": "12"
      },
      "evidence": "ELISA assays indicated MG-132 reducing TGF-?1 protein in lysates of PLpro-expressing cells by twofold and no effect on controls (Fig. 6B), proving ubiquitin–proteasomal system involvement in PLpro-induced expression of TGF-?1 and vimentin.",
      "key": "450916376773df2cec9c7b18b7f752ec",
      "line": 134,
      "relation": "decreases",
      "source": 6,
      "target": 16
    },
    {
      "key": "32522d00ffa9c9be65d181e393436457",
      "relation": "partOf",
      "source": 0,
      "target": 6
    },
    {
      "annotations": {
        "BioAssay": {
          "ELISA": true
        },
        "Custom_CellLine": {
          "HL-CZ cell": true
        },
        "PublicationStatus": {
          "Published": true
        },
        "PublicationType": {
          "Research": true
        },
        "Section": {
          "Results": true
        },
        "Species": {
          "9606": true
        }
      },
      "citation": {
        "authors": [
          "Lai CC",
          "Li SW",
          "Lin CW",
          "Lin YJ",
          "Tsai FJ",
          "Wan L",
          "Yang TC"
        ],
        "date": "2012-11-01",
        "db": "PubMed",
        "db_id": "22936401",
        "db_name": "Proteomics",
        "first": "Li SW",
        "last": "Lin CW",
        "pages": "3193-205",
        "volume": "12"
      },
      "evidence": "ELISA assay showed less PLpro-induced TGF-?1 production by SB203580 (1.5-fold) and U0126 (3.3-fold) (Fig. 7A and B).",
      "key": "17f1bcd11bf4c12be0f6545be2757766",
      "line": 142,
      "relation": "decreases",
      "source": 7,
      "target": 16
    },
    {
      "key": "793f8ecce2b24509dc2624281d34e2e4",
      "relation": "partOf",
      "source": 1,
      "target": 7
    },
    {
      "annotations": {
        "Custom_CellLine": {
          "HL-CZ cell": true
        },
        "PublicationStatus": {
          "Published": true
        },
        "PublicationType": {
          "Research": true
        },
        "Section": {
          "Results": true
        },
        "Species": {
          "9606": true
        }
      },
      "citation": {
        "authors": [
          "Lai CC",
          "Li SW",
          "Lin CW",
          "Lin YJ",
          "Tsai FJ",
          "Wan L",
          "Yang TC"
        ],
        "date": "2012-11-01",
        "db": "PubMed",
        "db_id": "22936401",
        "db_name": "Proteomics",
        "first": "Li SW",
        "last": "Lin CW",
        "pages": "3193-205",
        "volume": "12"
      },
      "evidence": "ELISA assay showed less PLpro-induced TGF-?1 production by SB203580 (1.5-fold) and U0126 (3.3-fold) (Fig. 7A and B).",
      "key": "9d358db5aa17bd3d58327e69f1d983a4",
      "line": 145,
      "relation": "decreases",
      "source": 1,
      "target": 14
    },
    {
      "annotations": {
        "BioAssay": {
          "ELISA": true
        },
        "Custom_CellLine": {
          "HL-CZ cell": true
        },
        "PublicationStatus": {
          "Published": true
        },
        "PublicationType": {
          "Research": true
        },
        "Section": {
          "Results": true
        },
        "Species": {
          "9606": true
        }
      },
      "citation": {
        "authors": [
          "Lai CC",
          "Li SW",
          "Lin CW",
          "Lin YJ",
          "Tsai FJ",
          "Wan L",
          "Yang TC"
        ],
        "date": "2012-11-01",
        "db": "PubMed",
        "db_id": "22936401",
        "db_name": "Proteomics",
        "first": "Li SW",
        "last": "Lin CW",
        "pages": "3193-205",
        "volume": "12"
      },
      "evidence": "ELISA assay showed less PLpro-induced TGF-?1 production by SB203580 (1.5-fold) and U0126 (3.3-fold) (Fig. 7A and B).",
      "key": "98e7dc050343c173cc1e2503572cf6be",
      "line": 143,
      "relation": "decreases",
      "source": 8,
      "target": 16
    },
    {
      "annotations": {
        "BioAssay": {
          "quantitative PCR": true
        },
        "Custom_CellLine": {
          "HL-CZ cell": true
        },
        "PublicationStatus": {
          "Published": true
        },
        "PublicationType": {
          "Research": true
        },
        "Section": {
          "Results": true
        },
        "Species": {
          "9606": true
        }
      },
      "citation": {
        "authors": [
          "Lai CC",
          "Li SW",
          "Lin CW",
          "Lin YJ",
          "Tsai FJ",
          "Wan L",
          "Yang TC"
        ],
        "date": "2012-11-01",
        "db": "PubMed",
        "db_id": "22936401",
        "db_name": "Proteomics",
        "first": "Li SW",
        "last": "Lin CW",
        "pages": "3193-205",
        "volume": "12"
      },
      "evidence": "Quantitative real-time PCR assay indicated U0126 raising PLpro-induced mRNA expression of TGF-?1 (sixfold), vimentin (3.3-fold), and type I collagen (8.4-fold) (Fig. 7C).",
      "key": "bca0a7ea1677ea343329a9dc4bce75dd",
      "line": 154,
      "relation": "increases",
      "source": 8,
      "target": 25
    },
    {
      "annotations": {
        "BioAssay": {
          "quantitative PCR": true
        },
        "Custom_CellLine": {
          "HL-CZ cell": true
        },
        "PublicationStatus": {
          "Published": true
        },
        "PublicationType": {
          "Research": true
        },
        "Section": {
          "Results": true
        },
        "Species": {
          "9606": true
        }
      },
      "citation": {
        "authors": [
          "Lai CC",
          "Li SW",
          "Lin CW",
          "Lin YJ",
          "Tsai FJ",
          "Wan L",
          "Yang TC"
        ],
        "date": "2012-11-01",
        "db": "PubMed",
        "db_id": "22936401",
        "db_name": "Proteomics",
        "first": "Li SW",
        "last": "Lin CW",
        "pages": "3193-205",
        "volume": "12"
      },
      "evidence": "Quantitative real-time PCR assay indicated U0126 raising PLpro-induced mRNA expression of TGF-?1 (sixfold), vimentin (3.3-fold), and type I collagen (8.4-fold) (Fig. 7C).",
      "key": "825341655eedac48ee29f463bda28d43",
      "line": 155,
      "relation": "increases",
      "source": 8,
      "target": 28
    },
    {
      "annotations": {
        "BioAssay": {
          "quantitative PCR": true
        },
        "Custom_CellLine": {
          "HL-CZ cell": true
        },
        "PublicationStatus": {
          "Published": true
        },
        "PublicationType": {
          "Research": true
        },
        "Section": {
          "Results": true
        },
        "Species": {
          "9606": true
        }
      },
      "citation": {
        "authors": [
          "Lai CC",
          "Li SW",
          "Lin CW",
          "Lin YJ",
          "Tsai FJ",
          "Wan L",
          "Yang TC"
        ],
        "date": "2012-11-01",
        "db": "PubMed",
        "db_id": "22936401",
        "db_name": "Proteomics",
        "first": "Li SW",
        "last": "Lin CW",
        "pages": "3193-205",
        "volume": "12"
      },
      "evidence": "Quantitative real-time PCR assay indicated U0126 raising PLpro-induced mRNA expression of TGF-?1 (sixfold), vimentin (3.3-fold), and type I collagen (8.4-fold) (Fig. 7C).",
      "key": "10f95893ab6cae1cdf50c9e1219f9fc9",
      "line": 156,
      "relation": "increases",
      "source": 8,
      "target": 21
    },
    {
      "key": "21fc9e5d5a8331c56dcf3cfb79c69428",
      "relation": "partOf",
      "source": 2,
      "target": 8
    },
    {
      "annotations": {
        "Custom_CellLine": {
          "HL-CZ cell": true
        },
        "PublicationStatus": {
          "Published": true
        },
        "PublicationType": {
          "Research": true
        },
        "Section": {
          "Results": true
        },
        "Species": {
          "9606": true
        }
      },
      "citation": {
        "authors": [
          "Lai CC",
          "Li SW",
          "Lin CW",
          "Lin YJ",
          "Tsai FJ",
          "Wan L",
          "Yang TC"
        ],
        "date": "2012-11-01",
        "db": "PubMed",
        "db_id": "22936401",
        "db_name": "Proteomics",
        "first": "Li SW",
        "last": "Lin CW",
        "pages": "3193-205",
        "volume": "12"
      },
      "evidence": "ELISA assay showed less PLpro-induced TGF-?1 production by SB203580 (1.5-fold) and U0126 (3.3-fold) (Fig. 7A and B).",
      "key": "5cdcff8757664fc762be96e04e407e93",
      "line": 146,
      "relation": "decreases",
      "source": 2,
      "target": 13
    },
    {
      "annotations": {
        "Custom_CellLine": {
          "HL-CZ cell": true
        },
        "PublicationStatus": {
          "Published": true
        },
        "PublicationType": {
          "Research": true
        },
        "Section": {
          "Results": true
        },
        "Species": {
          "9606": true
        }
      },
      "citation": {
        "authors": [
          "Lai CC",
          "Li SW",
          "Lin CW",
          "Lin YJ",
          "Tsai FJ",
          "Wan L",
          "Yang TC"
        ],
        "date": "2012-11-01",
        "db": "PubMed",
        "db_id": "22936401",
        "db_name": "Proteomics",
        "first": "Li SW",
        "last": "Lin CW",
        "pages": "3193-205",
        "volume": "12"
      },
      "evidence": "ELISA assay showed less PLpro-induced TGF-?1 production by SB203580 (1.5-fold) and U0126 (3.3-fold) (Fig. 7A and B).",
      "key": "0d4eba61650fdc07279adc909b97b473",
      "line": 147,
      "relation": "decreases",
      "source": 2,
      "target": 15
    },
    {
      "annotations": {
        "Custom_CellLine": {
          "HL-CZ cell": true
        },
        "PublicationStatus": {
          "Published": true
        },
        "PublicationType": {
          "Research": true
        },
        "Section": {
          "Results": true
        },
        "Species": {
          "9606": true
        }
      },
      "citation": {
        "authors": [
          "Lai CC",
          "Li SW",
          "Lin CW",
          "Lin YJ",
          "Tsai FJ",
          "Wan L",
          "Yang TC"
        ],
        "date": "2012-11-01",
        "db": "PubMed",
        "db_id": "22936401",
        "db_name": "Proteomics",
        "first": "Li SW",
        "last": "Lin CW",
        "pages": "3193-205",
        "volume": "12"
      },
      "evidence": "Results indicated the activation of p38 MAPK- and ERK1/2-mediated signaling linking with induction of TGF-?1 and upregulation of vimentin by PLpro.",
      "key": "78a65168d503a5375c4f4542ef674c69",
      "line": 163,
      "object": {
        "modifier": "Activity"
      },
      "relation": "association",
      "source": 5,
      "target": 19
    },
    {
      "annotations": {
        "Custom_CellLine": {
          "HL-CZ cell": true
        },
        "PublicationStatus": {
          "Published": true
        },
        "PublicationType": {
          "Research": true
        },
        "Section": {
          "Results": true
        },
        "Species": {
          "9606": true
        }
      },
      "citation": {
        "authors": [
          "Lai CC",
          "Li SW",
          "Lin CW",
          "Lin YJ",
          "Tsai FJ",
          "Wan L",
          "Yang TC"
        ],
        "date": "2012-11-01",
        "db": "PubMed",
        "db_id": "22936401",
        "db_name": "Proteomics",
        "first": "Li SW",
        "last": "Lin CW",
        "pages": "3193-205",
        "volume": "12"
      },
      "evidence": "Results indicated the activation of p38 MAPK- and ERK1/2-mediated signaling linking with induction of TGF-?1 and upregulation of vimentin by PLpro.",
      "key": "c9ab5553cc3a14b1b94e2dfc2024af08",
      "line": 164,
      "object": {
        "modifier": "Activity"
      },
      "relation": "association",
      "source": 4,
      "target": 19
    }
  ],
  "multigraph": true,
  "nodes": [
    {
      "bel": "a(CHEBI:\"N-benzyloxycarbonyl-L-leucyl-L-leucyl-L-leucinal\")",
      "concept": {
        "name": "N-benzyloxycarbonyl-L-leucyl-L-leucyl-L-leucinal",
        "namespace": "CHEBI"
      },
      "function": "Abundance",
      "id": "453b667ef165c1c01b33e07ea2348f10"
    },
    {
      "bel": "a(CHEBI:\"SB 203580\")",
      "concept": {
        "name": "SB 203580",
        "namespace": "CHEBI"
      },
      "function": "Abundance",
      "id": "046c18d536ee5490f2659243318ae39f"
    },
    {
      "bel": "a(CHEBI:U0126)",
      "concept": {
        "name": "U0126",
        "namespace": "CHEBI"
      },
      "function": "Abundance",
      "id": "311eebb49cff0b875c5a1b6d65a71c18"
    },
    {
      "bel": "a(TAX:\"Severe acute respiratory syndrome-related coronavirus\")",
      "concept": {
        "name": "Severe acute respiratory syndrome-related coronavirus",
        "namespace": "TAX"
      },
      "function": "Abundance",
      "id": "a824ba056422b4e42996cd3269ec9a19"
    },
    {
      "bel": "bp(GO:\"ERK1 and ERK2 cascade\")",
      "concept": {
        "name": "ERK1 and ERK2 cascade",
        "namespace": "GO"
      },
      "function": "BiologicalProcess",
      "id": "75d747a52ba87daccf3b323ab61c4b72"
    },
    {
      "bel": "bp(GO:\"p38MAPK cascade\")",
      "concept": {
        "name": "p38MAPK cascade",
        "namespace": "GO"
      },
      "function": "BiologicalProcess",
      "id": "ebd354e7ec86ee384b739681f824ea35"
    },
    {
      "bel": "composite(a(CHEBI:\"N-benzyloxycarbonyl-L-leucyl-L-leucyl-L-leucinal\"), p(UNIPROT:P0C6X7, frag(\"819_2740\")))",
      "function": "Composite",
      "id": "dbc398b507f878d9f63f299d2893bde9",
      "members": [
        {
          "bel": "a(CHEBI:\"N-benzyloxycarbonyl-L-leucyl-L-leucyl-L-leucinal\")",
          "concept": {
            "name": "N-benzyloxycarbonyl-L-leucyl-L-leucyl-L-leucinal",
            "namespace": "CHEBI"
          },
          "function": "Abundance",
          "id": "453b667ef165c1c01b33e07ea2348f10"
        },
        {
          "bel": "p(UNIPROT:P0C6X7, frag(\"819_2740\"))",
          "concept": {
            "name": "P0C6X7",
            "namespace": "UNIPROT"
          },
          "function": "Protein",
          "id": "ceaf3f5baedfdce0a000e1544e0c6c53",
          "variants": [
            {
              "kind": "frag",
              "start": 819,
              "stop": 2740
            }
          ]
        }
      ]
    },
    {
      "bel": "composite(a(CHEBI:\"SB 203580\"), p(UNIPROT:P0C6X7, frag(\"819_2740\")))",
      "function": "Composite",
      "id": "2beaeba1f8427a77a84ae5ea52f2cddb",
      "members": [
        {
          "bel": "a(CHEBI:\"SB 203580\")",
          "concept": {
            "name": "SB 203580",
            "namespace": "CHEBI"
          },
          "function": "Abundance",
          "id": "046c18d536ee5490f2659243318ae39f"
        },
        {
          "bel": "p(UNIPROT:P0C6X7, frag(\"819_2740\"))",
          "concept": {
            "name": "P0C6X7",
            "namespace": "UNIPROT"
          },
          "function": "Protein",
          "id": "ceaf3f5baedfdce0a000e1544e0c6c53",
          "variants": [
            {
              "kind": "frag",
              "start": 819,
              "stop": 2740
            }
          ]
        }
      ]
    },
    {
      "bel": "composite(a(CHEBI:U0126), p(UNIPROT:P0C6X7, frag(\"819_2740\")))",
      "function": "Composite",
      "id": "555ab580582ec732cedc39dcf1d1e864",
      "members": [
        {
          "bel": "a(CHEBI:U0126)",
          "concept": {
            "name": "U0126",
            "namespace": "CHEBI"
          },
          "function": "Abundance",
          "id": "311eebb49cff0b875c5a1b6d65a71c18"
        },
        {
          "bel": "p(UNIPROT:P0C6X7, frag(\"819_2740\"))",
          "concept": {
            "name": "P0C6X7",
            "namespace": "UNIPROT"
          },
          "function": "Protein",
          "id": "ceaf3f5baedfdce0a000e1544e0c6c53",
          "variants": [
            {
              "kind": "frag",
              "start": 819,
              "stop": 2740
            }
          ]
        }
      ]
    },
    {
      "bel": "composite(p(HGNC:IFNA1), p(UNIPROT:P0C6X7, frag(\"819_2740\")))",
      "function": "Composite",
      "id": "72f768b29660623b42e8fcc7e0d56d17",
      "members": [
        {
          "bel": "p(HGNC:IFNA1)",
          "concept": {
            "name": "IFNA1",
            "namespace": "HGNC"
          },
          "function": "Protein",
          "id": "4f6f7fb1b9b394de8c17cfdd5bbcaff0"
        },
        {
          "bel": "p(UNIPROT:P0C6X7, frag(\"819_2740\"))",
          "concept": {
            "name": "P0C6X7",
            "namespace": "UNIPROT"
          },
          "function": "Protein",
          "id": "ceaf3f5baedfdce0a000e1544e0c6c53",
          "variants": [
            {
              "kind": "frag",
              "start": 819,
              "stop": 2740
            }
          ]
        }
      ]
    },
    {
      "bel": "p(HGNC:GFAP)",
      "concept": {
        "name": "GFAP",
        "namespace": "HGNC"
      },
      "function": "Protein",
      "id": "15da8945521071a11aee0c5e255276f4"
    },
    {
      "bel": "p(HGNC:HSPB1)",
      "concept": {
        "name": "HSPB1",
        "namespace": "HGNC"
      },
      "function": "Protein",
      "id": "d5b5de04c466b9b3d8edde293c1f2a4f"
    },
    {
      "bel": "p(HGNC:IFNA1)",
      "concept": {
        "name": "IFNA1",
        "namespace": "HGNC"
      },
      "function": "Protein",
      "id": "4f6f7fb1b9b394de8c17cfdd5bbcaff0"
    },
    {
      "bel": "p(HGNC:MAPK1)",
      "concept": {
        "name": "MAPK1",
        "namespace": "HGNC"
      },
      "function": "Protein",
      "id": "c2f6ad92491bc72d5a91676150570d38"
    },
    {
      "bel": "p(HGNC:MAPK14)",
      "concept": {
        "name": "MAPK14",
        "namespace": "HGNC"
      },
      "function": "Protein",
      "id": "0c0476ae2f3918834fb6ae31829c9b8d"
    },
    {
      "bel": "p(HGNC:MAPK3)",
      "concept": {
        "name": "MAPK3",
        "namespace": "HGNC"
      },
      "function": "Protein",
      "id": "3e8019d5b20d209d67726881082657b3"
    },
    {
      "bel": "p(HGNC:TGFB1)",
      "concept": {
        "name": "TGFB1",
        "namespace": "HGNC"
      },
      "function": "Protein",
      "id": "f1f493c4771241860fc73aaa3bfdad66"
    },
    {
      "bel": "p(HGNC:VIM)",
      "concept": {
        "name": "VIM",
        "namespace": "HGNC"
      },
      "function": "Protein",
      "id": "36790919ba6a64420dfecb590dfa30be"
    },
    {
      "bel": "p(UNIPROT:P0C6X7)",
      "concept": {
        "name": "P0C6X7",
        "namespace": "UNIPROT"
      },
      "function": "Protein",
      "id": "642e0c1bd950ab883768d3f457508c4e"
    },
    {
      "bel": "p(UNIPROT:P0C6X7, frag(\"819_2740\"))",
      "concept": {
        "name": "P0C6X7",
        "namespace": "UNIPROT"
      },
      "function": "Protein",
      "id": "ceaf3f5baedfdce0a000e1544e0c6c53",
      "variants": [
        {
          "kind": "frag",
          "start": 819,
          "stop": 2740
        }
      ]
    },
    {
      "bel": "r(HGNC:CCL5)",
      "concept": {
        "name": "CCL5",
        "namespace": "HGNC"
      },
      "function": "RNA",
      "id": "4692604050ff975ac8e46d720ad34503"
    },
    {
      "bel": "r(HGNC:COL1A1)",
      "concept": {
        "name": "COL1A1",
        "namespace": "HGNC"
      },
      "function": "RNA",
      "id": "c6e5c34b5f61c52544d6ef4f09f0755c"
    },
    {
      "bel": "r(HGNC:IFNB1)",
      "concept": {
        "name": "IFNB1",
        "namespace": "HGNC"
      },
      "function": "RNA",
      "id": "0741df84ff6642ebb4c57401b4765a09"
    },
    {
      "bel": "r(HGNC:IL1A)",
      "concept": {
        "name": "IL1A",
        "namespace": "HGNC"
      },
      "function": "RNA",
      "id": "ea3869f4dd31ed5399a302ee662d73f2"
    },
    {
      "bel": "r(HGNC:PDIA3)",
      "concept": {
        "name": "PDIA3",
        "namespace": "HGNC"
      },
      "function": "RNA",
      "id": "f6dd3a4a63d6c32b42ecdfaf4f66391f"
    },
    {
      "bel": "r(HGNC:TGFB1)",
      "concept": {
        "name": "TGFB1",
        "namespace": "HGNC"
      },
      "function": "RNA",
      "id": "6d5107d7d2f4e08c814e0befe9baa08c"
    },
    {
      "bel": "r(HGNC:TNF)",
      "concept": {
        "name": "TNF",
        "namespace": "HGNC"
      },
      "function": "RNA",
      "id": "c7cb5c65848a9c337fa0e8b87d7110d4"
    },
    {
      "bel": "r(HGNC:UBE2K)",
      "concept": {
        "name": "UBE2K",
        "namespace": "HGNC"
      },
      "function": "RNA",
      "id": "643f692d43680538e38b32ac95698e00"
    },
    {
      "bel": "r(HGNC:VIM)",
      "concept": {
        "name": "VIM",
        "namespace": "HGNC"
      },
      "function": "RNA",
      "id": "22e5d6d631398386cd551fe67d88d6ca"
    }
  ]
}