{
  "directed": true,
  "graph": {
    "annotation_list": {
      "PublicationStatus": [
        "Published"
      ],
      "PublicationType": [
        "Research"
      ],
      "Section": [
        "Results"
      ],
      "cell_culture": [
        "culture supernatant"
      ]
    },
    "annotation_pattern": {
      "BioAssay": ".*"
    },
    "annotation_url": {
      "CellLine": "https://arty.scai.fraunhofer.de/artifactory/bel/annotation/cell-line/cell-line-20190128.belanno"
    },
    "document_metadata": {
      "authors": "Priya S",
      "contact": "priya@causalitybiomodels.com",
      "copyright": "Copyright © 2020 Fraunhofer Institute SCAI, All rights reserved",
      "description": "COVID Knowledge Curation project",
      "licenses": "Private Ownership to Fraunhofer Institute SCAI",
      "name": "25135833.bel",
      "version": "2.0.0"
    },
    "namespace_pattern": {
      "UNIPROT": "^([A-N,R-Z][0-9]([A-Z][A-Z, 0-9][A-Z, 0-9][0-9]){1,2})|([O,P,Q][0-9][A-Z, 0-9][A-Z, 0-9][A-Z, 0-9][0-9])(\\.\\d+)?$"
    },
    "namespace_url": {
      "CHEBI": "https://arty.scai.fraunhofer.de/artifactory/bel/namespace/chebi/chebi-20190708.belns",
      "GO": "https://arty.scai.fraunhofer.de/artifactory/bel/namespace/go/go-20180109.belns",
      "HGNC": "https://arty.scai.fraunhofer.de/artifactory/bel/namespace/hgnc/hgnc-20190708.belns"
    },
    "path": "25135833.bel",
    "pybel_version": "0.14.6"
  },
  "links": [
    {
      "annotations": {
        "CellLine": {
          "HEK293": true
        },
        "PublicationStatus": {
          "Published": true
        },
        "PublicationType": {
          "Research": true
        },
        "Section": {
          "Results": true
        }
      },
      "citation": {
        "authors": [
          "Abu-Asab M",
          "Boularan C",
          "Huang NN",
          "Kehrl JH",
          "Qi HY",
          "Shelhamer JH",
          "Shi CS"
        ],
        "date": "2014-09-15",
        "db": "PubMed",
        "db_id": "25135833",
        "db_name": "Journal of immunology (Baltimore, Md. : 1950)",
        "first": "Shi CS",
        "last": "Kehrl JH",
        "pages": "3080-9",
        "volume": "193"
      },
      "evidence": "Expression of 9b-GFP in HEK 293 cells reduced DRP1 levels by approximately 70% via a mechanism sensitive to proteasome inhibition, but not autophagic degradation inhibition (Fig. 1D).",
      "key": "ebf081acb50b5dbcf45983609a29fc65",
      "line": 44,
      "relation": "decreases",
      "source": 19,
      "target": 10
    },
    {
      "annotations": {
        "BioAssay": {
          "immunoblot": true
        },
        "CellLine": {
          "THP-1 cell": true
        },
        "PublicationStatus": {
          "Published": true
        },
        "PublicationType": {
          "Research": true
        },
        "Section": {
          "Results": true
        }
      },
      "citation": {
        "authors": [
          "Abu-Asab M",
          "Boularan C",
          "Huang NN",
          "Kehrl JH",
          "Qi HY",
          "Shelhamer JH",
          "Shi CS"
        ],
        "date": "2014-09-15",
        "db": "PubMed",
        "db_id": "25135833",
        "db_name": "Journal of immunology (Baltimore, Md. : 1950)",
        "first": "Shi CS",
        "last": "Kehrl JH",
        "pages": "3080-9",
        "volume": "193"
      },
      "evidence": "We also examined DRP1 levels in the permanently transfected THP-1 cells and again found a marked decrease in DRP1 levels (Fig. 1G).",
      "key": "05d15b344507a637a8046e250f39a2bf",
      "line": 57,
      "relation": "decreases",
      "source": 19,
      "target": 10
    },
    {
      "annotations": {
        "BioAssay": {
          "immunoblot": true
        },
        "PublicationStatus": {
          "Published": true
        },
        "PublicationType": {
          "Research": true
        },
        "Section": {
          "Results": true
        }
      },
      "citation": {
        "authors": [
          "Abu-Asab M",
          "Boularan C",
          "Huang NN",
          "Kehrl JH",
          "Qi HY",
          "Shelhamer JH",
          "Shi CS"
        ],
        "date": "2014-09-15",
        "db": "PubMed",
        "db_id": "25135833",
        "db_name": "Journal of immunology (Baltimore, Md. : 1950)",
        "first": "Shi CS",
        "last": "Kehrl JH",
        "pages": "3080-9",
        "volume": "193"
      },
      "evidence": "The DRP1 shRNA appropriately decreased DRP1 expression, but did not impact endogenous MAVS expression (Fig. 3J). This indicates that the ORF-9b mediated reduction in DRP1 may contributes to the decrease in type I interferon signaling, however other mechanisms must be operant.",
      "key": "4a949c567319c1cf2740d3750ed2c51d",
      "line": 107,
      "relation": "decreases",
      "source": 19,
      "target": 10
    },
    {
      "annotations": {
        "PublicationStatus": {
          "Published": true
        },
        "PublicationType": {
          "Research": true
        },
        "Section": {
          "Results": true
        }
      },
      "citation": {
        "authors": [
          "Abu-Asab M",
          "Boularan C",
          "Huang NN",
          "Kehrl JH",
          "Qi HY",
          "Shelhamer JH",
          "Shi CS"
        ],
        "date": "2014-09-15",
        "db": "PubMed",
        "db_id": "25135833",
        "db_name": "Journal of immunology (Baltimore, Md. : 1950)",
        "first": "Shi CS",
        "last": "Kehrl JH",
        "pages": "3080-9",
        "volume": "193"
      },
      "evidence": "These data show that ORF-9b localizes to mitochondria and likely causes mitochondrial elongation by triggering DRP1 ubiquitination and its proteasomal destruction.",
      "key": "6ee0f22804020b01ff86c5ca2ef60228",
      "line": 63,
      "relation": "increases",
      "source": 19,
      "subject": {
        "location": {
          "name": "mitochondrion",
          "namespace": "GO"
        }
      },
      "target": 11
    },
    {
      "annotations": {
        "CellLine": {
          "HEK293": true
        },
        "PublicationStatus": {
          "Published": true
        },
        "PublicationType": {
          "Research": true
        },
        "Section": {
          "Results": true
        }
      },
      "citation": {
        "authors": [
          "Abu-Asab M",
          "Boularan C",
          "Huang NN",
          "Kehrl JH",
          "Qi HY",
          "Shelhamer JH",
          "Shi CS"
        ],
        "date": "2014-09-15",
        "db": "PubMed",
        "db_id": "25135833",
        "db_name": "Journal of immunology (Baltimore, Md. : 1950)",
        "first": "Shi CS",
        "last": "Kehrl JH",
        "pages": "3080-9",
        "volume": "193"
      },
      "evidence": "We expressed 9b-GFP in the presence of either an IFN-β or a NF-κB reporter construct and simulated an intracellular viral infection by cotransfecting Poly(I:C). As expected Poly(I:C) induced both reporter constructs, but the presence of ORF-9b significantly inhibited this response (Fig. 3A).",
      "key": "103b669752119874cdc20b7d32bbf55c",
      "line": 73,
      "relation": "decreases",
      "source": 19,
      "target": 12
    },
    {
      "annotations": {
        "BioAssay": {
          "immunoblot": true
        },
        "CellLine": {
          "THP-1 cell": true
        },
        "PublicationStatus": {
          "Published": true
        },
        "PublicationType": {
          "Research": true
        },
        "Section": {
          "Results": true
        },
        "cell_culture": {
          "culture supernatant": true
        }
      },
      "citation": {
        "authors": [
          "Abu-Asab M",
          "Boularan C",
          "Huang NN",
          "Kehrl JH",
          "Qi HY",
          "Shelhamer JH",
          "Shi CS"
        ],
        "date": "2014-09-15",
        "db": "PubMed",
        "db_id": "25135833",
        "db_name": "Journal of immunology (Baltimore, Md. : 1950)",
        "first": "Shi CS",
        "last": "Kehrl JH",
        "pages": "3080-9",
        "volume": "193"
      },
      "evidence": "As expected the amount of interferon-β decreased in the cell supernatant in the presence of 9b-Flag (Fig. 3D).",
      "key": "612ba4bee9311284e72365e537244ce4",
      "line": 91,
      "relation": "decreases",
      "source": 19,
      "target": 12
    },
    {
      "annotations": {
        "CellLine": {
          "HEK293": true
        },
        "PublicationStatus": {
          "Published": true
        },
        "PublicationType": {
          "Research": true
        },
        "Section": {
          "Results": true
        }
      },
      "citation": {
        "authors": [
          "Abu-Asab M",
          "Boularan C",
          "Huang NN",
          "Kehrl JH",
          "Qi HY",
          "Shelhamer JH",
          "Shi CS"
        ],
        "date": "2014-09-15",
        "db": "PubMed",
        "db_id": "25135833",
        "db_name": "Journal of immunology (Baltimore, Md. : 1950)",
        "first": "Shi CS",
        "last": "Kehrl JH",
        "pages": "3080-9",
        "volume": "193"
      },
      "evidence": "We expressed 9b-GFP in the presence of either an IFN-β or a NF-κB reporter construct and simulated an intracellular viral infection by cotransfecting Poly(I:C). As expected Poly(I:C) induced both reporter constructs, but the presence of ORF-9b significantly inhibited this response (Fig. 3A).",
      "key": "3e306bb87764c172292efcd6368b4a48",
      "line": 74,
      "relation": "decreases",
      "source": 19,
      "target": 6
    },
    {
      "annotations": {
        "BioAssay": {
          "immunoblot": true
        },
        "CellLine": {
          "HEK293": true
        },
        "PublicationStatus": {
          "Published": true
        },
        "PublicationType": {
          "Research": true
        },
        "Section": {
          "Results": true
        }
      },
      "citation": {
        "authors": [
          "Abu-Asab M",
          "Boularan C",
          "Huang NN",
          "Kehrl JH",
          "Qi HY",
          "Shelhamer JH",
          "Shi CS"
        ],
        "date": "2014-09-15",
        "db": "PubMed",
        "db_id": "25135833",
        "db_name": "Journal of immunology (Baltimore, Md. : 1950)",
        "first": "Shi CS",
        "last": "Kehrl JH",
        "pages": "3080-9",
        "volume": "193"
      },
      "evidence": "Since MAVS is required for the phosphorylation of IRF3 in the RIG-I mediated anti-viral response, we checked whether 9b-GFP expression reduced IRF3 phosphorylation, which it did (Fig. 3C).",
      "key": "092980742baebc1ba02dfa6866efc5b8",
      "line": 82,
      "relation": "decreases",
      "source": 19,
      "target": 15
    },
    {
      "annotations": {
        "BioAssay": {
          "immunoblot": true
        },
        "PublicationStatus": {
          "Published": true
        },
        "PublicationType": {
          "Research": true
        },
        "Section": {
          "Results": true
        }
      },
      "citation": {
        "authors": [
          "Abu-Asab M",
          "Boularan C",
          "Huang NN",
          "Kehrl JH",
          "Qi HY",
          "Shelhamer JH",
          "Shi CS"
        ],
        "date": "2014-09-15",
        "db": "PubMed",
        "db_id": "25135833",
        "db_name": "Journal of immunology (Baltimore, Md. : 1950)",
        "first": "Shi CS",
        "last": "Kehrl JH",
        "pages": "3080-9",
        "volume": "193"
      },
      "evidence": "Indicating that ORF-9b likely triggers K48-linked ubiquitination of MAVS immunoblotting Myc-MAVS immunoprecipitates revealed the presence of K48-linked ubiquitin (Fig. 5C).",
      "key": "1d0917c53d26db0ab32e3d70ba5d14e0",
      "line": 115,
      "relation": "increases",
      "source": 19,
      "target": 3
    },
    {
      "annotations": {
        "BioAssay": {
          "immunoblot": true
        },
        "CellLine": {
          "THP-1 cell": true
        },
        "PublicationStatus": {
          "Published": true
        },
        "PublicationType": {
          "Research": true
        },
        "Section": {
          "Results": true
        }
      },
      "citation": {
        "authors": [
          "Abu-Asab M",
          "Boularan C",
          "Huang NN",
          "Kehrl JH",
          "Qi HY",
          "Shelhamer JH",
          "Shi CS"
        ],
        "date": "2014-09-15",
        "db": "PubMed",
        "db_id": "25135833",
        "db_name": "Journal of immunology (Baltimore, Md. : 1950)",
        "first": "Shi CS",
        "last": "Kehrl JH",
        "pages": "3080-9",
        "volume": "193"
      },
      "evidence": "Finally, in the THP-1 cells permanently transfected with 9b-GFP we also found a marked reduction in the endogenous level of MAVS (Fig. 5E).",
      "key": "a2a392f7bb1d3e589b4554bd32993313",
      "line": 122,
      "relation": "increases",
      "source": 19,
      "target": 3
    },
    {
      "annotations": {
        "BioAssay": {
          "immunoblot": true
        },
        "CellLine": {
          "THP-1 cell": true
        },
        "PublicationStatus": {
          "Published": true
        },
        "PublicationType": {
          "Research": true
        },
        "Section": {
          "Results": true
        }
      },
      "citation": {
        "authors": [
          "Abu-Asab M",
          "Boularan C",
          "Huang NN",
          "Kehrl JH",
          "Qi HY",
          "Shelhamer JH",
          "Shi CS"
        ],
        "date": "2014-09-15",
        "db": "PubMed",
        "db_id": "25135833",
        "db_name": "Journal of immunology (Baltimore, Md. : 1950)",
        "first": "Shi CS",
        "last": "Kehrl JH",
        "pages": "3080-9",
        "volume": "193"
      },
      "evidence": "Finally, in the THP-1 cells permanently transfected with 9b-GFP we also found a marked reduction in the endogenous level of MAVS (Fig. 5E).",
      "key": "9cfc89cb8675078080025d5111869a60",
      "line": 124,
      "object": {
        "modifier": "Degradation"
      },
      "relation": "increases",
      "source": 19,
      "target": 17
    },
    {
      "key": "36b406ed12e0b213e9e6c4487a6c0186",
      "relation": "partOf",
      "source": 19,
      "target": 7
    },
    {
      "annotations": {
        "CellLine": {
          "A549 cell": true
        },
        "PublicationStatus": {
          "Published": true
        },
        "PublicationType": {
          "Research": true
        },
        "Section": {
          "Results": true
        }
      },
      "citation": {
        "authors": [
          "Abu-Asab M",
          "Boularan C",
          "Huang NN",
          "Kehrl JH",
          "Qi HY",
          "Shelhamer JH",
          "Shi CS"
        ],
        "date": "2014-09-15",
        "db": "PubMed",
        "db_id": "25135833",
        "db_name": "Journal of immunology (Baltimore, Md. : 1950)",
        "first": "Shi CS",
        "last": "Kehrl JH",
        "pages": "3080-9",
        "volume": "193"
      },
      "evidence": "Interestingly, 9b-GFP expression potently induced autophagosome formation in A549 cells (Fig. 7A, Video 2).",
      "key": "2729d259031802fcf33453170611c8e2",
      "line": 137,
      "relation": "increases",
      "source": 19,
      "target": 1
    },
    {
      "annotations": {
        "CellLine": {
          "A549 cell": true
        },
        "PublicationStatus": {
          "Published": true
        },
        "PublicationType": {
          "Research": true
        },
        "Section": {
          "Results": true
        }
      },
      "citation": {
        "authors": [
          "Abu-Asab M",
          "Boularan C",
          "Huang NN",
          "Kehrl JH",
          "Qi HY",
          "Shelhamer JH",
          "Shi CS"
        ],
        "date": "2014-09-15",
        "db": "PubMed",
        "db_id": "25135833",
        "db_name": "Journal of immunology (Baltimore, Md. : 1950)",
        "first": "Shi CS",
        "last": "Kehrl JH",
        "pages": "3080-9",
        "volume": "193"
      },
      "evidence": "Similarly, 9b-Flag triggered autophagy in the same cells (Fig. 7B).",
      "key": "a4d94b4d6f3e3695c00c55e950bad46f",
      "line": 143,
      "relation": "increases",
      "source": 19,
      "target": 5
    },
    {
      "key": "9179b8f55d748fb65438083f5a31a78f",
      "relation": "partOf",
      "source": 19,
      "target": 8
    },
    {
      "annotations": {
        "CellLine": {
          "A549 cell": true
        },
        "PublicationStatus": {
          "Published": true
        },
        "PublicationType": {
          "Research": true
        },
        "Section": {
          "Results": true
        }
      },
      "citation": {
        "authors": [
          "Abu-Asab M",
          "Boularan C",
          "Huang NN",
          "Kehrl JH",
          "Qi HY",
          "Shelhamer JH",
          "Shi CS"
        ],
        "date": "2014-09-15",
        "db": "PubMed",
        "db_id": "25135833",
        "db_name": "Journal of immunology (Baltimore, Md. : 1950)",
        "first": "Shi CS",
        "last": "Kehrl JH",
        "pages": "3080-9",
        "volume": "193"
      },
      "evidence": "The induction of autophagy by ORF-9b depended upon ATG5, an important regulator of autophagosome formation, as reducing its expression decreased 9b-GFP triggered LC3 processing (Fig. 7F).",
      "key": "ec98defd2d0bc7061ad82727dcf268b2",
      "line": 152,
      "relation": "decreases",
      "source": 19,
      "target": 16
    },
    {
      "key": "19033ca74317ace5ef83f7720a833fa0",
      "relation": "hasVariant",
      "source": 10,
      "target": 11
    },
    {
      "annotations": {
        "CellLine": {
          "HEK293": true
        },
        "PublicationStatus": {
          "Published": true
        },
        "PublicationType": {
          "Research": true
        },
        "Section": {
          "Results": true
        }
      },
      "citation": {
        "authors": [
          "Abu-Asab M",
          "Boularan C",
          "Huang NN",
          "Kehrl JH",
          "Qi HY",
          "Shelhamer JH",
          "Shi CS"
        ],
        "date": "2014-09-15",
        "db": "PubMed",
        "db_id": "25135833",
        "db_name": "Journal of immunology (Baltimore, Md. : 1950)",
        "first": "Shi CS",
        "last": "Kehrl JH",
        "pages": "3080-9",
        "volume": "193"
      },
      "evidence": "Lowered DRP1 levels impaired the MAVS-induced increase IFN-β reporter activity although not nearly as effectively as did the 9b-FLAG construct (Fig. 3I).",
      "key": "389a79de6f8326f21391da9c3dbe7157",
      "line": 100,
      "relation": "increases",
      "source": 10,
      "target": 13
    },
    {
      "annotations": {
        "BioAssay": {
          "immunoblot": true
        },
        "PublicationStatus": {
          "Published": true
        },
        "PublicationType": {
          "Research": true
        },
        "Section": {
          "Results": true
        }
      },
      "citation": {
        "authors": [
          "Abu-Asab M",
          "Boularan C",
          "Huang NN",
          "Kehrl JH",
          "Qi HY",
          "Shelhamer JH",
          "Shi CS"
        ],
        "date": "2014-09-15",
        "db": "PubMed",
        "db_id": "25135833",
        "db_name": "Journal of immunology (Baltimore, Md. : 1950)",
        "first": "Shi CS",
        "last": "Kehrl JH",
        "pages": "3080-9",
        "volume": "193"
      },
      "evidence": "The DRP1 shRNA appropriately decreased DRP1 expression, but did not impact endogenous MAVS expression (Fig. 3J). This indicates that the ORF-9b mediated reduction in DRP1 may contributes to the decrease in type I interferon signaling, however other mechanisms must be operant.",
      "key": "b882ecfa4e84bf236d49dcbac4aa1db4",
      "line": 108,
      "relation": "decreases",
      "source": 10,
      "target": 4
    },
    {
      "annotations": {
        "CellLine": {
          "HEK293": true
        },
        "PublicationStatus": {
          "Published": true
        },
        "PublicationType": {
          "Research": true
        },
        "Section": {
          "Results": true
        }
      },
      "citation": {
        "authors": [
          "Abu-Asab M",
          "Boularan C",
          "Huang NN",
          "Kehrl JH",
          "Qi HY",
          "Shelhamer JH",
          "Shi CS"
        ],
        "date": "2014-09-15",
        "db": "PubMed",
        "db_id": "25135833",
        "db_name": "Journal of immunology (Baltimore, Md. : 1950)",
        "first": "Shi CS",
        "last": "Kehrl JH",
        "pages": "3080-9",
        "volume": "193"
      },
      "evidence": "The sensitivity to proteasome inhibition suggested that DRP1 underwent ubiquitination. Consistent with that possibility the immunoblotting of DRP1 immunoprecipitates revealed the presence of K48-linked ubiquitin (Fig. 1F).",
      "key": "a3d579788d3de4038f7029b59b77e239",
      "line": 50,
      "relation": "increases",
      "source": 3,
      "target": 11
    },
    {
      "annotations": {
        "BioAssay": {
          "immunoblot": true
        },
        "CellLine": {
          "THP-1 cell": true
        },
        "PublicationStatus": {
          "Published": true
        },
        "PublicationType": {
          "Research": true
        },
        "Section": {
          "Results": true
        }
      },
      "citation": {
        "authors": [
          "Abu-Asab M",
          "Boularan C",
          "Huang NN",
          "Kehrl JH",
          "Qi HY",
          "Shelhamer JH",
          "Shi CS"
        ],
        "date": "2014-09-15",
        "db": "PubMed",
        "db_id": "25135833",
        "db_name": "Journal of immunology (Baltimore, Md. : 1950)",
        "first": "Shi CS",
        "last": "Kehrl JH",
        "pages": "3080-9",
        "volume": "193"
      },
      "evidence": "Finally, in the THP-1 cells permanently transfected with 9b-GFP we also found a marked reduction in the endogenous level of MAVS (Fig. 5E).",
      "key": "ab4f9037edb87b3032fb907b3e1c02dc",
      "line": 123,
      "object": {
        "modifier": "Degradation"
      },
      "relation": "increases",
      "source": 3,
      "target": 17
    },
    {
      "annotations": {
        "PublicationStatus": {
          "Published": true
        },
        "PublicationType": {
          "Research": true
        },
        "Section": {
          "Results": true
        }
      },
      "citation": {
        "authors": [
          "Abu-Asab M",
          "Boularan C",
          "Huang NN",
          "Kehrl JH",
          "Qi HY",
          "Shelhamer JH",
          "Shi CS"
        ],
        "date": "2014-09-15",
        "db": "PubMed",
        "db_id": "25135833",
        "db_name": "Journal of immunology (Baltimore, Md. : 1950)",
        "first": "Shi CS",
        "last": "Kehrl JH",
        "pages": "3080-9",
        "volume": "193"
      },
      "evidence": "These data show that ORF-9b localizes to mitochondria and likely causes mitochondrial elongation by triggering DRP1 ubiquitination and its proteasomal destruction.",
      "key": "48645b7b2ac4f74001e712a8747f9fa3",
      "line": 64,
      "relation": "increases",
      "source": 11,
      "target": 2
    },
    {
      "annotations": {
        "BioAssay": {
          "luciferase reporter gene assay": true
        },
        "CellLine": {
          "HEK293": true
        },
        "PublicationStatus": {
          "Published": true
        },
        "PublicationType": {
          "Research": true
        },
        "Section": {
          "Results": true
        }
      },
      "citation": {
        "authors": [
          "Abu-Asab M",
          "Boularan C",
          "Huang NN",
          "Kehrl JH",
          "Qi HY",
          "Shelhamer JH",
          "Shi CS"
        ],
        "date": "2014-09-15",
        "db": "PubMed",
        "db_id": "25135833",
        "db_name": "Journal of immunology (Baltimore, Md. : 1950)",
        "first": "Shi CS",
        "last": "Kehrl JH",
        "pages": "3080-9",
        "volume": "193"
      },
      "evidence": "We expressed 9b-GFP in the presence of either an IFN-β or a NF-κB reporter construct and simulated an intracellular viral infection by cotransfecting Poly(I:C). As expected Poly(I:C) induced both reporter constructs, but the presence of ORF-9b significantly inhibited this response (Fig. 3A).",
      "key": "dcf279387249fe978203f6c41e26e317",
      "line": 70,
      "relation": "increases",
      "source": 0,
      "target": 12
    },
    {
      "annotations": {
        "BioAssay": {
          "luciferase reporter gene assay": true
        },
        "CellLine": {
          "HEK293": true
        },
        "PublicationStatus": {
          "Published": true
        },
        "PublicationType": {
          "Research": true
        },
        "Section": {
          "Results": true
        }
      },
      "citation": {
        "authors": [
          "Abu-Asab M",
          "Boularan C",
          "Huang NN",
          "Kehrl JH",
          "Qi HY",
          "Shelhamer JH",
          "Shi CS"
        ],
        "date": "2014-09-15",
        "db": "PubMed",
        "db_id": "25135833",
        "db_name": "Journal of immunology (Baltimore, Md. : 1950)",
        "first": "Shi CS",
        "last": "Kehrl JH",
        "pages": "3080-9",
        "volume": "193"
      },
      "evidence": "We expressed 9b-GFP in the presence of either an IFN-β or a NF-κB reporter construct and simulated an intracellular viral infection by cotransfecting Poly(I:C). As expected Poly(I:C) induced both reporter constructs, but the presence of ORF-9b significantly inhibited this response (Fig. 3A).",
      "key": "fe09396614fd7db1b53198d0896b63e1",
      "line": 71,
      "relation": "increases",
      "source": 0,
      "target": 6
    },
    {
      "key": "cd5c109a0bdec7adbf25aaeec0304820",
      "relation": "hasVariant",
      "source": 12,
      "target": 13
    },
    {
      "annotations": {
        "PublicationStatus": {
          "Published": true
        },
        "PublicationType": {
          "Research": true
        },
        "Section": {
          "Results": true
        }
      },
      "citation": {
        "authors": [
          "Abu-Asab M",
          "Boularan C",
          "Huang NN",
          "Kehrl JH",
          "Qi HY",
          "Shelhamer JH",
          "Shi CS"
        ],
        "date": "2014-09-15",
        "db": "PubMed",
        "db_id": "25135833",
        "db_name": "Journal of immunology (Baltimore, Md. : 1950)",
        "first": "Shi CS",
        "last": "Kehrl JH",
        "pages": "3080-9",
        "volume": "193"
      },
      "evidence": "Since MAVS is required for the phosphorylation of IRF3 in the RIG-I mediated anti-viral response, we checked whether 9b-GFP expression reduced IRF3 phosphorylation, which it did (Fig. 3C).",
      "key": "a90d60d7abeda7cdd8dcacccd3c1193e",
      "line": 79,
      "relation": "increases",
      "source": 17,
      "target": 15
    },
    {
      "annotations": {
        "PublicationStatus": {
          "Published": true
        },
        "PublicationType": {
          "Research": true
        },
        "Section": {
          "Results": true
        }
      },
      "citation": {
        "authors": [
          "Abu-Asab M",
          "Boularan C",
          "Huang NN",
          "Kehrl JH",
          "Qi HY",
          "Shelhamer JH",
          "Shi CS"
        ],
        "date": "2014-09-15",
        "db": "PubMed",
        "db_id": "25135833",
        "db_name": "Journal of immunology (Baltimore, Md. : 1950)",
        "first": "Shi CS",
        "last": "Kehrl JH",
        "pages": "3080-9",
        "volume": "193"
      },
      "evidence": "Lowered DRP1 levels impaired the MAVS-induced increase IFN-β reporter activity although not nearly as effectively as did the 9b-FLAG construct (Fig. 3I).",
      "key": "4b91311949b5037e2cf4ee59a144362a",
      "line": 98,
      "relation": "increases",
      "source": 17,
      "target": 13
    },
    {
      "annotations": {
        "BioAssay": {
          "immunoblot": true
        },
        "PublicationStatus": {
          "Published": true
        },
        "PublicationType": {
          "Research": true
        },
        "Section": {
          "Results": true
        }
      },
      "citation": {
        "authors": [
          "Abu-Asab M",
          "Boularan C",
          "Huang NN",
          "Kehrl JH",
          "Qi HY",
          "Shelhamer JH",
          "Shi CS"
        ],
        "date": "2014-09-15",
        "db": "PubMed",
        "db_id": "25135833",
        "db_name": "Journal of immunology (Baltimore, Md. : 1950)",
        "first": "Shi CS",
        "last": "Kehrl JH",
        "pages": "3080-9",
        "volume": "193"
      },
      "evidence": "Indicating that ORF-9b likely triggers K48-linked ubiquitination of MAVS immunoblotting Myc-MAVS immunoprecipitates revealed the presence of K48-linked ubiquitin (Fig. 5C).",
      "key": "a686be178f4e0ad3569199e695342721",
      "line": 114,
      "relation": "increases",
      "source": 17,
      "target": 3
    },
    {
      "key": "e76d4dff175f9def8bb1191a023c76e7",
      "relation": "partOf",
      "source": 17,
      "target": 7
    },
    {
      "key": "ef53236da337721ee40eb18b186dbda0",
      "relation": "hasVariant",
      "source": 14,
      "target": 15
    },
    {
      "annotations": {
        "BioAssay": {
          "immunoblot": true
        },
        "PublicationStatus": {
          "Published": true
        },
        "PublicationType": {
          "Research": true
        },
        "Section": {
          "Results": true
        }
      },
      "citation": {
        "authors": [
          "Abu-Asab M",
          "Boularan C",
          "Huang NN",
          "Kehrl JH",
          "Qi HY",
          "Shelhamer JH",
          "Shi CS"
        ],
        "date": "2014-09-15",
        "db": "PubMed",
        "db_id": "25135833",
        "db_name": "Journal of immunology (Baltimore, Md. : 1950)",
        "first": "Shi CS",
        "last": "Kehrl JH",
        "pages": "3080-9",
        "volume": "193"
      },
      "evidence": "The DRP1 shRNA appropriately decreased DRP1 expression, but did not impact endogenous MAVS expression (Fig. 3J). This indicates that the ORF-9b mediated reduction in DRP1 may contributes to the decrease in type I interferon signaling, however other mechanisms must be operant.",
      "key": "6c7290595d2eedd43dc52233ecef1462",
      "line": 106,
      "relation": "decreases",
      "source": 20,
      "target": 10
    },
    {
      "key": "7eb16fbd712800f375f1de3ba95759f3",
      "relation": "partOf",
      "source": 18,
      "target": 7
    },
    {
      "annotations": {
        "CellLine": {
          "A549 cell": true
        },
        "PublicationStatus": {
          "Published": true
        },
        "PublicationType": {
          "Research": true
        },
        "Section": {
          "Results": true
        }
      },
      "citation": {
        "authors": [
          "Abu-Asab M",
          "Boularan C",
          "Huang NN",
          "Kehrl JH",
          "Qi HY",
          "Shelhamer JH",
          "Shi CS"
        ],
        "date": "2014-09-15",
        "db": "PubMed",
        "db_id": "25135833",
        "db_name": "Journal of immunology (Baltimore, Md. : 1950)",
        "first": "Shi CS",
        "last": "Kehrl JH",
        "pages": "3080-9",
        "volume": "193"
      },
      "evidence": "The induction of autophagy by ORF-9b depended upon ATG5, an important regulator of autophagosome formation, as reducing its expression decreased 9b-GFP triggered LC3 processing (Fig. 7F).",
      "key": "231c0399e11ad0df390e11cf56114ddf",
      "line": 149,
      "relation": "increases",
      "source": 8,
      "target": 5
    },
    {
      "key": "c1465efb37a96c385061c59b0a915ad0",
      "relation": "partOf",
      "source": 9,
      "target": 8
    },
    {
      "annotations": {
        "CellLine": {
          "A549 cell": true
        },
        "PublicationStatus": {
          "Published": true
        },
        "PublicationType": {
          "Research": true
        },
        "Section": {
          "Results": true
        }
      },
      "citation": {
        "authors": [
          "Abu-Asab M",
          "Boularan C",
          "Huang NN",
          "Kehrl JH",
          "Qi HY",
          "Shelhamer JH",
          "Shi CS"
        ],
        "date": "2014-09-15",
        "db": "PubMed",
        "db_id": "25135833",
        "db_name": "Journal of immunology (Baltimore, Md. : 1950)",
        "first": "Shi CS",
        "last": "Kehrl JH",
        "pages": "3080-9",
        "volume": "193"
      },
      "evidence": "The induction of autophagy by ORF-9b depended upon ATG5, an important regulator of autophagosome formation, as reducing its expression decreased 9b-GFP triggered LC3 processing (Fig. 7F).",
      "key": "ad7e54f924b3c9f06269c8396fbf415e",
      "line": 150,
      "relation": "regulates",
      "source": 9,
      "target": 1
    },
    {
      "annotations": {
        "CellLine": {
          "A549 cell": true
        },
        "PublicationStatus": {
          "Published": true
        },
        "PublicationType": {
          "Research": true
        },
        "Section": {
          "Results": true
        }
      },
      "citation": {
        "authors": [
          "Abu-Asab M",
          "Boularan C",
          "Huang NN",
          "Kehrl JH",
          "Qi HY",
          "Shelhamer JH",
          "Shi CS"
        ],
        "date": "2014-09-15",
        "db": "PubMed",
        "db_id": "25135833",
        "db_name": "Journal of immunology (Baltimore, Md. : 1950)",
        "first": "Shi CS",
        "last": "Kehrl JH",
        "pages": "3080-9",
        "volume": "193"
      },
      "evidence": "The induction of autophagy by ORF-9b depended upon ATG5, an important regulator of autophagosome formation, as reducing its expression decreased 9b-GFP triggered LC3 processing (Fig. 7F).",
      "key": "f58a88f83ebcfde79523ab28a53602ae",
      "line": 151,
      "relation": "increases",
      "source": 9,
      "target": 19
    }
  ],
  "multigraph": true,
  "nodes": [
    {
      "bel": "a(CHEBI:\"poly(I:C)\")",
      "concept": {
        "name": "poly(I:C)",
        "namespace": "CHEBI"
      },
      "function": "Abundance",
      "id": "fb46c6fc4855ca31206e72abc487f0a6"
    },
    {
      "bel": "bp(GO:\"autophagosome assembly\")",
      "concept": {
        "name": "autophagosome assembly",
        "namespace": "GO"
      },
      "function": "BiologicalProcess",
      "id": "bd4c3cc9e6c9ac4d60d3e6b79c7c79dd"
    },
    {
      "bel": "bp(GO:\"mitochondrial fusion\")",
      "concept": {
        "name": "mitochondrial fusion",
        "namespace": "GO"
      },
      "function": "BiologicalProcess",
      "id": "15763f3632c941ad7a876773cca2b0d8"
    },
    {
      "bel": "bp(GO:\"protein K48-linked ubiquitination\")",
      "concept": {
        "name": "protein K48-linked ubiquitination",
        "namespace": "GO"
      },
      "function": "BiologicalProcess",
      "id": "fa146cc9a0edc6df57e63530d296ae1f"
    },
    {
      "bel": "bp(GO:\"type I interferon signaling pathway\")",
      "concept": {
        "name": "type I interferon signaling pathway",
        "namespace": "GO"
      },
      "function": "BiologicalProcess",
      "id": "406286e395b45174d29b736d24d28382"
    },
    {
      "bel": "bp(GO:autophagy)",
      "concept": {
        "name": "autophagy",
        "namespace": "GO"
      },
      "function": "BiologicalProcess",
      "id": "9efc965fac6a195d0fad26eecddaac05"
    },
    {
      "bel": "complex(GO:\"NF-kappaB complex\")",
      "concept": {
        "name": "NF-kappaB complex",
        "namespace": "GO"
      },
      "function": "Complex",
      "id": "2b8e47488405cbf906efe3bac140985b"
    },
    {
      "bel": "complex(p(HGNC:MAVS), p(HGNC:PCBP2), p(UNIPROT:P59636))",
      "function": "Complex",
      "id": "7969e01a27eec2f12e470fa98a087d73",
      "members": [
        {
          "bel": "p(HGNC:MAVS)",
          "concept": {
            "name": "MAVS",
            "namespace": "HGNC"
          },
          "function": "Protein",
          "id": "057d75ee2f4b94b1ce2309b0965b0f2a"
        },
        {
          "bel": "p(HGNC:PCBP2)",
          "concept": {
            "name": "PCBP2",
            "namespace": "HGNC"
          },
          "function": "Protein",
          "id": "1a527080a498aa973921b243fc1eed4b"
        },
        {
          "bel": "p(UNIPROT:P59636)",
          "concept": {
            "name": "P59636",
            "namespace": "UNIPROT"
          },
          "function": "Protein",
          "id": "d74322ced5e9cbfed835e115ee690654"
        }
      ]
    },
    {
      "bel": "composite(p(HGNC:ATG5), p(UNIPROT:P59636))",
      "function": "Composite",
      "id": "7575cea2fddc9f3d3e91d642f69c90a1",
      "members": [
        {
          "bel": "p(HGNC:ATG5)",
          "concept": {
            "name": "ATG5",
            "namespace": "HGNC"
          },
          "function": "Protein",
          "id": "2300f0e35420fca0d0222d700dd6a87a"
        },
        {
          "bel": "p(UNIPROT:P59636)",
          "concept": {
            "name": "P59636",
            "namespace": "UNIPROT"
          },
          "function": "Protein",
          "id": "d74322ced5e9cbfed835e115ee690654"
        }
      ]
    },
    {
      "bel": "p(HGNC:ATG5)",
      "concept": {
        "name": "ATG5",
        "namespace": "HGNC"
      },
      "function": "Protein",
      "id": "2300f0e35420fca0d0222d700dd6a87a"
    },
    {
      "bel": "p(HGNC:DNM1L)",
      "concept": {
        "name": "DNM1L",
        "namespace": "HGNC"
      },
      "function": "Protein",
      "id": "000fa66835a50916da27dc7814d74ae7"
    },
    {
      "bel": "p(HGNC:DNM1L, pmod(Ub))",
      "concept": {
        "name": "DNM1L",
        "namespace": "HGNC"
      },
      "function": "Protein",
      "id": "663c15fa440c03705a1e6c54d7ab9185",
      "variants": [
        {
          "concept": {
            "name": "Ub",
            "namespace": "bel"
          },
          "kind": "pmod"
        }
      ]
    },
    {
      "bel": "p(HGNC:IFNB1)",
      "concept": {
        "name": "IFNB1",
        "namespace": "HGNC"
      },
      "function": "Protein",
      "id": "187da957c4e0c092e01fc85dd9da5fa4"
    },
    {
      "bel": "p(HGNC:IFNB1, pmod(Ph))",
      "concept": {
        "name": "IFNB1",
        "namespace": "HGNC"
      },
      "function": "Protein",
      "id": "616681c7780ed74175c060854eb43576",
      "variants": [
        {
          "concept": {
            "name": "Ph",
            "namespace": "bel"
          },
          "kind": "pmod"
        }
      ]
    },
    {
      "bel": "p(HGNC:IRF3)",
      "concept": {
        "name": "IRF3",
        "namespace": "HGNC"
      },
      "function": "Protein",
      "id": "897eff5dfdc1e9477decd386f7648733"
    },
    {
      "bel": "p(HGNC:IRF3, pmod(Ph))",
      "concept": {
        "name": "IRF3",
        "namespace": "HGNC"
      },
      "function": "Protein",
      "id": "e8e23fe731eada4dec69aee15f4d9244",
      "variants": [
        {
          "concept": {
            "name": "Ph",
            "namespace": "bel"
          },
          "kind": "pmod"
        }
      ]
    },
    {
      "bel": "p(HGNC:MAP1LC3A)",
      "concept": {
        "name": "MAP1LC3A",
        "namespace": "HGNC"
      },
      "function": "Protein",
      "id": "89badabd301b21ede7de4f845c3e918f"
    },
    {
      "bel": "p(HGNC:MAVS)",
      "concept": {
        "name": "MAVS",
        "namespace": "HGNC"
      },
      "function": "Protein",
      "id": "057d75ee2f4b94b1ce2309b0965b0f2a"
    },
    {
      "bel": "p(HGNC:PCBP2)",
      "concept": {
        "name": "PCBP2",
        "namespace": "HGNC"
      },
      "function": "Protein",
      "id": "1a527080a498aa973921b243fc1eed4b"
    },
    {
      "bel": "p(UNIPROT:P59636)",
      "concept": {
        "name": "P59636",
        "namespace": "UNIPROT"
      },
      "function": "Protein",
      "id": "d74322ced5e9cbfed835e115ee690654"
    },
    {
      "bel": "r(HGNC:DNM1L)",
      "concept": {
        "name": "DNM1L",
        "namespace": "HGNC"
      },
      "function": "RNA",
      "id": "f7edaa3bf3b36d4a60e3bebd9407c5aa"
    }
  ]
}