{
  "directed": true,
  "graph": {
    "annotation_list": {
      "Custom_Disease": [
        "COVID-19"
      ],
      "PublicationStatus": [
        "Preprint",
        "Published"
      ],
      "PublicationType": [
        "Research",
        "Review"
      ],
      "Section": [
        "Abstract",
        "Full Text",
        "Results"
      ]
    },
    "annotation_pattern": {},
    "annotation_url": {},
    "document_metadata": {
      "authors": "Shounak Baksi",
      "contact": "shounak.baksi@causalitybiomodels.com",
      "copyright": "Copyright © 2020 Fraunhofer Institute SCAI, All rights reserved",
      "description": "COVID Knowledge Curation project",
      "licenses": "Private Ownership to Fraunhofer Institute SCAI",
      "name": "32083328.bel",
      "version": "2.1.0"
    },
    "namespace_pattern": {},
    "namespace_url": {
      "COVID": "https://arty.scai.fraunhofer.de/artifactory/bel/namespace/ncbi-covid19/ncbi-covid19-20200326.belns",
      "MESH": "https://arty.scai.fraunhofer.de/artifactory/bel/namespace/mesh/mesh-names-20181007.belns"
    },
    "path": "32083328.bel",
    "pybel_version": "0.14.6"
  },
  "links": [
    {
      "annotations": {
        "Custom_Disease": {
          "COVID-19": true
        },
        "PublicationStatus": {
          "Published": true
        },
        "PublicationType": {
          "Research": true
        },
        "Section": {
          "Results": true
        }
      },
      "citation": {
        "authors": [
          "Angeletti S",
          "Benvenuto D",
          "Bianchi M",
          "Ciccozzi M",
          "Giovanetti M",
          "Pascarella S"
        ],
        "date": "2020-02-21",
        "db": "PubMed",
        "db_id": "32083328",
        "db_name": "Journal of medical virology",
        "first": "Angeletti S",
        "last": "Ciccozzi M"
      },
      "evidence": "on the amino acidic position 501the COVID‐2019 has a glutamine residue, the Bat SARS‐like cor-onavirus has a threonine residue and the SARS virus has an alanineresidue.",
      "key": "ea1054c98c171a0860e51061ed66cde2",
      "line": 85,
      "relation": "positiveCorrelation",
      "source": 5,
      "target": 6
    },
    {
      "key": "2627df64dfc3fd4e546d4ab09ccf8543",
      "relation": "hasVariant",
      "source": 0,
      "target": 5
    },
    {
      "key": "7e57f976425cc1a8233560e28cae0a5d",
      "relation": "hasVariant",
      "source": 0,
      "target": 1
    },
    {
      "key": "a11976c5032d08ae7065e68aea05ad5a",
      "relation": "hasVariant",
      "source": 0,
      "target": 2
    },
    {
      "key": "b9f8f70b9e30f6f6b627f21d0c97227e",
      "relation": "hasVariant",
      "source": 0,
      "target": 3
    },
    {
      "key": "543abdb46fbf07072f46fed223e262d4",
      "relation": "hasVariant",
      "source": 0,
      "target": 4
    },
    {
      "annotations": {
        "Custom_Disease": {
          "COVID-19": true
        },
        "PublicationStatus": {
          "Published": true
        },
        "PublicationType": {
          "Research": true
        },
        "Section": {
          "Results": true
        }
      },
      "citation": {
        "authors": [
          "Angeletti S",
          "Benvenuto D",
          "Bianchi M",
          "Ciccozzi M",
          "Giovanetti M",
          "Pascarella S"
        ],
        "date": "2020-02-21",
        "db": "PubMed",
        "db_id": "32083328",
        "db_name": "Journal of medical virology",
        "first": "Angeletti S",
        "last": "Ciccozzi M"
      },
      "evidence": "on the amino acidic position 501the COVID‐2019 has a glutamine residue, the Bat SARS‐like cor-onavirus has a threonine residue and the SARS virus has an alanineresidue.",
      "key": "3574394f641ac87abbc0d148634e025d",
      "line": 85,
      "relation": "positiveCorrelation",
      "source": 6,
      "target": 5
    },
    {
      "annotations": {
        "Custom_Disease": {
          "COVID-19": true
        },
        "PublicationStatus": {
          "Published": true
        },
        "PublicationType": {
          "Research": true
        },
        "Section": {
          "Results": true
        }
      },
      "citation": {
        "authors": [
          "Angeletti S",
          "Benvenuto D",
          "Bianchi M",
          "Ciccozzi M",
          "Giovanetti M",
          "Pascarella S"
        ],
        "date": "2020-02-21",
        "db": "PubMed",
        "db_id": "32083328",
        "db_name": "Journal of medical virology",
        "first": "Angeletti S",
        "last": "Ciccozzi M"
      },
      "evidence": "on the amino acidic position 501the COVID‐2019 has a glutamine residue, the Bat SARS‐like cor-onavirus has a threonine residue and the SARS virus has an alanineresidue.",
      "key": "0e0cebb95dd31b2be418118c7d7925a8",
      "line": 86,
      "relation": "positiveCorrelation",
      "source": 6,
      "target": 1
    },
    {
      "annotations": {
        "Custom_Disease": {
          "COVID-19": true
        },
        "PublicationStatus": {
          "Published": true
        },
        "PublicationType": {
          "Research": true
        },
        "Section": {
          "Results": true
        }
      },
      "citation": {
        "authors": [
          "Angeletti S",
          "Benvenuto D",
          "Bianchi M",
          "Ciccozzi M",
          "Giovanetti M",
          "Pascarella S"
        ],
        "date": "2020-02-21",
        "db": "PubMed",
        "db_id": "32083328",
        "db_name": "Journal of medical virology",
        "first": "Angeletti S",
        "last": "Ciccozzi M"
      },
      "evidence": "At position 723 in the COVID‐2019 there is a serine residuewhile the Bat SARS‐like virus and the SARS virus have a glycineresidue",
      "key": "c4886adf442c6bcc9320bdb212fbf6ee",
      "line": 91,
      "relation": "positiveCorrelation",
      "source": 6,
      "target": 2
    },
    {
      "annotations": {
        "Custom_Disease": {
          "COVID-19": true
        },
        "PublicationStatus": {
          "Published": true
        },
        "PublicationType": {
          "Research": true
        },
        "Section": {
          "Results": true
        }
      },
      "citation": {
        "authors": [
          "Angeletti S",
          "Benvenuto D",
          "Bianchi M",
          "Ciccozzi M",
          "Giovanetti M",
          "Pascarella S"
        ],
        "date": "2020-02-21",
        "db": "PubMed",
        "db_id": "32083328",
        "db_name": "Journal of medical virology",
        "first": "Angeletti S",
        "last": "Ciccozzi M"
      },
      "evidence": "As for the residue in position 723 (543 in the nsp3 protein), theCOVID‐2019 sequence displays a Ser replacing for Gly in Bat SARS‐like and SARS coronaviruses",
      "key": "d4db24b3b8de0f8154aa42d5aa98fd9a",
      "line": 106,
      "relation": "positiveCorrelation",
      "source": 6,
      "target": 2
    },
    {
      "annotations": {
        "Custom_Disease": {
          "COVID-19": true
        },
        "PublicationStatus": {
          "Published": true
        },
        "PublicationType": {
          "Research": true
        },
        "Section": {
          "Results": true
        }
      },
      "citation": {
        "authors": [
          "Angeletti S",
          "Benvenuto D",
          "Bianchi M",
          "Ciccozzi M",
          "Giovanetti M",
          "Pascarella S"
        ],
        "date": "2020-02-21",
        "db": "PubMed",
        "db_id": "32083328",
        "db_name": "Journal of medical virology",
        "first": "Angeletti S",
        "last": "Ciccozzi M"
      },
      "evidence": "On the aminoacidic position 1010, the COVID‐2019 has a proline residue, the Bat SARS‐like coronavirus has a histidine residueand the SARS virus has an isoleucine residue. Significant (P < .05)pervasive negative selection in 2416 sites (55%) has been evidencedand confirmed by FUBAR analysis.",
      "key": "89d34f61a1bd93d536af73e5360e93e9",
      "line": 99,
      "relation": "positiveCorrelation",
      "source": 6,
      "target": 3
    },
    {
      "annotations": {
        "Custom_Disease": {
          "COVID-19": true
        },
        "PublicationStatus": {
          "Published": true
        },
        "PublicationType": {
          "Research": true
        },
        "Section": {
          "Results": true
        }
      },
      "citation": {
        "authors": [
          "Angeletti S",
          "Benvenuto D",
          "Bianchi M",
          "Ciccozzi M",
          "Giovanetti M",
          "Pascarella S"
        ],
        "date": "2020-02-21",
        "db": "PubMed",
        "db_id": "32083328",
        "db_name": "Journal of medical virology",
        "first": "Angeletti S",
        "last": "Ciccozzi M"
      },
      "evidence": "On the aminoacidic position 1010, the COVID‐2019 has a proline residue, the Bat SARS‐like coronavirus has a histidine residueand the SARS virus has an isoleucine residue. Significant (P < .05)pervasive negative selection in 2416 sites (55%) has been evidencedand confirmed by FUBAR analysis.",
      "key": "0fa4db00d351e1deaced2f8c38c7dc97",
      "line": 100,
      "relation": "positiveCorrelation",
      "source": 6,
      "target": 4
    },
    {
      "annotations": {
        "Custom_Disease": {
          "COVID-19": true
        },
        "PublicationStatus": {
          "Published": true
        },
        "PublicationType": {
          "Research": true
        },
        "Section": {
          "Results": true
        }
      },
      "citation": {
        "authors": [
          "Angeletti S",
          "Benvenuto D",
          "Bianchi M",
          "Ciccozzi M",
          "Giovanetti M",
          "Pascarella S"
        ],
        "date": "2020-02-21",
        "db": "PubMed",
        "db_id": "32083328",
        "db_name": "Journal of medical virology",
        "first": "Angeletti S",
        "last": "Ciccozzi M"
      },
      "evidence": "on the amino acidic position 501the COVID‐2019 has a glutamine residue, the Bat SARS‐like cor-onavirus has a threonine residue and the SARS virus has an alanineresidue.",
      "key": "9376dc64954318421fbe471057005741",
      "line": 86,
      "relation": "positiveCorrelation",
      "source": 1,
      "target": 6
    },
    {
      "annotations": {
        "Custom_Disease": {
          "COVID-19": true
        },
        "PublicationStatus": {
          "Published": true
        },
        "PublicationType": {
          "Research": true
        },
        "Section": {
          "Results": true
        }
      },
      "citation": {
        "authors": [
          "Angeletti S",
          "Benvenuto D",
          "Bianchi M",
          "Ciccozzi M",
          "Giovanetti M",
          "Pascarella S"
        ],
        "date": "2020-02-21",
        "db": "PubMed",
        "db_id": "32083328",
        "db_name": "Journal of medical virology",
        "first": "Angeletti S",
        "last": "Ciccozzi M"
      },
      "evidence": "At position 723 in the COVID‐2019 there is a serine residuewhile the Bat SARS‐like virus and the SARS virus have a glycineresidue",
      "key": "4b237245ced223ddf9b606341b4df69c",
      "line": 91,
      "relation": "positiveCorrelation",
      "source": 2,
      "target": 6
    },
    {
      "annotations": {
        "Custom_Disease": {
          "COVID-19": true
        },
        "PublicationStatus": {
          "Published": true
        },
        "PublicationType": {
          "Research": true
        },
        "Section": {
          "Results": true
        }
      },
      "citation": {
        "authors": [
          "Angeletti S",
          "Benvenuto D",
          "Bianchi M",
          "Ciccozzi M",
          "Giovanetti M",
          "Pascarella S"
        ],
        "date": "2020-02-21",
        "db": "PubMed",
        "db_id": "32083328",
        "db_name": "Journal of medical virology",
        "first": "Angeletti S",
        "last": "Ciccozzi M"
      },
      "evidence": "As for the residue in position 723 (543 in the nsp3 protein), theCOVID‐2019 sequence displays a Ser replacing for Gly in Bat SARS‐like and SARS coronaviruses",
      "key": "0e0f8dfa00f7600e1a8d53b3b9a8da48",
      "line": 106,
      "relation": "positiveCorrelation",
      "source": 2,
      "target": 6
    },
    {
      "annotations": {
        "Custom_Disease": {
          "COVID-19": true
        },
        "PublicationStatus": {
          "Published": true
        },
        "PublicationType": {
          "Research": true
        },
        "Section": {
          "Results": true
        }
      },
      "citation": {
        "authors": [
          "Angeletti S",
          "Benvenuto D",
          "Bianchi M",
          "Ciccozzi M",
          "Giovanetti M",
          "Pascarella S"
        ],
        "date": "2020-02-21",
        "db": "PubMed",
        "db_id": "32083328",
        "db_name": "Journal of medical virology",
        "first": "Angeletti S",
        "last": "Ciccozzi M"
      },
      "evidence": "On the aminoacidic position 1010, the COVID‐2019 has a proline residue, the Bat SARS‐like coronavirus has a histidine residueand the SARS virus has an isoleucine residue. Significant (P < .05)pervasive negative selection in 2416 sites (55%) has been evidencedand confirmed by FUBAR analysis.",
      "key": "f818d872885236f1c2e8948442421d57",
      "line": 99,
      "relation": "positiveCorrelation",
      "source": 3,
      "target": 6
    },
    {
      "annotations": {
        "Custom_Disease": {
          "COVID-19": true
        },
        "PublicationStatus": {
          "Published": true
        },
        "PublicationType": {
          "Research": true
        },
        "Section": {
          "Results": true
        }
      },
      "citation": {
        "authors": [
          "Angeletti S",
          "Benvenuto D",
          "Bianchi M",
          "Ciccozzi M",
          "Giovanetti M",
          "Pascarella S"
        ],
        "date": "2020-02-21",
        "db": "PubMed",
        "db_id": "32083328",
        "db_name": "Journal of medical virology",
        "first": "Angeletti S",
        "last": "Ciccozzi M"
      },
      "evidence": "On the aminoacidic position 1010, the COVID‐2019 has a proline residue, the Bat SARS‐like coronavirus has a histidine residueand the SARS virus has an isoleucine residue. Significant (P < .05)pervasive negative selection in 2416 sites (55%) has been evidencedand confirmed by FUBAR analysis.",
      "key": "2eeb7e7390fb8d1b919451a25a94f70c",
      "line": 100,
      "relation": "positiveCorrelation",
      "source": 4,
      "target": 6
    }
  ],
  "multigraph": true,
  "nodes": [
    {
      "bel": "p(COVID:ORF1ab)",
      "concept": {
        "name": "ORF1ab",
        "namespace": "COVID"
      },
      "function": "Protein",
      "id": "3e2ae75f3061012cb65ea6b97f7db096"
    },
    {
      "bel": "p(COVID:ORF1ab, var(\"p.Ala501GLu\"))",
      "concept": {
        "name": "ORF1ab",
        "namespace": "COVID"
      },
      "function": "Protein",
      "id": "33806d7c053567fc282d5c139260e7c5",
      "variants": [
        {
          "hgvs": "p.Ala501GLu",
          "kind": "hgvs"
        }
      ]
    },
    {
      "bel": "p(COVID:ORF1ab, var(\"p.Gly723Ser\"))",
      "concept": {
        "name": "ORF1ab",
        "namespace": "COVID"
      },
      "function": "Protein",
      "id": "de9b1e868ea8c68968a559b9412e00a9",
      "variants": [
        {
          "hgvs": "p.Gly723Ser",
          "kind": "hgvs"
        }
      ]
    },
    {
      "bel": "p(COVID:ORF1ab, var(\"p.His1010Pro\"))",
      "concept": {
        "name": "ORF1ab",
        "namespace": "COVID"
      },
      "function": "Protein",
      "id": "73da6a8aa6836544c35c38908cc56f59",
      "variants": [
        {
          "hgvs": "p.His1010Pro",
          "kind": "hgvs"
        }
      ]
    },
    {
      "bel": "p(COVID:ORF1ab, var(\"p.Ile1010Pro\"))",
      "concept": {
        "name": "ORF1ab",
        "namespace": "COVID"
      },
      "function": "Protein",
      "id": "9c11eb4fd5720f7b9d38510b17679c10",
      "variants": [
        {
          "hgvs": "p.Ile1010Pro",
          "kind": "hgvs"
        }
      ]
    },
    {
      "bel": "p(COVID:ORF1ab, var(\"p.Thr501GLu\"))",
      "concept": {
        "name": "ORF1ab",
        "namespace": "COVID"
      },
      "function": "Protein",
      "id": "b3e6fa95a43b44d670758885bc69a2cb",
      "variants": [
        {
          "hgvs": "p.Thr501GLu",
          "kind": "hgvs"
        }
      ]
    },
    {
      "bel": "path(MESH:Virulence)",
      "concept": {
        "name": "Virulence",
        "namespace": "MESH"
      },
      "function": "Pathology",
      "id": "cd22afe1d9d585df2f0e1a10fc161447"
    }
  ]
}