{
  "directed": true,
  "graph": {
    "annotation_list": {
      "Country": [
        "China"
      ],
      "PublicationStatus": [
        "Published"
      ],
      "PublicationType": [
        "Research"
      ],
      "Section": [
        "Results"
      ]
    },
    "annotation_pattern": {},
    "annotation_url": {
      "Species": "https://arty.scai.fraunhofer.de/artifactory/bel/annotation/species-taxonomy-id/species-taxonomy-id-20170511.belanno"
    },
    "document_metadata": {
      "authors": "Priya S",
      "contact": "priya@causalitybiomodels.com",
      "copyright": "Copyright © 2020 Fraunhofer Institute SCAI, All rights reserved",
      "description": "COVID Knowledge Curation project",
      "licenses": "Private Ownership to Fraunhofer Institute SCAI",
      "name": "32094589.bel",
      "version": "2.0.0"
    },
    "namespace_pattern": {},
    "namespace_url": {
      "COVID": "https://arty.scai.fraunhofer.de/artifactory/bel/namespace/ncbi-covid19/ncbi-covid19-20200326.belns",
      "DO": "https://arty.scai.fraunhofer.de/artifactory/bel/namespace/disease-ontology/disease-ontology-20200407.belns",
      "HGNC": "https://arty.scai.fraunhofer.de/artifactory/bel/namespace/hgnc/hgnc-20190708.belns",
      "TAX": "https://arty.scai.fraunhofer.de/artifactory/bel/namespace/ncbi-taxonomy/ncbi-taxonomy-20200322.belns"
    },
    "path": "32094589.bel",
    "pybel_version": "0.14.6"
  },
  "links": [
    {
      "annotations": {
        "PublicationStatus": {
          "Published": true
        },
        "PublicationType": {
          "Research": true
        },
        "Section": {
          "Results": true
        },
        "Species": {
          "9606": true
        }
      },
      "citation": {
        "authors": [
          "Letko M",
          "Marzi A",
          "Munster V"
        ],
        "date": "2020-04-01",
        "db": "PubMed",
        "db_id": "32094589",
        "db_name": "Nature microbiology",
        "first": "Letko M",
        "last": "Munster V",
        "pages": "562-569",
        "volume": "5"
      },
      "evidence": "Human DPP4—a receptor for the lineage C betacoronaviruses—only mediated entry of MERS-CoV, whereas APN only mediated entry of the alphacoronavirus HCoV-229E (Fig. 2b).",
      "key": "3c73997c7f0843ab07321f07427c1cec",
      "line": 46,
      "relation": "increases",
      "source": 7,
      "target": 1
    },
    {
      "annotations": {
        "PublicationStatus": {
          "Published": true
        },
        "PublicationType": {
          "Research": true
        },
        "Section": {
          "Results": true
        },
        "Species": {
          "9606": true
        }
      },
      "citation": {
        "authors": [
          "Letko M",
          "Marzi A",
          "Munster V"
        ],
        "date": "2020-04-01",
        "db": "PubMed",
        "db_id": "32094589",
        "db_name": "Nature microbiology",
        "first": "Letko M",
        "last": "Munster V",
        "pages": "562-569",
        "volume": "5"
      },
      "evidence": "Human DPP4—a receptor for the lineage C betacoronaviruses—only mediated entry of MERS-CoV, whereas APN only mediated entry of the alphacoronavirus HCoV-229E (Fig. 2b).",
      "key": "353fc156885d69fb3c9028feba42fb27",
      "line": 47,
      "relation": "increases",
      "source": 6,
      "target": 0
    },
    {
      "annotations": {
        "Country": {
          "China": true
        },
        "PublicationStatus": {
          "Published": true
        },
        "PublicationType": {
          "Research": true
        },
        "Section": {
          "Results": true
        },
        "Species": {
          "9606": true
        }
      },
      "citation": {
        "authors": [
          "Letko M",
          "Marzi A",
          "Munster V"
        ],
        "date": "2020-04-01",
        "db": "PubMed",
        "db_id": "32094589",
        "db_name": "Nature microbiology",
        "first": "Letko M",
        "last": "Munster V",
        "pages": "562-569",
        "volume": "5"
      },
      "evidence": "While our study was ongoing, a lineage B virus tentatively named SARS-CoV-2 was identified as the cause of a pneumonia outbreak in Hubei, China.",
      "key": "459f7fb60e488d0fce01aa4fa8d74729",
      "line": 51,
      "relation": "increases",
      "source": 2,
      "target": 8
    },
    {
      "annotations": {
        "PublicationStatus": {
          "Published": true
        },
        "PublicationType": {
          "Research": true
        },
        "Section": {
          "Results": true
        },
        "Species": {
          "9606": true
        }
      },
      "citation": {
        "authors": [
          "Letko M",
          "Marzi A",
          "Munster V"
        ],
        "date": "2020-04-01",
        "db": "PubMed",
        "db_id": "32094589",
        "db_name": "Nature microbiology",
        "first": "Letko M",
        "last": "Munster V",
        "pages": "562-569",
        "volume": "5"
      },
      "evidence": "The chimeric SARS–SARS-CoV-2 spike protein expressed was incorporated into particles similarly to other clade 1 chimeric spikes and was capable of entering cells expressing human ACE2, but not any of the other receptors tested (Fig. 3c,d and Extended Data Fig. 3).",
      "key": "4c12c4bf8b00bb11451b6fde9350da2d",
      "line": 56,
      "relation": "increases",
      "source": 3,
      "target": 2
    },
    {
      "key": "cc2d182e46a7afcbe8de0b32b4f87ed1",
      "relation": "partOf",
      "source": 4,
      "target": 3
    },
    {
      "key": "1db03b2523b3b2cd2b465edf9382bc2a",
      "relation": "partOf",
      "source": 5,
      "target": 3
    }
  ],
  "multigraph": true,
  "nodes": [
    {
      "bel": "a(TAX:\"Human coronavirus 229E\")",
      "concept": {
        "name": "Human coronavirus 229E",
        "namespace": "TAX"
      },
      "function": "Abundance",
      "id": "79ffb71f2dda620fb098f4f65e4a6e64"
    },
    {
      "bel": "a(TAX:\"Middle East respiratory syndrome-related coronavirus\")",
      "concept": {
        "name": "Middle East respiratory syndrome-related coronavirus",
        "namespace": "TAX"
      },
      "function": "Abundance",
      "id": "f954d5cc971a29c7e7089ca32a056914"
    },
    {
      "bel": "a(TAX:\"Severe acute respiratory syndrome coronavirus 2\")",
      "concept": {
        "name": "Severe acute respiratory syndrome coronavirus 2",
        "namespace": "TAX"
      },
      "function": "Abundance",
      "id": "c41851da59cc36c21b2e8acf24c1f46d"
    },
    {
      "bel": "complex(p(COVID:S), p(HGNC:ACE2))",
      "function": "Complex",
      "id": "6b8514d35b9a04dcfdf30d01d4a3a0a0",
      "members": [
        {
          "bel": "p(COVID:S)",
          "concept": {
            "name": "S",
            "namespace": "COVID"
          },
          "function": "Protein",
          "id": "8d090715298e11996081058536798c19"
        },
        {
          "bel": "p(HGNC:ACE2)",
          "concept": {
            "name": "ACE2",
            "namespace": "HGNC"
          },
          "function": "Protein",
          "id": "bb9a231a2c68ff8f3bad2adad9ed6a94"
        }
      ]
    },
    {
      "bel": "p(COVID:S)",
      "concept": {
        "name": "S",
        "namespace": "COVID"
      },
      "function": "Protein",
      "id": "8d090715298e11996081058536798c19"
    },
    {
      "bel": "p(HGNC:ACE2)",
      "concept": {
        "name": "ACE2",
        "namespace": "HGNC"
      },
      "function": "Protein",
      "id": "bb9a231a2c68ff8f3bad2adad9ed6a94"
    },
    {
      "bel": "p(HGNC:ANPEP)",
      "concept": {
        "name": "ANPEP",
        "namespace": "HGNC"
      },
      "function": "Protein",
      "id": "e679ca04855e6465efb0c8ff47e4e49f"
    },
    {
      "bel": "p(HGNC:DPP4)",
      "concept": {
        "name": "DPP4",
        "namespace": "HGNC"
      },
      "function": "Protein",
      "id": "ed0b2cb13479d4589d4dac0ecbced25e"
    },
    {
      "bel": "path(DO:pneumonia)",
      "concept": {
        "name": "pneumonia",
        "namespace": "DO"
      },
      "function": "Pathology",
      "id": "274776fc664e9bfd9c191cca80623b0d"
    }
  ]
}