{
  "directed": true,
  "graph": {
    "annotation_list": {
      "Custom_Anatomy": [
        "rectum lamina propria",
        "stomach lamina propria"
      ],
      "Custom_Disease": [
        "COVID-19"
      ],
      "PublicationStatus": [
        "Preprint"
      ],
      "PublicationType": [
        "Research"
      ],
      "Section": [
        "Results"
      ]
    },
    "annotation_pattern": {},
    "annotation_url": {
      "Anatomy": "https://arty.scai.fraunhofer.de/artifactory/bel/annotation/anatomy/anatomy-20190128.belanno",
      "MeSHAnatomy": "https://arty.scai.fraunhofer.de/artifactory/bel/annotation/mesh-anatomy/mesh-anatomy-20190128.belanno",
      "Species": "https://arty.scai.fraunhofer.de/artifactory/bel/annotation/species-taxonomy-id/species-taxonomy-id-20170511.belanno"
    },
    "document_metadata": {
      "authors": "Thrishna",
      "contact": "thrishna@causalitybiomodels.com",
      "copyright": "Copyright © 2020 Fraunhofer Institute SCAI, All rights reserved",
      "description": "COVID Knowledge Curation project",
      "licenses": "Private Ownership to Fraunhofer Institute SCAI",
      "name": "32142773.bel",
      "version": "2.0.0"
    },
    "namespace_pattern": {
      "FIXME": ".*"
    },
    "namespace_url": {
      "COVID": "https://arty.scai.fraunhofer.de/artifactory/bel/namespace/ncbi-covid19/ncbi-covid19-20200326.belns",
      "DO": "https://arty.scai.fraunhofer.de/artifactory/bel/namespace/disease-ontology/disease-ontology-20200407.belns",
      "MESH": "https://arty.scai.fraunhofer.de/artifactory/bel/namespace/mesh/mesh-names-20181007.belns"
    },
    "path": "32142773.bel",
    "pybel_version": "0.14.6"
  },
  "links": [
    {
      "annotations": {
        "Anatomy": {
          "esophagus squamous epithelium": true
        },
        "Custom_Disease": {
          "COVID-19": true
        },
        "PublicationStatus": {
          "Preprint": true
        },
        "PublicationType": {
          "Research": true
        },
        "Section": {
          "Results": true
        },
        "Species": {
          "9606": true
        }
      },
      "citation": {
        "authors": [
          "Li X",
          "Liu Y",
          "Shan H",
          "Tang M",
          "Xiao F",
          "Zheng X"
        ],
        "date": "2020-03-03",
        "db": "PubMed",
        "db_id": "32142773",
        "db_name": "Gastroenterology",
        "first": "Xiao F",
        "last": "Shan H"
      },
      "evidence": "Infiltrate of occasional lymphocytes was observed in esophageal squamous epithelium.",
      "key": "3b6149d9853896f8a989c216465a0690",
      "line": 51,
      "relation": "increases",
      "source": 2,
      "target": 1
    },
    {
      "annotations": {
        "Anatomy": {
          "duodenum lamina propria": true
        },
        "Custom_Anatomy": {
          "rectum lamina propria": true,
          "stomach lamina propria": true
        },
        "Custom_Disease": {
          "COVID-19": true
        },
        "PublicationStatus": {
          "Preprint": true
        },
        "PublicationType": {
          "Research": true
        },
        "Section": {
          "Results": true
        },
        "Species": {
          "9606": true
        }
      },
      "citation": {
        "authors": [
          "Li X",
          "Liu Y",
          "Shan H",
          "Tang M",
          "Xiao F",
          "Zheng X"
        ],
        "date": "2020-03-03",
        "db": "PubMed",
        "db_id": "32142773",
        "db_name": "Gastroenterology",
        "first": "Xiao F",
        "last": "Shan H"
      },
      "evidence": "In lamina propria of the stomach, duodenum, and rectum, numerous infiltrating plasma cells and lymphocytes with interstitial edema were seen.",
      "key": "c90f2e89a8d70bc1bae3fd55e492700b",
      "line": 60,
      "relation": "increases",
      "source": 2,
      "target": 1
    },
    {
      "annotations": {
        "Anatomy": {
          "duodenum lamina propria": true
        },
        "Custom_Anatomy": {
          "rectum lamina propria": true,
          "stomach lamina propria": true
        },
        "Custom_Disease": {
          "COVID-19": true
        },
        "PublicationStatus": {
          "Preprint": true
        },
        "PublicationType": {
          "Research": true
        },
        "Section": {
          "Results": true
        },
        "Species": {
          "9606": true
        }
      },
      "citation": {
        "authors": [
          "Li X",
          "Liu Y",
          "Shan H",
          "Tang M",
          "Xiao F",
          "Zheng X"
        ],
        "date": "2020-03-03",
        "db": "PubMed",
        "db_id": "32142773",
        "db_name": "Gastroenterology",
        "first": "Xiao F",
        "last": "Shan H"
      },
      "evidence": "In lamina propria of the stomach, duodenum, and rectum, numerous infiltrating plasma cells and lymphocytes with interstitial edema were seen.",
      "key": "f1cb65e08d66941778f5c59d7443a440",
      "line": 61,
      "relation": "increases",
      "source": 2,
      "target": 3
    },
    {
      "annotations": {
        "Anatomy": {
          "duodenum lamina propria": true
        },
        "Custom_Anatomy": {
          "rectum lamina propria": true,
          "stomach lamina propria": true
        },
        "Custom_Disease": {
          "COVID-19": true
        },
        "MeSHAnatomy": {
          "Intestines": true
        },
        "PublicationStatus": {
          "Preprint": true
        },
        "PublicationType": {
          "Research": true
        },
        "Section": {
          "Results": true
        },
        "Species": {
          "9606": true
        }
      },
      "citation": {
        "authors": [
          "Li X",
          "Liu Y",
          "Shan H",
          "Tang M",
          "Xiao F",
          "Zheng X"
        ],
        "date": "2020-03-03",
        "db": "PubMed",
        "db_id": "32142773",
        "db_name": "Gastroenterology",
        "first": "Xiao F",
        "last": "Shan H"
      },
      "evidence": "In lamina propria of the stomach, duodenum, and rectum, numerous infiltrating plasma cells and lymphocytes with interstitial edema were seen.",
      "key": "c6d168c63293b4792bac5962906e4c09",
      "line": 63,
      "relation": "increases",
      "source": 2,
      "target": 4
    },
    {
      "annotations": {
        "Custom_Disease": {
          "COVID-19": true
        },
        "MeSHAnatomy": {
          "Feces": true
        },
        "PublicationStatus": {
          "Preprint": true
        },
        "PublicationType": {
          "Research": true
        },
        "Section": {
          "Results": true
        },
        "Species": {
          "9606": true
        }
      },
      "citation": {
        "authors": [
          "Li X",
          "Liu Y",
          "Shan H",
          "Tang M",
          "Xiao F",
          "Zheng X"
        ],
        "date": "2020-03-03",
        "db": "PubMed",
        "db_id": "32142773",
        "db_name": "Gastroenterology",
        "first": "Xiao F",
        "last": "Shan H"
      },
      "evidence": "we observed that the test result for viral RNA remained positive in feces, even after test results for viral RNA in the respiratory tract converted to negative, indicating that the viral gastrointestinal infection and potential fecal-oral transmission can last even after viral clearance in the respiratory tract.",
      "key": "6dd622dadbcb931d9745d6d94dde0a29",
      "line": 76,
      "relation": "increases",
      "source": 2,
      "target": 0
    }
  ],
  "multigraph": true,
  "nodes": [
    {
      "bel": "a(FIXME:\"SARS-CoV-2 RNA\")",
      "concept": {
        "name": "SARS-CoV-2 RNA",
        "namespace": "FIXME"
      },
      "function": "Abundance",
      "id": "e85de6f3e062d2cd3a0a4657490e51be"
    },
    {
      "bel": "a(MESH:Lymphocytes)",
      "concept": {
        "name": "Lymphocytes",
        "namespace": "MESH"
      },
      "function": "Abundance",
      "id": "05994a861f52857ee7dd98e839952695"
    },
    {
      "bel": "path(DO:\"COVID-19\")",
      "concept": {
        "name": "COVID-19",
        "namespace": "DO"
      },
      "function": "Pathology",
      "id": "6f9f1c2e8012537e503a758c6bfaff0f"
    },
    {
      "bel": "path(MESH:\"Plasma Cells\")",
      "concept": {
        "name": "Plasma Cells",
        "namespace": "MESH"
      },
      "function": "Pathology",
      "id": "126ad34c5565dd53a31beb23c98bf4b6"
    },
    {
      "bel": "path(MESH:Edema)",
      "concept": {
        "name": "Edema",
        "namespace": "MESH"
      },
      "function": "Pathology",
      "id": "459c2216c44fc92562d789ad8c379b18"
    }
  ]
}