{
  "directed": true,
  "graph": {
    "annotation_list": {
      "Concentration": [
        "500 mg/day"
      ],
      "Custom_Disease": [
        "COVID-19"
      ],
      "EC90": [
        "6.90 μM"
      ],
      "PublicationStatus": [
        "Published"
      ],
      "PublicationType": [
        "Review"
      ],
      "Section": [
        "Discussion"
      ],
      "Severity": [
        "Mild",
        "Moderate",
        "Severe"
      ],
      "Timeline": [
        "10 day"
      ]
    },
    "annotation_pattern": {},
    "annotation_url": {},
    "document_metadata": {
      "authors": "Thrishna",
      "contact": "thrishna@causalitybiomodels.com",
      "copyright": "Copyright © 2020 Fraunhofer Institute SCAI, All rights reserved",
      "description": "COVID Knowledge Curation project",
      "licenses": "Private Ownership to Fraunhofer Institute SCAI",
      "name": "32173110.bel",
      "version": "2.0.0"
    },
    "namespace_pattern": {
      "PUBCHEM": "^\\d+$"
    },
    "namespace_url": {
      "CHEBI": "https://arty.scai.fraunhofer.de/artifactory/bel/namespace/chebi/chebi-20190708.belns",
      "DO": "https://arty.scai.fraunhofer.de/artifactory/bel/namespace/disease-ontology/disease-ontology-20190128.belns",
      "GO": "https://arty.scai.fraunhofer.de/artifactory/bel/namespace/go/go-20180109.belns"
    },
    "path": "32173110.bel",
    "pybel_version": "0.14.6"
  },
  "links": [
    {
      "annotations": {
        "Custom_Disease": {
          "COVID-19": true
        },
        "EC90": {
          "6.90 μM": true
        },
        "PublicationStatus": {
          "Published": true
        },
        "PublicationType": {
          "Review": true
        },
        "Section": {
          "Discussion": true
        }
      },
      "citation": {
        "authors": [
          "Cortegiani A",
          "Einav S",
          "Giarratano A",
          "Ingoglia G",
          "Ippolito M"
        ],
        "date": "2020-03-10",
        "db": "PubMed",
        "db_id": "32173110",
        "db_name": "Journal of critical care",
        "first": "Cortegiani A",
        "last": "Einav S"
      },
      "evidence": "The study demonstrated that chloroquine was highly effective in reducing viral replication, with an Effective Concentration (EC)90 of 6.90 μM that can be easily achievable with standard dosing, due to its favourable penetration in tissues, including in the lung [6].",
      "key": "32e52ae980f378f19374c171cea325be",
      "line": 52,
      "relation": "decreases",
      "source": 0,
      "target": 2
    },
    {
      "annotations": {
        "Custom_Disease": {
          "COVID-19": true
        },
        "PublicationStatus": {
          "Published": true
        },
        "PublicationType": {
          "Review": true
        },
        "Section": {
          "Discussion": true
        }
      },
      "citation": {
        "authors": [
          "Cortegiani A",
          "Einav S",
          "Giarratano A",
          "Ingoglia G",
          "Ippolito M"
        ],
        "date": "2020-03-10",
        "db": "PubMed",
        "db_id": "32173110",
        "db_name": "Journal of critical care",
        "first": "Cortegiani A",
        "last": "Einav S"
      },
      "evidence": "Finally, chloroquine remains a pivotal drug in the treatment of Malaria in many places in the world.",
      "key": "06b1fe9e1877995aea760e78e7c153cd",
      "line": 80,
      "relation": "decreases",
      "source": 0,
      "target": 3
    },
    {
      "annotations": {
        "Custom_Disease": {
          "COVID-19": true
        },
        "PublicationStatus": {
          "Published": true
        },
        "PublicationType": {
          "Review": true
        },
        "Section": {
          "Discussion": true
        }
      },
      "citation": {
        "authors": [
          "Cortegiani A",
          "Einav S",
          "Giarratano A",
          "Ingoglia G",
          "Ippolito M"
        ],
        "date": "2020-03-10",
        "db": "PubMed",
        "db_id": "32173110",
        "db_name": "Journal of critical care",
        "first": "Cortegiani A",
        "last": "Einav S"
      },
      "evidence": "A narrative letter by Chinese authors reported that a news briefing from the State Council of China had indicated that “Chloroquine phosphate… had demonstrated marked efficacy and acceptable safety in treating COVID-19 associated pneumonia in multicentre clinical trials conducted in China” [5]",
      "key": "537d297f6253fe6e9bcc25568c1d30a9",
      "line": 61,
      "relation": "decreases",
      "source": 1,
      "target": 4
    },
    {
      "annotations": {
        "Concentration": {
          "500 mg/day": true
        },
        "Custom_Disease": {
          "COVID-19": true
        },
        "PublicationStatus": {
          "Published": true
        },
        "PublicationType": {
          "Review": true
        },
        "Section": {
          "Discussion": true
        },
        "Severity": {
          "Mild": true,
          "Moderate": true,
          "Severe": true
        },
        "Timeline": {
          "10 day": true
        }
      },
      "citation": {
        "authors": [
          "Cortegiani A",
          "Einav S",
          "Giarratano A",
          "Ingoglia G",
          "Ippolito M"
        ],
        "date": "2020-03-10",
        "db": "PubMed",
        "db_id": "32173110",
        "db_name": "Journal of critical care",
        "first": "Cortegiani A",
        "last": "Einav S"
      },
      "evidence": "Based on in vitro evidence and still unpublished clinical experience, the panel recommended chloroquine phosphate tablet, at a dose of 500 mg twice per day for 10 days, for patients diagnosed as mild, moderate and severe cases of SARS-CoV-2 pneumonia, provided that there were no contraindications to the drug.",
      "key": "c5d68c2d2fe28a5f71de7e6363d3aede",
      "line": 72,
      "relation": "decreases",
      "source": 1,
      "target": 4
    }
  ],
  "multigraph": true,
  "nodes": [
    {
      "bel": "a(CHEBI:chloroquine)",
      "concept": {
        "name": "chloroquine",
        "namespace": "CHEBI"
      },
      "function": "Abundance",
      "id": "c368fe204031ce23a04cc402914492f6"
    },
    {
      "bel": "a(PUBCHEM:64927)",
      "concept": {
        "name": "64927",
        "namespace": "PUBCHEM"
      },
      "function": "Abundance",
      "id": "d1d9cd19651e6f35ce814088de31cdd1"
    },
    {
      "bel": "bp(GO:\"viral genome replication\")",
      "concept": {
        "name": "viral genome replication",
        "namespace": "GO"
      },
      "function": "BiologicalProcess",
      "id": "e08b08a1af1179857efa22393f4badf4"
    },
    {
      "bel": "path(DO:malaria)",
      "concept": {
        "name": "malaria",
        "namespace": "DO"
      },
      "function": "Pathology",
      "id": "314301df6b8777170cb1bd0c5f752a0b"
    },
    {
      "bel": "path(DO:pneumonia)",
      "concept": {
        "name": "pneumonia",
        "namespace": "DO"
      },
      "function": "Pathology",
      "id": "274776fc664e9bfd9c191cca80623b0d"
    }
  ]
}