{
  "directed": true,
  "graph": {
    "annotation_list": {
      "Condition": [
        "excessive"
      ],
      "Custom_Disease": [
        "COVID-19"
      ],
      "PublicationStatus": [
        "Published"
      ],
      "PublicationType": [
        "Correspondence"
      ],
      "Section": [
        "Full Text"
      ],
      "Severity": [
        "Mild",
        "Severe"
      ],
      "functionality": [
        "functional",
        "non-functional"
      ]
    },
    "annotation_pattern": {},
    "annotation_url": {
      "MeSHAnatomy": "https://arty.scai.fraunhofer.de/artifactory/bel/annotation/mesh-anatomy/mesh-anatomy-20190128.belanno",
      "Species": "https://arty.scai.fraunhofer.de/artifactory/bel/annotation/species-taxonomy-id/species-taxonomy-id-20170511.belanno"
    },
    "document_metadata": {
      "authors": "Thrishna",
      "contact": "thrishna@causalitybiomodels.com",
      "copyright": "Copyright © 2020 Fraunhofer Institute SCAI, All rights reserved",
      "description": "COVID Knowledge Curation project",
      "licenses": "Private Ownership to Fraunhofer Institute SCAI",
      "name": "32203186.bel",
      "version": "2.0.0"
    },
    "namespace_pattern": {
      "FIXME": ".*"
    },
    "namespace_url": {
      "DO": "https://arty.scai.fraunhofer.de/artifactory/bel/namespace/disease-ontology/disease-ontology-20200407.belns",
      "GO": "https://arty.scai.fraunhofer.de/artifactory/bel/namespace/go/go-20180109.belns",
      "HGNC": "https://arty.scai.fraunhofer.de/artifactory/bel/namespace/hgnc/hgnc-20190708.belns",
      "MESH": "https://arty.scai.fraunhofer.de/artifactory/bel/namespace/mesh/mesh-names-20181007.belns",
      "TAX": "https://arty.scai.fraunhofer.de/artifactory/bel/namespace/ncbi-taxonomy/ncbi-taxonomy-20200322.belns"
    },
    "path": "32203186.bel",
    "pybel_version": "0.14.6"
  },
  "links": [
    {
      "annotations": {
        "PublicationStatus": {
          "Published": true
        },
        "PublicationType": {
          "Correspondence": true
        },
        "Section": {
          "Full Text": true
        }
      },
      "citation": {
        "authors": [
          "Dong XQ",
          "Wang XC",
          "Yang CX",
          "Yang XP",
          "Zhang M",
          "Zhang N",
          "Zheng HY",
          "Zheng YT"
        ],
        "date": "2020-03-17",
        "db": "PubMed",
        "db_id": "32203186",
        "db_name": "Cellular &amp; molecular immunology",
        "first": "Zheng HY",
        "last": "Zheng YT"
      },
      "evidence": "The novel contagious primary atypical pneumonia epidemic, which broke out in Wuhan, China, in December 2019, is now formally called Coronavirus Disease 2019 (COVID-19), with the causative virus named as Severe Acute Respiratory Syndrome Coronavirus 2 (SARS-CoV-2).1,2",
      "key": "f3cae11d35605e4c4298c54c696d2f13",
      "line": 45,
      "relation": "increases",
      "source": 2,
      "target": 17
    },
    {
      "annotations": {
        "Custom_Disease": {
          "COVID-19": true
        },
        "PublicationStatus": {
          "Published": true
        },
        "PublicationType": {
          "Correspondence": true
        },
        "Section": {
          "Full Text": true
        },
        "Severity": {
          "Severe": true
        },
        "Species": {
          "9606": true
        }
      },
      "citation": {
        "authors": [
          "Dong XQ",
          "Wang XC",
          "Yang CX",
          "Yang XP",
          "Zhang M",
          "Zhang N",
          "Zheng HY",
          "Zheng YT"
        ],
        "date": "2020-03-17",
        "db": "PubMed",
        "db_id": "32203186",
        "db_name": "Cellular &amp; molecular immunology",
        "first": "Zheng HY",
        "last": "Zheng YT"
      },
      "evidence": "Recent studies have shown that in addition to dyspnea, hypoxemia, and acute respiratory distress, lymphopenia, and cytokine release syndrome are also important clinical features in patients with severe SARS- CoV-2 infection.3",
      "key": "8b75390ff0de336dca6c6097aafa3b28",
      "line": 55,
      "relation": "increases",
      "source": 17,
      "target": 22
    },
    {
      "annotations": {
        "Custom_Disease": {
          "COVID-19": true
        },
        "PublicationStatus": {
          "Published": true
        },
        "PublicationType": {
          "Correspondence": true
        },
        "Section": {
          "Full Text": true
        },
        "Severity": {
          "Severe": true
        },
        "Species": {
          "9606": true
        }
      },
      "citation": {
        "authors": [
          "Dong XQ",
          "Wang XC",
          "Yang CX",
          "Yang XP",
          "Zhang M",
          "Zhang N",
          "Zheng HY",
          "Zheng YT"
        ],
        "date": "2020-03-17",
        "db": "PubMed",
        "db_id": "32203186",
        "db_name": "Cellular &amp; molecular immunology",
        "first": "Zheng HY",
        "last": "Zheng YT"
      },
      "evidence": "Recent studies have shown that in addition to dyspnea, hypoxemia, and acute respiratory distress, lymphopenia, and cytokine release syndrome are also important clinical features in patients with severe SARS- CoV-2 infection.3",
      "key": "f329989cf30e831209a7e45b6a1a7669",
      "line": 56,
      "relation": "increases",
      "source": 17,
      "target": 23
    },
    {
      "annotations": {
        "Custom_Disease": {
          "COVID-19": true
        },
        "PublicationStatus": {
          "Published": true
        },
        "PublicationType": {
          "Correspondence": true
        },
        "Section": {
          "Full Text": true
        },
        "Severity": {
          "Severe": true
        },
        "Species": {
          "9606": true
        }
      },
      "citation": {
        "authors": [
          "Dong XQ",
          "Wang XC",
          "Yang CX",
          "Yang XP",
          "Zhang M",
          "Zhang N",
          "Zheng HY",
          "Zheng YT"
        ],
        "date": "2020-03-17",
        "db": "PubMed",
        "db_id": "32203186",
        "db_name": "Cellular &amp; molecular immunology",
        "first": "Zheng HY",
        "last": "Zheng YT"
      },
      "evidence": "Recent studies have shown that in addition to dyspnea, hypoxemia, and acute respiratory distress, lymphopenia, and cytokine release syndrome are also important clinical features in patients with severe SARS- CoV-2 infection.3",
      "key": "6f7f7199e84a69fc4365e6c1eed4882f",
      "line": 57,
      "relation": "increases",
      "source": 17,
      "target": 18
    },
    {
      "annotations": {
        "Custom_Disease": {
          "COVID-19": true
        },
        "PublicationStatus": {
          "Published": true
        },
        "PublicationType": {
          "Correspondence": true
        },
        "Section": {
          "Full Text": true
        },
        "Severity": {
          "Severe": true
        },
        "Species": {
          "9606": true
        }
      },
      "citation": {
        "authors": [
          "Dong XQ",
          "Wang XC",
          "Yang CX",
          "Yang XP",
          "Zhang M",
          "Zhang N",
          "Zheng HY",
          "Zheng YT"
        ],
        "date": "2020-03-17",
        "db": "PubMed",
        "db_id": "32203186",
        "db_name": "Cellular &amp; molecular immunology",
        "first": "Zheng HY",
        "last": "Zheng YT"
      },
      "evidence": "Recent studies have shown that in addition to dyspnea, hypoxemia, and acute respiratory distress, lymphopenia, and cytokine release syndrome are also important clinical features in patients with severe SARS- CoV-2 infection.3",
      "key": "9f8450124cd874f2d75e6211d37f88f9",
      "line": 58,
      "relation": "increases",
      "source": 17,
      "target": 20
    },
    {
      "annotations": {
        "Custom_Disease": {
          "COVID-19": true
        },
        "PublicationStatus": {
          "Published": true
        },
        "PublicationType": {
          "Correspondence": true
        },
        "Section": {
          "Full Text": true
        },
        "Severity": {
          "Severe": true
        },
        "Species": {
          "9606": true
        }
      },
      "citation": {
        "authors": [
          "Dong XQ",
          "Wang XC",
          "Yang CX",
          "Yang XP",
          "Zhang M",
          "Zhang N",
          "Zheng HY",
          "Zheng YT"
        ],
        "date": "2020-03-17",
        "db": "PubMed",
        "db_id": "32203186",
        "db_name": "Cellular &amp; molecular immunology",
        "first": "Zheng HY",
        "last": "Zheng YT"
      },
      "evidence": "Recent studies have shown that in addition to dyspnea, hypoxemia, and acute respiratory distress, lymphopenia, and cytokine release syndrome are also important clinical features in patients with severe SARS- CoV-2 infection.3",
      "key": "f0d71d85655ac4e8bc99c0453f33874a",
      "line": 59,
      "relation": "increases",
      "source": 17,
      "target": 21
    },
    {
      "annotations": {
        "Custom_Disease": {
          "COVID-19": true
        },
        "PublicationStatus": {
          "Published": true
        },
        "PublicationType": {
          "Correspondence": true
        },
        "Section": {
          "Full Text": true
        },
        "Severity": {
          "Severe": true
        },
        "Species": {
          "9606": true
        }
      },
      "citation": {
        "authors": [
          "Dong XQ",
          "Wang XC",
          "Yang CX",
          "Yang XP",
          "Zhang M",
          "Zhang N",
          "Zheng HY",
          "Zheng YT"
        ],
        "date": "2020-03-17",
        "db": "PubMed",
        "db_id": "32203186",
        "db_name": "Cellular &amp; molecular immunology",
        "first": "Zheng HY",
        "last": "Zheng YT"
      },
      "evidence": "Instead, we found that the severe group had a significant reduction in granulocytes compared to the mild group (Fig. 1a)",
      "key": "3317f05f90de3415e3602b4bbb2173f6",
      "line": 71,
      "relation": "decreases",
      "source": 17,
      "target": 1
    },
    {
      "annotations": {
        "Custom_Disease": {
          "COVID-19": true
        },
        "MeSHAnatomy": {
          "Plasma": true
        },
        "PublicationStatus": {
          "Published": true
        },
        "PublicationType": {
          "Correspondence": true
        },
        "Section": {
          "Full Text": true
        },
        "Severity": {
          "Mild": true,
          "Severe": true
        },
        "Species": {
          "9606": true
        }
      },
      "citation": {
        "authors": [
          "Dong XQ",
          "Wang XC",
          "Yang CX",
          "Yang XP",
          "Zhang M",
          "Zhang N",
          "Zheng HY",
          "Zheng YT"
        ],
        "date": "2020-03-17",
        "db": "PubMed",
        "db_id": "32203186",
        "db_name": "Cellular &amp; molecular immunology",
        "first": "Zheng HY",
        "last": "Zheng YT"
      },
      "evidence": "Although patients had higher sCD14 levels than healthy people, there were no significant differences between the severe and mild groups (Fig. 1b).",
      "key": "35528c9dc37e9984f27b189590545451",
      "line": 80,
      "relation": "increases",
      "source": 17,
      "target": 8
    },
    {
      "annotations": {
        "Custom_Disease": {
          "COVID-19": true
        },
        "MeSHAnatomy": {
          "CD4-Positive T-Lymphocytes": true
        },
        "PublicationStatus": {
          "Published": true
        },
        "PublicationType": {
          "Correspondence": true
        },
        "Section": {
          "Full Text": true
        },
        "Severity": {
          "Severe": true
        },
        "Species": {
          "9606": true
        },
        "functionality": {
          "functional": true
        }
      },
      "citation": {
        "authors": [
          "Dong XQ",
          "Wang XC",
          "Yang CX",
          "Yang XP",
          "Zhang M",
          "Zhang N",
          "Zheng HY",
          "Zheng YT"
        ],
        "date": "2020-03-17",
        "db": "PubMed",
        "db_id": "32203186",
        "db_name": "Cellular &amp; molecular immunology",
        "first": "Zheng HY",
        "last": "Zheng YT"
      },
      "evidence": "Among the differentially expressed functional molecules, the levels of interferon-γ (IFN-γ) and TNF-α in CD4+ T cells were lower in the severe group than in the mild group, whereas the levels of granzyme B and perforin in CD8+ T cells were higher in the severe group than in the mild group.",
      "key": "71e1d4f85591a770edfeade32984c835",
      "line": 94,
      "relation": "decreases",
      "source": 17,
      "target": 11
    },
    {
      "annotations": {
        "Custom_Disease": {
          "COVID-19": true
        },
        "PublicationStatus": {
          "Published": true
        },
        "PublicationType": {
          "Correspondence": true
        },
        "Section": {
          "Full Text": true
        },
        "Severity": {
          "Severe": true
        },
        "Species": {
          "9606": true
        },
        "functionality": {
          "non-functional": true
        }
      },
      "citation": {
        "authors": [
          "Dong XQ",
          "Wang XC",
          "Yang CX",
          "Yang XP",
          "Zhang M",
          "Zhang N",
          "Zheng HY",
          "Zheng YT"
        ],
        "date": "2020-03-17",
        "db": "PubMed",
        "db_id": "32203186",
        "db_name": "Cellular &amp; molecular immunology",
        "first": "Zheng HY",
        "last": "Zheng YT"
      },
      "evidence": "Compared with the healthy control and mild group, the frequency of multi-functional CD4+ T cells (positive for at least two cytokines) decreased significantly in the severe group, whereas the proportion of non-functional (IFN-γ −TNF-α−IL-2−) subsets increased significantly.",
      "key": "297efd0469f39772835456bea483cebf",
      "line": 137,
      "relation": "increases",
      "source": 17,
      "target": 11
    },
    {
      "annotations": {
        "Custom_Disease": {
          "COVID-19": true
        },
        "MeSHAnatomy": {
          "CD4-Positive T-Lymphocytes": true
        },
        "PublicationStatus": {
          "Published": true
        },
        "PublicationType": {
          "Correspondence": true
        },
        "Section": {
          "Full Text": true
        },
        "Severity": {
          "Severe": true
        },
        "Species": {
          "9606": true
        },
        "functionality": {
          "functional": true
        }
      },
      "citation": {
        "authors": [
          "Dong XQ",
          "Wang XC",
          "Yang CX",
          "Yang XP",
          "Zhang M",
          "Zhang N",
          "Zheng HY",
          "Zheng YT"
        ],
        "date": "2020-03-17",
        "db": "PubMed",
        "db_id": "32203186",
        "db_name": "Cellular &amp; molecular immunology",
        "first": "Zheng HY",
        "last": "Zheng YT"
      },
      "evidence": "Among the differentially expressed functional molecules, the levels of interferon-γ (IFN-γ) and TNF-α in CD4+ T cells were lower in the severe group than in the mild group, whereas the levels of granzyme B and perforin in CD8+ T cells were higher in the severe group than in the mild group.",
      "key": "0cc6d829ab0eeb0d495fe40003ff03f8",
      "line": 95,
      "relation": "decreases",
      "source": 17,
      "target": 16
    },
    {
      "annotations": {
        "Custom_Disease": {
          "COVID-19": true
        },
        "PublicationStatus": {
          "Published": true
        },
        "PublicationType": {
          "Correspondence": true
        },
        "Section": {
          "Full Text": true
        },
        "Severity": {
          "Severe": true
        },
        "Species": {
          "9606": true
        },
        "functionality": {
          "non-functional": true
        }
      },
      "citation": {
        "authors": [
          "Dong XQ",
          "Wang XC",
          "Yang CX",
          "Yang XP",
          "Zhang M",
          "Zhang N",
          "Zheng HY",
          "Zheng YT"
        ],
        "date": "2020-03-17",
        "db": "PubMed",
        "db_id": "32203186",
        "db_name": "Cellular &amp; molecular immunology",
        "first": "Zheng HY",
        "last": "Zheng YT"
      },
      "evidence": "Compared with the healthy control and mild group, the frequency of multi-functional CD4+ T cells (positive for at least two cytokines) decreased significantly in the severe group, whereas the proportion of non-functional (IFN-γ −TNF-α−IL-2−) subsets increased significantly.",
      "key": "b09c0ba3ae235cc55d3c5ddfdacdba75",
      "line": 138,
      "relation": "increases",
      "source": 17,
      "target": 16
    },
    {
      "annotations": {
        "Custom_Disease": {
          "COVID-19": true
        },
        "MeSHAnatomy": {
          "CD8-Positive T-Lymphocytes": true
        },
        "PublicationStatus": {
          "Published": true
        },
        "PublicationType": {
          "Correspondence": true
        },
        "Section": {
          "Full Text": true
        },
        "Severity": {
          "Severe": true
        },
        "Species": {
          "9606": true
        }
      },
      "citation": {
        "authors": [
          "Dong XQ",
          "Wang XC",
          "Yang CX",
          "Yang XP",
          "Zhang M",
          "Zhang N",
          "Zheng HY",
          "Zheng YT"
        ],
        "date": "2020-03-17",
        "db": "PubMed",
        "db_id": "32203186",
        "db_name": "Cellular &amp; molecular immunology",
        "first": "Zheng HY",
        "last": "Zheng YT"
      },
      "evidence": "Among the differentially expressed functional molecules, the levels of interferon-γ (IFN-γ) and TNF-α in CD4+ T cells were lower in the severe group than in the mild group, whereas the levels of granzyme B and perforin in CD8+ T cells were higher in the severe group than in the mild group.",
      "key": "e7257e29c872a95a7e0d0eefc1b60829",
      "line": 99,
      "relation": "increases",
      "source": 17,
      "target": 10
    },
    {
      "annotations": {
        "Custom_Disease": {
          "COVID-19": true
        },
        "MeSHAnatomy": {
          "CD8-Positive T-Lymphocytes": true
        },
        "PublicationStatus": {
          "Published": true
        },
        "PublicationType": {
          "Correspondence": true
        },
        "Section": {
          "Full Text": true
        },
        "Severity": {
          "Severe": true
        },
        "Species": {
          "9606": true
        }
      },
      "citation": {
        "authors": [
          "Dong XQ",
          "Wang XC",
          "Yang CX",
          "Yang XP",
          "Zhang M",
          "Zhang N",
          "Zheng HY",
          "Zheng YT"
        ],
        "date": "2020-03-17",
        "db": "PubMed",
        "db_id": "32203186",
        "db_name": "Cellular &amp; molecular immunology",
        "first": "Zheng HY",
        "last": "Zheng YT"
      },
      "evidence": "Among the differentially expressed functional molecules, the levels of interferon-γ (IFN-γ) and TNF-α in CD4+ T cells were lower in the severe group than in the mild group, whereas the levels of granzyme B and perforin in CD8+ T cells were higher in the severe group than in the mild group.",
      "key": "8bfb615af16ac0616d3517ca6f9ca21f",
      "line": 100,
      "relation": "increases",
      "source": 17,
      "target": 14
    },
    {
      "annotations": {
        "Custom_Disease": {
          "COVID-19": true
        },
        "MeSHAnatomy": {
          "CD8-Positive T-Lymphocytes": true
        },
        "PublicationStatus": {
          "Published": true
        },
        "PublicationType": {
          "Correspondence": true
        },
        "Section": {
          "Full Text": true
        },
        "Severity": {
          "Severe": true
        },
        "Species": {
          "9606": true
        }
      },
      "citation": {
        "authors": [
          "Dong XQ",
          "Wang XC",
          "Yang CX",
          "Yang XP",
          "Zhang M",
          "Zhang N",
          "Zheng HY",
          "Zheng YT"
        ],
        "date": "2020-03-17",
        "db": "PubMed",
        "db_id": "32203186",
        "db_name": "Cellular &amp; molecular immunology",
        "first": "Zheng HY",
        "last": "Zheng YT"
      },
      "evidence": "The activation molecules showed no differences in CD4+ T cells, whereas the levels of HLA-DR and TIGIT in CD8+ T cells were higher in the severe group than in the mild group (Fig. 1c).",
      "key": "84fd562b6aa11cba434a89aadfae177d",
      "line": 110,
      "relation": "increases",
      "source": 17,
      "target": 7
    },
    {
      "annotations": {
        "Custom_Disease": {
          "COVID-19": true
        },
        "MeSHAnatomy": {
          "CD8-Positive T-Lymphocytes": true
        },
        "PublicationStatus": {
          "Published": true
        },
        "PublicationType": {
          "Correspondence": true
        },
        "Section": {
          "Full Text": true
        },
        "Severity": {
          "Severe": true
        },
        "Species": {
          "9606": true
        }
      },
      "citation": {
        "authors": [
          "Dong XQ",
          "Wang XC",
          "Yang CX",
          "Yang XP",
          "Zhang M",
          "Zhang N",
          "Zheng HY",
          "Zheng YT"
        ],
        "date": "2020-03-17",
        "db": "PubMed",
        "db_id": "32203186",
        "db_name": "Cellular &amp; molecular immunology",
        "first": "Zheng HY",
        "last": "Zheng YT"
      },
      "evidence": "The activation molecules showed no differences in CD4+ T cells, whereas the levels of HLA-DR and TIGIT in CD8+ T cells were higher in the severe group than in the mild group (Fig. 1c).",
      "key": "1e949ab1fcfe3bcad24c5e94bd4e357c",
      "line": 111,
      "relation": "increases",
      "source": 17,
      "target": 15
    },
    {
      "annotations": {
        "Custom_Disease": {
          "COVID-19": true
        },
        "MeSHAnatomy": {
          "CD8-Positive T-Lymphocytes": true
        },
        "PublicationStatus": {
          "Published": true
        },
        "PublicationType": {
          "Correspondence": true
        },
        "Section": {
          "Full Text": true
        },
        "Severity": {
          "Severe": true
        },
        "Species": {
          "9606": true
        },
        "functionality": {
          "functional": true
        }
      },
      "citation": {
        "authors": [
          "Dong XQ",
          "Wang XC",
          "Yang CX",
          "Yang XP",
          "Zhang M",
          "Zhang N",
          "Zheng HY",
          "Zheng YT"
        ],
        "date": "2020-03-17",
        "db": "PubMed",
        "db_id": "32203186",
        "db_name": "Cellular &amp; molecular immunology",
        "first": "Zheng HY",
        "last": "Zheng YT"
      },
      "evidence": "In CD8+ T cells, the frequency of the nonexhausted (PD-1−CTLA-4−TIGIT−) subset in the severe group was significantly lower than that in the other two groups (Fig. 1d).",
      "key": "a195426060b4aaa4efccb29798e31dc1",
      "line": 161,
      "relation": "decreases",
      "source": 17,
      "target": 15
    },
    {
      "annotations": {
        "Custom_Disease": {
          "COVID-19": true
        },
        "PublicationStatus": {
          "Published": true
        },
        "PublicationType": {
          "Correspondence": true
        },
        "Section": {
          "Full Text": true
        },
        "Species": {
          "9606": true
        }
      },
      "citation": {
        "authors": [
          "Dong XQ",
          "Wang XC",
          "Yang CX",
          "Yang XP",
          "Zhang M",
          "Zhang N",
          "Zheng HY",
          "Zheng YT"
        ],
        "date": "2020-03-17",
        "db": "PubMed",
        "db_id": "32203186",
        "db_name": "Cellular &amp; molecular immunology",
        "first": "Zheng HY",
        "last": "Zheng YT"
      },
      "evidence": "These data indicate that COVID-19, similar to some chronic infections, damages the function of CD4+ T cells and promotes excessive activation and possibly subsequent exhaustion of CD8+ T cells.",
      "key": "f19d50d9d30d312018c359d96c276b74",
      "line": 120,
      "relation": "decreases",
      "source": 17,
      "target": 3
    },
    {
      "annotations": {
        "Custom_Disease": {
          "COVID-19": true
        },
        "PublicationStatus": {
          "Published": true
        },
        "PublicationType": {
          "Correspondence": true
        },
        "Section": {
          "Full Text": true
        },
        "Species": {
          "9606": true
        }
      },
      "citation": {
        "authors": [
          "Dong XQ",
          "Wang XC",
          "Yang CX",
          "Yang XP",
          "Zhang M",
          "Zhang N",
          "Zheng HY",
          "Zheng YT"
        ],
        "date": "2020-03-17",
        "db": "PubMed",
        "db_id": "32203186",
        "db_name": "Cellular &amp; molecular immunology",
        "first": "Zheng HY",
        "last": "Zheng YT"
      },
      "evidence": "Studies have shown that multi-functional T cells can better control human immunodeficiency virus in natural infection and are correlated with better outcomes during vaccination; thus, the functional damage of CD4+ T cells may have predisposed COVID-19 patients to severe disease.8",
      "key": "b513f529cf623e38ac71d75146682b5d",
      "line": 150,
      "relation": "negativeCorrelation",
      "source": 17,
      "target": 3
    },
    {
      "annotations": {
        "Custom_Disease": {
          "COVID-19": true
        },
        "PublicationStatus": {
          "Published": true
        },
        "PublicationType": {
          "Correspondence": true
        },
        "Section": {
          "Full Text": true
        },
        "Species": {
          "9606": true
        }
      },
      "citation": {
        "authors": [
          "Dong XQ",
          "Wang XC",
          "Yang CX",
          "Yang XP",
          "Zhang M",
          "Zhang N",
          "Zheng HY",
          "Zheng YT"
        ],
        "date": "2020-03-17",
        "db": "PubMed",
        "db_id": "32203186",
        "db_name": "Cellular &amp; molecular immunology",
        "first": "Zheng HY",
        "last": "Zheng YT"
      },
      "evidence": "These data indicate that COVID-19, similar to some chronic infections, damages the function of CD4+ T cells and promotes excessive activation and possibly subsequent exhaustion of CD8+ T cells.",
      "key": "ee67889fef1724bdad34f4830cdaa21b",
      "line": 121,
      "relation": "increases",
      "source": 17,
      "target": 4
    },
    {
      "annotations": {
        "Custom_Disease": {
          "COVID-19": true
        },
        "PublicationStatus": {
          "Published": true
        },
        "PublicationType": {
          "Correspondence": true
        },
        "Section": {
          "Full Text": true
        },
        "Severity": {
          "Severe": true
        },
        "Species": {
          "9606": true
        },
        "functionality": {
          "functional": true
        }
      },
      "citation": {
        "authors": [
          "Dong XQ",
          "Wang XC",
          "Yang CX",
          "Yang XP",
          "Zhang M",
          "Zhang N",
          "Zheng HY",
          "Zheng YT"
        ],
        "date": "2020-03-17",
        "db": "PubMed",
        "db_id": "32203186",
        "db_name": "Cellular &amp; molecular immunology",
        "first": "Zheng HY",
        "last": "Zheng YT"
      },
      "evidence": "Compared with the healthy control and mild group, the frequency of multi-functional CD4+ T cells (positive for at least two cytokines) decreased significantly in the severe group, whereas the proportion of non-functional (IFN-γ −TNF-α−IL-2−) subsets increased significantly.",
      "key": "ca29639bbe65dd9cf76e5ccec95bcde2",
      "line": 133,
      "relation": "decreases",
      "source": 17,
      "target": 0
    },
    {
      "annotations": {
        "Custom_Disease": {
          "COVID-19": true
        },
        "PublicationStatus": {
          "Published": true
        },
        "PublicationType": {
          "Correspondence": true
        },
        "Section": {
          "Full Text": true
        },
        "Species": {
          "9606": true
        }
      },
      "citation": {
        "authors": [
          "Dong XQ",
          "Wang XC",
          "Yang CX",
          "Yang XP",
          "Zhang M",
          "Zhang N",
          "Zheng HY",
          "Zheng YT"
        ],
        "date": "2020-03-17",
        "db": "PubMed",
        "db_id": "32203186",
        "db_name": "Cellular &amp; molecular immunology",
        "first": "Zheng HY",
        "last": "Zheng YT"
      },
      "evidence": "Because functional blockade of PD-1, CTLA-4, and TIGIT is beneficial for CD8+ T cells to maintain lasting antigen-specific immunity and antiviral effects,10,11 the excessive exhaustion of CD8+ T cells in severe patients may reduce their cellular immune response to SARS- CoV-2.",
      "key": "d9ab06fcbbbeb833c4f69a4a526e6429",
      "line": 176,
      "object": {
        "modifier": "Degradation"
      },
      "relation": "association",
      "source": 17,
      "target": 0
    },
    {
      "annotations": {
        "Custom_Disease": {
          "COVID-19": true
        },
        "PublicationStatus": {
          "Published": true
        },
        "PublicationType": {
          "Correspondence": true
        },
        "Section": {
          "Full Text": true
        },
        "Severity": {
          "Severe": true
        },
        "Species": {
          "9606": true
        },
        "functionality": {
          "non-functional": true
        }
      },
      "citation": {
        "authors": [
          "Dong XQ",
          "Wang XC",
          "Yang CX",
          "Yang XP",
          "Zhang M",
          "Zhang N",
          "Zheng HY",
          "Zheng YT"
        ],
        "date": "2020-03-17",
        "db": "PubMed",
        "db_id": "32203186",
        "db_name": "Cellular &amp; molecular immunology",
        "first": "Zheng HY",
        "last": "Zheng YT"
      },
      "evidence": "Compared with the healthy control and mild group, the frequency of multi-functional CD4+ T cells (positive for at least two cytokines) decreased significantly in the severe group, whereas the proportion of non-functional (IFN-γ −TNF-α−IL-2−) subsets increased significantly.",
      "key": "f01c0a1caf5522bb7ae534aa7819e7c2",
      "line": 139,
      "relation": "increases",
      "source": 17,
      "target": 12
    },
    {
      "annotations": {
        "Custom_Disease": {
          "COVID-19": true
        },
        "MeSHAnatomy": {
          "CD8-Positive T-Lymphocytes": true
        },
        "PublicationStatus": {
          "Published": true
        },
        "PublicationType": {
          "Correspondence": true
        },
        "Section": {
          "Full Text": true
        },
        "Severity": {
          "Severe": true
        },
        "Species": {
          "9606": true
        },
        "functionality": {
          "functional": true
        }
      },
      "citation": {
        "authors": [
          "Dong XQ",
          "Wang XC",
          "Yang CX",
          "Yang XP",
          "Zhang M",
          "Zhang N",
          "Zheng HY",
          "Zheng YT"
        ],
        "date": "2020-03-17",
        "db": "PubMed",
        "db_id": "32203186",
        "db_name": "Cellular &amp; molecular immunology",
        "first": "Zheng HY",
        "last": "Zheng YT"
      },
      "evidence": "In CD8+ T cells, the frequency of the nonexhausted (PD-1−CTLA-4−TIGIT−) subset in the severe group was significantly lower than that in the other two groups (Fig. 1d).",
      "key": "5f0dbe187cb5193e7f2153ceb5e655d7",
      "line": 159,
      "relation": "decreases",
      "source": 17,
      "target": 13
    },
    {
      "annotations": {
        "Custom_Disease": {
          "COVID-19": true
        },
        "MeSHAnatomy": {
          "CD8-Positive T-Lymphocytes": true
        },
        "PublicationStatus": {
          "Published": true
        },
        "PublicationType": {
          "Correspondence": true
        },
        "Section": {
          "Full Text": true
        },
        "Severity": {
          "Severe": true
        },
        "Species": {
          "9606": true
        },
        "functionality": {
          "functional": true
        }
      },
      "citation": {
        "authors": [
          "Dong XQ",
          "Wang XC",
          "Yang CX",
          "Yang XP",
          "Zhang M",
          "Zhang N",
          "Zheng HY",
          "Zheng YT"
        ],
        "date": "2020-03-17",
        "db": "PubMed",
        "db_id": "32203186",
        "db_name": "Cellular &amp; molecular immunology",
        "first": "Zheng HY",
        "last": "Zheng YT"
      },
      "evidence": "In CD8+ T cells, the frequency of the nonexhausted (PD-1−CTLA-4−TIGIT−) subset in the severe group was significantly lower than that in the other two groups (Fig. 1d).",
      "key": "249d95629cb536ca61f8ff59da24fec4",
      "line": 160,
      "relation": "decreases",
      "source": 17,
      "target": 9
    },
    {
      "annotations": {
        "Custom_Disease": {
          "COVID-19": true
        },
        "PublicationStatus": {
          "Published": true
        },
        "PublicationType": {
          "Correspondence": true
        },
        "Section": {
          "Full Text": true
        },
        "Species": {
          "9606": true
        }
      },
      "citation": {
        "authors": [
          "Dong XQ",
          "Wang XC",
          "Yang CX",
          "Yang XP",
          "Zhang M",
          "Zhang N",
          "Zheng HY",
          "Zheng YT"
        ],
        "date": "2020-03-17",
        "db": "PubMed",
        "db_id": "32203186",
        "db_name": "Cellular &amp; molecular immunology",
        "first": "Zheng HY",
        "last": "Zheng YT"
      },
      "evidence": "This suggests that homeostasis of the immune system plays an important role in the development of COVID-19 pneumonia.",
      "key": "a437f2f9edece750e0a6b4893ba9b7d7",
      "line": 65,
      "relation": "regulates",
      "source": 6,
      "target": 17
    },
    {
      "annotations": {
        "Custom_Disease": {
          "COVID-19": true
        },
        "PublicationStatus": {
          "Published": true
        },
        "PublicationType": {
          "Correspondence": true
        },
        "Section": {
          "Full Text": true
        },
        "Species": {
          "9606": true
        }
      },
      "citation": {
        "authors": [
          "Dong XQ",
          "Wang XC",
          "Yang CX",
          "Yang XP",
          "Zhang M",
          "Zhang N",
          "Zheng HY",
          "Zheng YT"
        ],
        "date": "2020-03-17",
        "db": "PubMed",
        "db_id": "32203186",
        "db_name": "Cellular &amp; molecular immunology",
        "first": "Zheng HY",
        "last": "Zheng YT"
      },
      "evidence": "Because functional blockade of PD-1, CTLA-4, and TIGIT is beneficial for CD8+ T cells to maintain lasting antigen-specific immunity and antiviral effects,10,11 the excessive exhaustion of CD8+ T cells in severe patients may reduce their cellular immune response to SARS- CoV-2.",
      "key": "19e32dd4a00f05cf0168df76e7f414f1",
      "line": 175,
      "relation": "negativeCorrelation",
      "source": 15,
      "subject": {
        "modifier": "Activity"
      },
      "target": 4
    },
    {
      "annotations": {
        "Custom_Disease": {
          "COVID-19": true
        },
        "PublicationStatus": {
          "Published": true
        },
        "PublicationType": {
          "Correspondence": true
        },
        "Section": {
          "Full Text": true
        },
        "Species": {
          "9606": true
        }
      },
      "citation": {
        "authors": [
          "Dong XQ",
          "Wang XC",
          "Yang CX",
          "Yang XP",
          "Zhang M",
          "Zhang N",
          "Zheng HY",
          "Zheng YT"
        ],
        "date": "2020-03-17",
        "db": "PubMed",
        "db_id": "32203186",
        "db_name": "Cellular &amp; molecular immunology",
        "first": "Zheng HY",
        "last": "Zheng YT"
      },
      "evidence": "Studies have shown that multi-functional T cells can better control human immunodeficiency virus in natural infection and are correlated with better outcomes during vaccination; thus, the functional damage of CD4+ T cells may have predisposed COVID-19 patients to severe disease.8",
      "key": "ec7a199abe323df15190dfc2fd3ba4d4",
      "line": 150,
      "relation": "negativeCorrelation",
      "source": 3,
      "target": 17
    },
    {
      "annotations": {
        "Condition": {
          "excessive": true
        },
        "Custom_Disease": {
          "COVID-19": true
        },
        "PublicationStatus": {
          "Published": true
        },
        "PublicationType": {
          "Correspondence": true
        },
        "Section": {
          "Full Text": true
        },
        "Species": {
          "9606": true
        }
      },
      "citation": {
        "authors": [
          "Dong XQ",
          "Wang XC",
          "Yang CX",
          "Yang XP",
          "Zhang M",
          "Zhang N",
          "Zheng HY",
          "Zheng YT"
        ],
        "date": "2020-03-17",
        "db": "PubMed",
        "db_id": "32203186",
        "db_name": "Cellular &amp; molecular immunology",
        "first": "Zheng HY",
        "last": "Zheng YT"
      },
      "evidence": "These data indicate that COVID-19, similar to some chronic infections, damages the function of CD4+ T cells and promotes excessive activation and possibly subsequent exhaustion of CD8+ T cells.",
      "key": "2a3fc1fe98b85bf5a718d32e4f30e7da",
      "line": 123,
      "object": {
        "modifier": "Degradation"
      },
      "relation": "increases",
      "source": 4,
      "target": 0
    },
    {
      "annotations": {
        "Custom_Disease": {
          "COVID-19": true
        },
        "PublicationStatus": {
          "Published": true
        },
        "PublicationType": {
          "Correspondence": true
        },
        "Section": {
          "Full Text": true
        },
        "Species": {
          "9606": true
        }
      },
      "citation": {
        "authors": [
          "Dong XQ",
          "Wang XC",
          "Yang CX",
          "Yang XP",
          "Zhang M",
          "Zhang N",
          "Zheng HY",
          "Zheng YT"
        ],
        "date": "2020-03-17",
        "db": "PubMed",
        "db_id": "32203186",
        "db_name": "Cellular &amp; molecular immunology",
        "first": "Zheng HY",
        "last": "Zheng YT"
      },
      "evidence": "Because functional blockade of PD-1, CTLA-4, and TIGIT is beneficial for CD8+ T cells to maintain lasting antigen-specific immunity and antiviral effects,10,11 the excessive exhaustion of CD8+ T cells in severe patients may reduce their cellular immune response to SARS- CoV-2.",
      "key": "a0c5547c7b31f5abc6435e8b35c0ed5f",
      "line": 173,
      "object": {
        "modifier": "Activity"
      },
      "relation": "negativeCorrelation",
      "source": 4,
      "target": 13
    },
    {
      "annotations": {
        "Custom_Disease": {
          "COVID-19": true
        },
        "PublicationStatus": {
          "Published": true
        },
        "PublicationType": {
          "Correspondence": true
        },
        "Section": {
          "Full Text": true
        },
        "Species": {
          "9606": true
        }
      },
      "citation": {
        "authors": [
          "Dong XQ",
          "Wang XC",
          "Yang CX",
          "Yang XP",
          "Zhang M",
          "Zhang N",
          "Zheng HY",
          "Zheng YT"
        ],
        "date": "2020-03-17",
        "db": "PubMed",
        "db_id": "32203186",
        "db_name": "Cellular &amp; molecular immunology",
        "first": "Zheng HY",
        "last": "Zheng YT"
      },
      "evidence": "Because functional blockade of PD-1, CTLA-4, and TIGIT is beneficial for CD8+ T cells to maintain lasting antigen-specific immunity and antiviral effects,10,11 the excessive exhaustion of CD8+ T cells in severe patients may reduce their cellular immune response to SARS- CoV-2.",
      "key": "53bae2b12fbb29ae36bfdbb6feca3bfb",
      "line": 174,
      "object": {
        "modifier": "Activity"
      },
      "relation": "negativeCorrelation",
      "source": 4,
      "target": 9
    },
    {
      "annotations": {
        "Custom_Disease": {
          "COVID-19": true
        },
        "PublicationStatus": {
          "Published": true
        },
        "PublicationType": {
          "Correspondence": true
        },
        "Section": {
          "Full Text": true
        },
        "Species": {
          "9606": true
        }
      },
      "citation": {
        "authors": [
          "Dong XQ",
          "Wang XC",
          "Yang CX",
          "Yang XP",
          "Zhang M",
          "Zhang N",
          "Zheng HY",
          "Zheng YT"
        ],
        "date": "2020-03-17",
        "db": "PubMed",
        "db_id": "32203186",
        "db_name": "Cellular &amp; molecular immunology",
        "first": "Zheng HY",
        "last": "Zheng YT"
      },
      "evidence": "Because functional blockade of PD-1, CTLA-4, and TIGIT is beneficial for CD8+ T cells to maintain lasting antigen-specific immunity and antiviral effects,10,11 the excessive exhaustion of CD8+ T cells in severe patients may reduce their cellular immune response to SARS- CoV-2.",
      "key": "c72a5da943be6bc121a972a3cb6daf75",
      "line": 175,
      "object": {
        "modifier": "Activity"
      },
      "relation": "negativeCorrelation",
      "source": 4,
      "target": 15
    },
    {
      "annotations": {
        "Custom_Disease": {
          "COVID-19": true
        },
        "PublicationStatus": {
          "Published": true
        },
        "PublicationType": {
          "Correspondence": true
        },
        "Section": {
          "Full Text": true
        },
        "Species": {
          "9606": true
        }
      },
      "citation": {
        "authors": [
          "Dong XQ",
          "Wang XC",
          "Yang CX",
          "Yang XP",
          "Zhang M",
          "Zhang N",
          "Zheng HY",
          "Zheng YT"
        ],
        "date": "2020-03-17",
        "db": "PubMed",
        "db_id": "32203186",
        "db_name": "Cellular &amp; molecular immunology",
        "first": "Zheng HY",
        "last": "Zheng YT"
      },
      "evidence": "Because functional blockade of PD-1, CTLA-4, and TIGIT is beneficial for CD8+ T cells to maintain lasting antigen-specific immunity and antiviral effects,10,11 the excessive exhaustion of CD8+ T cells in severe patients may reduce their cellular immune response to SARS- CoV-2.",
      "key": "93c8ba8cb737f51832f6fd0f24e7d38b",
      "line": 176,
      "relation": "association",
      "source": 0,
      "subject": {
        "modifier": "Degradation"
      },
      "target": 17
    },
    {
      "annotations": {
        "Custom_Disease": {
          "COVID-19": true
        },
        "PublicationStatus": {
          "Published": true
        },
        "PublicationType": {
          "Correspondence": true
        },
        "Section": {
          "Full Text": true
        },
        "Species": {
          "9606": true
        }
      },
      "citation": {
        "authors": [
          "Dong XQ",
          "Wang XC",
          "Yang CX",
          "Yang XP",
          "Zhang M",
          "Zhang N",
          "Zheng HY",
          "Zheng YT"
        ],
        "date": "2020-03-17",
        "db": "PubMed",
        "db_id": "32203186",
        "db_name": "Cellular &amp; molecular immunology",
        "first": "Zheng HY",
        "last": "Zheng YT"
      },
      "evidence": "Because functional blockade of PD-1, CTLA-4, and TIGIT is beneficial for CD8+ T cells to maintain lasting antigen-specific immunity and antiviral effects,10,11 the excessive exhaustion of CD8+ T cells in severe patients may reduce their cellular immune response to SARS- CoV-2.",
      "key": "33f39de1edf8b01e533db0d2a954f14b",
      "line": 177,
      "relation": "decreases",
      "source": 0,
      "subject": {
        "modifier": "Degradation"
      },
      "target": 6
    },
    {
      "annotations": {
        "Custom_Disease": {
          "COVID-19": true
        },
        "PublicationStatus": {
          "Published": true
        },
        "PublicationType": {
          "Correspondence": true
        },
        "Section": {
          "Full Text": true
        },
        "Species": {
          "9606": true
        }
      },
      "citation": {
        "authors": [
          "Dong XQ",
          "Wang XC",
          "Yang CX",
          "Yang XP",
          "Zhang M",
          "Zhang N",
          "Zheng HY",
          "Zheng YT"
        ],
        "date": "2020-03-17",
        "db": "PubMed",
        "db_id": "32203186",
        "db_name": "Cellular &amp; molecular immunology",
        "first": "Zheng HY",
        "last": "Zheng YT"
      },
      "evidence": "Studies have shown that multi-functional T cells can better control human immunodeficiency virus in natural infection and are correlated with better outcomes during vaccination; thus, the functional damage of CD4+ T cells may have predisposed COVID-19 patients to severe disease.8",
      "key": "7d497e06578e97a104328fd2f4636349",
      "line": 149,
      "relation": "regulates",
      "source": 5,
      "target": 19
    },
    {
      "annotations": {
        "Custom_Disease": {
          "COVID-19": true
        },
        "PublicationStatus": {
          "Published": true
        },
        "PublicationType": {
          "Correspondence": true
        },
        "Section": {
          "Full Text": true
        },
        "Species": {
          "9606": true
        }
      },
      "citation": {
        "authors": [
          "Dong XQ",
          "Wang XC",
          "Yang CX",
          "Yang XP",
          "Zhang M",
          "Zhang N",
          "Zheng HY",
          "Zheng YT"
        ],
        "date": "2020-03-17",
        "db": "PubMed",
        "db_id": "32203186",
        "db_name": "Cellular &amp; molecular immunology",
        "first": "Zheng HY",
        "last": "Zheng YT"
      },
      "evidence": "Because functional blockade of PD-1, CTLA-4, and TIGIT is beneficial for CD8+ T cells to maintain lasting antigen-specific immunity and antiviral effects,10,11 the excessive exhaustion of CD8+ T cells in severe patients may reduce their cellular immune response to SARS- CoV-2.",
      "key": "c77be93c85541b0d6813718c4d175c5c",
      "line": 173,
      "relation": "negativeCorrelation",
      "source": 13,
      "subject": {
        "modifier": "Activity"
      },
      "target": 4
    },
    {
      "annotations": {
        "Custom_Disease": {
          "COVID-19": true
        },
        "PublicationStatus": {
          "Published": true
        },
        "PublicationType": {
          "Correspondence": true
        },
        "Section": {
          "Full Text": true
        },
        "Species": {
          "9606": true
        }
      },
      "citation": {
        "authors": [
          "Dong XQ",
          "Wang XC",
          "Yang CX",
          "Yang XP",
          "Zhang M",
          "Zhang N",
          "Zheng HY",
          "Zheng YT"
        ],
        "date": "2020-03-17",
        "db": "PubMed",
        "db_id": "32203186",
        "db_name": "Cellular &amp; molecular immunology",
        "first": "Zheng HY",
        "last": "Zheng YT"
      },
      "evidence": "Because functional blockade of PD-1, CTLA-4, and TIGIT is beneficial for CD8+ T cells to maintain lasting antigen-specific immunity and antiviral effects,10,11 the excessive exhaustion of CD8+ T cells in severe patients may reduce their cellular immune response to SARS- CoV-2.",
      "key": "fb2ee05dbdb51b2b66b187023bdf1444",
      "line": 174,
      "relation": "negativeCorrelation",
      "source": 9,
      "subject": {
        "modifier": "Activity"
      },
      "target": 4
    }
  ],
  "multigraph": true,
  "nodes": [
    {
      "bel": "a(MESH:\"CD8-Positive T-Lymphocytes\")",
      "concept": {
        "name": "CD8-Positive T-Lymphocytes",
        "namespace": "MESH"
      },
      "function": "Abundance",
      "id": "59b2f285d4c75c8c59127aa7c441658c"
    },
    {
      "bel": "a(MESH:Granulocytes)",
      "concept": {
        "name": "Granulocytes",
        "namespace": "MESH"
      },
      "function": "Abundance",
      "id": "449647a74a75001d903a2d281acb6589"
    },
    {
      "bel": "a(TAX:\"Severe acute respiratory syndrome coronavirus 2\")",
      "concept": {
        "name": "Severe acute respiratory syndrome coronavirus 2",
        "namespace": "TAX"
      },
      "function": "Abundance",
      "id": "c41851da59cc36c21b2e8acf24c1f46d"
    },
    {
      "bel": "bp(GO:\"CD4-positive, alpha-beta T cell activation\")",
      "concept": {
        "name": "CD4-positive, alpha-beta T cell activation",
        "namespace": "GO"
      },
      "function": "BiologicalProcess",
      "id": "2f6b7b078e4581e95b0c7a9fea536491"
    },
    {
      "bel": "bp(GO:\"CD8-positive, alpha-beta T cell activation\")",
      "concept": {
        "name": "CD8-positive, alpha-beta T cell activation",
        "namespace": "GO"
      },
      "function": "BiologicalProcess",
      "id": "2492786c5c3c7326ceaabde3efb59214"
    },
    {
      "bel": "bp(GO:\"T cell activation\")",
      "concept": {
        "name": "T cell activation",
        "namespace": "GO"
      },
      "function": "BiologicalProcess",
      "id": "6475795284a1f1c537342febd590bb31"
    },
    {
      "bel": "bp(GO:\"immune response\")",
      "concept": {
        "name": "immune response",
        "namespace": "GO"
      },
      "function": "BiologicalProcess",
      "id": "a7608eff244d93cdc19d37fbc1489683"
    },
    {
      "bel": "p(HGNC:\"HLA-DRA\")",
      "concept": {
        "name": "HLA-DRA",
        "namespace": "HGNC"
      },
      "function": "Protein",
      "id": "ee9f6f23ca3094bc51cb4698da90816b"
    },
    {
      "bel": "p(HGNC:CD14)",
      "concept": {
        "name": "CD14",
        "namespace": "HGNC"
      },
      "function": "Protein",
      "id": "5ca4a02f209ff1b26c6ae1f257ce6e03"
    },
    {
      "bel": "p(HGNC:CTLA4)",
      "concept": {
        "name": "CTLA4",
        "namespace": "HGNC"
      },
      "function": "Protein",
      "id": "aaf25db57f576942305c22a7dad63574"
    },
    {
      "bel": "p(HGNC:GZMB)",
      "concept": {
        "name": "GZMB",
        "namespace": "HGNC"
      },
      "function": "Protein",
      "id": "985f77c9f0b080f89299aa9a7f3d816a"
    },
    {
      "bel": "p(HGNC:IFNG)",
      "concept": {
        "name": "IFNG",
        "namespace": "HGNC"
      },
      "function": "Protein",
      "id": "20367a6ea54ae1032be4f48276f3c524"
    },
    {
      "bel": "p(HGNC:IL2)",
      "concept": {
        "name": "IL2",
        "namespace": "HGNC"
      },
      "function": "Protein",
      "id": "99fcd5fe54813ead0bd02d8a06f42173"
    },
    {
      "bel": "p(HGNC:PDCD1)",
      "concept": {
        "name": "PDCD1",
        "namespace": "HGNC"
      },
      "function": "Protein",
      "id": "7a3b43d03ecdc040322d105d3770a5ed"
    },
    {
      "bel": "p(HGNC:PRF1)",
      "concept": {
        "name": "PRF1",
        "namespace": "HGNC"
      },
      "function": "Protein",
      "id": "bc1b85258241cfef60d62d56a2cf6306"
    },
    {
      "bel": "p(HGNC:TIGIT)",
      "concept": {
        "name": "TIGIT",
        "namespace": "HGNC"
      },
      "function": "Protein",
      "id": "d87e5f037a625748cfc3faba3bd2f5df"
    },
    {
      "bel": "p(HGNC:TNF)",
      "concept": {
        "name": "TNF",
        "namespace": "HGNC"
      },
      "function": "Protein",
      "id": "fdc1c1f5a73c3c992b6eb71ce9b6908e"
    },
    {
      "bel": "path(DO:\"COVID-19\")",
      "concept": {
        "name": "COVID-19",
        "namespace": "DO"
      },
      "function": "Pathology",
      "id": "6f9f1c2e8012537e503a758c6bfaff0f"
    },
    {
      "bel": "path(DO:\"adult respiratory distress syndrome\")",
      "concept": {
        "name": "adult respiratory distress syndrome",
        "namespace": "DO"
      },
      "function": "Pathology",
      "id": "13c578f210684ad9f22dd027aa28b11a"
    },
    {
      "bel": "path(DO:\"human immunodeficiency virus infectious disease\")",
      "concept": {
        "name": "human immunodeficiency virus infectious disease",
        "namespace": "DO"
      },
      "function": "Pathology",
      "id": "a1ed6919dd80c191ef803730caf98e2e"
    },
    {
      "bel": "path(DO:lymphopenia)",
      "concept": {
        "name": "lymphopenia",
        "namespace": "DO"
      },
      "function": "Pathology",
      "id": "c44581ea27814dd1a201d1fcc1979068"
    },
    {
      "bel": "path(FIXME:\"Cytokine Release Syndrome\")",
      "concept": {
        "name": "Cytokine Release Syndrome",
        "namespace": "FIXME"
      },
      "function": "Pathology",
      "id": "e23f1540a5c2b7c3d62e4f36be583c50"
    },
    {
      "bel": "path(MESH:Dyspnea)",
      "concept": {
        "name": "Dyspnea",
        "namespace": "MESH"
      },
      "function": "Pathology",
      "id": "3f78d64501d3d9478ac9ad623a28ec72"
    },
    {
      "bel": "path(MESH:Hypoxia)",
      "concept": {
        "name": "Hypoxia",
        "namespace": "MESH"
      },
      "function": "Pathology",
      "id": "b120193df5ba919fde3a5c4e2b59f25f"
    }
  ]
}