{
  "directed": true,
  "graph": {
    "annotation_list": {
      "Custom_Disease": [
        "COVID-19"
      ],
      "PublicationStatus": [
        "Published"
      ],
      "PublicationType": [
        "Editorial"
      ],
      "Section": [
        "Full Text"
      ],
      "Severity": [
        "Mild",
        "Severe"
      ],
      "Technique": [
        "computed tomography"
      ]
    },
    "annotation_pattern": {},
    "annotation_url": {
      "MeSHAnatomy": "https://arty.scai.fraunhofer.de/artifactory/bel/annotation/mesh-anatomy/mesh-anatomy-20190128.belanno",
      "Species": "https://arty.scai.fraunhofer.de/artifactory/bel/annotation/species-taxonomy-id/species-taxonomy-id-20170511.belanno"
    },
    "document_metadata": {
      "authors": "Abish K",
      "contact": "abish@causalitybiomodels.com",
      "copyright": "Copyright © 2020 Fraunhofer Institute SCAI, All rights reserved",
      "description": "COVID Knowledge Curation project",
      "licenses": "Private Ownership to Fraunhofer Institute SCAI",
      "name": "32205856.bel",
      "version": "2.0.0"
    },
    "namespace_pattern": {
      "FIXME": ".*"
    },
    "namespace_url": {
      "CHEBI": "https://arty.scai.fraunhofer.de/artifactory/bel/namespace/chebi/chebi-20190708.belns",
      "DO": "https://arty.scai.fraunhofer.de/artifactory/bel/namespace/disease-ontology/disease-ontology-20200407.belns",
      "GO": "https://arty.scai.fraunhofer.de/artifactory/bel/namespace/go/go-20180109.belns",
      "HGNC": "https://arty.scai.fraunhofer.de/artifactory/bel/namespace/hgnc/hgnc-20190708.belns",
      "HP": "https://arty.scai.fraunhofer.de/artifactory/bel/namespace/hp/hp-20190130.belns",
      "MESH": "https://arty.scai.fraunhofer.de/artifactory/bel/namespace/mesh/mesh-names-20181007.belns",
      "TAX": "https://arty.scai.fraunhofer.de/artifactory/bel/namespace/ncbi-taxonomy/ncbi-taxonomy-20200322.belns"
    },
    "path": "32205856.bel",
    "pybel_version": "0.14.6"
  },
  "links": [
    {
      "annotations": {
        "Custom_Disease": {
          "COVID-19": true
        },
        "PublicationStatus": {
          "Published": true
        },
        "PublicationType": {
          "Editorial": true
        },
        "Section": {
          "Full Text": true
        },
        "Severity": {
          "Mild": true
        },
        "Species": {
          "9606": true
        }
      },
      "citation": {
        "authors": [
          "Bucci E",
          "Gan J",
          "Huang J",
          "Huang X",
          "Ippolito G",
          "Melino G",
          "Piacentini M",
          "Shao C",
          "Shi Y",
          "Wang Y"
        ],
        "date": "2020-03-23",
        "db": "PubMed",
        "db_id": "32205856",
        "db_name": "Cell death and differentiation",
        "first": "Shi Y",
        "last": "Melino G"
      },
      "evidence": "During the incubation and non-severe stages, a specific adaptive immune response is required to eliminate the virus and to preclude disease progression to severe stages.",
      "key": "4a8f8ff35888c1ff1478396183a60c57",
      "line": 52,
      "relation": "decreases",
      "source": 9,
      "target": 8
    },
    {
      "annotations": {
        "Custom_Disease": {
          "COVID-19": true
        },
        "MeSHAnatomy": {
          "Intestines": true,
          "Kidney": true
        },
        "PublicationStatus": {
          "Published": true
        },
        "PublicationType": {
          "Editorial": true
        },
        "Section": {
          "Full Text": true
        },
        "Species": {
          "9606": true
        }
      },
      "citation": {
        "authors": [
          "Bucci E",
          "Gan J",
          "Huang J",
          "Huang X",
          "Ippolito G",
          "Melino G",
          "Piacentini M",
          "Shao C",
          "Shi Y",
          "Wang Y"
        ],
        "date": "2020-03-23",
        "db": "PubMed",
        "db_id": "32205856",
        "db_name": "Cell death and differentiation",
        "first": "Shi Y",
        "last": "Melino G"
      },
      "evidence": "However, when a protective immune response is impaired, virus will propagate and massive destruction of the affected tissues will occur, especially in organs that have high ACE2 expression, such as intestine and kidney.",
      "key": "a55bf15a7f96b021f1180184ccd626b9",
      "line": 58,
      "relation": "decreases",
      "source": 9,
      "target": 8
    },
    {
      "annotations": {
        "Custom_Disease": {
          "COVID-19": true
        },
        "MeSHAnatomy": {
          "Intestines": true,
          "Kidney": true
        },
        "PublicationStatus": {
          "Published": true
        },
        "PublicationType": {
          "Editorial": true
        },
        "Section": {
          "Full Text": true
        },
        "Species": {
          "9606": true
        }
      },
      "citation": {
        "authors": [
          "Bucci E",
          "Gan J",
          "Huang J",
          "Huang X",
          "Ippolito G",
          "Melino G",
          "Piacentini M",
          "Shao C",
          "Shi Y",
          "Wang Y"
        ],
        "date": "2020-03-23",
        "db": "PubMed",
        "db_id": "32205856",
        "db_name": "Cell death and differentiation",
        "first": "Shi Y",
        "last": "Melino G"
      },
      "evidence": "However, when a protective immune response is impaired, virus will propagate and massive destruction of the affected tissues will occur, especially in organs that have high ACE2 expression, such as intestine and kidney.",
      "key": "119ac290d73082c805cf170963b9605e",
      "line": 59,
      "relation": "increases",
      "source": 8,
      "target": 24
    },
    {
      "annotations": {
        "Custom_Disease": {
          "COVID-19": true
        },
        "MeSHAnatomy": {
          "Intestines": true,
          "Kidney": true
        },
        "PublicationStatus": {
          "Published": true
        },
        "PublicationType": {
          "Editorial": true
        },
        "Section": {
          "Full Text": true
        },
        "Species": {
          "9606": true
        }
      },
      "citation": {
        "authors": [
          "Bucci E",
          "Gan J",
          "Huang J",
          "Huang X",
          "Ippolito G",
          "Melino G",
          "Piacentini M",
          "Shao C",
          "Shi Y",
          "Wang Y"
        ],
        "date": "2020-03-23",
        "db": "PubMed",
        "db_id": "32205856",
        "db_name": "Cell death and differentiation",
        "first": "Shi Y",
        "last": "Melino G"
      },
      "evidence": "However, when a protective immune response is impaired, virus will propagate and massive destruction of the affected tissues will occur, especially in organs that have high ACE2 expression, such as intestine and kidney.",
      "key": "fa0af8291ee077e45e39fb119b630776",
      "line": 60,
      "relation": "positiveCorrelation",
      "source": 8,
      "target": 12
    },
    {
      "annotations": {
        "Custom_Disease": {
          "COVID-19": true
        },
        "PublicationStatus": {
          "Published": true
        },
        "PublicationType": {
          "Editorial": true
        },
        "Section": {
          "Full Text": true
        },
        "Species": {
          "9606": true
        }
      },
      "citation": {
        "authors": [
          "Bucci E",
          "Gan J",
          "Huang J",
          "Huang X",
          "Ippolito G",
          "Melino G",
          "Piacentini M",
          "Shao C",
          "Shi Y",
          "Wang Y"
        ],
        "date": "2020-03-23",
        "db": "PubMed",
        "db_id": "32205856",
        "db_name": "Cell death and differentiation",
        "first": "Shi Y",
        "last": "Melino G"
      },
      "evidence": "Since lymphocytopenia is often seen in severe COVID-19 patients, the CRS caused by SARS-CoV-2 virus has to be mediated by leukocytes other than T cells, as in patients receiving CAR-T therapy; a high WBC-count is common, suggesting it, in association with lymphocytopenia, as a differential diagnostic criterion for COVID-19.",
      "key": "bcf030e6b5bbded693ff552ec9cf2d40",
      "line": 77,
      "relation": "increases",
      "source": 8,
      "target": 26
    },
    {
      "annotations": {
        "Custom_Disease": {
          "COVID-19": true
        },
        "PublicationStatus": {
          "Published": true
        },
        "PublicationType": {
          "Editorial": true
        },
        "Section": {
          "Full Text": true
        },
        "Species": {
          "9606": true
        }
      },
      "citation": {
        "authors": [
          "Bucci E",
          "Gan J",
          "Huang J",
          "Huang X",
          "Ippolito G",
          "Melino G",
          "Piacentini M",
          "Shao C",
          "Shi Y",
          "Wang Y"
        ],
        "date": "2020-03-23",
        "db": "PubMed",
        "db_id": "32205856",
        "db_name": "Cell death and differentiation",
        "first": "Shi Y",
        "last": "Melino G"
      },
      "evidence": "Since lymphocytopenia is often seen in severe COVID-19 patients, the CRS caused by SARS-CoV-2 virus has to be mediated by leukocytes other than T cells, as in patients receiving CAR-T therapy; a high WBC-count is common, suggesting it, in association with lymphocytopenia, as a differential diagnostic criterion for COVID-19.",
      "key": "1601a67a9f51f5c9f5b9466b0f1acb26",
      "line": 79,
      "relation": "increases",
      "source": 8,
      "target": 22
    },
    {
      "annotations": {
        "Custom_Disease": {
          "COVID-19": true
        },
        "PublicationStatus": {
          "Published": true
        },
        "PublicationType": {
          "Editorial": true
        },
        "Section": {
          "Full Text": true
        },
        "Species": {
          "9606": true
        }
      },
      "citation": {
        "authors": [
          "Bucci E",
          "Gan J",
          "Huang J",
          "Huang X",
          "Ippolito G",
          "Melino G",
          "Piacentini M",
          "Shao C",
          "Shi Y",
          "Wang Y"
        ],
        "date": "2020-03-23",
        "db": "PubMed",
        "db_id": "32205856",
        "db_name": "Cell death and differentiation",
        "first": "Shi Y",
        "last": "Melino G"
      },
      "evidence": "One caveat is that MSCs need to be activated by IFNγ to exert their anti-inflammatory effects, which may be absent in severely affected patients as T cells are not well activated by SARS-CoV-2 infection.",
      "key": "d43f48838fff253b289ef5357185cac1",
      "line": 89,
      "relation": "decreases",
      "source": 8,
      "target": 5
    },
    {
      "annotations": {
        "Custom_Disease": {
          "COVID-19": true
        },
        "PublicationStatus": {
          "Published": true
        },
        "PublicationType": {
          "Editorial": true
        },
        "Section": {
          "Full Text": true
        },
        "Species": {
          "9606": true
        }
      },
      "citation": {
        "authors": [
          "Bucci E",
          "Gan J",
          "Huang J",
          "Huang X",
          "Ippolito G",
          "Melino G",
          "Piacentini M",
          "Shao C",
          "Shi Y",
          "Wang Y"
        ],
        "date": "2020-03-23",
        "db": "PubMed",
        "db_id": "32205856",
        "db_name": "Cell death and differentiation",
        "first": "Shi Y",
        "last": "Melino G"
      },
      "evidence": "The innate immune response to tissue damage caused by the virus could lead to acute respiratory distress syndrome (ARDS), in which respiratory failure is characterized by the rapid onset of widespread inflammation in the lungs and subsequent fatality [4].",
      "key": "13fa2338cd2565d30e2db8b40444dbc5",
      "line": 104,
      "relation": "increases",
      "source": 8,
      "target": 25
    },
    {
      "annotations": {
        "Custom_Disease": {
          "COVID-19": true
        },
        "MeSHAnatomy": {
          "Intestines": true,
          "Kidney": true
        },
        "PublicationStatus": {
          "Published": true
        },
        "PublicationType": {
          "Editorial": true
        },
        "Section": {
          "Full Text": true
        },
        "Species": {
          "9606": true
        }
      },
      "citation": {
        "authors": [
          "Bucci E",
          "Gan J",
          "Huang J",
          "Huang X",
          "Ippolito G",
          "Melino G",
          "Piacentini M",
          "Shao C",
          "Shi Y",
          "Wang Y"
        ],
        "date": "2020-03-23",
        "db": "PubMed",
        "db_id": "32205856",
        "db_name": "Cell death and differentiation",
        "first": "Shi Y",
        "last": "Melino G"
      },
      "evidence": "However, when a protective immune response is impaired, virus will propagate and massive destruction of the affected tissues will occur, especially in organs that have high ACE2 expression, such as intestine and kidney.",
      "key": "f8578683c311801579f448f5bc4a62c9",
      "line": 60,
      "relation": "positiveCorrelation",
      "source": 12,
      "target": 8
    },
    {
      "annotations": {
        "Custom_Disease": {
          "COVID-19": true
        },
        "MeSHAnatomy": {
          "Lung": true
        },
        "PublicationStatus": {
          "Published": true
        },
        "PublicationType": {
          "Editorial": true
        },
        "Section": {
          "Full Text": true
        },
        "Species": {
          "9606": true
        }
      },
      "citation": {
        "authors": [
          "Bucci E",
          "Gan J",
          "Huang J",
          "Huang X",
          "Ippolito G",
          "Melino G",
          "Piacentini M",
          "Shao C",
          "Shi Y",
          "Wang Y"
        ],
        "date": "2020-03-23",
        "db": "PubMed",
        "db_id": "32205856",
        "db_name": "Cell death and differentiation",
        "first": "Shi Y",
        "last": "Melino G"
      },
      "evidence": "The damaged cells induce innate inflammation in the lungs that is largely mediated by pro-inflammatory macrophages and granulocytes. Lung inflammation is the main cause of life-threatening respiratory disorders at the severe stage [4].",
      "key": "8ba83972bedab663bd23de406203ceb7",
      "line": 66,
      "relation": "increases",
      "source": 25,
      "target": 7
    },
    {
      "annotations": {
        "Custom_Disease": {
          "COVID-19": true
        },
        "MeSHAnatomy": {
          "Lung": true
        },
        "PublicationStatus": {
          "Published": true
        },
        "PublicationType": {
          "Editorial": true
        },
        "Section": {
          "Full Text": true
        },
        "Species": {
          "9606": true
        }
      },
      "citation": {
        "authors": [
          "Bucci E",
          "Gan J",
          "Huang J",
          "Huang X",
          "Ippolito G",
          "Melino G",
          "Piacentini M",
          "Shao C",
          "Shi Y",
          "Wang Y"
        ],
        "date": "2020-03-23",
        "db": "PubMed",
        "db_id": "32205856",
        "db_name": "Cell death and differentiation",
        "first": "Shi Y",
        "last": "Melino G"
      },
      "evidence": "The damaged cells induce innate inflammation in the lungs that is largely mediated by pro-inflammatory macrophages and granulocytes. Lung inflammation is the main cause of life-threatening respiratory disorders at the severe stage [4].",
      "key": "a5b3a7c724759496af3b0ffe89d8eb22",
      "line": 67,
      "relation": "increases",
      "source": 25,
      "target": 6
    },
    {
      "annotations": {
        "Custom_Disease": {
          "COVID-19": true
        },
        "PublicationStatus": {
          "Published": true
        },
        "PublicationType": {
          "Editorial": true
        },
        "Section": {
          "Full Text": true
        },
        "Species": {
          "9606": true
        }
      },
      "citation": {
        "authors": [
          "Bucci E",
          "Gan J",
          "Huang J",
          "Huang X",
          "Ippolito G",
          "Melino G",
          "Piacentini M",
          "Shao C",
          "Shi Y",
          "Wang Y"
        ],
        "date": "2020-03-23",
        "db": "PubMed",
        "db_id": "32205856",
        "db_name": "Cell death and differentiation",
        "first": "Shi Y",
        "last": "Melino G"
      },
      "evidence": "The innate immune response to tissue damage caused by the virus could lead to acute respiratory distress syndrome (ARDS), in which respiratory failure is characterized by the rapid onset of widespread inflammation in the lungs and subsequent fatality [4].",
      "key": "40748df99309402b74c5bd8777098c80",
      "line": 105,
      "relation": "increases",
      "source": 25,
      "target": 10
    },
    {
      "annotations": {
        "Custom_Disease": {
          "COVID-19": true
        },
        "MeSHAnatomy": {
          "Lung": true
        },
        "PublicationStatus": {
          "Published": true
        },
        "PublicationType": {
          "Editorial": true
        },
        "Section": {
          "Full Text": true
        },
        "Species": {
          "9606": true
        }
      },
      "citation": {
        "authors": [
          "Bucci E",
          "Gan J",
          "Huang J",
          "Huang X",
          "Ippolito G",
          "Melino G",
          "Piacentini M",
          "Shao C",
          "Shi Y",
          "Wang Y"
        ],
        "date": "2020-03-23",
        "db": "PubMed",
        "db_id": "32205856",
        "db_name": "Cell death and differentiation",
        "first": "Shi Y",
        "last": "Melino G"
      },
      "evidence": "The damaged cells induce innate inflammation in the lungs that is largely mediated by pro-inflammatory macrophages and granulocytes. Lung inflammation is the main cause of life-threatening respiratory disorders at the severe stage [4].",
      "key": "0533a6ac80ee59f18e853fb32741d780",
      "line": 68,
      "relation": "increases",
      "source": 7,
      "target": 11
    },
    {
      "annotations": {
        "Custom_Disease": {
          "COVID-19": true
        },
        "MeSHAnatomy": {
          "Lung": true
        },
        "PublicationStatus": {
          "Published": true
        },
        "PublicationType": {
          "Editorial": true
        },
        "Section": {
          "Full Text": true
        },
        "Species": {
          "9606": true
        }
      },
      "citation": {
        "authors": [
          "Bucci E",
          "Gan J",
          "Huang J",
          "Huang X",
          "Ippolito G",
          "Melino G",
          "Piacentini M",
          "Shao C",
          "Shi Y",
          "Wang Y"
        ],
        "date": "2020-03-23",
        "db": "PubMed",
        "db_id": "32205856",
        "db_name": "Cell death and differentiation",
        "first": "Shi Y",
        "last": "Melino G"
      },
      "evidence": "The damaged cells induce innate inflammation in the lungs that is largely mediated by pro-inflammatory macrophages and granulocytes. Lung inflammation is the main cause of life-threatening respiratory disorders at the severe stage [4].",
      "key": "3940fbc2f96b6c1874206725032fe654",
      "line": 69,
      "relation": "increases",
      "source": 6,
      "target": 11
    },
    {
      "annotations": {
        "Custom_Disease": {
          "COVID-19": true
        },
        "MeSHAnatomy": {
          "Lung": true
        },
        "PublicationStatus": {
          "Published": true
        },
        "PublicationType": {
          "Editorial": true
        },
        "Section": {
          "Full Text": true
        },
        "Severity": {
          "Severe": true
        },
        "Species": {
          "9606": true
        }
      },
      "citation": {
        "authors": [
          "Bucci E",
          "Gan J",
          "Huang J",
          "Huang X",
          "Ippolito G",
          "Melino G",
          "Piacentini M",
          "Shao C",
          "Shi Y",
          "Wang Y"
        ],
        "date": "2020-03-23",
        "db": "PubMed",
        "db_id": "32205856",
        "db_name": "Cell death and differentiation",
        "first": "Shi Y",
        "last": "Melino G"
      },
      "evidence": "The damaged cells induce innate inflammation in the lungs that is largely mediated by pro-inflammatory macrophages and granulocytes. Lung inflammation is the main cause of life-threatening respiratory disorders at the severe stage [4].",
      "key": "b9bdd5c0d4f0b63a927871c5a4d6f71d",
      "line": 71,
      "relation": "increases",
      "source": 11,
      "target": 21
    },
    {
      "annotations": {
        "Custom_Disease": {
          "COVID-19": true
        },
        "PublicationStatus": {
          "Published": true
        },
        "PublicationType": {
          "Editorial": true
        },
        "Section": {
          "Full Text": true
        },
        "Species": {
          "9606": true
        }
      },
      "citation": {
        "authors": [
          "Bucci E",
          "Gan J",
          "Huang J",
          "Huang X",
          "Ippolito G",
          "Melino G",
          "Piacentini M",
          "Shao C",
          "Shi Y",
          "Wang Y"
        ],
        "date": "2020-03-23",
        "db": "PubMed",
        "db_id": "32205856",
        "db_name": "Cell death and differentiation",
        "first": "Shi Y",
        "last": "Melino G"
      },
      "evidence": "Since lymphocytopenia is often seen in severe COVID-19 patients, the CRS caused by SARS-CoV-2 virus has to be mediated by leukocytes other than T cells, as in patients receiving CAR-T therapy; a high WBC-count is common, suggesting it, in association with lymphocytopenia, as a differential diagnostic criterion for COVID-19.",
      "key": "5989ac31542d9b74f90b741714f9f21e",
      "line": 78,
      "relation": "negativeCorrelation",
      "source": 26,
      "target": 5
    },
    {
      "annotations": {
        "Custom_Disease": {
          "COVID-19": true
        },
        "PublicationStatus": {
          "Published": true
        },
        "PublicationType": {
          "Editorial": true
        },
        "Section": {
          "Full Text": true
        },
        "Species": {
          "9606": true
        }
      },
      "citation": {
        "authors": [
          "Bucci E",
          "Gan J",
          "Huang J",
          "Huang X",
          "Ippolito G",
          "Melino G",
          "Piacentini M",
          "Shao C",
          "Shi Y",
          "Wang Y"
        ],
        "date": "2020-03-23",
        "db": "PubMed",
        "db_id": "32205856",
        "db_name": "Cell death and differentiation",
        "first": "Shi Y",
        "last": "Melino G"
      },
      "evidence": "Since lymphocytopenia is often seen in severe COVID-19 patients, the CRS caused by SARS-CoV-2 virus has to be mediated by leukocytes other than T cells, as in patients receiving CAR-T therapy; a high WBC-count is common, suggesting it, in association with lymphocytopenia, as a differential diagnostic criterion for COVID-19.",
      "key": "d616070345a20216cb15f547fbfb2d9c",
      "line": 80,
      "relation": "association",
      "source": 26,
      "target": 19
    },
    {
      "annotations": {
        "Custom_Disease": {
          "COVID-19": true
        },
        "PublicationStatus": {
          "Published": true
        },
        "PublicationType": {
          "Editorial": true
        },
        "Section": {
          "Full Text": true
        },
        "Species": {
          "9606": true
        }
      },
      "citation": {
        "authors": [
          "Bucci E",
          "Gan J",
          "Huang J",
          "Huang X",
          "Ippolito G",
          "Melino G",
          "Piacentini M",
          "Shao C",
          "Shi Y",
          "Wang Y"
        ],
        "date": "2020-03-23",
        "db": "PubMed",
        "db_id": "32205856",
        "db_name": "Cell death and differentiation",
        "first": "Shi Y",
        "last": "Melino G"
      },
      "evidence": "Since lymphocytopenia is often seen in severe COVID-19 patients, the CRS caused by SARS-CoV-2 virus has to be mediated by leukocytes other than T cells, as in patients receiving CAR-T therapy; a high WBC-count is common, suggesting it, in association with lymphocytopenia, as a differential diagnostic criterion for COVID-19.",
      "key": "d20d11047601039dbe8884f86ea411ce",
      "line": 78,
      "relation": "negativeCorrelation",
      "source": 5,
      "target": 26
    },
    {
      "annotations": {
        "Custom_Disease": {
          "COVID-19": true
        },
        "PublicationStatus": {
          "Published": true
        },
        "PublicationType": {
          "Editorial": true
        },
        "Section": {
          "Full Text": true
        },
        "Species": {
          "9606": true
        }
      },
      "citation": {
        "authors": [
          "Bucci E",
          "Gan J",
          "Huang J",
          "Huang X",
          "Ippolito G",
          "Melino G",
          "Piacentini M",
          "Shao C",
          "Shi Y",
          "Wang Y"
        ],
        "date": "2020-03-23",
        "db": "PubMed",
        "db_id": "32205856",
        "db_name": "Cell death and differentiation",
        "first": "Shi Y",
        "last": "Melino G"
      },
      "evidence": "One caveat is that MSCs need to be activated by IFNγ to exert their anti-inflammatory effects, which may be absent in severely affected patients as T cells are not well activated by SARS-CoV-2 infection.",
      "key": "c56ee99a932711dfd4d3e931ddd314c2",
      "line": 90,
      "relation": "increases",
      "source": 5,
      "target": 15
    },
    {
      "annotations": {
        "Custom_Disease": {
          "COVID-19": true
        },
        "PublicationStatus": {
          "Published": true
        },
        "PublicationType": {
          "Editorial": true
        },
        "Section": {
          "Full Text": true
        },
        "Species": {
          "9606": true
        }
      },
      "citation": {
        "authors": [
          "Bucci E",
          "Gan J",
          "Huang J",
          "Huang X",
          "Ippolito G",
          "Melino G",
          "Piacentini M",
          "Shao C",
          "Shi Y",
          "Wang Y"
        ],
        "date": "2020-03-23",
        "db": "PubMed",
        "db_id": "32205856",
        "db_name": "Cell death and differentiation",
        "first": "Shi Y",
        "last": "Melino G"
      },
      "evidence": "Since lymphocytopenia is often seen in severe COVID-19 patients, the CRS caused by SARS-CoV-2 virus has to be mediated by leukocytes other than T cells, as in patients receiving CAR-T therapy; a high WBC-count is common, suggesting it, in association with lymphocytopenia, as a differential diagnostic criterion for COVID-19.",
      "key": "c46f05a5602c5ec1e27796a9597a786c",
      "line": 80,
      "relation": "association",
      "source": 19,
      "target": 26
    },
    {
      "annotations": {
        "Custom_Disease": {
          "COVID-19": true
        },
        "PublicationStatus": {
          "Published": true
        },
        "PublicationType": {
          "Editorial": true
        },
        "Section": {
          "Full Text": true
        },
        "Species": {
          "9606": true
        }
      },
      "citation": {
        "authors": [
          "Bucci E",
          "Gan J",
          "Huang J",
          "Huang X",
          "Ippolito G",
          "Melino G",
          "Piacentini M",
          "Shao C",
          "Shi Y",
          "Wang Y"
        ],
        "date": "2020-03-23",
        "db": "PubMed",
        "db_id": "32205856",
        "db_name": "Cell death and differentiation",
        "first": "Shi Y",
        "last": "Melino G"
      },
      "evidence": "In any case, blocking IL-6 may be effective. Blocking IL-1 and TNF may also benefit patients.",
      "key": "f294b34f105a953ee51c9c3ac8c9ac20",
      "line": 84,
      "object": {
        "modifier": "Activity"
      },
      "relation": "negativeCorrelation",
      "source": 19,
      "target": 17
    },
    {
      "annotations": {
        "Custom_Disease": {
          "COVID-19": true
        },
        "PublicationStatus": {
          "Published": true
        },
        "PublicationType": {
          "Editorial": true
        },
        "Section": {
          "Full Text": true
        },
        "Species": {
          "9606": true
        }
      },
      "citation": {
        "authors": [
          "Bucci E",
          "Gan J",
          "Huang J",
          "Huang X",
          "Ippolito G",
          "Melino G",
          "Piacentini M",
          "Shao C",
          "Shi Y",
          "Wang Y"
        ],
        "date": "2020-03-23",
        "db": "PubMed",
        "db_id": "32205856",
        "db_name": "Cell death and differentiation",
        "first": "Shi Y",
        "last": "Melino G"
      },
      "evidence": "In any case, blocking IL-6 may be effective. Blocking IL-1 and TNF may also benefit patients.",
      "key": "9ba7b8af52a0f0574dd4f77875c3919d",
      "line": 85,
      "object": {
        "modifier": "Activity"
      },
      "relation": "negativeCorrelation",
      "source": 19,
      "target": 18
    },
    {
      "annotations": {
        "Custom_Disease": {
          "COVID-19": true
        },
        "MeSHAnatomy": {
          "Lung": true
        },
        "PublicationStatus": {
          "Published": true
        },
        "PublicationType": {
          "Editorial": true
        },
        "Section": {
          "Full Text": true
        },
        "Species": {
          "9606": true
        }
      },
      "citation": {
        "authors": [
          "Bucci E",
          "Gan J",
          "Huang J",
          "Huang X",
          "Ippolito G",
          "Melino G",
          "Piacentini M",
          "Shao C",
          "Shi Y",
          "Wang Y"
        ],
        "date": "2020-03-23",
        "db": "PubMed",
        "db_id": "32205856",
        "db_name": "Cell death and differentiation",
        "first": "Shi Y",
        "last": "Melino G"
      },
      "evidence": "The levels of inflammatory cytokines (IL-1, TNF) are high in the lungs of COVID-19 patients and these cytokines are strong inducers of HA-synthase-2 (HAS2) in CD31 + endothelium, EpCAM + lung alveolar epithelial cells, and fibroblasts [13].",
      "key": "683ced65590e87cb987971564e645fac",
      "line": 131,
      "relation": "increases",
      "source": 19,
      "target": 18
    },
    {
      "annotations": {
        "Custom_Disease": {
          "COVID-19": true
        },
        "MeSHAnatomy": {
          "Lung": true
        },
        "PublicationStatus": {
          "Published": true
        },
        "PublicationType": {
          "Editorial": true
        },
        "Section": {
          "Full Text": true
        },
        "Species": {
          "9606": true
        }
      },
      "citation": {
        "authors": [
          "Bucci E",
          "Gan J",
          "Huang J",
          "Huang X",
          "Ippolito G",
          "Melino G",
          "Piacentini M",
          "Shao C",
          "Shi Y",
          "Wang Y"
        ],
        "date": "2020-03-23",
        "db": "PubMed",
        "db_id": "32205856",
        "db_name": "Cell death and differentiation",
        "first": "Shi Y",
        "last": "Melino G"
      },
      "evidence": "Although the nature of the clear jelly has yet to be determined, hyaluronan (HA) is associated with ARDS [12]; moreover, during SARS infection, the production and regulation of hyaluronan is defective.",
      "key": "c824ed7b319539e07781b4026c9755ac",
      "line": 125,
      "relation": "regulates",
      "source": 19,
      "target": 1
    },
    {
      "annotations": {
        "Custom_Disease": {
          "COVID-19": true
        },
        "MeSHAnatomy": {
          "Lung": true
        },
        "PublicationStatus": {
          "Published": true
        },
        "PublicationType": {
          "Editorial": true
        },
        "Section": {
          "Full Text": true
        },
        "Species": {
          "9606": true
        }
      },
      "citation": {
        "authors": [
          "Bucci E",
          "Gan J",
          "Huang J",
          "Huang X",
          "Ippolito G",
          "Melino G",
          "Piacentini M",
          "Shao C",
          "Shi Y",
          "Wang Y"
        ],
        "date": "2020-03-23",
        "db": "PubMed",
        "db_id": "32205856",
        "db_name": "Cell death and differentiation",
        "first": "Shi Y",
        "last": "Melino G"
      },
      "evidence": "The levels of inflammatory cytokines (IL-1, TNF) are high in the lungs of COVID-19 patients and these cytokines are strong inducers of HA-synthase-2 (HAS2) in CD31 + endothelium, EpCAM + lung alveolar epithelial cells, and fibroblasts [13].",
      "key": "ea8893f5f8cb4d60541eca13c873839c",
      "line": 130,
      "relation": "increases",
      "source": 19,
      "target": 16
    },
    {
      "annotations": {
        "Custom_Disease": {
          "COVID-19": true
        },
        "PublicationStatus": {
          "Published": true
        },
        "PublicationType": {
          "Editorial": true
        },
        "Section": {
          "Full Text": true
        },
        "Species": {
          "9606": true
        }
      },
      "citation": {
        "authors": [
          "Bucci E",
          "Gan J",
          "Huang J",
          "Huang X",
          "Ippolito G",
          "Melino G",
          "Piacentini M",
          "Shao C",
          "Shi Y",
          "Wang Y"
        ],
        "date": "2020-03-23",
        "db": "PubMed",
        "db_id": "32205856",
        "db_name": "Cell death and differentiation",
        "first": "Shi Y",
        "last": "Melino G"
      },
      "evidence": "In any case, blocking IL-6 may be effective. Blocking IL-1 and TNF may also benefit patients.",
      "key": "d89cd68dda65afdba560a964c7ded33a",
      "line": 84,
      "relation": "negativeCorrelation",
      "source": 17,
      "subject": {
        "modifier": "Activity"
      },
      "target": 19
    },
    {
      "annotations": {
        "Custom_Disease": {
          "COVID-19": true
        },
        "PublicationStatus": {
          "Published": true
        },
        "PublicationType": {
          "Editorial": true
        },
        "Section": {
          "Full Text": true
        },
        "Species": {
          "9606": true
        }
      },
      "citation": {
        "authors": [
          "Bucci E",
          "Gan J",
          "Huang J",
          "Huang X",
          "Ippolito G",
          "Melino G",
          "Piacentini M",
          "Shao C",
          "Shi Y",
          "Wang Y"
        ],
        "date": "2020-03-23",
        "db": "PubMed",
        "db_id": "32205856",
        "db_name": "Cell death and differentiation",
        "first": "Shi Y",
        "last": "Melino G"
      },
      "evidence": "In any case, blocking IL-6 may be effective. Blocking IL-1 and TNF may also benefit patients.",
      "key": "7ee303b1cf18e33c4ea0aa9f3c27b95e",
      "line": 85,
      "relation": "negativeCorrelation",
      "source": 18,
      "subject": {
        "modifier": "Activity"
      },
      "target": 19
    },
    {
      "annotations": {
        "Custom_Disease": {
          "COVID-19": true
        },
        "MeSHAnatomy": {
          "Endothelium": true,
          "Fibroblasts": true,
          "Lung": true,
          "Pulmonary Alveoli": true
        },
        "PublicationStatus": {
          "Published": true
        },
        "PublicationType": {
          "Editorial": true
        },
        "Section": {
          "Full Text": true
        },
        "Species": {
          "9606": true
        }
      },
      "citation": {
        "authors": [
          "Bucci E",
          "Gan J",
          "Huang J",
          "Huang X",
          "Ippolito G",
          "Melino G",
          "Piacentini M",
          "Shao C",
          "Shi Y",
          "Wang Y"
        ],
        "date": "2020-03-23",
        "db": "PubMed",
        "db_id": "32205856",
        "db_name": "Cell death and differentiation",
        "first": "Shi Y",
        "last": "Melino G"
      },
      "evidence": "The levels of inflammatory cytokines (IL-1, TNF) are high in the lungs of COVID-19 patients and these cytokines are strong inducers of HA-synthase-2 (HAS2) in CD31 + endothelium, EpCAM + lung alveolar epithelial cells, and fibroblasts [13].",
      "key": "e65bff9d1c97a0bc21bef2cbd41efd37",
      "line": 135,
      "relation": "increases",
      "source": 18,
      "subject": {
        "modifier": "Activity"
      },
      "target": 13
    },
    {
      "annotations": {
        "Custom_Disease": {
          "COVID-19": true
        },
        "PublicationStatus": {
          "Published": true
        },
        "PublicationType": {
          "Editorial": true
        },
        "Section": {
          "Full Text": true
        },
        "Species": {
          "9606": true
        }
      },
      "citation": {
        "authors": [
          "Bucci E",
          "Gan J",
          "Huang J",
          "Huang X",
          "Ippolito G",
          "Melino G",
          "Piacentini M",
          "Shao C",
          "Shi Y",
          "Wang Y"
        ],
        "date": "2020-03-23",
        "db": "PubMed",
        "db_id": "32205856",
        "db_name": "Cell death and differentiation",
        "first": "Shi Y",
        "last": "Melino G"
      },
      "evidence": "One caveat is that MSCs need to be activated by IFNγ to exert their anti-inflammatory effects, which may be absent in severely affected patients as T cells are not well activated by SARS-CoV-2 infection.",
      "key": "940608c6c3cd9d3b022c9c4b87689710",
      "line": 91,
      "relation": "increases",
      "source": 15,
      "subject": {
        "modifier": "Activity"
      },
      "target": 4
    },
    {
      "annotations": {
        "Custom_Disease": {
          "COVID-19": true
        },
        "PublicationStatus": {
          "Published": true
        },
        "PublicationType": {
          "Editorial": true
        },
        "Section": {
          "Full Text": true
        },
        "Species": {
          "9606": true
        }
      },
      "citation": {
        "authors": [
          "Bucci E",
          "Gan J",
          "Huang J",
          "Huang X",
          "Ippolito G",
          "Melino G",
          "Piacentini M",
          "Shao C",
          "Shi Y",
          "Wang Y"
        ],
        "date": "2020-03-23",
        "db": "PubMed",
        "db_id": "32205856",
        "db_name": "Cell death and differentiation",
        "first": "Shi Y",
        "last": "Melino G"
      },
      "evidence": "One caveat is that MSCs need to be activated by IFNγ to exert their anti-inflammatory effects, which may be absent in severely affected patients as T cells are not well activated by SARS-CoV-2 infection.",
      "key": "8b6c37ca34ca07d57df463cfdec2b5ab",
      "line": 92,
      "relation": "decreases",
      "source": 4,
      "target": 10
    },
    {
      "annotations": {
        "Custom_Disease": {
          "COVID-19": true
        },
        "PublicationStatus": {
          "Published": true
        },
        "PublicationType": {
          "Editorial": true
        },
        "Section": {
          "Full Text": true
        },
        "Species": {
          "9606": true
        }
      },
      "citation": {
        "authors": [
          "Bucci E",
          "Gan J",
          "Huang J",
          "Huang X",
          "Ippolito G",
          "Melino G",
          "Piacentini M",
          "Shao C",
          "Shi Y",
          "Wang Y"
        ],
        "date": "2020-03-23",
        "db": "PubMed",
        "db_id": "32205856",
        "db_name": "Cell death and differentiation",
        "first": "Shi Y",
        "last": "Melino G"
      },
      "evidence": "The innate immune response to tissue damage caused by the virus could lead to acute respiratory distress syndrome (ARDS), in which respiratory failure is characterized by the rapid onset of widespread inflammation in the lungs and subsequent fatality [4].",
      "key": "a1ce90c256f4428b91a4e13c7d386f0d",
      "line": 106,
      "relation": "increases",
      "source": 10,
      "target": 20
    },
    {
      "annotations": {
        "Custom_Disease": {
          "COVID-19": true
        },
        "PublicationStatus": {
          "Published": true
        },
        "PublicationType": {
          "Editorial": true
        },
        "Section": {
          "Full Text": true
        },
        "Species": {
          "10090": true
        }
      },
      "citation": {
        "authors": [
          "Bucci E",
          "Gan J",
          "Huang J",
          "Huang X",
          "Ippolito G",
          "Melino G",
          "Piacentini M",
          "Shao C",
          "Shi Y",
          "Wang Y"
        ],
        "date": "2020-03-23",
        "db": "PubMed",
        "db_id": "32205856",
        "db_name": "Cell death and differentiation",
        "first": "Shi Y",
        "last": "Melino G"
      },
      "evidence": "It is important to mention that various studies have shown that in animal models with bleomycin-induced lung injury, vitamin B3 (niacin or nicotinamide) is highly effective in preventing lung tissue damage [7].",
      "key": "035e622c85fa9742b7cd7a2bbfaf8585",
      "line": 97,
      "relation": "increases",
      "source": 2,
      "target": 25
    },
    {
      "annotations": {
        "Custom_Disease": {
          "COVID-19": true
        },
        "PublicationStatus": {
          "Published": true
        },
        "PublicationType": {
          "Editorial": true
        },
        "Section": {
          "Full Text": true
        },
        "Species": {
          "10090": true
        }
      },
      "citation": {
        "authors": [
          "Bucci E",
          "Gan J",
          "Huang J",
          "Huang X",
          "Ippolito G",
          "Melino G",
          "Piacentini M",
          "Shao C",
          "Shi Y",
          "Wang Y"
        ],
        "date": "2020-03-23",
        "db": "PubMed",
        "db_id": "32205856",
        "db_name": "Cell death and differentiation",
        "first": "Shi Y",
        "last": "Melino G"
      },
      "evidence": "It is important to mention that various studies have shown that in animal models with bleomycin-induced lung injury, vitamin B3 (niacin or nicotinamide) is highly effective in preventing lung tissue damage [7].",
      "key": "9dec56d20e471ae4743d43343f1996f1",
      "line": 98,
      "relation": "decreases",
      "source": 3,
      "target": 25
    },
    {
      "annotations": {
        "Custom_Disease": {
          "COVID-19": true
        },
        "PublicationStatus": {
          "Published": true
        },
        "PublicationType": {
          "Editorial": true
        },
        "Section": {
          "Full Text": true
        },
        "Species": {
          "9606": true
        }
      },
      "citation": {
        "authors": [
          "Bucci E",
          "Gan J",
          "Huang J",
          "Huang X",
          "Ippolito G",
          "Melino G",
          "Piacentini M",
          "Shao C",
          "Shi Y",
          "Wang Y"
        ],
        "date": "2020-03-23",
        "db": "PubMed",
        "db_id": "32205856",
        "db_name": "Cell death and differentiation",
        "first": "Shi Y",
        "last": "Melino G"
      },
      "evidence": "Since Vitamin B3 is highly lung protective, it should be used as soon as coughing begins. When breathing difficulty becomes apparent, hyaluronidase can be used intratracheally and at the same time 4-MU can be given to inhibit HAS2.",
      "key": "94833d44fe33556b2ef8b5e6603ed233",
      "line": 147,
      "relation": "decreases",
      "source": 3,
      "target": 25
    },
    {
      "annotations": {
        "Custom_Disease": {
          "COVID-19": true
        },
        "PublicationStatus": {
          "Published": true
        },
        "PublicationType": {
          "Editorial": true
        },
        "Section": {
          "Full Text": true
        },
        "Species": {
          "9606": true
        }
      },
      "citation": {
        "authors": [
          "Bucci E",
          "Gan J",
          "Huang J",
          "Huang X",
          "Ippolito G",
          "Melino G",
          "Piacentini M",
          "Shao C",
          "Shi Y",
          "Wang Y"
        ],
        "date": "2020-03-23",
        "db": "PubMed",
        "db_id": "32205856",
        "db_name": "Cell death and differentiation",
        "first": "Shi Y",
        "last": "Melino G"
      },
      "evidence": "The innate immune response to tissue damage caused by the virus could lead to acute respiratory distress syndrome (ARDS), in which respiratory failure is characterized by the rapid onset of widespread inflammation in the lungs and subsequent fatality [4].",
      "key": "a738835790464a19c35820ac6b0f0879",
      "line": 107,
      "relation": "increases",
      "source": 20,
      "target": 28
    },
    {
      "annotations": {
        "Custom_Disease": {
          "COVID-19": true
        },
        "PublicationStatus": {
          "Published": true
        },
        "PublicationType": {
          "Editorial": true
        },
        "Section": {
          "Full Text": true
        },
        "Species": {
          "9606": true
        }
      },
      "citation": {
        "authors": [
          "Bucci E",
          "Gan J",
          "Huang J",
          "Huang X",
          "Ippolito G",
          "Melino G",
          "Piacentini M",
          "Shao C",
          "Shi Y",
          "Wang Y"
        ],
        "date": "2020-03-23",
        "db": "PubMed",
        "db_id": "32205856",
        "db_name": "Cell death and differentiation",
        "first": "Shi Y",
        "last": "Melino G"
      },
      "evidence": "The symptoms of ARDS patients include short/rapid breathing, and cyanosis.",
      "key": "d5475517a7e5313356bb933a9498428e",
      "line": 111,
      "relation": "positiveCorrelation",
      "source": 20,
      "target": 29
    },
    {
      "annotations": {
        "Custom_Disease": {
          "COVID-19": true
        },
        "PublicationStatus": {
          "Published": true
        },
        "PublicationType": {
          "Editorial": true
        },
        "Section": {
          "Full Text": true
        },
        "Species": {
          "9606": true
        }
      },
      "citation": {
        "authors": [
          "Bucci E",
          "Gan J",
          "Huang J",
          "Huang X",
          "Ippolito G",
          "Melino G",
          "Piacentini M",
          "Shao C",
          "Shi Y",
          "Wang Y"
        ],
        "date": "2020-03-23",
        "db": "PubMed",
        "db_id": "32205856",
        "db_name": "Cell death and differentiation",
        "first": "Shi Y",
        "last": "Melino G"
      },
      "evidence": "The symptoms of ARDS patients include short/rapid breathing, and cyanosis.",
      "key": "47e008fc2a751349c72f7d6c3cd84ab3",
      "line": 112,
      "relation": "positiveCorrelation",
      "source": 20,
      "target": 27
    },
    {
      "annotations": {
        "Custom_Disease": {
          "COVID-19": true
        },
        "MeSHAnatomy": {
          "Lung": true
        },
        "PublicationStatus": {
          "Published": true
        },
        "PublicationType": {
          "Editorial": true
        },
        "Section": {
          "Full Text": true
        },
        "Species": {
          "9606": true
        },
        "Technique": {
          "computed tomography": true
        }
      },
      "citation": {
        "authors": [
          "Bucci E",
          "Gan J",
          "Huang J",
          "Huang X",
          "Ippolito G",
          "Melino G",
          "Piacentini M",
          "Shao C",
          "Shi Y",
          "Wang Y"
        ],
        "date": "2020-03-23",
        "db": "PubMed",
        "db_id": "32205856",
        "db_name": "Cell death and differentiation",
        "first": "Shi Y",
        "last": "Melino G"
      },
      "evidence": "CT images revealed that there are characteristic white patches called “ground glass”, containing fluid in the lungs [2].",
      "key": "fba45d7b5d0178877815a0edca9ba154",
      "line": 117,
      "relation": "increases",
      "source": 20,
      "target": 23
    },
    {
      "annotations": {
        "Custom_Disease": {
          "COVID-19": true
        },
        "MeSHAnatomy": {
          "Lung": true
        },
        "PublicationStatus": {
          "Published": true
        },
        "PublicationType": {
          "Editorial": true
        },
        "Section": {
          "Full Text": true
        },
        "Species": {
          "9606": true
        }
      },
      "citation": {
        "authors": [
          "Bucci E",
          "Gan J",
          "Huang J",
          "Huang X",
          "Ippolito G",
          "Melino G",
          "Piacentini M",
          "Shao C",
          "Shi Y",
          "Wang Y"
        ],
        "date": "2020-03-23",
        "db": "PubMed",
        "db_id": "32205856",
        "db_name": "Cell death and differentiation",
        "first": "Shi Y",
        "last": "Melino G"
      },
      "evidence": "Although the nature of the clear jelly has yet to be determined, hyaluronan (HA) is associated with ARDS [12]; moreover, during SARS infection, the production and regulation of hyaluronan is defective.",
      "key": "fc5830552dccbde0f34f3f357942601e",
      "line": 124,
      "relation": "association",
      "source": 20,
      "target": 1
    },
    {
      "annotations": {
        "Custom_Disease": {
          "COVID-19": true
        },
        "PublicationStatus": {
          "Published": true
        },
        "PublicationType": {
          "Editorial": true
        },
        "Section": {
          "Full Text": true
        },
        "Species": {
          "9606": true
        }
      },
      "citation": {
        "authors": [
          "Bucci E",
          "Gan J",
          "Huang J",
          "Huang X",
          "Ippolito G",
          "Melino G",
          "Piacentini M",
          "Shao C",
          "Shi Y",
          "Wang Y"
        ],
        "date": "2020-03-23",
        "db": "PubMed",
        "db_id": "32205856",
        "db_name": "Cell death and differentiation",
        "first": "Shi Y",
        "last": "Melino G"
      },
      "evidence": "The symptoms of ARDS patients include short/rapid breathing, and cyanosis.",
      "key": "41cce7f2df027e475e597fb08d42b1b0",
      "line": 111,
      "relation": "positiveCorrelation",
      "source": 29,
      "target": 20
    },
    {
      "annotations": {
        "Custom_Disease": {
          "COVID-19": true
        },
        "PublicationStatus": {
          "Published": true
        },
        "PublicationType": {
          "Editorial": true
        },
        "Section": {
          "Full Text": true
        },
        "Species": {
          "9606": true
        }
      },
      "citation": {
        "authors": [
          "Bucci E",
          "Gan J",
          "Huang J",
          "Huang X",
          "Ippolito G",
          "Melino G",
          "Piacentini M",
          "Shao C",
          "Shi Y",
          "Wang Y"
        ],
        "date": "2020-03-23",
        "db": "PubMed",
        "db_id": "32205856",
        "db_name": "Cell death and differentiation",
        "first": "Shi Y",
        "last": "Melino G"
      },
      "evidence": "The symptoms of ARDS patients include short/rapid breathing, and cyanosis.",
      "key": "05c080990506ce3a07e9bb2597d28d65",
      "line": 112,
      "relation": "positiveCorrelation",
      "source": 27,
      "target": 20
    },
    {
      "annotations": {
        "Custom_Disease": {
          "COVID-19": true
        },
        "MeSHAnatomy": {
          "Lung": true
        },
        "PublicationStatus": {
          "Published": true
        },
        "PublicationType": {
          "Editorial": true
        },
        "Section": {
          "Full Text": true
        },
        "Species": {
          "9606": true
        }
      },
      "citation": {
        "authors": [
          "Bucci E",
          "Gan J",
          "Huang J",
          "Huang X",
          "Ippolito G",
          "Melino G",
          "Piacentini M",
          "Shao C",
          "Shi Y",
          "Wang Y"
        ],
        "date": "2020-03-23",
        "db": "PubMed",
        "db_id": "32205856",
        "db_name": "Cell death and differentiation",
        "first": "Shi Y",
        "last": "Melino G"
      },
      "evidence": "Although the nature of the clear jelly has yet to be determined, hyaluronan (HA) is associated with ARDS [12]; moreover, during SARS infection, the production and regulation of hyaluronan is defective.",
      "key": "1783cdb95125ae803fc4596bc6ca900f",
      "line": 124,
      "relation": "association",
      "source": 1,
      "target": 20
    },
    {
      "annotations": {
        "Custom_Disease": {
          "COVID-19": true
        },
        "MeSHAnatomy": {
          "Endothelium": true,
          "Fibroblasts": true,
          "Lung": true,
          "Pulmonary Alveoli": true
        },
        "PublicationStatus": {
          "Published": true
        },
        "PublicationType": {
          "Editorial": true
        },
        "Section": {
          "Full Text": true
        },
        "Species": {
          "9606": true
        }
      },
      "citation": {
        "authors": [
          "Bucci E",
          "Gan J",
          "Huang J",
          "Huang X",
          "Ippolito G",
          "Melino G",
          "Piacentini M",
          "Shao C",
          "Shi Y",
          "Wang Y"
        ],
        "date": "2020-03-23",
        "db": "PubMed",
        "db_id": "32205856",
        "db_name": "Cell death and differentiation",
        "first": "Shi Y",
        "last": "Melino G"
      },
      "evidence": "The levels of inflammatory cytokines (IL-1, TNF) are high in the lungs of COVID-19 patients and these cytokines are strong inducers of HA-synthase-2 (HAS2) in CD31 + endothelium, EpCAM + lung alveolar epithelial cells, and fibroblasts [13].",
      "key": "c3d1eb38a9ad18f2873c7112284ad842",
      "line": 134,
      "relation": "increases",
      "source": 16,
      "subject": {
        "modifier": "Activity"
      },
      "target": 13
    },
    {
      "annotations": {
        "Custom_Disease": {
          "COVID-19": true
        },
        "MeSHAnatomy": {
          "Lung": true
        },
        "PublicationStatus": {
          "Published": true
        },
        "PublicationType": {
          "Editorial": true
        },
        "Section": {
          "Full Text": true
        },
        "Species": {
          "9606": true
        }
      },
      "citation": {
        "authors": [
          "Bucci E",
          "Gan J",
          "Huang J",
          "Huang X",
          "Ippolito G",
          "Melino G",
          "Piacentini M",
          "Shao C",
          "Shi Y",
          "Wang Y"
        ],
        "date": "2020-03-23",
        "db": "PubMed",
        "db_id": "32205856",
        "db_name": "Cell death and differentiation",
        "first": "Shi Y",
        "last": "Melino G"
      },
      "evidence": "Doctors can also use a clinically approved bile therapy drug, Hymecromone (4-Methylumbelliferone, 4-MU), an inhibitor of HAS2 [14]. LPS-induced lung inflammation can be relieved by 4-MU.",
      "key": "6f4e8067f0c0babe9c1e6ea8cfc6392f",
      "line": 141,
      "object": {
        "modifier": "Activity"
      },
      "relation": "decreases",
      "source": 0,
      "target": 13
    },
    {
      "annotations": {
        "Custom_Disease": {
          "COVID-19": true
        },
        "PublicationStatus": {
          "Published": true
        },
        "PublicationType": {
          "Editorial": true
        },
        "Section": {
          "Full Text": true
        },
        "Species": {
          "9606": true
        }
      },
      "citation": {
        "authors": [
          "Bucci E",
          "Gan J",
          "Huang J",
          "Huang X",
          "Ippolito G",
          "Melino G",
          "Piacentini M",
          "Shao C",
          "Shi Y",
          "Wang Y"
        ],
        "date": "2020-03-23",
        "db": "PubMed",
        "db_id": "32205856",
        "db_name": "Cell death and differentiation",
        "first": "Shi Y",
        "last": "Melino G"
      },
      "evidence": "Since Vitamin B3 is highly lung protective, it should be used as soon as coughing begins. When breathing difficulty becomes apparent, hyaluronidase can be used intratracheally and at the same time 4-MU can be given to inhibit HAS2.",
      "key": "a1f0c93b6563874fcb45505922d9e803",
      "line": 149,
      "object": {
        "modifier": "Activity"
      },
      "relation": "decreases",
      "source": 0,
      "target": 13
    },
    {
      "annotations": {
        "Custom_Disease": {
          "COVID-19": true
        },
        "MeSHAnatomy": {
          "Lung": true
        },
        "PublicationStatus": {
          "Published": true
        },
        "PublicationType": {
          "Editorial": true
        },
        "Section": {
          "Full Text": true
        },
        "Species": {
          "9606": true
        }
      },
      "citation": {
        "authors": [
          "Bucci E",
          "Gan J",
          "Huang J",
          "Huang X",
          "Ippolito G",
          "Melino G",
          "Piacentini M",
          "Shao C",
          "Shi Y",
          "Wang Y"
        ],
        "date": "2020-03-23",
        "db": "PubMed",
        "db_id": "32205856",
        "db_name": "Cell death and differentiation",
        "first": "Shi Y",
        "last": "Melino G"
      },
      "evidence": "Doctors can also use a clinically approved bile therapy drug, Hymecromone (4-Methylumbelliferone, 4-MU), an inhibitor of HAS2 [14]. LPS-induced lung inflammation can be relieved by 4-MU.",
      "key": "20367014ca8b007a7643f4d810fbca35",
      "line": 142,
      "relation": "decreases",
      "source": 0,
      "target": 10
    },
    {
      "annotations": {
        "Custom_Disease": {
          "COVID-19": true
        },
        "PublicationStatus": {
          "Published": true
        },
        "PublicationType": {
          "Editorial": true
        },
        "Section": {
          "Full Text": true
        },
        "Species": {
          "9606": true
        }
      },
      "citation": {
        "authors": [
          "Bucci E",
          "Gan J",
          "Huang J",
          "Huang X",
          "Ippolito G",
          "Melino G",
          "Piacentini M",
          "Shao C",
          "Shi Y",
          "Wang Y"
        ],
        "date": "2020-03-23",
        "db": "PubMed",
        "db_id": "32205856",
        "db_name": "Cell death and differentiation",
        "first": "Shi Y",
        "last": "Melino G"
      },
      "evidence": "Since Vitamin B3 is highly lung protective, it should be used as soon as coughing begins. When breathing difficulty becomes apparent, hyaluronidase can be used intratracheally and at the same time 4-MU can be given to inhibit HAS2.",
      "key": "8a444cd0dae5c80070ab980c7e3b2c4c",
      "line": 148,
      "object": {
        "modifier": "Activity"
      },
      "relation": "decreases",
      "source": 14,
      "subject": {
        "modifier": "Activity"
      },
      "target": 13
    }
  ],
  "multigraph": true,
  "nodes": [
    {
      "bel": "a(CHEBI:\"4-methylumbelliferone\")",
      "concept": {
        "name": "4-methylumbelliferone",
        "namespace": "CHEBI"
      },
      "function": "Abundance",
      "id": "76027040d6f0a6cb110ee8cda3232abc"
    },
    {
      "bel": "a(CHEBI:\"hyaluronic acid\")",
      "concept": {
        "name": "hyaluronic acid",
        "namespace": "CHEBI"
      },
      "function": "Abundance",
      "id": "18097188bc5c623ce64249127298eb23"
    },
    {
      "bel": "a(CHEBI:bleomycin)",
      "concept": {
        "name": "bleomycin",
        "namespace": "CHEBI"
      },
      "function": "Abundance",
      "id": "872e17b30b3f92e35753a22cbfac1b2f"
    },
    {
      "bel": "a(CHEBI:nicotinamide)",
      "concept": {
        "name": "nicotinamide",
        "namespace": "CHEBI"
      },
      "function": "Abundance",
      "id": "c2ec2a125ba98427428268efb4077585"
    },
    {
      "bel": "a(MESH:\"Mesenchymal Stromal Cells\")",
      "concept": {
        "name": "Mesenchymal Stromal Cells",
        "namespace": "MESH"
      },
      "function": "Abundance",
      "id": "e972c747468b55587ef98524ec35fd8e"
    },
    {
      "bel": "a(MESH:\"T-Lymphocytes\")",
      "concept": {
        "name": "T-Lymphocytes",
        "namespace": "MESH"
      },
      "function": "Abundance",
      "id": "04840e346c8f8e46d6d4e5ed8f1b84c5"
    },
    {
      "bel": "a(MESH:Granulocytes)",
      "concept": {
        "name": "Granulocytes",
        "namespace": "MESH"
      },
      "function": "Abundance",
      "id": "449647a74a75001d903a2d281acb6589"
    },
    {
      "bel": "a(MESH:Macrophages)",
      "concept": {
        "name": "Macrophages",
        "namespace": "MESH"
      },
      "function": "Abundance",
      "id": "311e39dad42597c983d7962f84ee92b6"
    },
    {
      "bel": "a(TAX:\"Severe acute respiratory syndrome coronavirus 2\")",
      "concept": {
        "name": "Severe acute respiratory syndrome coronavirus 2",
        "namespace": "TAX"
      },
      "function": "Abundance",
      "id": "c41851da59cc36c21b2e8acf24c1f46d"
    },
    {
      "bel": "bp(GO:\"adaptive immune response\")",
      "concept": {
        "name": "adaptive immune response",
        "namespace": "GO"
      },
      "function": "BiologicalProcess",
      "id": "232656a3d30a47c69c65f88002df607a"
    },
    {
      "bel": "bp(GO:\"inflammatory response\")",
      "concept": {
        "name": "inflammatory response",
        "namespace": "GO"
      },
      "function": "BiologicalProcess",
      "id": "abd32f6c5cca606061975532840db260"
    },
    {
      "bel": "bp(GO:\"innate immune response\")",
      "concept": {
        "name": "innate immune response",
        "namespace": "GO"
      },
      "function": "BiologicalProcess",
      "id": "1ea5b49f551eba11aff1ea471b1d9823"
    },
    {
      "bel": "p(HGNC:ACE2)",
      "concept": {
        "name": "ACE2",
        "namespace": "HGNC"
      },
      "function": "Protein",
      "id": "bb9a231a2c68ff8f3bad2adad9ed6a94"
    },
    {
      "bel": "p(HGNC:HAS2)",
      "concept": {
        "name": "HAS2",
        "namespace": "HGNC"
      },
      "function": "Protein",
      "id": "66f1053d2f266001c72ed2e9d76f82e4"
    },
    {
      "bel": "p(HGNC:HYAL1)",
      "concept": {
        "name": "HYAL1",
        "namespace": "HGNC"
      },
      "function": "Protein",
      "id": "4385f87e32063b274e5dac36a50f643e"
    },
    {
      "bel": "p(HGNC:IFNG)",
      "concept": {
        "name": "IFNG",
        "namespace": "HGNC"
      },
      "function": "Protein",
      "id": "20367a6ea54ae1032be4f48276f3c524"
    },
    {
      "bel": "p(HGNC:IL1B)",
      "concept": {
        "name": "IL1B",
        "namespace": "HGNC"
      },
      "function": "Protein",
      "id": "cca08112d9fcf1a31015f1dbfc30b04c"
    },
    {
      "bel": "p(HGNC:IL6)",
      "concept": {
        "name": "IL6",
        "namespace": "HGNC"
      },
      "function": "Protein",
      "id": "8a1d3c4828c5416eba867c395cc65caa"
    },
    {
      "bel": "p(HGNC:TNF)",
      "concept": {
        "name": "TNF",
        "namespace": "HGNC"
      },
      "function": "Protein",
      "id": "fdc1c1f5a73c3c992b6eb71ce9b6908e"
    },
    {
      "bel": "path(DO:\"COVID-19\")",
      "concept": {
        "name": "COVID-19",
        "namespace": "DO"
      },
      "function": "Pathology",
      "id": "6f9f1c2e8012537e503a758c6bfaff0f"
    },
    {
      "bel": "path(DO:\"adult respiratory distress syndrome\")",
      "concept": {
        "name": "adult respiratory distress syndrome",
        "namespace": "DO"
      },
      "function": "Pathology",
      "id": "13c578f210684ad9f22dd027aa28b11a"
    },
    {
      "bel": "path(DO:\"respiratory system disease\")",
      "concept": {
        "name": "respiratory system disease",
        "namespace": "DO"
      },
      "function": "Pathology",
      "id": "6bee8d5c208dd80a5ee8d4f4b694e066"
    },
    {
      "bel": "path(FIXME:\"Cytokine Release Syndrome\")",
      "concept": {
        "name": "Cytokine Release Syndrome",
        "namespace": "FIXME"
      },
      "function": "Pathology",
      "id": "e23f1540a5c2b7c3d62e4f36be583c50"
    },
    {
      "bel": "path(HP:\"Ground-glass opacification on pulmonary HRCT\")",
      "concept": {
        "name": "Ground-glass opacification on pulmonary HRCT",
        "namespace": "HP"
      },
      "function": "Pathology",
      "id": "84ff186012d6eb9a071d53766af91a2e"
    },
    {
      "bel": "path(HP:\"cell and tissue damage\")",
      "concept": {
        "name": "cell and tissue damage",
        "namespace": "HP"
      },
      "function": "Pathology",
      "id": "782a56cb5087b061681243638c7a4f68"
    },
    {
      "bel": "path(MESH:\"Lung Injury\")",
      "concept": {
        "name": "Lung Injury",
        "namespace": "MESH"
      },
      "function": "Pathology",
      "id": "0331236e5bff96357737ca4f300a8893"
    },
    {
      "bel": "path(MESH:\"T-Lymphocytopenia\")",
      "concept": {
        "name": "T-Lymphocytopenia",
        "namespace": "MESH"
      },
      "function": "Pathology",
      "id": "6631d3a143c1dc5548d60e4e7daa0add"
    },
    {
      "bel": "path(MESH:Cyanosis)",
      "concept": {
        "name": "Cyanosis",
        "namespace": "MESH"
      },
      "function": "Pathology",
      "id": "3415271cf3a3358b725d01655ca26d6f"
    },
    {
      "bel": "path(MESH:Death)",
      "concept": {
        "name": "Death",
        "namespace": "MESH"
      },
      "function": "Pathology",
      "id": "10a8517e414b47762b224fc2cc999027"
    },
    {
      "bel": "path(MESH:Dyspnea)",
      "concept": {
        "name": "Dyspnea",
        "namespace": "MESH"
      },
      "function": "Pathology",
      "id": "3f78d64501d3d9478ac9ad623a28ec72"
    }
  ]
}