{
  "directed": true,
  "graph": {
    "annotation_list": {
      "Cohort": [
        "Newborn"
      ],
      "Cohort_Age": [
        "14 days",
        "2 days",
        "4 days",
        "6 days"
      ],
      "Custom_Disease": [
        "COVID-19"
      ],
      "Gestation_Period": [
        "31 weeks and 2 days",
        "40 weeks",
        "40 weeks and 4 days"
      ],
      "PublicationStatus": [
        "Preprint"
      ],
      "PublicationType": [
        "Research"
      ],
      "Sample": [
        "Anal swab",
        "Nasopharyngeal swab"
      ],
      "Section": [
        "Results"
      ],
      "Technique": [
        "chest X-ray"
      ]
    },
    "annotation_pattern": {},
    "annotation_url": {
      "MeSHAnatomy": "https://arty.scai.fraunhofer.de/artifactory/bel/annotation/mesh-anatomy/mesh-anatomy-20190128.belanno",
      "Species": "https://arty.scai.fraunhofer.de/artifactory/bel/annotation/species-taxonomy-id/species-taxonomy-id-20170511.belanno"
    },
    "document_metadata": {
      "authors": "Geena Mariya Jose",
      "contact": "geena.mariya.jose@causalitybiomodels.com",
      "copyright": "Copyright © 2020 Fraunhofer Institute SCAI, All rights reserved",
      "description": "COVID Knowledge Curation project",
      "licenses": "Private Ownership to Fraunhofer Institute SCAI",
      "name": "32215598.bel",
      "version": "2.1.0"
    },
    "namespace_pattern": {},
    "namespace_url": {
      "CHEBI": "https://arty.scai.fraunhofer.de/artifactory/bel/namespace/chebi/chebi-20190708.belns",
      "DO": "https://arty.scai.fraunhofer.de/artifactory/bel/namespace/disease-ontology/disease-ontology-20200407.belns",
      "GO": "https://arty.scai.fraunhofer.de/artifactory/bel/namespace/go/go-20180109.belns",
      "HGNC": "https://arty.scai.fraunhofer.de/artifactory/bel/namespace/hgnc/hgnc-20190708.belns",
      "HP": "https://arty.scai.fraunhofer.de/artifactory/bel/namespace/hp/hp-20190130.belns",
      "MESH": "https://arty.scai.fraunhofer.de/artifactory/bel/namespace/mesh/mesh-names-20181007.belns",
      "TAX": "https://arty.scai.fraunhofer.de/artifactory/bel/namespace/ncbi-taxonomy/ncbi-taxonomy-20200322.belns"
    },
    "path": "32215598.bel",
    "pybel_version": "0.14.6"
  },
  "links": [
    {
      "annotations": {
        "Cohort": {
          "Newborn": true
        },
        "Custom_Disease": {
          "COVID-19": true
        },
        "PublicationStatus": {
          "Preprint": true
        },
        "PublicationType": {
          "Research": true
        },
        "Section": {
          "Results": true
        },
        "Species": {
          "9606": true
        }
      },
      "citation": {
        "authors": [
          "Shao J",
          "Xia S",
          "Xiao F",
          "Yan K",
          "Yuan W",
          "Zeng L",
          "Zhou W"
        ],
        "date": "2020-03-26",
        "db": "PubMed",
        "db_id": "32215598",
        "db_name": "JAMA pediatrics",
        "first": "Zeng L",
        "last": "Zhou W"
      },
      "evidence": "The most common symptom was shortness of breath (4 of 33 neonates)",
      "key": "332ad3e0da961399b39c09ad25a30601",
      "line": 55,
      "relation": "association",
      "source": 8,
      "target": 13
    },
    {
      "annotations": {
        "Cohort": {
          "Newborn": true
        },
        "Cohort_Age": {
          "2 days": true
        },
        "Custom_Disease": {
          "COVID-19": true
        },
        "Gestation_Period": {
          "40 weeks": true
        },
        "PublicationStatus": {
          "Preprint": true
        },
        "PublicationType": {
          "Research": true
        },
        "Section": {
          "Results": true
        },
        "Species": {
          "9606": true
        }
      },
      "citation": {
        "authors": [
          "Shao J",
          "Xia S",
          "Xiao F",
          "Yan K",
          "Yuan W",
          "Zeng L",
          "Zhou W"
        ],
        "date": "2020-03-26",
        "db": "PubMed",
        "db_id": "32215598",
        "db_name": "JAMA pediatrics",
        "first": "Zeng L",
        "last": "Zhou W"
      },
      "evidence": "On day 2 of life, the infant experienced lethargy and fever, with unremarkable physical examination results, and was moved to the neonatal intensive care unit.",
      "key": "56fcda65c8238328847a30d89efd984b",
      "line": 60,
      "relation": "association",
      "source": 8,
      "target": 15
    },
    {
      "annotations": {
        "Cohort": {
          "Newborn": true
        },
        "Custom_Disease": {
          "COVID-19": true
        },
        "Gestation_Period": {
          "40 weeks and 4 days": true
        },
        "PublicationStatus": {
          "Preprint": true
        },
        "PublicationType": {
          "Research": true
        },
        "Sample": {
          "Anal swab": true,
          "Nasopharyngeal swab": true
        },
        "Section": {
          "Results": true
        },
        "Species": {
          "9606": true
        }
      },
      "citation": {
        "authors": [
          "Shao J",
          "Xia S",
          "Xiao F",
          "Yan K",
          "Yuan W",
          "Zeng L",
          "Zhou W"
        ],
        "date": "2020-03-26",
        "db": "PubMed",
        "db_id": "32215598",
        "db_name": "JAMA pediatrics",
        "first": "Zeng L",
        "last": "Zhou W"
      },
      "evidence": "He presented with lethargy, vomiting, and fever.",
      "key": "308096b592e35ff84c20ac8df6642d44",
      "line": 79,
      "relation": "association",
      "source": 8,
      "target": 15
    },
    {
      "annotations": {
        "Cohort": {
          "Newborn": true
        },
        "Cohort_Age": {
          "2 days": true
        },
        "Custom_Disease": {
          "COVID-19": true
        },
        "Gestation_Period": {
          "40 weeks": true
        },
        "PublicationStatus": {
          "Preprint": true
        },
        "PublicationType": {
          "Research": true
        },
        "Section": {
          "Results": true
        },
        "Species": {
          "9606": true
        }
      },
      "citation": {
        "authors": [
          "Shao J",
          "Xia S",
          "Xiao F",
          "Yan K",
          "Yuan W",
          "Zeng L",
          "Zhou W"
        ],
        "date": "2020-03-26",
        "db": "PubMed",
        "db_id": "32215598",
        "db_name": "JAMA pediatrics",
        "first": "Zeng L",
        "last": "Zhou W"
      },
      "evidence": "On day 2 of life, the infant experienced lethargy and fever, with unremarkable physical examination results, and was moved to the neonatal intensive care unit.",
      "key": "716423995fab0ce8a8a71aadd08093bd",
      "line": 61,
      "relation": "association",
      "source": 8,
      "target": 14
    },
    {
      "annotations": {
        "Cohort": {
          "Newborn": true
        },
        "Custom_Disease": {
          "COVID-19": true
        },
        "Gestation_Period": {
          "40 weeks and 4 days": true
        },
        "PublicationStatus": {
          "Preprint": true
        },
        "PublicationType": {
          "Research": true
        },
        "Sample": {
          "Anal swab": true,
          "Nasopharyngeal swab": true
        },
        "Section": {
          "Results": true
        },
        "Species": {
          "9606": true
        }
      },
      "citation": {
        "authors": [
          "Shao J",
          "Xia S",
          "Xiao F",
          "Yan K",
          "Yuan W",
          "Zeng L",
          "Zhou W"
        ],
        "date": "2020-03-26",
        "db": "PubMed",
        "db_id": "32215598",
        "db_name": "JAMA pediatrics",
        "first": "Zeng L",
        "last": "Zhou W"
      },
      "evidence": "He presented with lethargy, vomiting, and fever.",
      "key": "738b678fe2e1c921a15d9f4125993aa3",
      "line": 81,
      "relation": "association",
      "source": 8,
      "target": 14
    },
    {
      "annotations": {
        "Cohort": {
          "Newborn": true
        },
        "Cohort_Age": {
          "2 days": true
        },
        "Custom_Disease": {
          "COVID-19": true
        },
        "Gestation_Period": {
          "40 weeks": true
        },
        "PublicationStatus": {
          "Preprint": true
        },
        "PublicationType": {
          "Research": true
        },
        "Section": {
          "Results": true
        },
        "Species": {
          "9606": true
        },
        "Technique": {
          "chest X-ray": true
        }
      },
      "citation": {
        "authors": [
          "Shao J",
          "Xia S",
          "Xiao F",
          "Yan K",
          "Yuan W",
          "Zeng L",
          "Zhou W"
        ],
        "date": "2020-03-26",
        "db": "PubMed",
        "db_id": "32215598",
        "db_name": "JAMA pediatrics",
        "first": "Zeng L",
        "last": "Zhou W"
      },
      "evidence": "A chest radiographic image showed pneumonia, but other laboratory tests (except procalcitonin) were normal",
      "key": "83718590eb184ae6972b14e1e6e6a19d",
      "line": 65,
      "relation": "association",
      "source": 8,
      "target": 10
    },
    {
      "annotations": {
        "Cohort": {
          "Newborn": true
        },
        "Custom_Disease": {
          "COVID-19": true
        },
        "Gestation_Period": {
          "40 weeks and 4 days": true
        },
        "PublicationStatus": {
          "Preprint": true
        },
        "PublicationType": {
          "Research": true
        },
        "Sample": {
          "Anal swab": true,
          "Nasopharyngeal swab": true
        },
        "Section": {
          "Results": true
        },
        "Species": {
          "9606": true
        },
        "Technique": {
          "chest X-ray": true
        }
      },
      "citation": {
        "authors": [
          "Shao J",
          "Xia S",
          "Xiao F",
          "Yan K",
          "Yuan W",
          "Zeng L",
          "Zhou W"
        ],
        "date": "2020-03-26",
        "db": "PubMed",
        "db_id": "32215598",
        "db_name": "JAMA pediatrics",
        "first": "Zeng L",
        "last": "Zhou W"
      },
      "evidence": "A chest radiographic image showed pneumonia.",
      "key": "d82f6d47a1361700594368ef3e12f930",
      "line": 93,
      "relation": "association",
      "source": 8,
      "target": 10
    },
    {
      "annotations": {
        "Cohort": {
          "Newborn": true
        },
        "Custom_Disease": {
          "COVID-19": true
        },
        "Gestation_Period": {
          "31 weeks and 2 days": true
        },
        "PublicationStatus": {
          "Preprint": true
        },
        "PublicationType": {
          "Research": true
        },
        "Sample": {
          "Anal swab": true,
          "Nasopharyngeal swab": true
        },
        "Section": {
          "Results": true
        },
        "Species": {
          "9606": true
        },
        "Technique": {
          "chest X-ray": true
        }
      },
      "citation": {
        "authors": [
          "Shao J",
          "Xia S",
          "Xiao F",
          "Yan K",
          "Yuan W",
          "Zeng L",
          "Zhou W"
        ],
        "date": "2020-03-26",
        "db": "PubMed",
        "db_id": "32215598",
        "db_name": "JAMA pediatrics",
        "first": "Zeng L",
        "last": "Zhou W"
      },
      "evidence": "Neonatal respiratory distress syndrome and pneumonia confirmed by chest radiographic image on admission resolved on day 14 of life after treatment with noninvasive ventilation, caffeine, and antibiotics.",
      "key": "c082e1b97a56f0d0a2f3f932d6fb23dc",
      "line": 106,
      "relation": "association",
      "source": 8,
      "target": 10
    },
    {
      "annotations": {
        "Cohort": {
          "Newborn": true
        },
        "Cohort_Age": {
          "2 days": true
        },
        "Custom_Disease": {
          "COVID-19": true
        },
        "Gestation_Period": {
          "40 weeks": true
        },
        "PublicationStatus": {
          "Preprint": true
        },
        "PublicationType": {
          "Research": true
        },
        "Section": {
          "Results": true
        },
        "Species": {
          "9606": true
        }
      },
      "citation": {
        "authors": [
          "Shao J",
          "Xia S",
          "Xiao F",
          "Yan K",
          "Yuan W",
          "Zeng L",
          "Zhou W"
        ],
        "date": "2020-03-26",
        "db": "PubMed",
        "db_id": "32215598",
        "db_name": "JAMA pediatrics",
        "first": "Zeng L",
        "last": "Zhou W"
      },
      "evidence": "A chest radiographic image showed pneumonia, but other laboratory tests (except procalcitonin) were normal",
      "key": "6e5ebed443fea812f82d80f7ecdeecf7",
      "line": 67,
      "relation": "association",
      "source": 8,
      "target": 5
    },
    {
      "annotations": {
        "Cohort": {
          "Newborn": true
        },
        "Cohort_Age": {
          "2 days": true,
          "4 days": true
        },
        "Custom_Disease": {
          "COVID-19": true
        },
        "Gestation_Period": {
          "40 weeks": true
        },
        "PublicationStatus": {
          "Preprint": true
        },
        "PublicationType": {
          "Research": true
        },
        "Sample": {
          "Anal swab": true,
          "Nasopharyngeal swab": true
        },
        "Section": {
          "Results": true
        },
        "Species": {
          "9606": true
        }
      },
      "citation": {
        "authors": [
          "Shao J",
          "Xia S",
          "Xiao F",
          "Yan K",
          "Yuan W",
          "Zeng L",
          "Zhou W"
        ],
        "date": "2020-03-26",
        "db": "PubMed",
        "db_id": "32215598",
        "db_name": "JAMA pediatrics",
        "first": "Zeng L",
        "last": "Zhou W"
      },
      "evidence": "Nasopharyngeal and anal swabs were positive for SARS-CoV-2 on days 2 and 4 of life and negative on day 6",
      "key": "024ac140ce088e09cacce1238bcf76aa",
      "line": 73,
      "relation": "association",
      "source": 8,
      "target": 2
    },
    {
      "annotations": {
        "Cohort": {
          "Newborn": true
        },
        "Cohort_Age": {
          "2 days": true,
          "4 days": true
        },
        "Custom_Disease": {
          "COVID-19": true
        },
        "Gestation_Period": {
          "40 weeks and 4 days": true
        },
        "PublicationStatus": {
          "Preprint": true
        },
        "PublicationType": {
          "Research": true
        },
        "Sample": {
          "Anal swab": true,
          "Nasopharyngeal swab": true
        },
        "Section": {
          "Results": true
        },
        "Species": {
          "9606": true
        }
      },
      "citation": {
        "authors": [
          "Shao J",
          "Xia S",
          "Xiao F",
          "Yan K",
          "Yuan W",
          "Zeng L",
          "Zhou W"
        ],
        "date": "2020-03-26",
        "db": "PubMed",
        "db_id": "32215598",
        "db_name": "JAMA pediatrics",
        "first": "Zeng L",
        "last": "Zhou W"
      },
      "evidence": "Nasopharyngeal and anal swabs were positive for SARS-CoV-2 on days 2 and 4 of life and negative on day 6.",
      "key": "ceeb804cb3ce9704fef41444b9da0850",
      "line": 99,
      "relation": "association",
      "source": 8,
      "target": 2
    },
    {
      "annotations": {
        "Cohort": {
          "Newborn": true
        },
        "Cohort_Age": {
          "2 days": true,
          "4 days": true
        },
        "Custom_Disease": {
          "COVID-19": true
        },
        "Gestation_Period": {
          "31 weeks and 2 days": true
        },
        "PublicationStatus": {
          "Preprint": true
        },
        "PublicationType": {
          "Research": true
        },
        "Sample": {
          "Anal swab": true,
          "Nasopharyngeal swab": true
        },
        "Section": {
          "Results": true
        },
        "Species": {
          "9606": true
        }
      },
      "citation": {
        "authors": [
          "Shao J",
          "Xia S",
          "Xiao F",
          "Yan K",
          "Yuan W",
          "Zeng L",
          "Zhou W"
        ],
        "date": "2020-03-26",
        "db": "PubMed",
        "db_id": "32215598",
        "db_name": "JAMA pediatrics",
        "first": "Zeng L",
        "last": "Zhou W"
      },
      "evidence": "Nasopharyngeal and anal swabs were positive for SARS-CoV-2 on days 2 and 4 of life and negative on day 7.",
      "key": "99fa220e742acd4fc4011520eaf55883",
      "line": 129,
      "relation": "association",
      "source": 8,
      "target": 2
    },
    {
      "annotations": {
        "Cohort": {
          "Newborn": true
        },
        "Custom_Disease": {
          "COVID-19": true
        },
        "Gestation_Period": {
          "40 weeks and 4 days": true
        },
        "PublicationStatus": {
          "Preprint": true
        },
        "PublicationType": {
          "Research": true
        },
        "Sample": {
          "Anal swab": true,
          "Nasopharyngeal swab": true
        },
        "Section": {
          "Results": true
        },
        "Species": {
          "9606": true
        }
      },
      "citation": {
        "authors": [
          "Shao J",
          "Xia S",
          "Xiao F",
          "Yan K",
          "Yuan W",
          "Zeng L",
          "Zhou W"
        ],
        "date": "2020-03-26",
        "db": "PubMed",
        "db_id": "32215598",
        "db_name": "JAMA pediatrics",
        "first": "Zeng L",
        "last": "Zhou W"
      },
      "evidence": "He presented with lethargy, vomiting, and fever.",
      "key": "46a88c03656a1dde1c3e8c8810709a91",
      "line": 80,
      "relation": "association",
      "source": 8,
      "target": 17
    },
    {
      "annotations": {
        "Cohort": {
          "Newborn": true
        },
        "Custom_Disease": {
          "COVID-19": true
        },
        "Gestation_Period": {
          "40 weeks and 4 days": true
        },
        "MeSHAnatomy": {
          "Blood": true
        },
        "PublicationStatus": {
          "Preprint": true
        },
        "PublicationType": {
          "Research": true
        },
        "Sample": {
          "Anal swab": true,
          "Nasopharyngeal swab": true
        },
        "Section": {
          "Results": true
        },
        "Species": {
          "9606": true
        }
      },
      "citation": {
        "authors": [
          "Shao J",
          "Xia S",
          "Xiao F",
          "Yan K",
          "Yuan W",
          "Zeng L",
          "Zhou W"
        ],
        "date": "2020-03-26",
        "db": "PubMed",
        "db_id": "32215598",
        "db_name": "JAMA pediatrics",
        "first": "Zeng L",
        "last": "Zhou W"
      },
      "evidence": "Laboratory tests showed leukocytosis, lymphocytopenia, and an elevated creatine kinase–MB fraction.",
      "key": "a5e62d76b3873cf0b1b9163b7755f415",
      "line": 85,
      "relation": "association",
      "source": 8,
      "target": 16
    },
    {
      "annotations": {
        "Cohort": {
          "Newborn": true
        },
        "Custom_Disease": {
          "COVID-19": true
        },
        "Gestation_Period": {
          "40 weeks and 4 days": true
        },
        "MeSHAnatomy": {
          "Blood": true
        },
        "PublicationStatus": {
          "Preprint": true
        },
        "PublicationType": {
          "Research": true
        },
        "Sample": {
          "Anal swab": true,
          "Nasopharyngeal swab": true
        },
        "Section": {
          "Results": true
        },
        "Species": {
          "9606": true
        }
      },
      "citation": {
        "authors": [
          "Shao J",
          "Xia S",
          "Xiao F",
          "Yan K",
          "Yuan W",
          "Zeng L",
          "Zhou W"
        ],
        "date": "2020-03-26",
        "db": "PubMed",
        "db_id": "32215598",
        "db_name": "JAMA pediatrics",
        "first": "Zeng L",
        "last": "Zhou W"
      },
      "evidence": "Laboratory tests showed leukocytosis, lymphocytopenia, and an elevated creatine kinase–MB fraction.",
      "key": "4ee503d263e5e32c80a1ade3597f1d19",
      "line": 86,
      "relation": "negativeCorrelation",
      "source": 8,
      "target": 4
    },
    {
      "annotations": {
        "Cohort": {
          "Newborn": true
        },
        "Custom_Disease": {
          "COVID-19": true
        },
        "Gestation_Period": {
          "40 weeks and 4 days": true
        },
        "MeSHAnatomy": {
          "Blood": true
        },
        "PublicationStatus": {
          "Preprint": true
        },
        "PublicationType": {
          "Research": true
        },
        "Sample": {
          "Anal swab": true,
          "Nasopharyngeal swab": true
        },
        "Section": {
          "Results": true
        },
        "Species": {
          "9606": true
        }
      },
      "citation": {
        "authors": [
          "Shao J",
          "Xia S",
          "Xiao F",
          "Yan K",
          "Yuan W",
          "Zeng L",
          "Zhou W"
        ],
        "date": "2020-03-26",
        "db": "PubMed",
        "db_id": "32215598",
        "db_name": "JAMA pediatrics",
        "first": "Zeng L",
        "last": "Zhou W"
      },
      "evidence": "Laboratory tests showed leukocytosis, lymphocytopenia, and an elevated creatine kinase–MB fraction.",
      "key": "d1eb6fad93cf36c7d858a25e0a306087",
      "line": 87,
      "relation": "positiveCorrelation",
      "source": 8,
      "target": 7
    },
    {
      "annotations": {
        "Cohort": {
          "Newborn": true
        },
        "Custom_Disease": {
          "COVID-19": true
        },
        "Gestation_Period": {
          "40 weeks and 4 days": true
        },
        "MeSHAnatomy": {
          "Blood": true
        },
        "PublicationStatus": {
          "Preprint": true
        },
        "PublicationType": {
          "Research": true
        },
        "Sample": {
          "Anal swab": true,
          "Nasopharyngeal swab": true
        },
        "Section": {
          "Results": true
        },
        "Species": {
          "9606": true
        }
      },
      "citation": {
        "authors": [
          "Shao J",
          "Xia S",
          "Xiao F",
          "Yan K",
          "Yuan W",
          "Zeng L",
          "Zhou W"
        ],
        "date": "2020-03-26",
        "db": "PubMed",
        "db_id": "32215598",
        "db_name": "JAMA pediatrics",
        "first": "Zeng L",
        "last": "Zhou W"
      },
      "evidence": "Laboratory tests showed leukocytosis, lymphocytopenia, and an elevated creatine kinase–MB fraction.",
      "key": "91301bc6f6c647c35e173647f16a8c3b",
      "line": 88,
      "relation": "positiveCorrelation",
      "source": 8,
      "target": 6
    },
    {
      "annotations": {
        "Cohort": {
          "Newborn": true
        },
        "Custom_Disease": {
          "COVID-19": true
        },
        "Gestation_Period": {
          "31 weeks and 2 days": true
        },
        "PublicationStatus": {
          "Preprint": true
        },
        "PublicationType": {
          "Research": true
        },
        "Sample": {
          "Anal swab": true,
          "Nasopharyngeal swab": true
        },
        "Section": {
          "Results": true
        },
        "Species": {
          "9606": true
        },
        "Technique": {
          "chest X-ray": true
        }
      },
      "citation": {
        "authors": [
          "Shao J",
          "Xia S",
          "Xiao F",
          "Yan K",
          "Yuan W",
          "Zeng L",
          "Zhou W"
        ],
        "date": "2020-03-26",
        "db": "PubMed",
        "db_id": "32215598",
        "db_name": "JAMA pediatrics",
        "first": "Zeng L",
        "last": "Zhou W"
      },
      "evidence": "Neonatal respiratory distress syndrome and pneumonia confirmed by chest radiographic image on admission resolved on day 14 of life after treatment with noninvasive ventilation, caffeine, and antibiotics.",
      "key": "be8c599ee6d1662d7e151e46b008510c",
      "line": 107,
      "relation": "association",
      "source": 8,
      "target": 12
    },
    {
      "annotations": {
        "Cohort": {
          "Newborn": true
        },
        "Custom_Disease": {
          "COVID-19": true
        },
        "Gestation_Period": {
          "31 weeks and 2 days": true
        },
        "PublicationStatus": {
          "Preprint": true
        },
        "PublicationType": {
          "Research": true
        },
        "Sample": {
          "Anal swab": true,
          "Nasopharyngeal swab": true
        },
        "Section": {
          "Results": true
        },
        "Species": {
          "9606": true
        }
      },
      "citation": {
        "authors": [
          "Shao J",
          "Xia S",
          "Xiao F",
          "Yan K",
          "Yuan W",
          "Zeng L",
          "Zhou W"
        ],
        "date": "2020-03-26",
        "db": "PubMed",
        "db_id": "32215598",
        "db_name": "JAMA pediatrics",
        "first": "Zeng L",
        "last": "Zhou W"
      },
      "evidence": "He also had suspected sepsis, with an Enterobacter agglomerates– positive blood culture, leukocytosis, thrombocytopenia (11 cells × 103/μL; to convert to cells × 109/L, multiply by 1.0), and coagulopathy (prothrombin time, 21 seconds; activated partial thromboplastin time, 81.9 seconds), which improved with antibiotic treatment.",
      "key": "d36ca18d38c9a5a67c1b935f463a351a",
      "line": 119,
      "relation": "association",
      "source": 8,
      "target": 9
    },
    {
      "annotations": {
        "Cohort": {
          "Newborn": true
        },
        "Custom_Disease": {
          "COVID-19": true
        },
        "Gestation_Period": {
          "31 weeks and 2 days": true
        },
        "PublicationStatus": {
          "Preprint": true
        },
        "PublicationType": {
          "Research": true
        },
        "Sample": {
          "Anal swab": true,
          "Nasopharyngeal swab": true
        },
        "Section": {
          "Results": true
        },
        "Species": {
          "9606": true
        }
      },
      "citation": {
        "authors": [
          "Shao J",
          "Xia S",
          "Xiao F",
          "Yan K",
          "Yuan W",
          "Zeng L",
          "Zhou W"
        ],
        "date": "2020-03-26",
        "db": "PubMed",
        "db_id": "32215598",
        "db_name": "JAMA pediatrics",
        "first": "Zeng L",
        "last": "Zhou W"
      },
      "evidence": "He also had suspected sepsis, with an Enterobacter agglomerates– positive blood culture, leukocytosis, thrombocytopenia (11 cells × 103/μL; to convert to cells × 109/L, multiply by 1.0), and coagulopathy (prothrombin time, 21 seconds; activated partial thromboplastin time, 81.9 seconds), which improved with antibiotic treatment.",
      "key": "5bfc420320165fd70f0a53932b159980",
      "line": 120,
      "relation": "association",
      "source": 8,
      "target": 11
    },
    {
      "annotations": {
        "Cohort": {
          "Newborn": true
        },
        "Custom_Disease": {
          "COVID-19": true
        },
        "Gestation_Period": {
          "31 weeks and 2 days": true
        },
        "PublicationStatus": {
          "Preprint": true
        },
        "PublicationType": {
          "Research": true
        },
        "Sample": {
          "Anal swab": true,
          "Nasopharyngeal swab": true
        },
        "Section": {
          "Results": true
        },
        "Species": {
          "9606": true
        }
      },
      "citation": {
        "authors": [
          "Shao J",
          "Xia S",
          "Xiao F",
          "Yan K",
          "Yuan W",
          "Zeng L",
          "Zhou W"
        ],
        "date": "2020-03-26",
        "db": "PubMed",
        "db_id": "32215598",
        "db_name": "JAMA pediatrics",
        "first": "Zeng L",
        "last": "Zhou W"
      },
      "evidence": "He also had suspected sepsis, with an Enterobacter agglomerates– positive blood culture, leukocytosis, thrombocytopenia (11 cells × 103/μL; to convert to cells × 109/L, multiply by 1.0), and coagulopathy (prothrombin time, 21 seconds; activated partial thromboplastin time, 81.9 seconds), which improved with antibiotic treatment.",
      "key": "d6d5bf098da58393b95ba43f87c4373f",
      "line": 121,
      "relation": "association",
      "source": 8,
      "target": 18
    },
    {
      "annotations": {
        "Cohort": {
          "Newborn": true
        },
        "Custom_Disease": {
          "COVID-19": true
        },
        "PublicationStatus": {
          "Preprint": true
        },
        "PublicationType": {
          "Research": true
        },
        "Section": {
          "Results": true
        },
        "Species": {
          "9606": true
        }
      },
      "citation": {
        "authors": [
          "Shao J",
          "Xia S",
          "Xiao F",
          "Yan K",
          "Yuan W",
          "Zeng L",
          "Zhou W"
        ],
        "date": "2020-03-26",
        "db": "PubMed",
        "db_id": "32215598",
        "db_name": "JAMA pediatrics",
        "first": "Zeng L",
        "last": "Zhou W"
      },
      "evidence": "The most common symptom was shortness of breath (4 of 33 neonates)",
      "key": "c4d7d8a33e9212d14d72804d4353e295",
      "line": 55,
      "relation": "association",
      "source": 13,
      "target": 8
    },
    {
      "annotations": {
        "Cohort": {
          "Newborn": true
        },
        "Cohort_Age": {
          "2 days": true
        },
        "Custom_Disease": {
          "COVID-19": true
        },
        "Gestation_Period": {
          "40 weeks": true
        },
        "PublicationStatus": {
          "Preprint": true
        },
        "PublicationType": {
          "Research": true
        },
        "Section": {
          "Results": true
        },
        "Species": {
          "9606": true
        }
      },
      "citation": {
        "authors": [
          "Shao J",
          "Xia S",
          "Xiao F",
          "Yan K",
          "Yuan W",
          "Zeng L",
          "Zhou W"
        ],
        "date": "2020-03-26",
        "db": "PubMed",
        "db_id": "32215598",
        "db_name": "JAMA pediatrics",
        "first": "Zeng L",
        "last": "Zhou W"
      },
      "evidence": "On day 2 of life, the infant experienced lethargy and fever, with unremarkable physical examination results, and was moved to the neonatal intensive care unit.",
      "key": "6428938f607170b37893bedd6393dae8",
      "line": 60,
      "relation": "association",
      "source": 15,
      "target": 8
    },
    {
      "annotations": {
        "Cohort": {
          "Newborn": true
        },
        "Custom_Disease": {
          "COVID-19": true
        },
        "Gestation_Period": {
          "40 weeks and 4 days": true
        },
        "PublicationStatus": {
          "Preprint": true
        },
        "PublicationType": {
          "Research": true
        },
        "Sample": {
          "Anal swab": true,
          "Nasopharyngeal swab": true
        },
        "Section": {
          "Results": true
        },
        "Species": {
          "9606": true
        }
      },
      "citation": {
        "authors": [
          "Shao J",
          "Xia S",
          "Xiao F",
          "Yan K",
          "Yuan W",
          "Zeng L",
          "Zhou W"
        ],
        "date": "2020-03-26",
        "db": "PubMed",
        "db_id": "32215598",
        "db_name": "JAMA pediatrics",
        "first": "Zeng L",
        "last": "Zhou W"
      },
      "evidence": "He presented with lethargy, vomiting, and fever.",
      "key": "60b29770e0680faffc78da45d8976e34",
      "line": 79,
      "relation": "association",
      "source": 15,
      "target": 8
    },
    {
      "annotations": {
        "Cohort": {
          "Newborn": true
        },
        "Cohort_Age": {
          "2 days": true
        },
        "Custom_Disease": {
          "COVID-19": true
        },
        "Gestation_Period": {
          "40 weeks": true
        },
        "PublicationStatus": {
          "Preprint": true
        },
        "PublicationType": {
          "Research": true
        },
        "Section": {
          "Results": true
        },
        "Species": {
          "9606": true
        }
      },
      "citation": {
        "authors": [
          "Shao J",
          "Xia S",
          "Xiao F",
          "Yan K",
          "Yuan W",
          "Zeng L",
          "Zhou W"
        ],
        "date": "2020-03-26",
        "db": "PubMed",
        "db_id": "32215598",
        "db_name": "JAMA pediatrics",
        "first": "Zeng L",
        "last": "Zhou W"
      },
      "evidence": "On day 2 of life, the infant experienced lethargy and fever, with unremarkable physical examination results, and was moved to the neonatal intensive care unit.",
      "key": "1a324e8508ca0b4d3453dbf148faa20c",
      "line": 61,
      "relation": "association",
      "source": 14,
      "target": 8
    },
    {
      "annotations": {
        "Cohort": {
          "Newborn": true
        },
        "Custom_Disease": {
          "COVID-19": true
        },
        "Gestation_Period": {
          "40 weeks and 4 days": true
        },
        "PublicationStatus": {
          "Preprint": true
        },
        "PublicationType": {
          "Research": true
        },
        "Sample": {
          "Anal swab": true,
          "Nasopharyngeal swab": true
        },
        "Section": {
          "Results": true
        },
        "Species": {
          "9606": true
        }
      },
      "citation": {
        "authors": [
          "Shao J",
          "Xia S",
          "Xiao F",
          "Yan K",
          "Yuan W",
          "Zeng L",
          "Zhou W"
        ],
        "date": "2020-03-26",
        "db": "PubMed",
        "db_id": "32215598",
        "db_name": "JAMA pediatrics",
        "first": "Zeng L",
        "last": "Zhou W"
      },
      "evidence": "He presented with lethargy, vomiting, and fever.",
      "key": "377501797e105aa445864f97aae1412a",
      "line": 81,
      "relation": "association",
      "source": 14,
      "target": 8
    },
    {
      "annotations": {
        "Cohort": {
          "Newborn": true
        },
        "Cohort_Age": {
          "2 days": true
        },
        "Custom_Disease": {
          "COVID-19": true
        },
        "Gestation_Period": {
          "40 weeks": true
        },
        "PublicationStatus": {
          "Preprint": true
        },
        "PublicationType": {
          "Research": true
        },
        "Section": {
          "Results": true
        },
        "Species": {
          "9606": true
        },
        "Technique": {
          "chest X-ray": true
        }
      },
      "citation": {
        "authors": [
          "Shao J",
          "Xia S",
          "Xiao F",
          "Yan K",
          "Yuan W",
          "Zeng L",
          "Zhou W"
        ],
        "date": "2020-03-26",
        "db": "PubMed",
        "db_id": "32215598",
        "db_name": "JAMA pediatrics",
        "first": "Zeng L",
        "last": "Zhou W"
      },
      "evidence": "A chest radiographic image showed pneumonia, but other laboratory tests (except procalcitonin) were normal",
      "key": "e3e5871b677a47bb06bcee3e0b5807a8",
      "line": 65,
      "relation": "association",
      "source": 10,
      "target": 8
    },
    {
      "annotations": {
        "Cohort": {
          "Newborn": true
        },
        "Custom_Disease": {
          "COVID-19": true
        },
        "Gestation_Period": {
          "40 weeks and 4 days": true
        },
        "PublicationStatus": {
          "Preprint": true
        },
        "PublicationType": {
          "Research": true
        },
        "Sample": {
          "Anal swab": true,
          "Nasopharyngeal swab": true
        },
        "Section": {
          "Results": true
        },
        "Species": {
          "9606": true
        },
        "Technique": {
          "chest X-ray": true
        }
      },
      "citation": {
        "authors": [
          "Shao J",
          "Xia S",
          "Xiao F",
          "Yan K",
          "Yuan W",
          "Zeng L",
          "Zhou W"
        ],
        "date": "2020-03-26",
        "db": "PubMed",
        "db_id": "32215598",
        "db_name": "JAMA pediatrics",
        "first": "Zeng L",
        "last": "Zhou W"
      },
      "evidence": "A chest radiographic image showed pneumonia.",
      "key": "4a17bdf9c55f22bf1662757c9d4f0ade",
      "line": 93,
      "relation": "association",
      "source": 10,
      "target": 8
    },
    {
      "annotations": {
        "Cohort": {
          "Newborn": true
        },
        "Custom_Disease": {
          "COVID-19": true
        },
        "Gestation_Period": {
          "31 weeks and 2 days": true
        },
        "PublicationStatus": {
          "Preprint": true
        },
        "PublicationType": {
          "Research": true
        },
        "Sample": {
          "Anal swab": true,
          "Nasopharyngeal swab": true
        },
        "Section": {
          "Results": true
        },
        "Species": {
          "9606": true
        },
        "Technique": {
          "chest X-ray": true
        }
      },
      "citation": {
        "authors": [
          "Shao J",
          "Xia S",
          "Xiao F",
          "Yan K",
          "Yuan W",
          "Zeng L",
          "Zhou W"
        ],
        "date": "2020-03-26",
        "db": "PubMed",
        "db_id": "32215598",
        "db_name": "JAMA pediatrics",
        "first": "Zeng L",
        "last": "Zhou W"
      },
      "evidence": "Neonatal respiratory distress syndrome and pneumonia confirmed by chest radiographic image on admission resolved on day 14 of life after treatment with noninvasive ventilation, caffeine, and antibiotics.",
      "key": "751345537beb9513cc26a3196b3b1c97",
      "line": 106,
      "relation": "association",
      "source": 10,
      "target": 8
    },
    {
      "annotations": {
        "Cohort": {
          "Newborn": true
        },
        "Cohort_Age": {
          "14 days": true
        },
        "Custom_Disease": {
          "COVID-19": true
        },
        "Gestation_Period": {
          "31 weeks and 2 days": true
        },
        "PublicationStatus": {
          "Preprint": true
        },
        "PublicationType": {
          "Research": true
        },
        "Sample": {
          "Anal swab": true,
          "Nasopharyngeal swab": true
        },
        "Section": {
          "Results": true
        },
        "Species": {
          "9606": true
        },
        "Technique": {
          "chest X-ray": true
        }
      },
      "citation": {
        "authors": [
          "Shao J",
          "Xia S",
          "Xiao F",
          "Yan K",
          "Yuan W",
          "Zeng L",
          "Zhou W"
        ],
        "date": "2020-03-26",
        "db": "PubMed",
        "db_id": "32215598",
        "db_name": "JAMA pediatrics",
        "first": "Zeng L",
        "last": "Zhou W"
      },
      "evidence": "Neonatal respiratory distress syndrome and pneumonia confirmed by chest radiographic image on admission resolved on day 14 of life after treatment with noninvasive ventilation, caffeine, and antibiotics.",
      "key": "e2088c1eb8ad72b49b88ccfe2c725d3d",
      "line": 110,
      "relation": "negativeCorrelation",
      "source": 10,
      "target": 0
    },
    {
      "annotations": {
        "Cohort": {
          "Newborn": true
        },
        "Cohort_Age": {
          "14 days": true
        },
        "Custom_Disease": {
          "COVID-19": true
        },
        "Gestation_Period": {
          "31 weeks and 2 days": true
        },
        "PublicationStatus": {
          "Preprint": true
        },
        "PublicationType": {
          "Research": true
        },
        "Sample": {
          "Anal swab": true,
          "Nasopharyngeal swab": true
        },
        "Section": {
          "Results": true
        },
        "Species": {
          "9606": true
        },
        "Technique": {
          "chest X-ray": true
        }
      },
      "citation": {
        "authors": [
          "Shao J",
          "Xia S",
          "Xiao F",
          "Yan K",
          "Yuan W",
          "Zeng L",
          "Zhou W"
        ],
        "date": "2020-03-26",
        "db": "PubMed",
        "db_id": "32215598",
        "db_name": "JAMA pediatrics",
        "first": "Zeng L",
        "last": "Zhou W"
      },
      "evidence": "Neonatal respiratory distress syndrome and pneumonia confirmed by chest radiographic image on admission resolved on day 14 of life after treatment with noninvasive ventilation, caffeine, and antibiotics.",
      "key": "c45962d9343e3881408b16c51d093a0e",
      "line": 111,
      "relation": "negativeCorrelation",
      "source": 10,
      "target": 3
    },
    {
      "annotations": {
        "Cohort": {
          "Newborn": true
        },
        "Cohort_Age": {
          "2 days": true
        },
        "Custom_Disease": {
          "COVID-19": true
        },
        "Gestation_Period": {
          "40 weeks": true
        },
        "PublicationStatus": {
          "Preprint": true
        },
        "PublicationType": {
          "Research": true
        },
        "Section": {
          "Results": true
        },
        "Species": {
          "9606": true
        }
      },
      "citation": {
        "authors": [
          "Shao J",
          "Xia S",
          "Xiao F",
          "Yan K",
          "Yuan W",
          "Zeng L",
          "Zhou W"
        ],
        "date": "2020-03-26",
        "db": "PubMed",
        "db_id": "32215598",
        "db_name": "JAMA pediatrics",
        "first": "Zeng L",
        "last": "Zhou W"
      },
      "evidence": "A chest radiographic image showed pneumonia, but other laboratory tests (except procalcitonin) were normal",
      "key": "1e4d9ee9fcade39f8ade3464ca6127db",
      "line": 67,
      "relation": "association",
      "source": 5,
      "target": 8
    },
    {
      "annotations": {
        "Cohort": {
          "Newborn": true
        },
        "Cohort_Age": {
          "2 days": true,
          "4 days": true
        },
        "Custom_Disease": {
          "COVID-19": true
        },
        "Gestation_Period": {
          "40 weeks": true
        },
        "PublicationStatus": {
          "Preprint": true
        },
        "PublicationType": {
          "Research": true
        },
        "Sample": {
          "Anal swab": true,
          "Nasopharyngeal swab": true
        },
        "Section": {
          "Results": true
        },
        "Species": {
          "9606": true
        }
      },
      "citation": {
        "authors": [
          "Shao J",
          "Xia S",
          "Xiao F",
          "Yan K",
          "Yuan W",
          "Zeng L",
          "Zhou W"
        ],
        "date": "2020-03-26",
        "db": "PubMed",
        "db_id": "32215598",
        "db_name": "JAMA pediatrics",
        "first": "Zeng L",
        "last": "Zhou W"
      },
      "evidence": "Nasopharyngeal and anal swabs were positive for SARS-CoV-2 on days 2 and 4 of life and negative on day 6",
      "key": "1e867998cb128417dd7d39a4b7eb7c6a",
      "line": 73,
      "relation": "association",
      "source": 2,
      "target": 8
    },
    {
      "annotations": {
        "Cohort": {
          "Newborn": true
        },
        "Cohort_Age": {
          "2 days": true,
          "4 days": true
        },
        "Custom_Disease": {
          "COVID-19": true
        },
        "Gestation_Period": {
          "40 weeks and 4 days": true
        },
        "PublicationStatus": {
          "Preprint": true
        },
        "PublicationType": {
          "Research": true
        },
        "Sample": {
          "Anal swab": true,
          "Nasopharyngeal swab": true
        },
        "Section": {
          "Results": true
        },
        "Species": {
          "9606": true
        }
      },
      "citation": {
        "authors": [
          "Shao J",
          "Xia S",
          "Xiao F",
          "Yan K",
          "Yuan W",
          "Zeng L",
          "Zhou W"
        ],
        "date": "2020-03-26",
        "db": "PubMed",
        "db_id": "32215598",
        "db_name": "JAMA pediatrics",
        "first": "Zeng L",
        "last": "Zhou W"
      },
      "evidence": "Nasopharyngeal and anal swabs were positive for SARS-CoV-2 on days 2 and 4 of life and negative on day 6.",
      "key": "29456dd7df861b59ec731fab5c68482c",
      "line": 99,
      "relation": "association",
      "source": 2,
      "target": 8
    },
    {
      "annotations": {
        "Cohort": {
          "Newborn": true
        },
        "Cohort_Age": {
          "2 days": true,
          "4 days": true
        },
        "Custom_Disease": {
          "COVID-19": true
        },
        "Gestation_Period": {
          "31 weeks and 2 days": true
        },
        "PublicationStatus": {
          "Preprint": true
        },
        "PublicationType": {
          "Research": true
        },
        "Sample": {
          "Anal swab": true,
          "Nasopharyngeal swab": true
        },
        "Section": {
          "Results": true
        },
        "Species": {
          "9606": true
        }
      },
      "citation": {
        "authors": [
          "Shao J",
          "Xia S",
          "Xiao F",
          "Yan K",
          "Yuan W",
          "Zeng L",
          "Zhou W"
        ],
        "date": "2020-03-26",
        "db": "PubMed",
        "db_id": "32215598",
        "db_name": "JAMA pediatrics",
        "first": "Zeng L",
        "last": "Zhou W"
      },
      "evidence": "Nasopharyngeal and anal swabs were positive for SARS-CoV-2 on days 2 and 4 of life and negative on day 7.",
      "key": "cac9cf90a2e1d2e424b991515de75cec",
      "line": 129,
      "relation": "association",
      "source": 2,
      "target": 8
    },
    {
      "annotations": {
        "Cohort": {
          "Newborn": true
        },
        "Custom_Disease": {
          "COVID-19": true
        },
        "Gestation_Period": {
          "40 weeks and 4 days": true
        },
        "PublicationStatus": {
          "Preprint": true
        },
        "PublicationType": {
          "Research": true
        },
        "Sample": {
          "Anal swab": true,
          "Nasopharyngeal swab": true
        },
        "Section": {
          "Results": true
        },
        "Species": {
          "9606": true
        }
      },
      "citation": {
        "authors": [
          "Shao J",
          "Xia S",
          "Xiao F",
          "Yan K",
          "Yuan W",
          "Zeng L",
          "Zhou W"
        ],
        "date": "2020-03-26",
        "db": "PubMed",
        "db_id": "32215598",
        "db_name": "JAMA pediatrics",
        "first": "Zeng L",
        "last": "Zhou W"
      },
      "evidence": "He presented with lethargy, vomiting, and fever.",
      "key": "00005a5af6f15d73536dbab2eba1a65f",
      "line": 80,
      "relation": "association",
      "source": 17,
      "target": 8
    },
    {
      "annotations": {
        "Cohort": {
          "Newborn": true
        },
        "Custom_Disease": {
          "COVID-19": true
        },
        "Gestation_Period": {
          "40 weeks and 4 days": true
        },
        "MeSHAnatomy": {
          "Blood": true
        },
        "PublicationStatus": {
          "Preprint": true
        },
        "PublicationType": {
          "Research": true
        },
        "Sample": {
          "Anal swab": true,
          "Nasopharyngeal swab": true
        },
        "Section": {
          "Results": true
        },
        "Species": {
          "9606": true
        }
      },
      "citation": {
        "authors": [
          "Shao J",
          "Xia S",
          "Xiao F",
          "Yan K",
          "Yuan W",
          "Zeng L",
          "Zhou W"
        ],
        "date": "2020-03-26",
        "db": "PubMed",
        "db_id": "32215598",
        "db_name": "JAMA pediatrics",
        "first": "Zeng L",
        "last": "Zhou W"
      },
      "evidence": "Laboratory tests showed leukocytosis, lymphocytopenia, and an elevated creatine kinase–MB fraction.",
      "key": "19bf33f5a6883227836ddeaf30fdf4ca",
      "line": 85,
      "relation": "association",
      "source": 16,
      "target": 8
    },
    {
      "annotations": {
        "Cohort": {
          "Newborn": true
        },
        "Custom_Disease": {
          "COVID-19": true
        },
        "Gestation_Period": {
          "40 weeks and 4 days": true
        },
        "MeSHAnatomy": {
          "Blood": true
        },
        "PublicationStatus": {
          "Preprint": true
        },
        "PublicationType": {
          "Research": true
        },
        "Sample": {
          "Anal swab": true,
          "Nasopharyngeal swab": true
        },
        "Section": {
          "Results": true
        },
        "Species": {
          "9606": true
        }
      },
      "citation": {
        "authors": [
          "Shao J",
          "Xia S",
          "Xiao F",
          "Yan K",
          "Yuan W",
          "Zeng L",
          "Zhou W"
        ],
        "date": "2020-03-26",
        "db": "PubMed",
        "db_id": "32215598",
        "db_name": "JAMA pediatrics",
        "first": "Zeng L",
        "last": "Zhou W"
      },
      "evidence": "Laboratory tests showed leukocytosis, lymphocytopenia, and an elevated creatine kinase–MB fraction.",
      "key": "e5d863c5d4c461638f0fcf75dc0d41ae",
      "line": 86,
      "relation": "negativeCorrelation",
      "source": 4,
      "target": 8
    },
    {
      "annotations": {
        "Cohort": {
          "Newborn": true
        },
        "Custom_Disease": {
          "COVID-19": true
        },
        "Gestation_Period": {
          "40 weeks and 4 days": true
        },
        "MeSHAnatomy": {
          "Blood": true
        },
        "PublicationStatus": {
          "Preprint": true
        },
        "PublicationType": {
          "Research": true
        },
        "Sample": {
          "Anal swab": true,
          "Nasopharyngeal swab": true
        },
        "Section": {
          "Results": true
        },
        "Species": {
          "9606": true
        }
      },
      "citation": {
        "authors": [
          "Shao J",
          "Xia S",
          "Xiao F",
          "Yan K",
          "Yuan W",
          "Zeng L",
          "Zhou W"
        ],
        "date": "2020-03-26",
        "db": "PubMed",
        "db_id": "32215598",
        "db_name": "JAMA pediatrics",
        "first": "Zeng L",
        "last": "Zhou W"
      },
      "evidence": "Laboratory tests showed leukocytosis, lymphocytopenia, and an elevated creatine kinase–MB fraction.",
      "key": "ab6e9e0dcde2489a8a94507ebe1ba4f7",
      "line": 87,
      "relation": "positiveCorrelation",
      "source": 7,
      "target": 8
    },
    {
      "annotations": {
        "Cohort": {
          "Newborn": true
        },
        "Custom_Disease": {
          "COVID-19": true
        },
        "Gestation_Period": {
          "40 weeks and 4 days": true
        },
        "MeSHAnatomy": {
          "Blood": true
        },
        "PublicationStatus": {
          "Preprint": true
        },
        "PublicationType": {
          "Research": true
        },
        "Sample": {
          "Anal swab": true,
          "Nasopharyngeal swab": true
        },
        "Section": {
          "Results": true
        },
        "Species": {
          "9606": true
        }
      },
      "citation": {
        "authors": [
          "Shao J",
          "Xia S",
          "Xiao F",
          "Yan K",
          "Yuan W",
          "Zeng L",
          "Zhou W"
        ],
        "date": "2020-03-26",
        "db": "PubMed",
        "db_id": "32215598",
        "db_name": "JAMA pediatrics",
        "first": "Zeng L",
        "last": "Zhou W"
      },
      "evidence": "Laboratory tests showed leukocytosis, lymphocytopenia, and an elevated creatine kinase–MB fraction.",
      "key": "0287f76012f4fa22bc5269128a8fe7a7",
      "line": 88,
      "relation": "positiveCorrelation",
      "source": 6,
      "target": 8
    },
    {
      "annotations": {
        "Cohort": {
          "Newborn": true
        },
        "Custom_Disease": {
          "COVID-19": true
        },
        "Gestation_Period": {
          "31 weeks and 2 days": true
        },
        "PublicationStatus": {
          "Preprint": true
        },
        "PublicationType": {
          "Research": true
        },
        "Sample": {
          "Anal swab": true,
          "Nasopharyngeal swab": true
        },
        "Section": {
          "Results": true
        },
        "Species": {
          "9606": true
        },
        "Technique": {
          "chest X-ray": true
        }
      },
      "citation": {
        "authors": [
          "Shao J",
          "Xia S",
          "Xiao F",
          "Yan K",
          "Yuan W",
          "Zeng L",
          "Zhou W"
        ],
        "date": "2020-03-26",
        "db": "PubMed",
        "db_id": "32215598",
        "db_name": "JAMA pediatrics",
        "first": "Zeng L",
        "last": "Zhou W"
      },
      "evidence": "Neonatal respiratory distress syndrome and pneumonia confirmed by chest radiographic image on admission resolved on day 14 of life after treatment with noninvasive ventilation, caffeine, and antibiotics.",
      "key": "2ebefb05694c86693598ee4e5881f8c1",
      "line": 107,
      "relation": "association",
      "source": 12,
      "target": 8
    },
    {
      "annotations": {
        "Cohort": {
          "Newborn": true
        },
        "Cohort_Age": {
          "14 days": true
        },
        "Custom_Disease": {
          "COVID-19": true
        },
        "Gestation_Period": {
          "31 weeks and 2 days": true
        },
        "PublicationStatus": {
          "Preprint": true
        },
        "PublicationType": {
          "Research": true
        },
        "Sample": {
          "Anal swab": true,
          "Nasopharyngeal swab": true
        },
        "Section": {
          "Results": true
        },
        "Species": {
          "9606": true
        },
        "Technique": {
          "chest X-ray": true
        }
      },
      "citation": {
        "authors": [
          "Shao J",
          "Xia S",
          "Xiao F",
          "Yan K",
          "Yuan W",
          "Zeng L",
          "Zhou W"
        ],
        "date": "2020-03-26",
        "db": "PubMed",
        "db_id": "32215598",
        "db_name": "JAMA pediatrics",
        "first": "Zeng L",
        "last": "Zhou W"
      },
      "evidence": "Neonatal respiratory distress syndrome and pneumonia confirmed by chest radiographic image on admission resolved on day 14 of life after treatment with noninvasive ventilation, caffeine, and antibiotics.",
      "key": "87adfc28319201fbecab56175f4261f0",
      "line": 113,
      "relation": "negativeCorrelation",
      "source": 12,
      "target": 0
    },
    {
      "annotations": {
        "Cohort": {
          "Newborn": true
        },
        "Cohort_Age": {
          "14 days": true
        },
        "Custom_Disease": {
          "COVID-19": true
        },
        "Gestation_Period": {
          "31 weeks and 2 days": true
        },
        "PublicationStatus": {
          "Preprint": true
        },
        "PublicationType": {
          "Research": true
        },
        "Sample": {
          "Anal swab": true,
          "Nasopharyngeal swab": true
        },
        "Section": {
          "Results": true
        },
        "Species": {
          "9606": true
        },
        "Technique": {
          "chest X-ray": true
        }
      },
      "citation": {
        "authors": [
          "Shao J",
          "Xia S",
          "Xiao F",
          "Yan K",
          "Yuan W",
          "Zeng L",
          "Zhou W"
        ],
        "date": "2020-03-26",
        "db": "PubMed",
        "db_id": "32215598",
        "db_name": "JAMA pediatrics",
        "first": "Zeng L",
        "last": "Zhou W"
      },
      "evidence": "Neonatal respiratory distress syndrome and pneumonia confirmed by chest radiographic image on admission resolved on day 14 of life after treatment with noninvasive ventilation, caffeine, and antibiotics.",
      "key": "5aa0a7f6c124fffee52a14ba7d1b0161",
      "line": 114,
      "relation": "negativeCorrelation",
      "source": 12,
      "target": 3
    },
    {
      "annotations": {
        "Cohort": {
          "Newborn": true
        },
        "Cohort_Age": {
          "14 days": true
        },
        "Custom_Disease": {
          "COVID-19": true
        },
        "Gestation_Period": {
          "31 weeks and 2 days": true
        },
        "PublicationStatus": {
          "Preprint": true
        },
        "PublicationType": {
          "Research": true
        },
        "Sample": {
          "Anal swab": true,
          "Nasopharyngeal swab": true
        },
        "Section": {
          "Results": true
        },
        "Species": {
          "9606": true
        },
        "Technique": {
          "chest X-ray": true
        }
      },
      "citation": {
        "authors": [
          "Shao J",
          "Xia S",
          "Xiao F",
          "Yan K",
          "Yuan W",
          "Zeng L",
          "Zhou W"
        ],
        "date": "2020-03-26",
        "db": "PubMed",
        "db_id": "32215598",
        "db_name": "JAMA pediatrics",
        "first": "Zeng L",
        "last": "Zhou W"
      },
      "evidence": "Neonatal respiratory distress syndrome and pneumonia confirmed by chest radiographic image on admission resolved on day 14 of life after treatment with noninvasive ventilation, caffeine, and antibiotics.",
      "key": "fc8d3b69196b57401809359ce1a019d6",
      "line": 109,
      "relation": "regulates",
      "source": 1,
      "target": 10
    },
    {
      "annotations": {
        "Cohort": {
          "Newborn": true
        },
        "Cohort_Age": {
          "14 days": true
        },
        "Custom_Disease": {
          "COVID-19": true
        },
        "Gestation_Period": {
          "31 weeks and 2 days": true
        },
        "PublicationStatus": {
          "Preprint": true
        },
        "PublicationType": {
          "Research": true
        },
        "Sample": {
          "Anal swab": true,
          "Nasopharyngeal swab": true
        },
        "Section": {
          "Results": true
        },
        "Species": {
          "9606": true
        },
        "Technique": {
          "chest X-ray": true
        }
      },
      "citation": {
        "authors": [
          "Shao J",
          "Xia S",
          "Xiao F",
          "Yan K",
          "Yuan W",
          "Zeng L",
          "Zhou W"
        ],
        "date": "2020-03-26",
        "db": "PubMed",
        "db_id": "32215598",
        "db_name": "JAMA pediatrics",
        "first": "Zeng L",
        "last": "Zhou W"
      },
      "evidence": "Neonatal respiratory distress syndrome and pneumonia confirmed by chest radiographic image on admission resolved on day 14 of life after treatment with noninvasive ventilation, caffeine, and antibiotics.",
      "key": "1815f391b4b60f48c4399351b6c6c55e",
      "line": 112,
      "relation": "regulates",
      "source": 1,
      "target": 12
    },
    {
      "annotations": {
        "Cohort": {
          "Newborn": true
        },
        "Cohort_Age": {
          "14 days": true
        },
        "Custom_Disease": {
          "COVID-19": true
        },
        "Gestation_Period": {
          "31 weeks and 2 days": true
        },
        "PublicationStatus": {
          "Preprint": true
        },
        "PublicationType": {
          "Research": true
        },
        "Sample": {
          "Anal swab": true,
          "Nasopharyngeal swab": true
        },
        "Section": {
          "Results": true
        },
        "Species": {
          "9606": true
        },
        "Technique": {
          "chest X-ray": true
        }
      },
      "citation": {
        "authors": [
          "Shao J",
          "Xia S",
          "Xiao F",
          "Yan K",
          "Yuan W",
          "Zeng L",
          "Zhou W"
        ],
        "date": "2020-03-26",
        "db": "PubMed",
        "db_id": "32215598",
        "db_name": "JAMA pediatrics",
        "first": "Zeng L",
        "last": "Zhou W"
      },
      "evidence": "Neonatal respiratory distress syndrome and pneumonia confirmed by chest radiographic image on admission resolved on day 14 of life after treatment with noninvasive ventilation, caffeine, and antibiotics.",
      "key": "d88376bb45e5e1718f92c64a4ace28e6",
      "line": 110,
      "relation": "negativeCorrelation",
      "source": 0,
      "target": 10
    },
    {
      "annotations": {
        "Cohort": {
          "Newborn": true
        },
        "Cohort_Age": {
          "14 days": true
        },
        "Custom_Disease": {
          "COVID-19": true
        },
        "Gestation_Period": {
          "31 weeks and 2 days": true
        },
        "PublicationStatus": {
          "Preprint": true
        },
        "PublicationType": {
          "Research": true
        },
        "Sample": {
          "Anal swab": true,
          "Nasopharyngeal swab": true
        },
        "Section": {
          "Results": true
        },
        "Species": {
          "9606": true
        },
        "Technique": {
          "chest X-ray": true
        }
      },
      "citation": {
        "authors": [
          "Shao J",
          "Xia S",
          "Xiao F",
          "Yan K",
          "Yuan W",
          "Zeng L",
          "Zhou W"
        ],
        "date": "2020-03-26",
        "db": "PubMed",
        "db_id": "32215598",
        "db_name": "JAMA pediatrics",
        "first": "Zeng L",
        "last": "Zhou W"
      },
      "evidence": "Neonatal respiratory distress syndrome and pneumonia confirmed by chest radiographic image on admission resolved on day 14 of life after treatment with noninvasive ventilation, caffeine, and antibiotics.",
      "key": "225faa87b4c4be860c4567840e018f93",
      "line": 113,
      "relation": "negativeCorrelation",
      "source": 0,
      "target": 12
    },
    {
      "annotations": {
        "Cohort": {
          "Newborn": true
        },
        "Cohort_Age": {
          "14 days": true
        },
        "Custom_Disease": {
          "COVID-19": true
        },
        "Gestation_Period": {
          "31 weeks and 2 days": true
        },
        "PublicationStatus": {
          "Preprint": true
        },
        "PublicationType": {
          "Research": true
        },
        "Sample": {
          "Anal swab": true,
          "Nasopharyngeal swab": true
        },
        "Section": {
          "Results": true
        },
        "Species": {
          "9606": true
        },
        "Technique": {
          "chest X-ray": true
        }
      },
      "citation": {
        "authors": [
          "Shao J",
          "Xia S",
          "Xiao F",
          "Yan K",
          "Yuan W",
          "Zeng L",
          "Zhou W"
        ],
        "date": "2020-03-26",
        "db": "PubMed",
        "db_id": "32215598",
        "db_name": "JAMA pediatrics",
        "first": "Zeng L",
        "last": "Zhou W"
      },
      "evidence": "Neonatal respiratory distress syndrome and pneumonia confirmed by chest radiographic image on admission resolved on day 14 of life after treatment with noninvasive ventilation, caffeine, and antibiotics.",
      "key": "eb3271e865544c67bac6075776bb6e7e",
      "line": 111,
      "relation": "negativeCorrelation",
      "source": 3,
      "target": 10
    },
    {
      "annotations": {
        "Cohort": {
          "Newborn": true
        },
        "Cohort_Age": {
          "14 days": true
        },
        "Custom_Disease": {
          "COVID-19": true
        },
        "Gestation_Period": {
          "31 weeks and 2 days": true
        },
        "PublicationStatus": {
          "Preprint": true
        },
        "PublicationType": {
          "Research": true
        },
        "Sample": {
          "Anal swab": true,
          "Nasopharyngeal swab": true
        },
        "Section": {
          "Results": true
        },
        "Species": {
          "9606": true
        },
        "Technique": {
          "chest X-ray": true
        }
      },
      "citation": {
        "authors": [
          "Shao J",
          "Xia S",
          "Xiao F",
          "Yan K",
          "Yuan W",
          "Zeng L",
          "Zhou W"
        ],
        "date": "2020-03-26",
        "db": "PubMed",
        "db_id": "32215598",
        "db_name": "JAMA pediatrics",
        "first": "Zeng L",
        "last": "Zhou W"
      },
      "evidence": "Neonatal respiratory distress syndrome and pneumonia confirmed by chest radiographic image on admission resolved on day 14 of life after treatment with noninvasive ventilation, caffeine, and antibiotics.",
      "key": "009343153c482156718c357812698c95",
      "line": 114,
      "relation": "negativeCorrelation",
      "source": 3,
      "target": 12
    },
    {
      "annotations": {
        "Cohort": {
          "Newborn": true
        },
        "Custom_Disease": {
          "COVID-19": true
        },
        "Gestation_Period": {
          "31 weeks and 2 days": true
        },
        "PublicationStatus": {
          "Preprint": true
        },
        "PublicationType": {
          "Research": true
        },
        "Sample": {
          "Anal swab": true,
          "Nasopharyngeal swab": true
        },
        "Section": {
          "Results": true
        },
        "Species": {
          "9606": true
        }
      },
      "citation": {
        "authors": [
          "Shao J",
          "Xia S",
          "Xiao F",
          "Yan K",
          "Yuan W",
          "Zeng L",
          "Zhou W"
        ],
        "date": "2020-03-26",
        "db": "PubMed",
        "db_id": "32215598",
        "db_name": "JAMA pediatrics",
        "first": "Zeng L",
        "last": "Zhou W"
      },
      "evidence": "He also had suspected sepsis, with an Enterobacter agglomerates– positive blood culture, leukocytosis, thrombocytopenia (11 cells × 103/μL; to convert to cells × 109/L, multiply by 1.0), and coagulopathy (prothrombin time, 21 seconds; activated partial thromboplastin time, 81.9 seconds), which improved with antibiotic treatment.",
      "key": "b8205905b47833ca2fd09a7401c9ec17",
      "line": 122,
      "relation": "negativeCorrelation",
      "source": 3,
      "target": 9
    },
    {
      "annotations": {
        "Cohort": {
          "Newborn": true
        },
        "Custom_Disease": {
          "COVID-19": true
        },
        "Gestation_Period": {
          "31 weeks and 2 days": true
        },
        "PublicationStatus": {
          "Preprint": true
        },
        "PublicationType": {
          "Research": true
        },
        "Sample": {
          "Anal swab": true,
          "Nasopharyngeal swab": true
        },
        "Section": {
          "Results": true
        },
        "Species": {
          "9606": true
        }
      },
      "citation": {
        "authors": [
          "Shao J",
          "Xia S",
          "Xiao F",
          "Yan K",
          "Yuan W",
          "Zeng L",
          "Zhou W"
        ],
        "date": "2020-03-26",
        "db": "PubMed",
        "db_id": "32215598",
        "db_name": "JAMA pediatrics",
        "first": "Zeng L",
        "last": "Zhou W"
      },
      "evidence": "He also had suspected sepsis, with an Enterobacter agglomerates– positive blood culture, leukocytosis, thrombocytopenia (11 cells × 103/μL; to convert to cells × 109/L, multiply by 1.0), and coagulopathy (prothrombin time, 21 seconds; activated partial thromboplastin time, 81.9 seconds), which improved with antibiotic treatment.",
      "key": "09721ecbaaf16c00f74028f5c0a451a2",
      "line": 123,
      "relation": "negativeCorrelation",
      "source": 3,
      "target": 11
    },
    {
      "annotations": {
        "Cohort": {
          "Newborn": true
        },
        "Custom_Disease": {
          "COVID-19": true
        },
        "Gestation_Period": {
          "31 weeks and 2 days": true
        },
        "PublicationStatus": {
          "Preprint": true
        },
        "PublicationType": {
          "Research": true
        },
        "Sample": {
          "Anal swab": true,
          "Nasopharyngeal swab": true
        },
        "Section": {
          "Results": true
        },
        "Species": {
          "9606": true
        }
      },
      "citation": {
        "authors": [
          "Shao J",
          "Xia S",
          "Xiao F",
          "Yan K",
          "Yuan W",
          "Zeng L",
          "Zhou W"
        ],
        "date": "2020-03-26",
        "db": "PubMed",
        "db_id": "32215598",
        "db_name": "JAMA pediatrics",
        "first": "Zeng L",
        "last": "Zhou W"
      },
      "evidence": "He also had suspected sepsis, with an Enterobacter agglomerates– positive blood culture, leukocytosis, thrombocytopenia (11 cells × 103/μL; to convert to cells × 109/L, multiply by 1.0), and coagulopathy (prothrombin time, 21 seconds; activated partial thromboplastin time, 81.9 seconds), which improved with antibiotic treatment.",
      "key": "bf23fb5b76d4f741ce2bdb9fd81b2b69",
      "line": 124,
      "relation": "negativeCorrelation",
      "source": 3,
      "target": 18
    },
    {
      "annotations": {
        "Cohort": {
          "Newborn": true
        },
        "Custom_Disease": {
          "COVID-19": true
        },
        "Gestation_Period": {
          "31 weeks and 2 days": true
        },
        "PublicationStatus": {
          "Preprint": true
        },
        "PublicationType": {
          "Research": true
        },
        "Sample": {
          "Anal swab": true,
          "Nasopharyngeal swab": true
        },
        "Section": {
          "Results": true
        },
        "Species": {
          "9606": true
        }
      },
      "citation": {
        "authors": [
          "Shao J",
          "Xia S",
          "Xiao F",
          "Yan K",
          "Yuan W",
          "Zeng L",
          "Zhou W"
        ],
        "date": "2020-03-26",
        "db": "PubMed",
        "db_id": "32215598",
        "db_name": "JAMA pediatrics",
        "first": "Zeng L",
        "last": "Zhou W"
      },
      "evidence": "He also had suspected sepsis, with an Enterobacter agglomerates– positive blood culture, leukocytosis, thrombocytopenia (11 cells × 103/μL; to convert to cells × 109/L, multiply by 1.0), and coagulopathy (prothrombin time, 21 seconds; activated partial thromboplastin time, 81.9 seconds), which improved with antibiotic treatment.",
      "key": "0704d0b2b4c2648f0563b70545c7dc07",
      "line": 119,
      "relation": "association",
      "source": 9,
      "target": 8
    },
    {
      "annotations": {
        "Cohort": {
          "Newborn": true
        },
        "Custom_Disease": {
          "COVID-19": true
        },
        "Gestation_Period": {
          "31 weeks and 2 days": true
        },
        "PublicationStatus": {
          "Preprint": true
        },
        "PublicationType": {
          "Research": true
        },
        "Sample": {
          "Anal swab": true,
          "Nasopharyngeal swab": true
        },
        "Section": {
          "Results": true
        },
        "Species": {
          "9606": true
        }
      },
      "citation": {
        "authors": [
          "Shao J",
          "Xia S",
          "Xiao F",
          "Yan K",
          "Yuan W",
          "Zeng L",
          "Zhou W"
        ],
        "date": "2020-03-26",
        "db": "PubMed",
        "db_id": "32215598",
        "db_name": "JAMA pediatrics",
        "first": "Zeng L",
        "last": "Zhou W"
      },
      "evidence": "He also had suspected sepsis, with an Enterobacter agglomerates– positive blood culture, leukocytosis, thrombocytopenia (11 cells × 103/μL; to convert to cells × 109/L, multiply by 1.0), and coagulopathy (prothrombin time, 21 seconds; activated partial thromboplastin time, 81.9 seconds), which improved with antibiotic treatment.",
      "key": "940c718d06686d5f23d63559c759ac50",
      "line": 122,
      "relation": "negativeCorrelation",
      "source": 9,
      "target": 3
    },
    {
      "annotations": {
        "Cohort": {
          "Newborn": true
        },
        "Custom_Disease": {
          "COVID-19": true
        },
        "Gestation_Period": {
          "31 weeks and 2 days": true
        },
        "PublicationStatus": {
          "Preprint": true
        },
        "PublicationType": {
          "Research": true
        },
        "Sample": {
          "Anal swab": true,
          "Nasopharyngeal swab": true
        },
        "Section": {
          "Results": true
        },
        "Species": {
          "9606": true
        }
      },
      "citation": {
        "authors": [
          "Shao J",
          "Xia S",
          "Xiao F",
          "Yan K",
          "Yuan W",
          "Zeng L",
          "Zhou W"
        ],
        "date": "2020-03-26",
        "db": "PubMed",
        "db_id": "32215598",
        "db_name": "JAMA pediatrics",
        "first": "Zeng L",
        "last": "Zhou W"
      },
      "evidence": "He also had suspected sepsis, with an Enterobacter agglomerates– positive blood culture, leukocytosis, thrombocytopenia (11 cells × 103/μL; to convert to cells × 109/L, multiply by 1.0), and coagulopathy (prothrombin time, 21 seconds; activated partial thromboplastin time, 81.9 seconds), which improved with antibiotic treatment.",
      "key": "4638fb37fcd4e5d50ada93b33176eb04",
      "line": 120,
      "relation": "association",
      "source": 11,
      "target": 8
    },
    {
      "annotations": {
        "Cohort": {
          "Newborn": true
        },
        "Custom_Disease": {
          "COVID-19": true
        },
        "Gestation_Period": {
          "31 weeks and 2 days": true
        },
        "PublicationStatus": {
          "Preprint": true
        },
        "PublicationType": {
          "Research": true
        },
        "Sample": {
          "Anal swab": true,
          "Nasopharyngeal swab": true
        },
        "Section": {
          "Results": true
        },
        "Species": {
          "9606": true
        }
      },
      "citation": {
        "authors": [
          "Shao J",
          "Xia S",
          "Xiao F",
          "Yan K",
          "Yuan W",
          "Zeng L",
          "Zhou W"
        ],
        "date": "2020-03-26",
        "db": "PubMed",
        "db_id": "32215598",
        "db_name": "JAMA pediatrics",
        "first": "Zeng L",
        "last": "Zhou W"
      },
      "evidence": "He also had suspected sepsis, with an Enterobacter agglomerates– positive blood culture, leukocytosis, thrombocytopenia (11 cells × 103/μL; to convert to cells × 109/L, multiply by 1.0), and coagulopathy (prothrombin time, 21 seconds; activated partial thromboplastin time, 81.9 seconds), which improved with antibiotic treatment.",
      "key": "e905283badf64ae99edb348a4870fe3f",
      "line": 123,
      "relation": "negativeCorrelation",
      "source": 11,
      "target": 3
    },
    {
      "annotations": {
        "Cohort": {
          "Newborn": true
        },
        "Custom_Disease": {
          "COVID-19": true
        },
        "Gestation_Period": {
          "31 weeks and 2 days": true
        },
        "PublicationStatus": {
          "Preprint": true
        },
        "PublicationType": {
          "Research": true
        },
        "Sample": {
          "Anal swab": true,
          "Nasopharyngeal swab": true
        },
        "Section": {
          "Results": true
        },
        "Species": {
          "9606": true
        }
      },
      "citation": {
        "authors": [
          "Shao J",
          "Xia S",
          "Xiao F",
          "Yan K",
          "Yuan W",
          "Zeng L",
          "Zhou W"
        ],
        "date": "2020-03-26",
        "db": "PubMed",
        "db_id": "32215598",
        "db_name": "JAMA pediatrics",
        "first": "Zeng L",
        "last": "Zhou W"
      },
      "evidence": "He also had suspected sepsis, with an Enterobacter agglomerates– positive blood culture, leukocytosis, thrombocytopenia (11 cells × 103/μL; to convert to cells × 109/L, multiply by 1.0), and coagulopathy (prothrombin time, 21 seconds; activated partial thromboplastin time, 81.9 seconds), which improved with antibiotic treatment.",
      "key": "535cf7d40211b10565a9b1518c9af7ca",
      "line": 121,
      "relation": "association",
      "source": 18,
      "target": 8
    },
    {
      "annotations": {
        "Cohort": {
          "Newborn": true
        },
        "Custom_Disease": {
          "COVID-19": true
        },
        "Gestation_Period": {
          "31 weeks and 2 days": true
        },
        "PublicationStatus": {
          "Preprint": true
        },
        "PublicationType": {
          "Research": true
        },
        "Sample": {
          "Anal swab": true,
          "Nasopharyngeal swab": true
        },
        "Section": {
          "Results": true
        },
        "Species": {
          "9606": true
        }
      },
      "citation": {
        "authors": [
          "Shao J",
          "Xia S",
          "Xiao F",
          "Yan K",
          "Yuan W",
          "Zeng L",
          "Zhou W"
        ],
        "date": "2020-03-26",
        "db": "PubMed",
        "db_id": "32215598",
        "db_name": "JAMA pediatrics",
        "first": "Zeng L",
        "last": "Zhou W"
      },
      "evidence": "He also had suspected sepsis, with an Enterobacter agglomerates– positive blood culture, leukocytosis, thrombocytopenia (11 cells × 103/μL; to convert to cells × 109/L, multiply by 1.0), and coagulopathy (prothrombin time, 21 seconds; activated partial thromboplastin time, 81.9 seconds), which improved with antibiotic treatment.",
      "key": "d1c00e5eaede5654dab145e598f3d058",
      "line": 124,
      "relation": "negativeCorrelation",
      "source": 18,
      "target": 3
    }
  ],
  "multigraph": true,
  "nodes": [
    {
      "bel": "a(CHEBI:caffeine)",
      "concept": {
        "name": "caffeine",
        "namespace": "CHEBI"
      },
      "function": "Abundance",
      "id": "583c0ff5cb6bb6450ad8278b56be6366"
    },
    {
      "bel": "a(MESH:\"Noninvasive Ventilation\")",
      "concept": {
        "name": "Noninvasive Ventilation",
        "namespace": "MESH"
      },
      "function": "Abundance",
      "id": "82337cf510f442fbf34ffb17061d4f82"
    },
    {
      "bel": "a(TAX:\"Severe acute respiratory syndrome coronavirus 2\")",
      "concept": {
        "name": "Severe acute respiratory syndrome coronavirus 2",
        "namespace": "TAX"
      },
      "function": "Abundance",
      "id": "c41851da59cc36c21b2e8acf24c1f46d"
    },
    {
      "bel": "bp(GO:\"response to antibiotic\")",
      "concept": {
        "name": "response to antibiotic",
        "namespace": "GO"
      },
      "function": "BiologicalProcess",
      "id": "51e6f72ad73b47a927cb1941037385c4"
    },
    {
      "bel": "bp(MESH:\"Lymphocyte Count\")",
      "concept": {
        "name": "Lymphocyte Count",
        "namespace": "MESH"
      },
      "function": "BiologicalProcess",
      "id": "1524717e3441737493010574850f1ce7"
    },
    {
      "bel": "p(HGNC:CALCA)",
      "concept": {
        "name": "CALCA",
        "namespace": "HGNC"
      },
      "function": "Protein",
      "id": "77fdf97a1cf240a441682abf4d5137a0"
    },
    {
      "bel": "p(HGNC:CKB)",
      "concept": {
        "name": "CKB",
        "namespace": "HGNC"
      },
      "function": "Protein",
      "id": "59ee114c9af89ea338bc76939e7992ca"
    },
    {
      "bel": "p(HGNC:CKM)",
      "concept": {
        "name": "CKM",
        "namespace": "HGNC"
      },
      "function": "Protein",
      "id": "253693ad2d136c16248a6ab2d047038a"
    },
    {
      "bel": "path(DO:\"COVID-19\")",
      "concept": {
        "name": "COVID-19",
        "namespace": "DO"
      },
      "function": "Pathology",
      "id": "6f9f1c2e8012537e503a758c6bfaff0f"
    },
    {
      "bel": "path(DO:\"bacterial sepsis\")",
      "concept": {
        "name": "bacterial sepsis",
        "namespace": "DO"
      },
      "function": "Pathology",
      "id": "54dbb60ae0d1555753d3637889533f9d"
    },
    {
      "bel": "path(DO:pneumonia)",
      "concept": {
        "name": "pneumonia",
        "namespace": "DO"
      },
      "function": "Pathology",
      "id": "274776fc664e9bfd9c191cca80623b0d"
    },
    {
      "bel": "path(DO:thrombocytopenia)",
      "concept": {
        "name": "thrombocytopenia",
        "namespace": "DO"
      },
      "function": "Pathology",
      "id": "59b492e4f3d8d1fabbd3e37e5a85b402"
    },
    {
      "bel": "path(HP:\"Neonatal respiratory distress\")",
      "concept": {
        "name": "Neonatal respiratory distress",
        "namespace": "HP"
      },
      "function": "Pathology",
      "id": "9995ad47f7d8a8fb69b75c7dff7bb879"
    },
    {
      "bel": "path(HP:Dyspnea)",
      "concept": {
        "name": "Dyspnea",
        "namespace": "HP"
      },
      "function": "Pathology",
      "id": "963560b5f8fac4a36096e31cb33a61ea"
    },
    {
      "bel": "path(HP:Fever)",
      "concept": {
        "name": "Fever",
        "namespace": "HP"
      },
      "function": "Pathology",
      "id": "28f3e35789cf742f4f5cc7453350aae5"
    },
    {
      "bel": "path(HP:Lethargy)",
      "concept": {
        "name": "Lethargy",
        "namespace": "HP"
      },
      "function": "Pathology",
      "id": "3489fa7859cbfc299f5d6fcf26221abb"
    },
    {
      "bel": "path(HP:Leukocytosis)",
      "concept": {
        "name": "Leukocytosis",
        "namespace": "HP"
      },
      "function": "Pathology",
      "id": "9881a273b758b938e12b213534454fc3"
    },
    {
      "bel": "path(HP:Vomiting)",
      "concept": {
        "name": "Vomiting",
        "namespace": "HP"
      },
      "function": "Pathology",
      "id": "521ba47af17b33d35a1e8cca8e9aa272"
    },
    {
      "bel": "path(MESH:\"Blood Coagulation Disorders\")",
      "concept": {
        "name": "Blood Coagulation Disorders",
        "namespace": "MESH"
      },
      "function": "Pathology",
      "id": "97c888703bc3ce8dce56e4aea4d06b58"
    }
  ]
}