{
  "directed": true,
  "graph": {
    "annotation_list": {
      "Custom_Disease": [
        "COVID-19 with gastrointestinal symptoms",
        "COVID-19 without gastrointestinal symptoms"
      ],
      "PublicationStatus": [
        "Published"
      ],
      "PublicationType": [
        "Research"
      ],
      "Section": [
        "Results"
      ],
      "Severity": [
        "Severe"
      ]
    },
    "annotation_pattern": {},
    "annotation_url": {
      "Species": "https://arty.scai.fraunhofer.de/artifactory/bel/annotation/species-taxonomy-id/species-taxonomy-id-20170511.belanno"
    },
    "document_metadata": {
      "authors": "Abish K",
      "contact": "abish@causalitybiomodels.com",
      "copyright": "Copyright © 2020 Fraunhofer Institute SCAI, All rights reserved",
      "description": "COVID Knowledge Curation project",
      "licenses": "Private Ownership to Fraunhofer Institute SCAI",
      "name": "32213556.bel",
      "version": "2.0.0"
    },
    "namespace_pattern": {
      "PUBCHEM": "^\\d+$"
    },
    "namespace_url": {
      "CHEBI": "https://arty.scai.fraunhofer.de/artifactory/bel/namespace/chebi/chebi-20190708.belns",
      "DO": "https://arty.scai.fraunhofer.de/artifactory/bel/namespace/disease-ontology/disease-ontology-20200407.belns",
      "HGNC": "https://arty.scai.fraunhofer.de/artifactory/bel/namespace/hgnc/hgnc-20190708.belns",
      "MESH": "https://arty.scai.fraunhofer.de/artifactory/bel/namespace/mesh/mesh-names-20181007.belns"
    },
    "path": "32213556.bel",
    "pybel_version": "0.14.6"
  },
  "links": [
    {
      "annotations": {
        "Custom_Disease": {
          "COVID-19 with gastrointestinal symptoms": true
        },
        "PublicationStatus": {
          "Published": true
        },
        "PublicationType": {
          "Research": true
        },
        "Section": {
          "Results": true
        },
        "Species": {
          "9606": true
        }
      },
      "citation": {
        "authors": [
          "Cai JP",
          "Chan JF",
          "Chan JM",
          "Chan KH",
          "Chan WM",
          "Chen H",
          "Chen LL",
          "Chen Z",
          "Cheng VC",
          "Chik TS",
          "Choi CY",
          "Hung IF",
          "Ip JD",
          "Lau DP",
          "Leung WS",
          "Lung DC",
          "Luo CT",
          "Ng AC",
          "Poon RW",
          "Tam AR",
          "To KK",
          "Tsang OT",
          "Wu TC",
          "Yip CC",
          "Yuen KY"
        ],
        "date": "2020-03-23",
        "db": "PubMed",
        "db_id": "32213337",
        "db_name": "The Lancet. Infectious diseases",
        "first": "To KK",
        "last": "Yuen KY"
      },
      "evidence": "In detail, of 74 patients with COVID-19 with GI symptoms, 53 patients had only the symptom of diarrhoea, 11 patients had only the symptom of vomiting and 10 patients had only the symptom of nausea.",
      "key": "ecf9c0e7bdae58c8aa2f96197047502d",
      "line": 47,
      "relation": "increases",
      "source": 12,
      "target": 20
    },
    {
      "annotations": {
        "Custom_Disease": {
          "COVID-19 with gastrointestinal symptoms": true
        },
        "PublicationStatus": {
          "Published": true
        },
        "PublicationType": {
          "Research": true
        },
        "Section": {
          "Results": true
        },
        "Species": {
          "9606": true
        }
      },
      "citation": {
        "authors": [
          "Cai JP",
          "Chan JF",
          "Chan JM",
          "Chan KH",
          "Chan WM",
          "Chen H",
          "Chen LL",
          "Chen Z",
          "Cheng VC",
          "Chik TS",
          "Choi CY",
          "Hung IF",
          "Ip JD",
          "Lau DP",
          "Leung WS",
          "Lung DC",
          "Luo CT",
          "Ng AC",
          "Poon RW",
          "Tam AR",
          "To KK",
          "Tsang OT",
          "Wu TC",
          "Yip CC",
          "Yuen KY"
        ],
        "date": "2020-03-23",
        "db": "PubMed",
        "db_id": "32213337",
        "db_name": "The Lancet. Infectious diseases",
        "first": "To KK",
        "last": "Yuen KY"
      },
      "evidence": "In detail, of 74 patients with COVID-19 with GI symptoms, 53 patients had only the symptom of diarrhoea, 11 patients had only the symptom of vomiting and 10 patients had only the symptom of nausea.",
      "key": "602bfd1afbca7a488cbc3dbe7a4a6726",
      "line": 48,
      "relation": "increases",
      "source": 12,
      "target": 26
    },
    {
      "annotations": {
        "Custom_Disease": {
          "COVID-19 with gastrointestinal symptoms": true
        },
        "PublicationStatus": {
          "Published": true
        },
        "PublicationType": {
          "Research": true
        },
        "Section": {
          "Results": true
        },
        "Species": {
          "9606": true
        }
      },
      "citation": {
        "authors": [
          "Cai JP",
          "Chan JF",
          "Chan JM",
          "Chan KH",
          "Chan WM",
          "Chen H",
          "Chen LL",
          "Chen Z",
          "Cheng VC",
          "Chik TS",
          "Choi CY",
          "Hung IF",
          "Ip JD",
          "Lau DP",
          "Leung WS",
          "Lung DC",
          "Luo CT",
          "Ng AC",
          "Poon RW",
          "Tam AR",
          "To KK",
          "Tsang OT",
          "Wu TC",
          "Yip CC",
          "Yuen KY"
        ],
        "date": "2020-03-23",
        "db": "PubMed",
        "db_id": "32213337",
        "db_name": "The Lancet. Infectious diseases",
        "first": "To KK",
        "last": "Yuen KY"
      },
      "evidence": "In detail, of 74 patients with COVID-19 with GI symptoms, 53 patients had only the symptom of diarrhoea, 11 patients had only the symptom of vomiting and 10 patients had only the symptom of nausea.",
      "key": "c6b9035f45b2d77329f054f92474fdbc",
      "line": 49,
      "relation": "increases",
      "source": 12,
      "target": 25
    },
    {
      "annotations": {
        "Custom_Disease": {
          "COVID-19 with gastrointestinal symptoms": true
        },
        "PublicationStatus": {
          "Published": true
        },
        "PublicationType": {
          "Research": true
        },
        "Section": {
          "Results": true
        },
        "Species": {
          "9606": true
        }
      },
      "citation": {
        "authors": [
          "Cai JP",
          "Chan JF",
          "Chan JM",
          "Chan KH",
          "Chan WM",
          "Chen H",
          "Chen LL",
          "Chen Z",
          "Cheng VC",
          "Chik TS",
          "Choi CY",
          "Hung IF",
          "Ip JD",
          "Lau DP",
          "Leung WS",
          "Lung DC",
          "Luo CT",
          "Ng AC",
          "Poon RW",
          "Tam AR",
          "To KK",
          "Tsang OT",
          "Wu TC",
          "Yip CC",
          "Yuen KY"
        ],
        "date": "2020-03-23",
        "db": "PubMed",
        "db_id": "32213337",
        "db_name": "The Lancet. Infectious diseases",
        "first": "To KK",
        "last": "Yuen KY"
      },
      "evidence": "Intriguingly, the rate of chronic liver disease was 10.81% in patients with COVID-19 with GI symptoms, which was significantly higher than that of 2.95% in those without GI symptoms (p=0.004).",
      "key": "f6666214cb39f45664db79f6692df97d",
      "line": 55,
      "relation": "increases",
      "source": 12,
      "target": 14
    },
    {
      "annotations": {
        "Custom_Disease": {
          "COVID-19 with gastrointestinal symptoms": true
        },
        "PublicationStatus": {
          "Published": true
        },
        "PublicationType": {
          "Research": true
        },
        "Section": {
          "Results": true
        },
        "Species": {
          "9606": true
        }
      },
      "citation": {
        "authors": [
          "Cai JP",
          "Chan JF",
          "Chan JM",
          "Chan KH",
          "Chan WM",
          "Chen H",
          "Chen LL",
          "Chen Z",
          "Cheng VC",
          "Chik TS",
          "Choi CY",
          "Hung IF",
          "Ip JD",
          "Lau DP",
          "Leung WS",
          "Lung DC",
          "Luo CT",
          "Ng AC",
          "Poon RW",
          "Tam AR",
          "To KK",
          "Tsang OT",
          "Wu TC",
          "Yip CC",
          "Yuen KY"
        ],
        "date": "2020-03-23",
        "db": "PubMed",
        "db_id": "32213337",
        "db_name": "The Lancet. Infectious diseases",
        "first": "To KK",
        "last": "Yuen KY"
      },
      "evidence": "Fever, cough and sputum production were the most common symptoms. Of the aforementioned symptoms, 29 (39.19%), 23 (31.08%), 8 (10.81%) and 16 (21.62%) patients with COVID-19 with GI symptoms had >38.5°C fever, fatigue, shortness of breath and headache, respectively, substantially higher than their respective counterparts without GI symptoms.",
      "key": "664113f400c06ac8aa4e55ab94b269dc",
      "line": 61,
      "relation": "increases",
      "source": 12,
      "target": 23
    },
    {
      "annotations": {
        "Custom_Disease": {
          "COVID-19 with gastrointestinal symptoms": true
        },
        "PublicationStatus": {
          "Published": true
        },
        "PublicationType": {
          "Research": true
        },
        "Section": {
          "Results": true
        },
        "Species": {
          "9606": true
        }
      },
      "citation": {
        "authors": [
          "Cai JP",
          "Chan JF",
          "Chan JM",
          "Chan KH",
          "Chan WM",
          "Chen H",
          "Chen LL",
          "Chen Z",
          "Cheng VC",
          "Chik TS",
          "Choi CY",
          "Hung IF",
          "Ip JD",
          "Lau DP",
          "Leung WS",
          "Lung DC",
          "Luo CT",
          "Ng AC",
          "Poon RW",
          "Tam AR",
          "To KK",
          "Tsang OT",
          "Wu TC",
          "Yip CC",
          "Yuen KY"
        ],
        "date": "2020-03-23",
        "db": "PubMed",
        "db_id": "32213337",
        "db_name": "The Lancet. Infectious diseases",
        "first": "To KK",
        "last": "Yuen KY"
      },
      "evidence": "Fever, cough and sputum production were the most common symptoms. Of the aforementioned symptoms, 29 (39.19%), 23 (31.08%), 8 (10.81%) and 16 (21.62%) patients with COVID-19 with GI symptoms had >38.5°C fever, fatigue, shortness of breath and headache, respectively, substantially higher than their respective counterparts without GI symptoms.",
      "key": "95ad6494bbdd02ff7ff4642bc4342ac2",
      "line": 62,
      "relation": "increases",
      "source": 12,
      "target": 19
    },
    {
      "annotations": {
        "Custom_Disease": {
          "COVID-19 with gastrointestinal symptoms": true
        },
        "PublicationStatus": {
          "Published": true
        },
        "PublicationType": {
          "Research": true
        },
        "Section": {
          "Results": true
        },
        "Species": {
          "9606": true
        }
      },
      "citation": {
        "authors": [
          "Cai JP",
          "Chan JF",
          "Chan JM",
          "Chan KH",
          "Chan WM",
          "Chen H",
          "Chen LL",
          "Chen Z",
          "Cheng VC",
          "Chik TS",
          "Choi CY",
          "Hung IF",
          "Ip JD",
          "Lau DP",
          "Leung WS",
          "Lung DC",
          "Luo CT",
          "Ng AC",
          "Poon RW",
          "Tam AR",
          "To KK",
          "Tsang OT",
          "Wu TC",
          "Yip CC",
          "Yuen KY"
        ],
        "date": "2020-03-23",
        "db": "PubMed",
        "db_id": "32213337",
        "db_name": "The Lancet. Infectious diseases",
        "first": "To KK",
        "last": "Yuen KY"
      },
      "evidence": "Fever, cough and sputum production were the most common symptoms. Of the aforementioned symptoms, 29 (39.19%), 23 (31.08%), 8 (10.81%) and 16 (21.62%) patients with COVID-19 with GI symptoms had >38.5°C fever, fatigue, shortness of breath and headache, respectively, substantially higher than their respective counterparts without GI symptoms.",
      "key": "8fcfdbf056e6f107160ef47398d5e643",
      "line": 63,
      "relation": "increases",
      "source": 12,
      "target": 7
    },
    {
      "annotations": {
        "Custom_Disease": {
          "COVID-19 with gastrointestinal symptoms": true
        },
        "PublicationStatus": {
          "Published": true
        },
        "PublicationType": {
          "Research": true
        },
        "Section": {
          "Results": true
        },
        "Severity": {
          "Severe": true
        },
        "Species": {
          "9606": true
        }
      },
      "citation": {
        "authors": [
          "Cai JP",
          "Chan JF",
          "Chan JM",
          "Chan KH",
          "Chan WM",
          "Chen H",
          "Chen LL",
          "Chen Z",
          "Cheng VC",
          "Chik TS",
          "Choi CY",
          "Hung IF",
          "Ip JD",
          "Lau DP",
          "Leung WS",
          "Lung DC",
          "Luo CT",
          "Ng AC",
          "Poon RW",
          "Tam AR",
          "To KK",
          "Tsang OT",
          "Wu TC",
          "Yip CC",
          "Yuen KY"
        ],
        "date": "2020-03-23",
        "db": "PubMed",
        "db_id": "32213337",
        "db_name": "The Lancet. Infectious diseases",
        "first": "To KK",
        "last": "Yuen KY"
      },
      "evidence": "When compared with mild and common COVID-19, initial univariate analysis of epidemiological, clinical and laboratory variables identified 11 significantly changed risk factors for severe/critical COVID-19, including increased ORs of age, age ≥50 years, period between illness onset and hospital visit, sputum production, any existing medical condition, multiple lung infection, ALT, lactate dehydrogenase (LDH), glucose and CRP, as well as decreased OR of the infected area (online supplementary table 1).",
      "key": "aeb136f25b5139374ded862d7b2812ad",
      "line": 98,
      "relation": "positiveCorrelation",
      "source": 12,
      "target": 7
    },
    {
      "annotations": {
        "Custom_Disease": {
          "COVID-19 with gastrointestinal symptoms": true
        },
        "PublicationStatus": {
          "Published": true
        },
        "PublicationType": {
          "Research": true
        },
        "Section": {
          "Results": true
        },
        "Species": {
          "9606": true
        }
      },
      "citation": {
        "authors": [
          "Cai JP",
          "Chan JF",
          "Chan JM",
          "Chan KH",
          "Chan WM",
          "Chen H",
          "Chen LL",
          "Chen Z",
          "Cheng VC",
          "Chik TS",
          "Choi CY",
          "Hung IF",
          "Ip JD",
          "Lau DP",
          "Leung WS",
          "Lung DC",
          "Luo CT",
          "Ng AC",
          "Poon RW",
          "Tam AR",
          "To KK",
          "Tsang OT",
          "Wu TC",
          "Yip CC",
          "Yuen KY"
        ],
        "date": "2020-03-23",
        "db": "PubMed",
        "db_id": "32213337",
        "db_name": "The Lancet. Infectious diseases",
        "first": "To KK",
        "last": "Yuen KY"
      },
      "evidence": "Fever, cough and sputum production were the most common symptoms. Of the aforementioned symptoms, 29 (39.19%), 23 (31.08%), 8 (10.81%) and 16 (21.62%) patients with COVID-19 with GI symptoms had >38.5°C fever, fatigue, shortness of breath and headache, respectively, substantially higher than their respective counterparts without GI symptoms.",
      "key": "3e336d1d57fde32d9d42b7b18d12bed3",
      "line": 64,
      "relation": "increases",
      "source": 12,
      "target": 22
    },
    {
      "annotations": {
        "Custom_Disease": {
          "COVID-19 with gastrointestinal symptoms": true
        },
        "PublicationStatus": {
          "Published": true
        },
        "PublicationType": {
          "Research": true
        },
        "Section": {
          "Results": true
        },
        "Species": {
          "9606": true
        }
      },
      "citation": {
        "authors": [
          "Cai JP",
          "Chan JF",
          "Chan JM",
          "Chan KH",
          "Chan WM",
          "Chen H",
          "Chen LL",
          "Chen Z",
          "Cheng VC",
          "Chik TS",
          "Choi CY",
          "Hung IF",
          "Ip JD",
          "Lau DP",
          "Leung WS",
          "Lung DC",
          "Luo CT",
          "Ng AC",
          "Poon RW",
          "Tam AR",
          "To KK",
          "Tsang OT",
          "Wu TC",
          "Yip CC",
          "Yuen KY"
        ],
        "date": "2020-03-23",
        "db": "PubMed",
        "db_id": "32213337",
        "db_name": "The Lancet. Infectious diseases",
        "first": "To KK",
        "last": "Yuen KY"
      },
      "evidence": "Fever, cough and sputum production were the most common symptoms. Of the aforementioned symptoms, 29 (39.19%), 23 (31.08%), 8 (10.81%) and 16 (21.62%) patients with COVID-19 with GI symptoms had >38.5°C fever, fatigue, shortness of breath and headache, respectively, substantially higher than their respective counterparts without GI symptoms.",
      "key": "279e0e57fda61a7dd95dfb1b33f83abc",
      "line": 65,
      "relation": "increases",
      "source": 12,
      "target": 21
    },
    {
      "annotations": {
        "Custom_Disease": {
          "COVID-19 with gastrointestinal symptoms": true
        },
        "PublicationStatus": {
          "Published": true
        },
        "PublicationType": {
          "Research": true
        },
        "Section": {
          "Results": true
        },
        "Species": {
          "9606": true
        }
      },
      "citation": {
        "authors": [
          "Cai JP",
          "Chan JF",
          "Chan JM",
          "Chan KH",
          "Chan WM",
          "Chen H",
          "Chen LL",
          "Chen Z",
          "Cheng VC",
          "Chik TS",
          "Choi CY",
          "Hung IF",
          "Ip JD",
          "Lau DP",
          "Leung WS",
          "Lung DC",
          "Luo CT",
          "Ng AC",
          "Poon RW",
          "Tam AR",
          "To KK",
          "Tsang OT",
          "Wu TC",
          "Yip CC",
          "Yuen KY"
        ],
        "date": "2020-03-23",
        "db": "PubMed",
        "db_id": "32213337",
        "db_name": "The Lancet. Infectious diseases",
        "first": "To KK",
        "last": "Yuen KY"
      },
      "evidence": "Fever, cough and sputum production were the most common symptoms. Of the aforementioned symptoms, 29 (39.19%), 23 (31.08%), 8 (10.81%) and 16 (21.62%) patients with COVID-19 with GI symptoms had >38.5°C fever, fatigue, shortness of breath and headache, respectively, substantially higher than their respective counterparts without GI symptoms.",
      "key": "c3871916d042760e22307c11c544d1bf",
      "line": 66,
      "relation": "increases",
      "source": 12,
      "target": 24
    },
    {
      "annotations": {
        "Custom_Disease": {
          "COVID-19 without gastrointestinal symptoms": true
        },
        "PublicationStatus": {
          "Published": true
        },
        "PublicationType": {
          "Research": true
        },
        "Section": {
          "Results": true
        },
        "Species": {
          "9606": true
        }
      },
      "citation": {
        "authors": [
          "Cai JP",
          "Chan JF",
          "Chan JM",
          "Chan KH",
          "Chan WM",
          "Chen H",
          "Chen LL",
          "Chen Z",
          "Cheng VC",
          "Chik TS",
          "Choi CY",
          "Hung IF",
          "Ip JD",
          "Lau DP",
          "Leung WS",
          "Lung DC",
          "Luo CT",
          "Ng AC",
          "Poon RW",
          "Tam AR",
          "To KK",
          "Tsang OT",
          "Wu TC",
          "Yip CC",
          "Yuen KY"
        ],
        "date": "2020-03-23",
        "db": "PubMed",
        "db_id": "32213337",
        "db_name": "The Lancet. Infectious diseases",
        "first": "To KK",
        "last": "Yuen KY"
      },
      "evidence": "Finally, although most radiographic presentations were similar between patients with COVID-19 with and without GI symptoms, the rate of unilateral pneumonia was 12.16% in patients with GI symptoms, much lower than 23.22% in those without GI symptoms (p=0.030).",
      "key": "a87a12c9a4ef50e23f3d9f2466f6e248",
      "line": 72,
      "relation": "increases",
      "source": 12,
      "target": 16
    },
    {
      "annotations": {
        "Custom_Disease": {
          "COVID-19 with gastrointestinal symptoms": true
        },
        "PublicationStatus": {
          "Published": true
        },
        "PublicationType": {
          "Research": true
        },
        "Section": {
          "Results": true
        },
        "Species": {
          "9606": true
        }
      },
      "citation": {
        "authors": [
          "Cai JP",
          "Chan JF",
          "Chan JM",
          "Chan KH",
          "Chan WM",
          "Chen H",
          "Chen LL",
          "Chen Z",
          "Cheng VC",
          "Chik TS",
          "Choi CY",
          "Hung IF",
          "Ip JD",
          "Lau DP",
          "Leung WS",
          "Lung DC",
          "Luo CT",
          "Ng AC",
          "Poon RW",
          "Tam AR",
          "To KK",
          "Tsang OT",
          "Wu TC",
          "Yip CC",
          "Yuen KY"
        ],
        "date": "2020-03-23",
        "db": "PubMed",
        "db_id": "32213337",
        "db_name": "The Lancet. Infectious diseases",
        "first": "To KK",
        "last": "Yuen KY"
      },
      "evidence": "As shown in table 3, 5 (6.76%), 13 (17.57%) and 1 (1.35%) patient with COVID-19 with GI symptoms had complications of ARDS, liver injury and shock, respectively, where the former two were significantly higher than their counterparts of 2.08% and 8.84% in patients with COVID-19 without GI symptoms, respectively (p=0.034; p=0.035).",
      "key": "622883a0ba3fd18ce00f873b7d1bdd37",
      "line": 78,
      "relation": "increases",
      "source": 12,
      "target": 13
    },
    {
      "annotations": {
        "Custom_Disease": {
          "COVID-19 with gastrointestinal symptoms": true
        },
        "PublicationStatus": {
          "Published": true
        },
        "PublicationType": {
          "Research": true
        },
        "Section": {
          "Results": true
        },
        "Species": {
          "9606": true
        }
      },
      "citation": {
        "authors": [
          "Cai JP",
          "Chan JF",
          "Chan JM",
          "Chan KH",
          "Chan WM",
          "Chen H",
          "Chen LL",
          "Chen Z",
          "Cheng VC",
          "Chik TS",
          "Choi CY",
          "Hung IF",
          "Ip JD",
          "Lau DP",
          "Leung WS",
          "Lung DC",
          "Luo CT",
          "Ng AC",
          "Poon RW",
          "Tam AR",
          "To KK",
          "Tsang OT",
          "Wu TC",
          "Yip CC",
          "Yuen KY"
        ],
        "date": "2020-03-23",
        "db": "PubMed",
        "db_id": "32213337",
        "db_name": "The Lancet. Infectious diseases",
        "first": "To KK",
        "last": "Yuen KY"
      },
      "evidence": "As shown in table 3, 5 (6.76%), 13 (17.57%) and 1 (1.35%) patient with COVID-19 with GI symptoms had complications of ARDS, liver injury and shock, respectively, where the former two were significantly higher than their counterparts of 2.08% and 8.84% in patients with COVID-19 without GI symptoms, respectively (p=0.034; p=0.035).",
      "key": "6cd76509ccea609a65577b31222cb2ac",
      "line": 79,
      "relation": "increases",
      "source": 12,
      "target": 17
    },
    {
      "annotations": {
        "Custom_Disease": {
          "COVID-19 with gastrointestinal symptoms": true
        },
        "PublicationStatus": {
          "Published": true
        },
        "PublicationType": {
          "Research": true
        },
        "Section": {
          "Results": true
        },
        "Severity": {
          "Severe": true
        },
        "Species": {
          "9606": true
        }
      },
      "citation": {
        "authors": [
          "Cai JP",
          "Chan JF",
          "Chan JM",
          "Chan KH",
          "Chan WM",
          "Chen H",
          "Chen LL",
          "Chen Z",
          "Cheng VC",
          "Chik TS",
          "Choi CY",
          "Hung IF",
          "Ip JD",
          "Lau DP",
          "Leung WS",
          "Lung DC",
          "Luo CT",
          "Ng AC",
          "Poon RW",
          "Tam AR",
          "To KK",
          "Tsang OT",
          "Wu TC",
          "Yip CC",
          "Yuen KY"
        ],
        "date": "2020-03-23",
        "db": "PubMed",
        "db_id": "32213337",
        "db_name": "The Lancet. Infectious diseases",
        "first": "To KK",
        "last": "Yuen KY"
      },
      "evidence": "When compared with mild and common COVID-19, initial univariate analysis of epidemiological, clinical and laboratory variables identified 11 significantly changed risk factors for severe/critical COVID-19, including increased ORs of age, age ≥50 years, period between illness onset and hospital visit, sputum production, any existing medical condition, multiple lung infection, ALT, lactate dehydrogenase (LDH), glucose and CRP, as well as decreased OR of the infected area (online supplementary table 1).",
      "key": "5a5de301a8867a792a1a8cc1a3380857",
      "line": 97,
      "relation": "positiveCorrelation",
      "source": 12,
      "target": 4
    },
    {
      "annotations": {
        "Custom_Disease": {
          "COVID-19 with gastrointestinal symptoms": true
        },
        "PublicationStatus": {
          "Published": true
        },
        "PublicationType": {
          "Research": true
        },
        "Section": {
          "Results": true
        },
        "Severity": {
          "Severe": true
        },
        "Species": {
          "9606": true
        }
      },
      "citation": {
        "authors": [
          "Cai JP",
          "Chan JF",
          "Chan JM",
          "Chan KH",
          "Chan WM",
          "Chen H",
          "Chen LL",
          "Chen Z",
          "Cheng VC",
          "Chik TS",
          "Choi CY",
          "Hung IF",
          "Ip JD",
          "Lau DP",
          "Leung WS",
          "Lung DC",
          "Luo CT",
          "Ng AC",
          "Poon RW",
          "Tam AR",
          "To KK",
          "Tsang OT",
          "Wu TC",
          "Yip CC",
          "Yuen KY"
        ],
        "date": "2020-03-23",
        "db": "PubMed",
        "db_id": "32213337",
        "db_name": "The Lancet. Infectious diseases",
        "first": "To KK",
        "last": "Yuen KY"
      },
      "evidence": "When compared with mild and common COVID-19, initial univariate analysis of epidemiological, clinical and laboratory variables identified 11 significantly changed risk factors for severe/critical COVID-19, including increased ORs of age, age ≥50 years, period between illness onset and hospital visit, sputum production, any existing medical condition, multiple lung infection, ALT, lactate dehydrogenase (LDH), glucose and CRP, as well as decreased OR of the infected area (online supplementary table 1).",
      "key": "9c21a130d363b50306c5e89ba2402765",
      "line": 99,
      "relation": "positiveCorrelation",
      "source": 12,
      "target": 18
    },
    {
      "annotations": {
        "Custom_Disease": {
          "COVID-19 with gastrointestinal symptoms": true
        },
        "PublicationStatus": {
          "Published": true
        },
        "PublicationType": {
          "Research": true
        },
        "Section": {
          "Results": true
        },
        "Severity": {
          "Severe": true
        },
        "Species": {
          "9606": true
        }
      },
      "citation": {
        "authors": [
          "Cai JP",
          "Chan JF",
          "Chan JM",
          "Chan KH",
          "Chan WM",
          "Chen H",
          "Chen LL",
          "Chen Z",
          "Cheng VC",
          "Chik TS",
          "Choi CY",
          "Hung IF",
          "Ip JD",
          "Lau DP",
          "Leung WS",
          "Lung DC",
          "Luo CT",
          "Ng AC",
          "Poon RW",
          "Tam AR",
          "To KK",
          "Tsang OT",
          "Wu TC",
          "Yip CC",
          "Yuen KY"
        ],
        "date": "2020-03-23",
        "db": "PubMed",
        "db_id": "32213337",
        "db_name": "The Lancet. Infectious diseases",
        "first": "To KK",
        "last": "Yuen KY"
      },
      "evidence": "When compared with mild and common COVID-19, initial univariate analysis of epidemiological, clinical and laboratory variables identified 11 significantly changed risk factors for severe/critical COVID-19, including increased ORs of age, age ≥50 years, period between illness onset and hospital visit, sputum production, any existing medical condition, multiple lung infection, ALT, lactate dehydrogenase (LDH), glucose and CRP, as well as decreased OR of the infected area (online supplementary table 1).",
      "key": "16648ded45d7b007bff2483dd6738241",
      "line": 100,
      "relation": "positiveCorrelation",
      "source": 12,
      "target": 15
    },
    {
      "annotations": {
        "Custom_Disease": {
          "COVID-19 with gastrointestinal symptoms": true
        },
        "PublicationStatus": {
          "Published": true
        },
        "PublicationType": {
          "Research": true
        },
        "Section": {
          "Results": true
        },
        "Severity": {
          "Severe": true
        },
        "Species": {
          "9606": true
        }
      },
      "citation": {
        "authors": [
          "Cai JP",
          "Chan JF",
          "Chan JM",
          "Chan KH",
          "Chan WM",
          "Chen H",
          "Chen LL",
          "Chen Z",
          "Cheng VC",
          "Chik TS",
          "Choi CY",
          "Hung IF",
          "Ip JD",
          "Lau DP",
          "Leung WS",
          "Lung DC",
          "Luo CT",
          "Ng AC",
          "Poon RW",
          "Tam AR",
          "To KK",
          "Tsang OT",
          "Wu TC",
          "Yip CC",
          "Yuen KY"
        ],
        "date": "2020-03-23",
        "db": "PubMed",
        "db_id": "32213337",
        "db_name": "The Lancet. Infectious diseases",
        "first": "To KK",
        "last": "Yuen KY"
      },
      "evidence": "When compared with mild and common COVID-19, initial univariate analysis of epidemiological, clinical and laboratory variables identified 11 significantly changed risk factors for severe/critical COVID-19, including increased ORs of age, age ≥50 years, period between illness onset and hospital visit, sputum production, any existing medical condition, multiple lung infection, ALT, lactate dehydrogenase (LDH), glucose and CRP, as well as decreased OR of the infected area (online supplementary table 1).",
      "key": "4436d7ce34dbe546d54936c7c8e747c3",
      "line": 101,
      "relation": "positiveCorrelation",
      "source": 12,
      "target": 10
    },
    {
      "annotations": {
        "Custom_Disease": {
          "COVID-19 with gastrointestinal symptoms": true
        },
        "PublicationStatus": {
          "Published": true
        },
        "PublicationType": {
          "Research": true
        },
        "Section": {
          "Results": true
        },
        "Severity": {
          "Severe": true
        },
        "Species": {
          "9606": true
        }
      },
      "citation": {
        "authors": [
          "Cai JP",
          "Chan JF",
          "Chan JM",
          "Chan KH",
          "Chan WM",
          "Chen H",
          "Chen LL",
          "Chen Z",
          "Cheng VC",
          "Chik TS",
          "Choi CY",
          "Hung IF",
          "Ip JD",
          "Lau DP",
          "Leung WS",
          "Lung DC",
          "Luo CT",
          "Ng AC",
          "Poon RW",
          "Tam AR",
          "To KK",
          "Tsang OT",
          "Wu TC",
          "Yip CC",
          "Yuen KY"
        ],
        "date": "2020-03-23",
        "db": "PubMed",
        "db_id": "32213337",
        "db_name": "The Lancet. Infectious diseases",
        "first": "To KK",
        "last": "Yuen KY"
      },
      "evidence": "When compared with mild and common COVID-19, initial univariate analysis of epidemiological, clinical and laboratory variables identified 11 significantly changed risk factors for severe/critical COVID-19, including increased ORs of age, age ≥50 years, period between illness onset and hospital visit, sputum production, any existing medical condition, multiple lung infection, ALT, lactate dehydrogenase (LDH), glucose and CRP, as well as decreased OR of the infected area (online supplementary table 1).",
      "key": "1587fd77affe1985a9bec538308042f7",
      "line": 102,
      "relation": "positiveCorrelation",
      "source": 12,
      "target": 11
    },
    {
      "annotations": {
        "Custom_Disease": {
          "COVID-19 with gastrointestinal symptoms": true
        },
        "PublicationStatus": {
          "Published": true
        },
        "PublicationType": {
          "Research": true
        },
        "Section": {
          "Results": true
        },
        "Severity": {
          "Severe": true
        },
        "Species": {
          "9606": true
        }
      },
      "citation": {
        "authors": [
          "Cai JP",
          "Chan JF",
          "Chan JM",
          "Chan KH",
          "Chan WM",
          "Chen H",
          "Chen LL",
          "Chen Z",
          "Cheng VC",
          "Chik TS",
          "Choi CY",
          "Hung IF",
          "Ip JD",
          "Lau DP",
          "Leung WS",
          "Lung DC",
          "Luo CT",
          "Ng AC",
          "Poon RW",
          "Tam AR",
          "To KK",
          "Tsang OT",
          "Wu TC",
          "Yip CC",
          "Yuen KY"
        ],
        "date": "2020-03-23",
        "db": "PubMed",
        "db_id": "32213337",
        "db_name": "The Lancet. Infectious diseases",
        "first": "To KK",
        "last": "Yuen KY"
      },
      "evidence": "When compared with mild and common COVID-19, initial univariate analysis of epidemiological, clinical and laboratory variables identified 11 significantly changed risk factors for severe/critical COVID-19, including increased ORs of age, age ≥50 years, period between illness onset and hospital visit, sputum production, any existing medical condition, multiple lung infection, ALT, lactate dehydrogenase (LDH), glucose and CRP, as well as decreased OR of the infected area (online supplementary table 1).",
      "key": "e4a7e628aa577a0db37fe310acd09c86",
      "line": 103,
      "relation": "positiveCorrelation",
      "source": 12,
      "target": 1
    },
    {
      "annotations": {
        "Custom_Disease": {
          "COVID-19 with gastrointestinal symptoms": true
        },
        "PublicationStatus": {
          "Published": true
        },
        "PublicationType": {
          "Research": true
        },
        "Section": {
          "Results": true
        },
        "Severity": {
          "Severe": true
        },
        "Species": {
          "9606": true
        }
      },
      "citation": {
        "authors": [
          "Cai JP",
          "Chan JF",
          "Chan JM",
          "Chan KH",
          "Chan WM",
          "Chen H",
          "Chen LL",
          "Chen Z",
          "Cheng VC",
          "Chik TS",
          "Choi CY",
          "Hung IF",
          "Ip JD",
          "Lau DP",
          "Leung WS",
          "Lung DC",
          "Luo CT",
          "Ng AC",
          "Poon RW",
          "Tam AR",
          "To KK",
          "Tsang OT",
          "Wu TC",
          "Yip CC",
          "Yuen KY"
        ],
        "date": "2020-03-23",
        "db": "PubMed",
        "db_id": "32213337",
        "db_name": "The Lancet. Infectious diseases",
        "first": "To KK",
        "last": "Yuen KY"
      },
      "evidence": "When compared with mild and common COVID-19, initial univariate analysis of epidemiological, clinical and laboratory variables identified 11 significantly changed risk factors for severe/critical COVID-19, including increased ORs of age, age ≥50 years, period between illness onset and hospital visit, sputum production, any existing medical condition, multiple lung infection, ALT, lactate dehydrogenase (LDH), glucose and CRP, as well as decreased OR of the infected area (online supplementary table 1).",
      "key": "1085a10fea415671d495d478efcbd38f",
      "line": 104,
      "relation": "positiveCorrelation",
      "source": 12,
      "target": 9
    },
    {
      "annotations": {
        "Custom_Disease": {
          "COVID-19 with gastrointestinal symptoms": true
        },
        "PublicationStatus": {
          "Published": true
        },
        "PublicationType": {
          "Research": true
        },
        "Section": {
          "Results": true
        },
        "Severity": {
          "Severe": true
        },
        "Species": {
          "9606": true
        }
      },
      "citation": {
        "authors": [
          "Cai JP",
          "Chan JF",
          "Chan JM",
          "Chan KH",
          "Chan WM",
          "Chen H",
          "Chen LL",
          "Chen Z",
          "Cheng VC",
          "Chik TS",
          "Choi CY",
          "Hung IF",
          "Ip JD",
          "Lau DP",
          "Leung WS",
          "Lung DC",
          "Luo CT",
          "Ng AC",
          "Poon RW",
          "Tam AR",
          "To KK",
          "Tsang OT",
          "Wu TC",
          "Yip CC",
          "Yuen KY"
        ],
        "date": "2020-03-23",
        "db": "PubMed",
        "db_id": "32213337",
        "db_name": "The Lancet. Infectious diseases",
        "first": "To KK",
        "last": "Yuen KY"
      },
      "evidence": "When compared with mild and common COVID-19, initial univariate analysis of epidemiological, clinical and laboratory variables identified 11 significantly changed risk factors for severe/critical COVID-19, including increased ORs of age, age ≥50 years, period between illness onset and hospital visit, sputum production, any existing medical condition, multiple lung infection, ALT, lactate dehydrogenase (LDH), glucose and CRP, as well as decreased OR of the infected area (online supplementary table 1).",
      "key": "0e6b5b58f6508da94398b7e21ec2ef91",
      "line": 98,
      "relation": "positiveCorrelation",
      "source": 7,
      "target": 12
    },
    {
      "annotations": {
        "Custom_Disease": {
          "COVID-19 with gastrointestinal symptoms": true
        },
        "PublicationStatus": {
          "Published": true
        },
        "PublicationType": {
          "Research": true
        },
        "Section": {
          "Results": true
        },
        "Species": {
          "9606": true
        }
      },
      "citation": {
        "authors": [
          "Cai JP",
          "Chan JF",
          "Chan JM",
          "Chan KH",
          "Chan WM",
          "Chen H",
          "Chen LL",
          "Chen Z",
          "Cheng VC",
          "Chik TS",
          "Choi CY",
          "Hung IF",
          "Ip JD",
          "Lau DP",
          "Leung WS",
          "Lung DC",
          "Luo CT",
          "Ng AC",
          "Poon RW",
          "Tam AR",
          "To KK",
          "Tsang OT",
          "Wu TC",
          "Yip CC",
          "Yuen KY"
        ],
        "date": "2020-03-23",
        "db": "PubMed",
        "db_id": "32213337",
        "db_name": "The Lancet. Infectious diseases",
        "first": "To KK",
        "last": "Yuen KY"
      },
      "evidence": "All 74 patients with COVID-19 with GI symptoms were treated in isolation with supportive and empiric medication, while 66 (89.19%) patients received antiviral treatment, including interferon-α sprays, arbidol hydrochloride capsules (two tablets three times daily), lopinavir and ritonavir two tablets (500 mg) twice daily, via the oral route.",
      "key": "ebc2ca02cbdfda7157c751d407102521",
      "line": 85,
      "relation": "decreases",
      "source": 6,
      "target": 12
    },
    {
      "annotations": {
        "Custom_Disease": {
          "COVID-19 with gastrointestinal symptoms": true
        },
        "PublicationStatus": {
          "Published": true
        },
        "PublicationType": {
          "Research": true
        },
        "Section": {
          "Results": true
        },
        "Species": {
          "9606": true
        }
      },
      "citation": {
        "authors": [
          "Cai JP",
          "Chan JF",
          "Chan JM",
          "Chan KH",
          "Chan WM",
          "Chen H",
          "Chen LL",
          "Chen Z",
          "Cheng VC",
          "Chik TS",
          "Choi CY",
          "Hung IF",
          "Ip JD",
          "Lau DP",
          "Leung WS",
          "Lung DC",
          "Luo CT",
          "Ng AC",
          "Poon RW",
          "Tam AR",
          "To KK",
          "Tsang OT",
          "Wu TC",
          "Yip CC",
          "Yuen KY"
        ],
        "date": "2020-03-23",
        "db": "PubMed",
        "db_id": "32213337",
        "db_name": "The Lancet. Infectious diseases",
        "first": "To KK",
        "last": "Yuen KY"
      },
      "evidence": "All 74 patients with COVID-19 with GI symptoms were treated in isolation with supportive and empiric medication, while 66 (89.19%) patients received antiviral treatment, including interferon-α sprays, arbidol hydrochloride capsules (two tablets three times daily), lopinavir and ritonavir two tablets (500 mg) twice daily, via the oral route.",
      "key": "98cdfc2319554ccf1cac46d5eb7baeac",
      "line": 86,
      "relation": "decreases",
      "source": 5,
      "target": 12
    },
    {
      "annotations": {
        "Custom_Disease": {
          "COVID-19 with gastrointestinal symptoms": true
        },
        "PublicationStatus": {
          "Published": true
        },
        "PublicationType": {
          "Research": true
        },
        "Section": {
          "Results": true
        },
        "Species": {
          "9606": true
        }
      },
      "citation": {
        "authors": [
          "Cai JP",
          "Chan JF",
          "Chan JM",
          "Chan KH",
          "Chan WM",
          "Chen H",
          "Chen LL",
          "Chen Z",
          "Cheng VC",
          "Chik TS",
          "Choi CY",
          "Hung IF",
          "Ip JD",
          "Lau DP",
          "Leung WS",
          "Lung DC",
          "Luo CT",
          "Ng AC",
          "Poon RW",
          "Tam AR",
          "To KK",
          "Tsang OT",
          "Wu TC",
          "Yip CC",
          "Yuen KY"
        ],
        "date": "2020-03-23",
        "db": "PubMed",
        "db_id": "32213337",
        "db_name": "The Lancet. Infectious diseases",
        "first": "To KK",
        "last": "Yuen KY"
      },
      "evidence": "All 74 patients with COVID-19 with GI symptoms were treated in isolation with supportive and empiric medication, while 66 (89.19%) patients received antiviral treatment, including interferon-α sprays, arbidol hydrochloride capsules (two tablets three times daily), lopinavir and ritonavir two tablets (500 mg) twice daily, via the oral route.",
      "key": "07f4ca29495029c12a36fc599b5af494",
      "line": 87,
      "relation": "decreases",
      "source": 0,
      "target": 12
    },
    {
      "annotations": {
        "Custom_Disease": {
          "COVID-19 with gastrointestinal symptoms": true
        },
        "PublicationStatus": {
          "Published": true
        },
        "PublicationType": {
          "Research": true
        },
        "Section": {
          "Results": true
        },
        "Species": {
          "9606": true
        }
      },
      "citation": {
        "authors": [
          "Cai JP",
          "Chan JF",
          "Chan JM",
          "Chan KH",
          "Chan WM",
          "Chen H",
          "Chen LL",
          "Chen Z",
          "Cheng VC",
          "Chik TS",
          "Choi CY",
          "Hung IF",
          "Ip JD",
          "Lau DP",
          "Leung WS",
          "Lung DC",
          "Luo CT",
          "Ng AC",
          "Poon RW",
          "Tam AR",
          "To KK",
          "Tsang OT",
          "Wu TC",
          "Yip CC",
          "Yuen KY"
        ],
        "date": "2020-03-23",
        "db": "PubMed",
        "db_id": "32213337",
        "db_name": "The Lancet. Infectious diseases",
        "first": "To KK",
        "last": "Yuen KY"
      },
      "evidence": "All 74 patients with COVID-19 with GI symptoms were treated in isolation with supportive and empiric medication, while 66 (89.19%) patients received antiviral treatment, including interferon-α sprays, arbidol hydrochloride capsules (two tablets three times daily), lopinavir and ritonavir two tablets (500 mg) twice daily, via the oral route.",
      "key": "3e586c5752c026f0a8f528f1e0f384ab",
      "line": 88,
      "relation": "decreases",
      "source": 8,
      "target": 12
    },
    {
      "annotations": {
        "Custom_Disease": {
          "COVID-19 with gastrointestinal symptoms": true
        },
        "PublicationStatus": {
          "Published": true
        },
        "PublicationType": {
          "Research": true
        },
        "Section": {
          "Results": true
        },
        "Species": {
          "9606": true
        }
      },
      "citation": {
        "authors": [
          "Cai JP",
          "Chan JF",
          "Chan JM",
          "Chan KH",
          "Chan WM",
          "Chen H",
          "Chen LL",
          "Chen Z",
          "Cheng VC",
          "Chik TS",
          "Choi CY",
          "Hung IF",
          "Ip JD",
          "Lau DP",
          "Leung WS",
          "Lung DC",
          "Luo CT",
          "Ng AC",
          "Poon RW",
          "Tam AR",
          "To KK",
          "Tsang OT",
          "Wu TC",
          "Yip CC",
          "Yuen KY"
        ],
        "date": "2020-03-23",
        "db": "PubMed",
        "db_id": "32213337",
        "db_name": "The Lancet. Infectious diseases",
        "first": "To KK",
        "last": "Yuen KY"
      },
      "evidence": "All 74 patients with COVID-19 with GI symptoms were treated in isolation with supportive and empiric medication, while 66 (89.19%) patients received antiviral treatment, including interferon-α sprays, arbidol hydrochloride capsules (two tablets three times daily), lopinavir and ritonavir two tablets (500 mg) twice daily, via the oral route.",
      "key": "c488fd2b102dd366de4049dbd5f3a895",
      "line": 89,
      "relation": "decreases",
      "source": 2,
      "target": 12
    },
    {
      "annotations": {
        "Custom_Disease": {
          "COVID-19 with gastrointestinal symptoms": true
        },
        "PublicationStatus": {
          "Published": true
        },
        "PublicationType": {
          "Research": true
        },
        "Section": {
          "Results": true
        },
        "Species": {
          "9606": true
        }
      },
      "citation": {
        "authors": [
          "Cai JP",
          "Chan JF",
          "Chan JM",
          "Chan KH",
          "Chan WM",
          "Chen H",
          "Chen LL",
          "Chen Z",
          "Cheng VC",
          "Chik TS",
          "Choi CY",
          "Hung IF",
          "Ip JD",
          "Lau DP",
          "Leung WS",
          "Lung DC",
          "Luo CT",
          "Ng AC",
          "Poon RW",
          "Tam AR",
          "To KK",
          "Tsang OT",
          "Wu TC",
          "Yip CC",
          "Yuen KY"
        ],
        "date": "2020-03-23",
        "db": "PubMed",
        "db_id": "32213337",
        "db_name": "The Lancet. Infectious diseases",
        "first": "To KK",
        "last": "Yuen KY"
      },
      "evidence": "All 74 patients with COVID-19 with GI symptoms were treated in isolation with supportive and empiric medication, while 66 (89.19%) patients received antiviral treatment, including interferon-α sprays, arbidol hydrochloride capsules (two tablets three times daily), lopinavir and ritonavir two tablets (500 mg) twice daily, via the oral route.",
      "key": "0a8aab3976fdd036d246dfe0ac4707e6",
      "line": 90,
      "relation": "decreases",
      "source": 3,
      "target": 12
    },
    {
      "annotations": {
        "Custom_Disease": {
          "COVID-19 with gastrointestinal symptoms": true
        },
        "PublicationStatus": {
          "Published": true
        },
        "PublicationType": {
          "Research": true
        },
        "Section": {
          "Results": true
        },
        "Severity": {
          "Severe": true
        },
        "Species": {
          "9606": true
        }
      },
      "citation": {
        "authors": [
          "Cai JP",
          "Chan JF",
          "Chan JM",
          "Chan KH",
          "Chan WM",
          "Chen H",
          "Chen LL",
          "Chen Z",
          "Cheng VC",
          "Chik TS",
          "Choi CY",
          "Hung IF",
          "Ip JD",
          "Lau DP",
          "Leung WS",
          "Lung DC",
          "Luo CT",
          "Ng AC",
          "Poon RW",
          "Tam AR",
          "To KK",
          "Tsang OT",
          "Wu TC",
          "Yip CC",
          "Yuen KY"
        ],
        "date": "2020-03-23",
        "db": "PubMed",
        "db_id": "32213337",
        "db_name": "The Lancet. Infectious diseases",
        "first": "To KK",
        "last": "Yuen KY"
      },
      "evidence": "When compared with mild and common COVID-19, initial univariate analysis of epidemiological, clinical and laboratory variables identified 11 significantly changed risk factors for severe/critical COVID-19, including increased ORs of age, age ≥50 years, period between illness onset and hospital visit, sputum production, any existing medical condition, multiple lung infection, ALT, lactate dehydrogenase (LDH), glucose and CRP, as well as decreased OR of the infected area (online supplementary table 1).",
      "key": "964c496ec6835c8df2f699646b49bac6",
      "line": 97,
      "relation": "positiveCorrelation",
      "source": 4,
      "target": 12
    },
    {
      "annotations": {
        "Custom_Disease": {
          "COVID-19 with gastrointestinal symptoms": true
        },
        "PublicationStatus": {
          "Published": true
        },
        "PublicationType": {
          "Research": true
        },
        "Section": {
          "Results": true
        },
        "Severity": {
          "Severe": true
        },
        "Species": {
          "9606": true
        }
      },
      "citation": {
        "authors": [
          "Cai JP",
          "Chan JF",
          "Chan JM",
          "Chan KH",
          "Chan WM",
          "Chen H",
          "Chen LL",
          "Chen Z",
          "Cheng VC",
          "Chik TS",
          "Choi CY",
          "Hung IF",
          "Ip JD",
          "Lau DP",
          "Leung WS",
          "Lung DC",
          "Luo CT",
          "Ng AC",
          "Poon RW",
          "Tam AR",
          "To KK",
          "Tsang OT",
          "Wu TC",
          "Yip CC",
          "Yuen KY"
        ],
        "date": "2020-03-23",
        "db": "PubMed",
        "db_id": "32213337",
        "db_name": "The Lancet. Infectious diseases",
        "first": "To KK",
        "last": "Yuen KY"
      },
      "evidence": "When compared with mild and common COVID-19, initial univariate analysis of epidemiological, clinical and laboratory variables identified 11 significantly changed risk factors for severe/critical COVID-19, including increased ORs of age, age ≥50 years, period between illness onset and hospital visit, sputum production, any existing medical condition, multiple lung infection, ALT, lactate dehydrogenase (LDH), glucose and CRP, as well as decreased OR of the infected area (online supplementary table 1).",
      "key": "e669080d3e6aab4b376ab3be810144c0",
      "line": 99,
      "relation": "positiveCorrelation",
      "source": 18,
      "target": 12
    },
    {
      "annotations": {
        "Custom_Disease": {
          "COVID-19 with gastrointestinal symptoms": true
        },
        "PublicationStatus": {
          "Published": true
        },
        "PublicationType": {
          "Research": true
        },
        "Section": {
          "Results": true
        },
        "Severity": {
          "Severe": true
        },
        "Species": {
          "9606": true
        }
      },
      "citation": {
        "authors": [
          "Cai JP",
          "Chan JF",
          "Chan JM",
          "Chan KH",
          "Chan WM",
          "Chen H",
          "Chen LL",
          "Chen Z",
          "Cheng VC",
          "Chik TS",
          "Choi CY",
          "Hung IF",
          "Ip JD",
          "Lau DP",
          "Leung WS",
          "Lung DC",
          "Luo CT",
          "Ng AC",
          "Poon RW",
          "Tam AR",
          "To KK",
          "Tsang OT",
          "Wu TC",
          "Yip CC",
          "Yuen KY"
        ],
        "date": "2020-03-23",
        "db": "PubMed",
        "db_id": "32213337",
        "db_name": "The Lancet. Infectious diseases",
        "first": "To KK",
        "last": "Yuen KY"
      },
      "evidence": "When compared with mild and common COVID-19, initial univariate analysis of epidemiological, clinical and laboratory variables identified 11 significantly changed risk factors for severe/critical COVID-19, including increased ORs of age, age ≥50 years, period between illness onset and hospital visit, sputum production, any existing medical condition, multiple lung infection, ALT, lactate dehydrogenase (LDH), glucose and CRP, as well as decreased OR of the infected area (online supplementary table 1).",
      "key": "4236d241b418b3c196ea1a1decbce599",
      "line": 100,
      "relation": "positiveCorrelation",
      "source": 15,
      "target": 12
    },
    {
      "annotations": {
        "Custom_Disease": {
          "COVID-19 with gastrointestinal symptoms": true
        },
        "PublicationStatus": {
          "Published": true
        },
        "PublicationType": {
          "Research": true
        },
        "Section": {
          "Results": true
        },
        "Severity": {
          "Severe": true
        },
        "Species": {
          "9606": true
        }
      },
      "citation": {
        "authors": [
          "Cai JP",
          "Chan JF",
          "Chan JM",
          "Chan KH",
          "Chan WM",
          "Chen H",
          "Chen LL",
          "Chen Z",
          "Cheng VC",
          "Chik TS",
          "Choi CY",
          "Hung IF",
          "Ip JD",
          "Lau DP",
          "Leung WS",
          "Lung DC",
          "Luo CT",
          "Ng AC",
          "Poon RW",
          "Tam AR",
          "To KK",
          "Tsang OT",
          "Wu TC",
          "Yip CC",
          "Yuen KY"
        ],
        "date": "2020-03-23",
        "db": "PubMed",
        "db_id": "32213337",
        "db_name": "The Lancet. Infectious diseases",
        "first": "To KK",
        "last": "Yuen KY"
      },
      "evidence": "When compared with mild and common COVID-19, initial univariate analysis of epidemiological, clinical and laboratory variables identified 11 significantly changed risk factors for severe/critical COVID-19, including increased ORs of age, age ≥50 years, period between illness onset and hospital visit, sputum production, any existing medical condition, multiple lung infection, ALT, lactate dehydrogenase (LDH), glucose and CRP, as well as decreased OR of the infected area (online supplementary table 1).",
      "key": "b65fc9549e3426ac980ddbf7e8ddb4b0",
      "line": 101,
      "relation": "positiveCorrelation",
      "source": 10,
      "target": 12
    },
    {
      "annotations": {
        "Custom_Disease": {
          "COVID-19 with gastrointestinal symptoms": true
        },
        "PublicationStatus": {
          "Published": true
        },
        "PublicationType": {
          "Research": true
        },
        "Section": {
          "Results": true
        },
        "Severity": {
          "Severe": true
        },
        "Species": {
          "9606": true
        }
      },
      "citation": {
        "authors": [
          "Cai JP",
          "Chan JF",
          "Chan JM",
          "Chan KH",
          "Chan WM",
          "Chen H",
          "Chen LL",
          "Chen Z",
          "Cheng VC",
          "Chik TS",
          "Choi CY",
          "Hung IF",
          "Ip JD",
          "Lau DP",
          "Leung WS",
          "Lung DC",
          "Luo CT",
          "Ng AC",
          "Poon RW",
          "Tam AR",
          "To KK",
          "Tsang OT",
          "Wu TC",
          "Yip CC",
          "Yuen KY"
        ],
        "date": "2020-03-23",
        "db": "PubMed",
        "db_id": "32213337",
        "db_name": "The Lancet. Infectious diseases",
        "first": "To KK",
        "last": "Yuen KY"
      },
      "evidence": "When compared with mild and common COVID-19, initial univariate analysis of epidemiological, clinical and laboratory variables identified 11 significantly changed risk factors for severe/critical COVID-19, including increased ORs of age, age ≥50 years, period between illness onset and hospital visit, sputum production, any existing medical condition, multiple lung infection, ALT, lactate dehydrogenase (LDH), glucose and CRP, as well as decreased OR of the infected area (online supplementary table 1).",
      "key": "1d01848407e46a969d3ae9b0fe9193c8",
      "line": 102,
      "relation": "positiveCorrelation",
      "source": 11,
      "target": 12
    },
    {
      "annotations": {
        "Custom_Disease": {
          "COVID-19 with gastrointestinal symptoms": true
        },
        "PublicationStatus": {
          "Published": true
        },
        "PublicationType": {
          "Research": true
        },
        "Section": {
          "Results": true
        },
        "Severity": {
          "Severe": true
        },
        "Species": {
          "9606": true
        }
      },
      "citation": {
        "authors": [
          "Cai JP",
          "Chan JF",
          "Chan JM",
          "Chan KH",
          "Chan WM",
          "Chen H",
          "Chen LL",
          "Chen Z",
          "Cheng VC",
          "Chik TS",
          "Choi CY",
          "Hung IF",
          "Ip JD",
          "Lau DP",
          "Leung WS",
          "Lung DC",
          "Luo CT",
          "Ng AC",
          "Poon RW",
          "Tam AR",
          "To KK",
          "Tsang OT",
          "Wu TC",
          "Yip CC",
          "Yuen KY"
        ],
        "date": "2020-03-23",
        "db": "PubMed",
        "db_id": "32213337",
        "db_name": "The Lancet. Infectious diseases",
        "first": "To KK",
        "last": "Yuen KY"
      },
      "evidence": "When compared with mild and common COVID-19, initial univariate analysis of epidemiological, clinical and laboratory variables identified 11 significantly changed risk factors for severe/critical COVID-19, including increased ORs of age, age ≥50 years, period between illness onset and hospital visit, sputum production, any existing medical condition, multiple lung infection, ALT, lactate dehydrogenase (LDH), glucose and CRP, as well as decreased OR of the infected area (online supplementary table 1).",
      "key": "cf8fcb8698bf5aea6bd031cd2357fe51",
      "line": 103,
      "relation": "positiveCorrelation",
      "source": 1,
      "target": 12
    },
    {
      "annotations": {
        "Custom_Disease": {
          "COVID-19 with gastrointestinal symptoms": true
        },
        "PublicationStatus": {
          "Published": true
        },
        "PublicationType": {
          "Research": true
        },
        "Section": {
          "Results": true
        },
        "Severity": {
          "Severe": true
        },
        "Species": {
          "9606": true
        }
      },
      "citation": {
        "authors": [
          "Cai JP",
          "Chan JF",
          "Chan JM",
          "Chan KH",
          "Chan WM",
          "Chen H",
          "Chen LL",
          "Chen Z",
          "Cheng VC",
          "Chik TS",
          "Choi CY",
          "Hung IF",
          "Ip JD",
          "Lau DP",
          "Leung WS",
          "Lung DC",
          "Luo CT",
          "Ng AC",
          "Poon RW",
          "Tam AR",
          "To KK",
          "Tsang OT",
          "Wu TC",
          "Yip CC",
          "Yuen KY"
        ],
        "date": "2020-03-23",
        "db": "PubMed",
        "db_id": "32213337",
        "db_name": "The Lancet. Infectious diseases",
        "first": "To KK",
        "last": "Yuen KY"
      },
      "evidence": "When compared with mild and common COVID-19, initial univariate analysis of epidemiological, clinical and laboratory variables identified 11 significantly changed risk factors for severe/critical COVID-19, including increased ORs of age, age ≥50 years, period between illness onset and hospital visit, sputum production, any existing medical condition, multiple lung infection, ALT, lactate dehydrogenase (LDH), glucose and CRP, as well as decreased OR of the infected area (online supplementary table 1).",
      "key": "4e270bf5ed2372543f13e49fb7bafc00",
      "line": 104,
      "relation": "positiveCorrelation",
      "source": 9,
      "target": 12
    }
  ],
  "multigraph": true,
  "nodes": [
    {
      "bel": "a(CHEBI:\"Interferon alfa-2a\")",
      "concept": {
        "name": "Interferon alfa-2a",
        "namespace": "CHEBI"
      },
      "function": "Abundance",
      "id": "f97581805b74181fc1d3c2843eb95890"
    },
    {
      "bel": "a(CHEBI:glucose)",
      "concept": {
        "name": "glucose",
        "namespace": "CHEBI"
      },
      "function": "Abundance",
      "id": "8b4d8974cf8c0e5830f78bb44168cf4d"
    },
    {
      "bel": "a(CHEBI:lopinavir)",
      "concept": {
        "name": "lopinavir",
        "namespace": "CHEBI"
      },
      "function": "Abundance",
      "id": "540f0a29f78ff437222f25e1c2e1b0fd"
    },
    {
      "bel": "a(CHEBI:ritonavir)",
      "concept": {
        "name": "ritonavir",
        "namespace": "CHEBI"
      },
      "function": "Abundance",
      "id": "07c1651afef7019b0cb107f1ce5fef12"
    },
    {
      "bel": "a(MESH:\"Age of Onset\")",
      "concept": {
        "name": "Age of Onset",
        "namespace": "MESH"
      },
      "function": "Abundance",
      "id": "0896fa3662038c7fd85cf6d48191d84f"
    },
    {
      "bel": "a(MESH:\"Hospice Care\")",
      "concept": {
        "name": "Hospice Care",
        "namespace": "MESH"
      },
      "function": "Abundance",
      "id": "2cad8d0d1ec681ded700a619381bb82c"
    },
    {
      "bel": "a(MESH:\"Patient Isolation\")",
      "concept": {
        "name": "Patient Isolation",
        "namespace": "MESH"
      },
      "function": "Abundance",
      "id": "b4489848988fafca7f13dcc1d4cc9277"
    },
    {
      "bel": "a(MESH:Sputum)",
      "concept": {
        "name": "Sputum",
        "namespace": "MESH"
      },
      "function": "Abundance",
      "id": "415c4a11010a9ebf6801dde6d7b1105c"
    },
    {
      "bel": "a(PUBCHEM:9958103)",
      "concept": {
        "name": "9958103",
        "namespace": "PUBCHEM"
      },
      "function": "Abundance",
      "id": "04f395c4fddf48c868e5afd6c2743372"
    },
    {
      "bel": "p(HGNC:CRP)",
      "concept": {
        "name": "CRP",
        "namespace": "HGNC"
      },
      "function": "Protein",
      "id": "b2238c9ec2ce73112c0f44c8375b7acb"
    },
    {
      "bel": "p(HGNC:GPT)",
      "concept": {
        "name": "GPT",
        "namespace": "HGNC"
      },
      "function": "Protein",
      "id": "86617b0271f3cba1d1ebdf66ff44b39a"
    },
    {
      "bel": "p(HGNC:LDHA)",
      "concept": {
        "name": "LDHA",
        "namespace": "HGNC"
      },
      "function": "Protein",
      "id": "192b81d449af3caef26e890a119b659a"
    },
    {
      "bel": "path(DO:\"COVID-19\")",
      "concept": {
        "name": "COVID-19",
        "namespace": "DO"
      },
      "function": "Pathology",
      "id": "6f9f1c2e8012537e503a758c6bfaff0f"
    },
    {
      "bel": "path(DO:\"adult respiratory distress syndrome\")",
      "concept": {
        "name": "adult respiratory distress syndrome",
        "namespace": "DO"
      },
      "function": "Pathology",
      "id": "13c578f210684ad9f22dd027aa28b11a"
    },
    {
      "bel": "path(DO:\"liver disease\")",
      "concept": {
        "name": "liver disease",
        "namespace": "DO"
      },
      "function": "Pathology",
      "id": "7ace349650daf4963b90a1b187782472"
    },
    {
      "bel": "path(DO:\"lung disease\")",
      "concept": {
        "name": "lung disease",
        "namespace": "DO"
      },
      "function": "Pathology",
      "id": "9179610fdaecbc9e0539454f6ce2b50b"
    },
    {
      "bel": "path(DO:pneumonia)",
      "concept": {
        "name": "pneumonia",
        "namespace": "DO"
      },
      "function": "Pathology",
      "id": "274776fc664e9bfd9c191cca80623b0d"
    },
    {
      "bel": "path(MESH:\"Chemical and Drug Induced Liver Injury\")",
      "concept": {
        "name": "Chemical and Drug Induced Liver Injury",
        "namespace": "MESH"
      },
      "function": "Pathology",
      "id": "da029af5128e2f046890ce5a4658c8d1"
    },
    {
      "bel": "path(MESH:\"Iatrogenic Disease\")",
      "concept": {
        "name": "Iatrogenic Disease",
        "namespace": "MESH"
      },
      "function": "Pathology",
      "id": "b6c4826ea9ca852bdcf7e9177895726a"
    },
    {
      "bel": "path(MESH:Cough)",
      "concept": {
        "name": "Cough",
        "namespace": "MESH"
      },
      "function": "Pathology",
      "id": "9fee4f29ebce7356ac1721785693b80c"
    },
    {
      "bel": "path(MESH:Diarrhea)",
      "concept": {
        "name": "Diarrhea",
        "namespace": "MESH"
      },
      "function": "Pathology",
      "id": "380392a07df61a122a0053ada328efb8"
    },
    {
      "bel": "path(MESH:Dyspnea)",
      "concept": {
        "name": "Dyspnea",
        "namespace": "MESH"
      },
      "function": "Pathology",
      "id": "3f78d64501d3d9478ac9ad623a28ec72"
    },
    {
      "bel": "path(MESH:Fatigue)",
      "concept": {
        "name": "Fatigue",
        "namespace": "MESH"
      },
      "function": "Pathology",
      "id": "d9f7d216d60384a034383bbc94db85cd"
    },
    {
      "bel": "path(MESH:Fever)",
      "concept": {
        "name": "Fever",
        "namespace": "MESH"
      },
      "function": "Pathology",
      "id": "ffc74da80b64d7057f4eff0e06cdd1b6"
    },
    {
      "bel": "path(MESH:Headache)",
      "concept": {
        "name": "Headache",
        "namespace": "MESH"
      },
      "function": "Pathology",
      "id": "2a9db847bd9248b92260deeecc169912"
    },
    {
      "bel": "path(MESH:Nausea)",
      "concept": {
        "name": "Nausea",
        "namespace": "MESH"
      },
      "function": "Pathology",
      "id": "41e2b9e6454d4c63a3654236ce97040f"
    },
    {
      "bel": "path(MESH:Vomiting)",
      "concept": {
        "name": "Vomiting",
        "namespace": "MESH"
      },
      "function": "Pathology",
      "id": "364ae88ab20bb2e8a9fd696110a8f558"
    }
  ]
}