{
  "directed": true,
  "graph": {
    "annotation_list": {
      "Custom_Disease": [
        "COVID-19"
      ],
      "PublicationStatus": [
        "Preprint",
        "Published"
      ],
      "PublicationType": [
        "Case Report",
        "Research",
        "Review"
      ],
      "Section": [
        "Abstract",
        "Full Text",
        "Results"
      ],
      "Technique": [
        "computed tomography"
      ]
    },
    "annotation_pattern": {},
    "annotation_url": {
      "Species": "https://arty.scai.fraunhofer.de/artifactory/bel/annotation/species-taxonomy-id/species-taxonomy-id-20170511.belanno"
    },
    "document_metadata": {
      "authors": "Shounak Baksi",
      "contact": "shounak.baksi@causalitybiomodels.com",
      "copyright": "Copyright © 2020 Fraunhofer Institute SCAI, All rights reserved",
      "description": "COVID Knowledge Curation project",
      "licenses": "Private Ownership to Fraunhofer Institute SCAI",
      "name": "32216961.bel",
      "version": "2.0.0"
    },
    "namespace_pattern": {
      "FIXME": ".*"
    },
    "namespace_url": {
      "DO": "https://arty.scai.fraunhofer.de/artifactory/bel/namespace/disease-ontology/disease-ontology-20200407.belns",
      "EFO": "https://arty.scai.fraunhofer.de/artifactory/bel/namespace/efo/efo-20171206.belns",
      "MESH": "https://arty.scai.fraunhofer.de/artifactory/bel/namespace/mesh/mesh-names-20181007.belns"
    },
    "path": "32216961.bel",
    "pybel_version": "0.14.6"
  },
  "links": [
    {
      "annotations": {
        "Custom_Disease": {
          "COVID-19": true
        },
        "PublicationStatus": {
          "Published": true
        },
        "PublicationType": {
          "Case Report": true
        },
        "Section": {
          "Results": true
        },
        "Species": {
          "9606": true
        }
      },
      "citation": {
        "authors": [
          "Kang S",
          "Tian R",
          "Wang K",
          "Wang Y",
          "Zhang X"
        ],
        "date": "2020-05-01",
        "db": "PubMed",
        "db_id": "32216961",
        "db_name": "Clinical radiology",
        "first": "Wang K",
        "last": "Wang Y",
        "pages": "341-347",
        "volume": "75"
      },
      "evidence": "In the present study, the lung lesions of 48 cases (43.6%) were located in the peripheral zone and lesions of 62 cases (56.4%) involved both the peripheral and the central zones (Fig 1).",
      "key": "6cfe87e918e27d486076ad2f92f353a9",
      "line": 85,
      "relation": "positiveCorrelation",
      "source": 3,
      "target": 4
    },
    {
      "annotations": {
        "Custom_Disease": {
          "COVID-19": true
        },
        "PublicationStatus": {
          "Published": true
        },
        "PublicationType": {
          "Case Report": true
        },
        "Section": {
          "Results": true
        },
        "Species": {
          "9606": true
        }
      },
      "citation": {
        "authors": [
          "Kang S",
          "Tian R",
          "Wang K",
          "Wang Y",
          "Zhang X"
        ],
        "date": "2020-05-01",
        "db": "PubMed",
        "db_id": "32216961",
        "db_name": "Clinical radiology",
        "first": "Wang K",
        "last": "Wang Y",
        "pages": "341-347",
        "volume": "75"
      },
      "evidence": "the progressing stage manifestations were #DEFINEd as GGO and consolidation involving multiple lobes of both lungs; and severe stage manifestations were #DEFINEd as diffuse lesions of both lungs, a few patients might manifest the typical white lung sign, and the air bronchogram sign was common.",
      "key": "10e3819c2661c9a841f58bf27da82c17",
      "line": 93,
      "relation": "positiveCorrelation",
      "source": 3,
      "target": 0
    },
    {
      "annotations": {
        "Custom_Disease": {
          "COVID-19": true
        },
        "PublicationStatus": {
          "Published": true
        },
        "PublicationType": {
          "Case Report": true
        },
        "Section": {
          "Results": true
        },
        "Species": {
          "9606": true
        },
        "Technique": {
          "computed tomography": true
        }
      },
      "citation": {
        "authors": [
          "Kang S",
          "Tian R",
          "Wang K",
          "Wang Y",
          "Zhang X"
        ],
        "date": "2020-05-01",
        "db": "PubMed",
        "db_id": "32216961",
        "db_name": "Clinical radiology",
        "first": "Wang K",
        "last": "Wang Y",
        "pages": "341-347",
        "volume": "75"
      },
      "evidence": "The range of SPO2 under the natural breathing conditions of the patients in this study was 70e99%. Spearman’s correlation statistical analysis was performed on SPO2 and CT staging with results of p<0.05 and r¼e0.446, suggesting a weak negative correlation between the two.",
      "key": "6b5e5faf94eedba741b89bfe6dc2b56e",
      "line": 101,
      "relation": "negativeCorrelation",
      "source": 3,
      "target": 2
    },
    {
      "annotations": {
        "Custom_Disease": {
          "COVID-19": true
        },
        "PublicationStatus": {
          "Published": true
        },
        "PublicationType": {
          "Case Report": true
        },
        "Section": {
          "Results": true
        },
        "Species": {
          "9606": true
        },
        "Technique": {
          "computed tomography": true
        }
      },
      "citation": {
        "authors": [
          "Kang S",
          "Tian R",
          "Wang K",
          "Wang Y",
          "Zhang X"
        ],
        "date": "2020-05-01",
        "db": "PubMed",
        "db_id": "32216961",
        "db_name": "Clinical radiology",
        "first": "Wang K",
        "last": "Wang Y",
        "pages": "341-347",
        "volume": "75"
      },
      "evidence": "The lymphocyte numbers of the patients were estimated from the routine blood test data at the time of admission or initial diagnosis. Spearman’s correlation statistical analysis was performed on lymphocyte numbers and CT staging with results of p<0.05 and r¼\u00010.780, suggesting a moderate negative correlation between the two.",
      "key": "8fdb5dc12effeb5aeb67165e393b1064",
      "line": 109,
      "relation": "negativeCorrelation",
      "source": 3,
      "target": 1
    },
    {
      "annotations": {
        "Custom_Disease": {
          "COVID-19": true
        },
        "PublicationStatus": {
          "Published": true
        },
        "PublicationType": {
          "Case Report": true
        },
        "Section": {
          "Results": true
        },
        "Species": {
          "9606": true
        }
      },
      "citation": {
        "authors": [
          "Kang S",
          "Tian R",
          "Wang K",
          "Wang Y",
          "Zhang X"
        ],
        "date": "2020-05-01",
        "db": "PubMed",
        "db_id": "32216961",
        "db_name": "Clinical radiology",
        "first": "Wang K",
        "last": "Wang Y",
        "pages": "341-347",
        "volume": "75"
      },
      "evidence": "Patient 1, a 52-year-old woman with a history of hypothyroidism, was admitted on 21 January 2020, complaining of fever of 5 days duration with 38.6\u0005C as the highest body temperature.",
      "key": "f48a0c922b9ad5311d7a16666a46183b",
      "line": 116,
      "relation": "association",
      "source": 3,
      "target": 6
    },
    {
      "annotations": {
        "Custom_Disease": {
          "COVID-19": true
        },
        "PublicationStatus": {
          "Published": true
        },
        "PublicationType": {
          "Case Report": true
        },
        "Section": {
          "Results": true
        },
        "Species": {
          "9606": true
        },
        "Technique": {
          "computed tomography": true
        }
      },
      "citation": {
        "authors": [
          "Kang S",
          "Tian R",
          "Wang K",
          "Wang Y",
          "Zhang X"
        ],
        "date": "2020-05-01",
        "db": "PubMed",
        "db_id": "32216961",
        "db_name": "Clinical radiology",
        "first": "Wang K",
        "last": "Wang Y",
        "pages": "341-347",
        "volume": "75"
      },
      "evidence": "CT showed multiple scattered GGO shadows in the periphery zone of both lungs with a typical Rosa roxburghii sign, suggesting a high possibility of viral pneumonia in both lungs.",
      "key": "25cb69d59191433942688db1a6383f15",
      "line": 123,
      "relation": "positiveCorrelation",
      "source": 3,
      "target": 5
    },
    {
      "annotations": {
        "Custom_Disease": {
          "COVID-19": true
        },
        "PublicationStatus": {
          "Published": true
        },
        "PublicationType": {
          "Case Report": true
        },
        "Section": {
          "Results": true
        },
        "Species": {
          "9606": true
        }
      },
      "citation": {
        "authors": [
          "Kang S",
          "Tian R",
          "Wang K",
          "Wang Y",
          "Zhang X"
        ],
        "date": "2020-05-01",
        "db": "PubMed",
        "db_id": "32216961",
        "db_name": "Clinical radiology",
        "first": "Wang K",
        "last": "Wang Y",
        "pages": "341-347",
        "volume": "75"
      },
      "evidence": "In the present study, the lung lesions of 48 cases (43.6%) were located in the peripheral zone and lesions of 62 cases (56.4%) involved both the peripheral and the central zones (Fig 1).",
      "key": "977b6761d60ae2708b3ed9771ea393a8",
      "line": 85,
      "relation": "positiveCorrelation",
      "source": 4,
      "target": 3
    },
    {
      "annotations": {
        "Custom_Disease": {
          "COVID-19": true
        },
        "PublicationStatus": {
          "Published": true
        },
        "PublicationType": {
          "Case Report": true
        },
        "Section": {
          "Results": true
        },
        "Species": {
          "9606": true
        }
      },
      "citation": {
        "authors": [
          "Kang S",
          "Tian R",
          "Wang K",
          "Wang Y",
          "Zhang X"
        ],
        "date": "2020-05-01",
        "db": "PubMed",
        "db_id": "32216961",
        "db_name": "Clinical radiology",
        "first": "Wang K",
        "last": "Wang Y",
        "pages": "341-347",
        "volume": "75"
      },
      "evidence": "the progressing stage manifestations were #DEFINEd as GGO and consolidation involving multiple lobes of both lungs; and severe stage manifestations were #DEFINEd as diffuse lesions of both lungs, a few patients might manifest the typical white lung sign, and the air bronchogram sign was common.",
      "key": "1456e660246a659abe3512f68cd3c44c",
      "line": 93,
      "relation": "positiveCorrelation",
      "source": 0,
      "target": 3
    },
    {
      "annotations": {
        "Custom_Disease": {
          "COVID-19": true
        },
        "PublicationStatus": {
          "Published": true
        },
        "PublicationType": {
          "Case Report": true
        },
        "Section": {
          "Results": true
        },
        "Species": {
          "9606": true
        },
        "Technique": {
          "computed tomography": true
        }
      },
      "citation": {
        "authors": [
          "Kang S",
          "Tian R",
          "Wang K",
          "Wang Y",
          "Zhang X"
        ],
        "date": "2020-05-01",
        "db": "PubMed",
        "db_id": "32216961",
        "db_name": "Clinical radiology",
        "first": "Wang K",
        "last": "Wang Y",
        "pages": "341-347",
        "volume": "75"
      },
      "evidence": "The range of SPO2 under the natural breathing conditions of the patients in this study was 70e99%. Spearman’s correlation statistical analysis was performed on SPO2 and CT staging with results of p<0.05 and r¼e0.446, suggesting a weak negative correlation between the two.",
      "key": "fa6ed21fffb6725341820792a6a14fc8",
      "line": 101,
      "relation": "negativeCorrelation",
      "source": 2,
      "target": 3
    },
    {
      "annotations": {
        "Custom_Disease": {
          "COVID-19": true
        },
        "PublicationStatus": {
          "Published": true
        },
        "PublicationType": {
          "Case Report": true
        },
        "Section": {
          "Results": true
        },
        "Species": {
          "9606": true
        },
        "Technique": {
          "computed tomography": true
        }
      },
      "citation": {
        "authors": [
          "Kang S",
          "Tian R",
          "Wang K",
          "Wang Y",
          "Zhang X"
        ],
        "date": "2020-05-01",
        "db": "PubMed",
        "db_id": "32216961",
        "db_name": "Clinical radiology",
        "first": "Wang K",
        "last": "Wang Y",
        "pages": "341-347",
        "volume": "75"
      },
      "evidence": "The lymphocyte numbers of the patients were estimated from the routine blood test data at the time of admission or initial diagnosis. Spearman’s correlation statistical analysis was performed on lymphocyte numbers and CT staging with results of p<0.05 and r¼\u00010.780, suggesting a moderate negative correlation between the two.",
      "key": "bb810f9d48fecc8d1691de9fa953a679",
      "line": 109,
      "relation": "negativeCorrelation",
      "source": 1,
      "target": 3
    },
    {
      "annotations": {
        "Custom_Disease": {
          "COVID-19": true
        },
        "PublicationStatus": {
          "Published": true
        },
        "PublicationType": {
          "Case Report": true
        },
        "Section": {
          "Results": true
        },
        "Species": {
          "9606": true
        }
      },
      "citation": {
        "authors": [
          "Kang S",
          "Tian R",
          "Wang K",
          "Wang Y",
          "Zhang X"
        ],
        "date": "2020-05-01",
        "db": "PubMed",
        "db_id": "32216961",
        "db_name": "Clinical radiology",
        "first": "Wang K",
        "last": "Wang Y",
        "pages": "341-347",
        "volume": "75"
      },
      "evidence": "Patient 1, a 52-year-old woman with a history of hypothyroidism, was admitted on 21 January 2020, complaining of fever of 5 days duration with 38.6\u0005C as the highest body temperature.",
      "key": "86c2f6d831cab8af378faacecb3ea86e",
      "line": 116,
      "relation": "association",
      "source": 6,
      "target": 3
    },
    {
      "annotations": {
        "Custom_Disease": {
          "COVID-19": true
        },
        "PublicationStatus": {
          "Published": true
        },
        "PublicationType": {
          "Case Report": true
        },
        "Section": {
          "Results": true
        },
        "Species": {
          "9606": true
        },
        "Technique": {
          "computed tomography": true
        }
      },
      "citation": {
        "authors": [
          "Kang S",
          "Tian R",
          "Wang K",
          "Wang Y",
          "Zhang X"
        ],
        "date": "2020-05-01",
        "db": "PubMed",
        "db_id": "32216961",
        "db_name": "Clinical radiology",
        "first": "Wang K",
        "last": "Wang Y",
        "pages": "341-347",
        "volume": "75"
      },
      "evidence": "CT showed multiple scattered GGO shadows in the periphery zone of both lungs with a typical Rosa roxburghii sign, suggesting a high possibility of viral pneumonia in both lungs.",
      "key": "04ea0e772fc969b52c4f3055e23ab996",
      "line": 123,
      "relation": "positiveCorrelation",
      "source": 5,
      "target": 3
    }
  ],
  "multigraph": true,
  "nodes": [
    {
      "bel": "a(FIXME:\"air bronchogram\")",
      "concept": {
        "name": "air bronchogram",
        "namespace": "FIXME"
      },
      "function": "Abundance",
      "id": "4a8d77168196a7127f34cec064b155c4"
    },
    {
      "bel": "a(MESH:Lymphocytes)",
      "concept": {
        "name": "Lymphocytes",
        "namespace": "MESH"
      },
      "function": "Abundance",
      "id": "05994a861f52857ee7dd98e839952695"
    },
    {
      "bel": "bp(EFO:\"oxygen saturation measurement\")",
      "concept": {
        "name": "oxygen saturation measurement",
        "namespace": "EFO"
      },
      "function": "BiologicalProcess",
      "id": "570d780522df14740ff504bed6f67777"
    },
    {
      "bel": "path(DO:\"COVID-19\")",
      "concept": {
        "name": "COVID-19",
        "namespace": "DO"
      },
      "function": "Pathology",
      "id": "6f9f1c2e8012537e503a758c6bfaff0f"
    },
    {
      "bel": "path(DO:\"pulmonary coin lesion\")",
      "concept": {
        "name": "pulmonary coin lesion",
        "namespace": "DO"
      },
      "function": "Pathology",
      "id": "c0d618c66e868ef70737b6f44d4a5747"
    },
    {
      "bel": "path(DO:\"viral pneumonia\")",
      "concept": {
        "name": "viral pneumonia",
        "namespace": "DO"
      },
      "function": "Pathology",
      "id": "d5680e5b767d58870e63b3f606ac54e9"
    },
    {
      "bel": "path(MESH:Fever)",
      "concept": {
        "name": "Fever",
        "namespace": "MESH"
      },
      "function": "Pathology",
      "id": "ffc74da80b64d7057f4eff0e06cdd1b6"
    }
  ]
}