{
  "directed": true,
  "graph": {
    "annotation_list": {
      "Country": [
        "China",
        "Korea"
      ],
      "PublicationStatus": [
        "Preprint"
      ],
      "PublicationType": [
        "Editorial"
      ],
      "Section": [
        "Full Text"
      ],
      "population_type": [
        "European"
      ]
    },
    "annotation_pattern": {},
    "annotation_url": {
      "Species": "https://arty.scai.fraunhofer.de/artifactory/bel/annotation/species-taxonomy-id/species-taxonomy-id-20170511.belanno"
    },
    "document_metadata": {
      "authors": "Priya S",
      "contact": "priya@causalitybiomodels.com",
      "copyright": "Copyright © 2020 Fraunhofer Institute SCAI, All rights reserved",
      "description": "COVID Knowledge Curation project",
      "licenses": "Private Ownership to Fraunhofer Institute SCAI",
      "name": "32220422.bel",
      "version": "2.0.0"
    },
    "namespace_pattern": {
      "PUBCHEM": "^\\d+$",
      "UNIPROT": "^([A-N,R-Z][0-9]([A-Z][A-Z, 0-9][A-Z, 0-9][0-9]){1,2})|([O,P,Q][0-9][A-Z, 0-9][A-Z, 0-9][A-Z, 0-9][0-9])(\\.\\d+)?$",
      "dbSNP": "rs[0-9]+"
    },
    "namespace_url": {
      "DO": "https://arty.scai.fraunhofer.de/artifactory/bel/namespace/disease-ontology/disease-ontology-20200407.belns",
      "GFAM": "https://arty.scai.fraunhofer.de/artifactory/bel/namespace/hgnc-gene-families/hgnc-genefamily-names-20181221.belns",
      "GO": "https://arty.scai.fraunhofer.de/artifactory/bel/namespace/go/go-20180109.belns",
      "HGNC": "https://arty.scai.fraunhofer.de/artifactory/bel/namespace/hgnc/hgnc-20190708.belns",
      "HP": "https://arty.scai.fraunhofer.de/artifactory/bel/namespace/hp/hp-20190130.belns",
      "MESH": "https://arty.scai.fraunhofer.de/artifactory/bel/namespace/mesh/mesh-names-20181007.belns",
      "TAX": "https://arty.scai.fraunhofer.de/artifactory/bel/namespace/ncbi-taxonomy/ncbi-taxonomy-20200322.belns"
    },
    "path": "32220422.bel",
    "pybel_version": "0.14.6"
  },
  "links": [
    {
      "annotations": {
        "PublicationStatus": {
          "Preprint": true
        },
        "PublicationType": {
          "Editorial": true
        },
        "Section": {
          "Full Text": true
        },
        "Species": {
          "9606": true
        }
      },
      "citation": {
        "authors": [
          "De Buyzere ML",
          "Delanghe JR",
          "Speeckaert MM"
        ],
        "date": "2020-03-24",
        "db": "PubMed",
        "db_id": "32220422",
        "db_name": "Clinica chimica acta; international journal of clinical chemistry",
        "first": "Delanghe JR",
        "last": "De Buyzere ML",
        "pages": "192-193",
        "volume": "505"
      },
      "evidence": "We know that angiotensin converting enzyme is involved in corona virus infection. Pathogenic coronaviruses (severe acute respiratory syndrome coronavirus [SARS-CoV] and SARS-CoV-2) bind to their target cells through angiotensin-converting enzyme 2 (ACE2), [3,4].",
      "key": "81857c5f53b572ee034617cefaefc8be",
      "line": 55,
      "relation": "association",
      "source": 5,
      "target": 9
    },
    {
      "annotations": {
        "PublicationStatus": {
          "Preprint": true
        },
        "PublicationType": {
          "Editorial": true
        },
        "Section": {
          "Full Text": true
        },
        "Species": {
          "9606": true
        }
      },
      "citation": {
        "authors": [
          "De Buyzere ML",
          "Delanghe JR",
          "Speeckaert MM"
        ],
        "date": "2020-03-24",
        "db": "PubMed",
        "db_id": "32220422",
        "db_name": "Clinica chimica acta; international journal of clinical chemistry",
        "first": "Delanghe JR",
        "last": "De Buyzere ML",
        "pages": "192-193",
        "volume": "505"
      },
      "evidence": "We know that angiotensin converting enzyme is involved in corona virus infection. Pathogenic coronaviruses (severe acute respiratory syndrome coronavirus [SARS-CoV] and SARS-CoV-2) bind to their target cells through angiotensin-converting enzyme 2 (ACE2), [3,4].",
      "key": "dcd6222868994fced83c0fd84a87b987",
      "line": 55,
      "relation": "association",
      "source": 9,
      "target": 5
    },
    {
      "annotations": {
        "PublicationStatus": {
          "Preprint": true
        },
        "PublicationType": {
          "Editorial": true
        },
        "Section": {
          "Full Text": true
        },
        "Species": {
          "9606": true
        }
      },
      "citation": {
        "authors": [
          "De Buyzere ML",
          "Delanghe JR",
          "Speeckaert MM"
        ],
        "date": "2020-03-24",
        "db": "PubMed",
        "db_id": "32220422",
        "db_name": "Clinica chimica acta; international journal of clinical chemistry",
        "first": "Delanghe JR",
        "last": "De Buyzere ML",
        "pages": "192-193",
        "volume": "505"
      },
      "evidence": "We know that angiotensin converting enzyme is involved in corona virus infection. Pathogenic coronaviruses (severe acute respiratory syndrome coronavirus [SARS-CoV] and SARS-CoV-2) bind to their target cells through angiotensin-converting enzyme 2 (ACE2), [3,4].",
      "key": "d46242424cfec3f0e95f2d9b1679fdf1",
      "line": 56,
      "relation": "positiveCorrelation",
      "source": 9,
      "target": 3
    },
    {
      "annotations": {
        "Country": {
          "China": true,
          "Korea": true
        },
        "PublicationStatus": {
          "Preprint": true
        },
        "PublicationType": {
          "Editorial": true
        },
        "Section": {
          "Full Text": true
        },
        "Species": {
          "9606": true
        }
      },
      "citation": {
        "authors": [
          "De Buyzere ML",
          "Delanghe JR",
          "Speeckaert MM"
        ],
        "date": "2020-03-24",
        "db": "PubMed",
        "db_id": "32220422",
        "db_name": "Clinica chimica acta; international journal of clinical chemistry",
        "first": "Delanghe JR",
        "last": "De Buyzere ML",
        "pages": "192-193",
        "volume": "505"
      },
      "evidence": "It should also be noted that the two Asian countries which were initially severely hit by the virus, China and Korea, are also characterized by low D allele frequencies.",
      "key": "348ebd8dd10c5cfa37c4ea2a6793bfd6",
      "line": 85,
      "relation": "negativeCorrelation",
      "source": 9,
      "target": 7
    },
    {
      "annotations": {
        "Country": {
          "China": true,
          "Korea": true
        },
        "PublicationStatus": {
          "Preprint": true
        },
        "PublicationType": {
          "Editorial": true
        },
        "Section": {
          "Full Text": true
        },
        "Species": {
          "9606": true
        },
        "population_type": {
          "European": true
        }
      },
      "citation": {
        "authors": [
          "De Buyzere ML",
          "Delanghe JR",
          "Speeckaert MM"
        ],
        "date": "2020-03-24",
        "db": "PubMed",
        "db_id": "32220422",
        "db_name": "Clinica chimica acta; international journal of clinical chemistry",
        "first": "Delanghe JR",
        "last": "De Buyzere ML",
        "pages": "192-193",
        "volume": "505"
      },
      "evidence": "These data suggest that ACE1 D/I polymorphism may be regarded as a confounder in the spread of COVID-19 and the outcome of the infection in various European populations. These findings are in agreement with the role of ACE in pulmonary infections caused by coronaviruses [4].",
      "key": "584817170356e33ce5e848b3d9fe44f1",
      "line": 95,
      "relation": "positiveCorrelation",
      "source": 9,
      "target": 7
    },
    {
      "annotations": {
        "Country": {
          "China": true,
          "Korea": true
        },
        "PublicationStatus": {
          "Preprint": true
        },
        "PublicationType": {
          "Editorial": true
        },
        "Section": {
          "Full Text": true
        },
        "Species": {
          "9606": true
        },
        "population_type": {
          "European": true
        }
      },
      "citation": {
        "authors": [
          "De Buyzere ML",
          "Delanghe JR",
          "Speeckaert MM"
        ],
        "date": "2020-03-24",
        "db": "PubMed",
        "db_id": "32220422",
        "db_name": "Clinica chimica acta; international journal of clinical chemistry",
        "first": "Delanghe JR",
        "last": "De Buyzere ML",
        "pages": "192-193",
        "volume": "505"
      },
      "evidence": "These data suggest that ACE1 D/I polymorphism may be regarded as a confounder in the spread of COVID-19 and the outcome of the infection in various European populations. These findings are in agreement with the role of ACE in pulmonary infections caused by coronaviruses [4].",
      "key": "a17ae0ce98805b1860d559a5d518e923",
      "line": 96,
      "relation": "positiveCorrelation",
      "source": 9,
      "target": 11
    },
    {
      "annotations": {
        "PublicationStatus": {
          "Preprint": true
        },
        "PublicationType": {
          "Editorial": true
        },
        "Section": {
          "Full Text": true
        },
        "Species": {
          "9606": true
        }
      },
      "citation": {
        "authors": [
          "De Buyzere ML",
          "Delanghe JR",
          "Speeckaert MM"
        ],
        "date": "2020-03-24",
        "db": "PubMed",
        "db_id": "32220422",
        "db_name": "Clinica chimica acta; international journal of clinical chemistry",
        "first": "Delanghe JR",
        "last": "De Buyzere ML",
        "pages": "192-193",
        "volume": "505"
      },
      "evidence": "We know that angiotensin converting enzyme is involved in corona virus infection. Pathogenic coronaviruses (severe acute respiratory syndrome coronavirus [SARS-CoV] and SARS-CoV-2) bind to their target cells through angiotensin-converting enzyme 2 (ACE2), [3,4].",
      "key": "399ffaffc4a0224fa7fb4197bcbca7c1",
      "line": 56,
      "relation": "positiveCorrelation",
      "source": 3,
      "target": 9
    },
    {
      "key": "9b5e6ebdb508b622c266b4b986bd47ee",
      "relation": "partOf",
      "source": 0,
      "target": 3
    },
    {
      "key": "52cb6d8fcf894bbfe8497cecebc5b0d1",
      "relation": "partOf",
      "source": 8,
      "target": 3
    },
    {
      "key": "44a4b634ca32139aded9fc5a719f4996",
      "relation": "partOf",
      "source": 8,
      "target": 4
    },
    {
      "annotations": {
        "PublicationStatus": {
          "Preprint": true
        },
        "PublicationType": {
          "Editorial": true
        },
        "Section": {
          "Full Text": true
        },
        "Species": {
          "9606": true
        }
      },
      "citation": {
        "authors": [
          "De Buyzere ML",
          "Delanghe JR",
          "Speeckaert MM"
        ],
        "date": "2020-03-24",
        "db": "PubMed",
        "db_id": "32220422",
        "db_name": "Clinica chimica acta; international journal of clinical chemistry",
        "first": "Delanghe JR",
        "last": "De Buyzere ML",
        "pages": "192-193",
        "volume": "505"
      },
      "evidence": "Not only has ACE2 facilitated the invasion of SARS virus for rapid replication, but also ACE2 is depleted from the cell membrane and therefore the damaging effects of Ang II are enhanced, resulting in acute deterioration of lung tissues [5].",
      "key": "b2528097690ac9299a3e5ba70eebe2f3",
      "line": 66,
      "relation": "negativeCorrelation",
      "source": 8,
      "subject": {
        "location": {
          "name": "host cell membrane",
          "namespace": "GO"
        }
      },
      "target": 1
    },
    {
      "annotations": {
        "PublicationStatus": {
          "Preprint": true
        },
        "PublicationType": {
          "Editorial": true
        },
        "Section": {
          "Full Text": true
        },
        "Species": {
          "9606": true
        }
      },
      "citation": {
        "authors": [
          "De Buyzere ML",
          "Delanghe JR",
          "Speeckaert MM"
        ],
        "date": "2020-03-24",
        "db": "PubMed",
        "db_id": "32220422",
        "db_name": "Clinica chimica acta; international journal of clinical chemistry",
        "first": "Delanghe JR",
        "last": "De Buyzere ML",
        "pages": "192-193",
        "volume": "505"
      },
      "evidence": "The angiotensin-converting 1 (ACE1) enzyme is characterized by a genetic deletion/insertion (D/I) polymorphism in intron 16, which is associated with alterations in circulating and tissue concentrations of ACE. The D allele is associated with a reduced expression of ACE2.",
      "key": "2fc7166ca2844ce64074d4ad92912e1e",
      "line": 76,
      "relation": "negativeCorrelation",
      "source": 8,
      "target": 7
    },
    {
      "annotations": {
        "PublicationStatus": {
          "Preprint": true
        },
        "PublicationType": {
          "Editorial": true
        },
        "Section": {
          "Full Text": true
        },
        "Species": {
          "9606": true
        }
      },
      "citation": {
        "authors": [
          "De Buyzere ML",
          "Delanghe JR",
          "Speeckaert MM"
        ],
        "date": "2020-03-24",
        "db": "PubMed",
        "db_id": "32220422",
        "db_name": "Clinica chimica acta; international journal of clinical chemistry",
        "first": "Delanghe JR",
        "last": "De Buyzere ML",
        "pages": "192-193",
        "volume": "505"
      },
      "evidence": "Not only has ACE2 facilitated the invasion of SARS virus for rapid replication, but also ACE2 is depleted from the cell membrane and therefore the damaging effects of Ang II are enhanced, resulting in acute deterioration of lung tissues [5].",
      "key": "0c0196999b91885097472aa75faae9d2",
      "line": 65,
      "relation": "positiveCorrelation",
      "source": 4,
      "target": 2
    },
    {
      "key": "99fd5b71af427449b3c299ded846d810",
      "relation": "partOf",
      "source": 1,
      "target": 4
    },
    {
      "annotations": {
        "PublicationStatus": {
          "Preprint": true
        },
        "PublicationType": {
          "Editorial": true
        },
        "Section": {
          "Full Text": true
        },
        "Species": {
          "9606": true
        }
      },
      "citation": {
        "authors": [
          "De Buyzere ML",
          "Delanghe JR",
          "Speeckaert MM"
        ],
        "date": "2020-03-24",
        "db": "PubMed",
        "db_id": "32220422",
        "db_name": "Clinica chimica acta; international journal of clinical chemistry",
        "first": "Delanghe JR",
        "last": "De Buyzere ML",
        "pages": "192-193",
        "volume": "505"
      },
      "evidence": "Not only has ACE2 facilitated the invasion of SARS virus for rapid replication, but also ACE2 is depleted from the cell membrane and therefore the damaging effects of Ang II are enhanced, resulting in acute deterioration of lung tissues [5].",
      "key": "e7c3e8161f8f79bdc3c52b4deb99d6b4",
      "line": 66,
      "object": {
        "location": {
          "name": "host cell membrane",
          "namespace": "GO"
        }
      },
      "relation": "negativeCorrelation",
      "source": 1,
      "target": 8
    },
    {
      "annotations": {
        "PublicationStatus": {
          "Preprint": true
        },
        "PublicationType": {
          "Editorial": true
        },
        "Section": {
          "Full Text": true
        },
        "Species": {
          "9606": true
        }
      },
      "citation": {
        "authors": [
          "De Buyzere ML",
          "Delanghe JR",
          "Speeckaert MM"
        ],
        "date": "2020-03-24",
        "db": "PubMed",
        "db_id": "32220422",
        "db_name": "Clinica chimica acta; international journal of clinical chemistry",
        "first": "Delanghe JR",
        "last": "De Buyzere ML",
        "pages": "192-193",
        "volume": "505"
      },
      "evidence": "Not only has ACE2 facilitated the invasion of SARS virus for rapid replication, but also ACE2 is depleted from the cell membrane and therefore the damaging effects of Ang II are enhanced, resulting in acute deterioration of lung tissues [5].",
      "key": "faa9f51193a8628d4617efefd51d107f",
      "line": 67,
      "relation": "positiveCorrelation",
      "source": 1,
      "target": 10
    },
    {
      "annotations": {
        "PublicationStatus": {
          "Preprint": true
        },
        "PublicationType": {
          "Editorial": true
        },
        "Section": {
          "Full Text": true
        },
        "Species": {
          "9606": true
        }
      },
      "citation": {
        "authors": [
          "De Buyzere ML",
          "Delanghe JR",
          "Speeckaert MM"
        ],
        "date": "2020-03-24",
        "db": "PubMed",
        "db_id": "32220422",
        "db_name": "Clinica chimica acta; international journal of clinical chemistry",
        "first": "Delanghe JR",
        "last": "De Buyzere ML",
        "pages": "192-193",
        "volume": "505"
      },
      "evidence": "Not only has ACE2 facilitated the invasion of SARS virus for rapid replication, but also ACE2 is depleted from the cell membrane and therefore the damaging effects of Ang II are enhanced, resulting in acute deterioration of lung tissues [5].",
      "key": "885c551ef2584cdb2646e087dc5ee471",
      "line": 65,
      "relation": "positiveCorrelation",
      "source": 2,
      "target": 4
    },
    {
      "annotations": {
        "PublicationStatus": {
          "Preprint": true
        },
        "PublicationType": {
          "Editorial": true
        },
        "Section": {
          "Full Text": true
        },
        "Species": {
          "9606": true
        }
      },
      "citation": {
        "authors": [
          "De Buyzere ML",
          "Delanghe JR",
          "Speeckaert MM"
        ],
        "date": "2020-03-24",
        "db": "PubMed",
        "db_id": "32220422",
        "db_name": "Clinica chimica acta; international journal of clinical chemistry",
        "first": "Delanghe JR",
        "last": "De Buyzere ML",
        "pages": "192-193",
        "volume": "505"
      },
      "evidence": "Not only has ACE2 facilitated the invasion of SARS virus for rapid replication, but also ACE2 is depleted from the cell membrane and therefore the damaging effects of Ang II are enhanced, resulting in acute deterioration of lung tissues [5].",
      "key": "ecbf30a8965268b99b10d2b105dd19f6",
      "line": 67,
      "relation": "positiveCorrelation",
      "source": 10,
      "target": 1
    },
    {
      "annotations": {
        "PublicationStatus": {
          "Preprint": true
        },
        "PublicationType": {
          "Editorial": true
        },
        "Section": {
          "Full Text": true
        },
        "Species": {
          "9606": true
        }
      },
      "citation": {
        "authors": [
          "De Buyzere ML",
          "Delanghe JR",
          "Speeckaert MM"
        ],
        "date": "2020-03-24",
        "db": "PubMed",
        "db_id": "32220422",
        "db_name": "Clinica chimica acta; international journal of clinical chemistry",
        "first": "Delanghe JR",
        "last": "De Buyzere ML",
        "pages": "192-193",
        "volume": "505"
      },
      "evidence": "The angiotensin-converting 1 (ACE1) enzyme is characterized by a genetic deletion/insertion (D/I) polymorphism in intron 16, which is associated with alterations in circulating and tissue concentrations of ACE. The D allele is associated with a reduced expression of ACE2.",
      "key": "24a02ae0f563d0bfaa0db259b75f6cd3",
      "line": 76,
      "relation": "negativeCorrelation",
      "source": 7,
      "target": 8
    },
    {
      "annotations": {
        "Country": {
          "China": true,
          "Korea": true
        },
        "PublicationStatus": {
          "Preprint": true
        },
        "PublicationType": {
          "Editorial": true
        },
        "Section": {
          "Full Text": true
        },
        "Species": {
          "9606": true
        }
      },
      "citation": {
        "authors": [
          "De Buyzere ML",
          "Delanghe JR",
          "Speeckaert MM"
        ],
        "date": "2020-03-24",
        "db": "PubMed",
        "db_id": "32220422",
        "db_name": "Clinica chimica acta; international journal of clinical chemistry",
        "first": "Delanghe JR",
        "last": "De Buyzere ML",
        "pages": "192-193",
        "volume": "505"
      },
      "evidence": "It should also be noted that the two Asian countries which were initially severely hit by the virus, China and Korea, are also characterized by low D allele frequencies.",
      "key": "ebe41c12f45f211bafdea1fd796cf65e",
      "line": 85,
      "relation": "negativeCorrelation",
      "source": 7,
      "target": 9
    },
    {
      "annotations": {
        "Country": {
          "China": true,
          "Korea": true
        },
        "PublicationStatus": {
          "Preprint": true
        },
        "PublicationType": {
          "Editorial": true
        },
        "Section": {
          "Full Text": true
        },
        "Species": {
          "9606": true
        },
        "population_type": {
          "European": true
        }
      },
      "citation": {
        "authors": [
          "De Buyzere ML",
          "Delanghe JR",
          "Speeckaert MM"
        ],
        "date": "2020-03-24",
        "db": "PubMed",
        "db_id": "32220422",
        "db_name": "Clinica chimica acta; international journal of clinical chemistry",
        "first": "Delanghe JR",
        "last": "De Buyzere ML",
        "pages": "192-193",
        "volume": "505"
      },
      "evidence": "These data suggest that ACE1 D/I polymorphism may be regarded as a confounder in the spread of COVID-19 and the outcome of the infection in various European populations. These findings are in agreement with the role of ACE in pulmonary infections caused by coronaviruses [4].",
      "key": "2f80cf64962a718e96596aa5e6090fa4",
      "line": 95,
      "relation": "positiveCorrelation",
      "source": 7,
      "target": 9
    },
    {
      "key": "5932b9557ed1e6561ed2459566454f76",
      "relation": "hasVariant",
      "source": 6,
      "target": 7
    },
    {
      "annotations": {
        "Country": {
          "China": true,
          "Korea": true
        },
        "PublicationStatus": {
          "Preprint": true
        },
        "PublicationType": {
          "Editorial": true
        },
        "Section": {
          "Full Text": true
        },
        "Species": {
          "9606": true
        },
        "population_type": {
          "European": true
        }
      },
      "citation": {
        "authors": [
          "De Buyzere ML",
          "Delanghe JR",
          "Speeckaert MM"
        ],
        "date": "2020-03-24",
        "db": "PubMed",
        "db_id": "32220422",
        "db_name": "Clinica chimica acta; international journal of clinical chemistry",
        "first": "Delanghe JR",
        "last": "De Buyzere ML",
        "pages": "192-193",
        "volume": "505"
      },
      "evidence": "These data suggest that ACE1 D/I polymorphism may be regarded as a confounder in the spread of COVID-19 and the outcome of the infection in various European populations. These findings are in agreement with the role of ACE in pulmonary infections caused by coronaviruses [4].",
      "key": "ab82c7e7e111821c3cb37b341b51f26a",
      "line": 96,
      "relation": "positiveCorrelation",
      "source": 11,
      "target": 9
    }
  ],
  "multigraph": true,
  "nodes": [
    {
      "bel": "a(TAX:\"Severe acute respiratory syndrome coronavirus 2\")",
      "concept": {
        "name": "Severe acute respiratory syndrome coronavirus 2",
        "namespace": "TAX"
      },
      "function": "Abundance",
      "id": "c41851da59cc36c21b2e8acf24c1f46d"
    },
    {
      "bel": "a(TAX:\"Severe acute respiratory syndrome-related coronavirus\")",
      "concept": {
        "name": "Severe acute respiratory syndrome-related coronavirus",
        "namespace": "TAX"
      },
      "function": "Abundance",
      "id": "a824ba056422b4e42996cd3269ec9a19"
    },
    {
      "bel": "bp(MESH:\"Virus Replication\")",
      "concept": {
        "name": "Virus Replication",
        "namespace": "MESH"
      },
      "function": "BiologicalProcess",
      "id": "f511c0a55a7b8aa880279fba6181fd8c"
    },
    {
      "bel": "complex(a(TAX:\"Severe acute respiratory syndrome coronavirus 2\"), p(HGNC:ACE2))",
      "function": "Complex",
      "id": "146428e3b0f07633969567cac441971e",
      "members": [
        {
          "bel": "a(TAX:\"Severe acute respiratory syndrome coronavirus 2\")",
          "concept": {
            "name": "Severe acute respiratory syndrome coronavirus 2",
            "namespace": "TAX"
          },
          "function": "Abundance",
          "id": "c41851da59cc36c21b2e8acf24c1f46d"
        },
        {
          "bel": "p(HGNC:ACE2)",
          "concept": {
            "name": "ACE2",
            "namespace": "HGNC"
          },
          "function": "Protein",
          "id": "bb9a231a2c68ff8f3bad2adad9ed6a94"
        }
      ]
    },
    {
      "bel": "complex(a(TAX:\"Severe acute respiratory syndrome-related coronavirus\"), p(HGNC:ACE2))",
      "function": "Complex",
      "id": "c4918aaf8ae8229143e4b1dab5df7531",
      "members": [
        {
          "bel": "a(TAX:\"Severe acute respiratory syndrome-related coronavirus\")",
          "concept": {
            "name": "Severe acute respiratory syndrome-related coronavirus",
            "namespace": "TAX"
          },
          "function": "Abundance",
          "id": "a824ba056422b4e42996cd3269ec9a19"
        },
        {
          "bel": "p(HGNC:ACE2)",
          "concept": {
            "name": "ACE2",
            "namespace": "HGNC"
          },
          "function": "Protein",
          "id": "bb9a231a2c68ff8f3bad2adad9ed6a94"
        }
      ]
    },
    {
      "bel": "p(GFAM:\"Angiotensin receptors\")",
      "concept": {
        "name": "Angiotensin receptors",
        "namespace": "GFAM"
      },
      "function": "Protein",
      "id": "1958978663f40b77dadaf1306747ff7e"
    },
    {
      "bel": "p(HGNC:ACE)",
      "concept": {
        "name": "ACE",
        "namespace": "HGNC"
      },
      "function": "Protein",
      "id": "a42fa7a0be4ac760f67482e649ad0441"
    },
    {
      "bel": "p(HGNC:ACE, var(\"?\"))",
      "concept": {
        "name": "ACE",
        "namespace": "HGNC"
      },
      "function": "Protein",
      "id": "d430dcf435308639baa01d77016c2c07",
      "variants": [
        {
          "hgvs": "?",
          "kind": "hgvs"
        }
      ]
    },
    {
      "bel": "p(HGNC:ACE2)",
      "concept": {
        "name": "ACE2",
        "namespace": "HGNC"
      },
      "function": "Protein",
      "id": "bb9a231a2c68ff8f3bad2adad9ed6a94"
    },
    {
      "bel": "path(DO:\"COVID-19\")",
      "concept": {
        "name": "COVID-19",
        "namespace": "DO"
      },
      "function": "Pathology",
      "id": "6f9f1c2e8012537e503a758c6bfaff0f"
    },
    {
      "bel": "path(DO:\"lung disease\")",
      "concept": {
        "name": "lung disease",
        "namespace": "DO"
      },
      "function": "Pathology",
      "id": "9179610fdaecbc9e0539454f6ce2b50b"
    },
    {
      "bel": "path(HP:\"Recurrent pneumonia\")",
      "concept": {
        "name": "Recurrent pneumonia",
        "namespace": "HP"
      },
      "function": "Pathology",
      "id": "786168536b89147d827b401c2f7d2c97"
    }
  ]
}