{
  "directed": true,
  "graph": {
    "annotation_list": {
      "Country": [
        "Italy"
      ],
      "Diet": [
        "Diet, High-Fat"
      ],
      "Mouse_Type": [
        "DPP4 KO"
      ],
      "Period": [
        "postprandial"
      ],
      "PublicationStatus": [
        "Preprint"
      ],
      "PublicationType": [
        "Review"
      ],
      "Section": [
        "Full Text"
      ],
      "age": [
        "old"
      ]
    },
    "annotation_pattern": {},
    "annotation_url": {
      "MeSHDisease": "https://arty.scai.fraunhofer.de/artifactory/bel/annotation/mesh-diseases/mesh-diseases-20190128.belanno",
      "Species": "https://arty.scai.fraunhofer.de/artifactory/bel/annotation/species-taxonomy-id/species-taxonomy-id-20170511.belanno"
    },
    "document_metadata": {
      "authors": "Priya S",
      "contact": "priya@causalitybiomodels.com",
      "copyright": "Copyright © 2020 Fraunhofer Institute SCAI, All rights reserved",
      "description": "COVID Knowledge Curation project",
      "licenses": "Private Ownership to Fraunhofer Institute SCAI",
      "name": "32224164.bel",
      "version": "2.0.0"
    },
    "namespace_pattern": {
      "UNIPROT": "^([A-N,R-Z][0-9]([A-Z][A-Z, 0-9][A-Z, 0-9][0-9]){1,2})|([O,P,Q][0-9][A-Z, 0-9][A-Z, 0-9][A-Z, 0-9][0-9])(\\.\\d+)?$"
    },
    "namespace_url": {
      "CHEBI": "https://arty.scai.fraunhofer.de/artifactory/bel/namespace/chebi/chebi-20190708.belns",
      "DO": "https://arty.scai.fraunhofer.de/artifactory/bel/namespace/disease-ontology/disease-ontology-20200407.belns",
      "GFAM": "https://arty.scai.fraunhofer.de/artifactory/bel/namespace/hgnc-gene-families/hgnc-genefamily-names-20181221.belns",
      "GO": "https://arty.scai.fraunhofer.de/artifactory/bel/namespace/go/go-20180109.belns",
      "HGNC": "https://arty.scai.fraunhofer.de/artifactory/bel/namespace/hgnc/hgnc-20190708.belns",
      "MESH": "https://arty.scai.fraunhofer.de/artifactory/bel/namespace/mesh/mesh-names-20181007.belns",
      "MGI": "https://arty.scai.fraunhofer.de/artifactory/bel/namespace/mgi-mouse-genes/mgi-mouse-genes-20190128.belns",
      "TAX": "https://arty.scai.fraunhofer.de/artifactory/bel/namespace/ncbi-taxonomy/ncbi-taxonomy-20200322.belns"
    },
    "path": "32224164.bel",
    "pybel_version": "0.14.6"
  },
  "links": [
    {
      "annotations": {
        "PublicationStatus": {
          "Preprint": true
        },
        "PublicationType": {
          "Review": true
        },
        "Section": {
          "Full Text": true
        },
        "Species": {
          "9606": true
        },
        "age": {
          "old": true
        }
      },
      "citation": {
        "authors": [
          "Iacobellis G"
        ],
        "date": "2020-03-26",
        "db": "PubMed",
        "db_id": "32224164",
        "db_name": "Diabetes research and clinical practice",
        "first": "Iacobellis G",
        "last": "Iacobellis G",
        "pages": "108125",
        "volume": "162"
      },
      "evidence": "The recent data from the coronavirus disease 2019 (COVID-19) caused by the 2019 novel coronavirus (2019-nCoV), confirm that diabetes, along with advanced age, is a major risk factor for an adverse outcome.",
      "key": "154ebc8c2feb0f9205f7085853a1bee1",
      "line": 57,
      "relation": "positiveCorrelation",
      "source": 24,
      "target": 23
    },
    {
      "annotations": {
        "Country": {
          "Italy": true
        },
        "PublicationStatus": {
          "Preprint": true
        },
        "PublicationType": {
          "Review": true
        },
        "Section": {
          "Full Text": true
        },
        "Species": {
          "9606": true
        }
      },
      "citation": {
        "authors": [
          "Iacobellis G"
        ],
        "date": "2020-03-26",
        "db": "PubMed",
        "db_id": "32224164",
        "db_name": "Diabetes research and clinical practice",
        "first": "Iacobellis G",
        "last": "Iacobellis G",
        "pages": "108125",
        "volume": "162"
      },
      "evidence": "More recent data from Italy showed the more than two-thirds of those who died by severe acute respiratory syndrome coronavirus 2 (SARS-CoV-2) had diabetes [2].",
      "key": "9ea0260e17682c2ff587f0afe9cf9d3e",
      "line": 65,
      "relation": "positiveCorrelation",
      "source": 24,
      "target": 7
    },
    {
      "annotations": {
        "PublicationStatus": {
          "Preprint": true
        },
        "PublicationType": {
          "Review": true
        },
        "Section": {
          "Full Text": true
        },
        "Species": {
          "9606": true
        }
      },
      "citation": {
        "authors": [
          "Iacobellis G"
        ],
        "date": "2020-03-26",
        "db": "PubMed",
        "db_id": "32224164",
        "db_name": "Diabetes research and clinical practice",
        "first": "Iacobellis G",
        "last": "Iacobellis G",
        "pages": "108125",
        "volume": "162"
      },
      "evidence": "Individuals with type 2 diabetes and obesity are commonly prescribed with DPP-4 inhibitors and/or GLP-1 receptor analogs.",
      "key": "67ffee55b0e5798d85e51979b29145ad",
      "line": 146,
      "object": {
        "modifier": "Activity"
      },
      "relation": "negativeCorrelation",
      "source": 24,
      "target": 15
    },
    {
      "annotations": {
        "PublicationStatus": {
          "Preprint": true
        },
        "PublicationType": {
          "Review": true
        },
        "Section": {
          "Full Text": true
        },
        "Species": {
          "9606": true
        },
        "age": {
          "old": true
        }
      },
      "citation": {
        "authors": [
          "Iacobellis G"
        ],
        "date": "2020-03-26",
        "db": "PubMed",
        "db_id": "32224164",
        "db_name": "Diabetes research and clinical practice",
        "first": "Iacobellis G",
        "last": "Iacobellis G",
        "pages": "108125",
        "volume": "162"
      },
      "evidence": "The recent data from the coronavirus disease 2019 (COVID-19) caused by the 2019 novel coronavirus (2019-nCoV), confirm that diabetes, along with advanced age, is a major risk factor for an adverse outcome.",
      "key": "8a03c9a14d4275daf305d3a0196919a9",
      "line": 57,
      "relation": "positiveCorrelation",
      "source": 23,
      "target": 24
    },
    {
      "annotations": {
        "Country": {
          "Italy": true
        },
        "PublicationStatus": {
          "Preprint": true
        },
        "PublicationType": {
          "Review": true
        },
        "Section": {
          "Full Text": true
        },
        "Species": {
          "9606": true
        }
      },
      "citation": {
        "authors": [
          "Iacobellis G"
        ],
        "date": "2020-03-26",
        "db": "PubMed",
        "db_id": "32224164",
        "db_name": "Diabetes research and clinical practice",
        "first": "Iacobellis G",
        "last": "Iacobellis G",
        "pages": "108125",
        "volume": "162"
      },
      "evidence": "More recent data from Italy showed the more than two-thirds of those who died by severe acute respiratory syndrome coronavirus 2 (SARS-CoV-2) had diabetes [2].",
      "key": "01d0b2ba7d7a4914f833efe3aee8ab18",
      "line": 65,
      "relation": "positiveCorrelation",
      "source": 7,
      "target": 24
    },
    {
      "annotations": {
        "PublicationStatus": {
          "Preprint": true
        },
        "PublicationType": {
          "Review": true
        },
        "Section": {
          "Full Text": true
        },
        "Species": {
          "9606": true
        }
      },
      "citation": {
        "authors": [
          "Iacobellis G"
        ],
        "date": "2020-03-26",
        "db": "PubMed",
        "db_id": "32224164",
        "db_name": "Diabetes research and clinical practice",
        "first": "Iacobellis G",
        "last": "Iacobellis G",
        "pages": "108125",
        "volume": "162"
      },
      "evidence": "Remarkably, human dipeptidyl peptidase 4 (DPP4 was identified as a functional receptor for the spike protein of the MERS-Co-V [4]. MERS-CoV binds to the receptor-binding domain and interacts with T cells and nuclear factors, such as NF-κB, highly involved in the pathogenesis of inflammatory disorders.",
      "key": "c16aa24b77a0f9219ab216bb5b55d49a",
      "line": 72,
      "relation": "positiveCorrelation",
      "source": 12,
      "target": 13
    },
    {
      "key": "a765f585000fcd4c1413710e5ee3a957",
      "relation": "partOf",
      "source": 15,
      "target": 12
    },
    {
      "annotations": {
        "PublicationStatus": {
          "Preprint": true
        },
        "PublicationType": {
          "Review": true
        },
        "Section": {
          "Full Text": true
        },
        "Species": {
          "9606": true
        }
      },
      "citation": {
        "authors": [
          "Iacobellis G"
        ],
        "date": "2020-03-26",
        "db": "PubMed",
        "db_id": "32224164",
        "db_name": "Diabetes research and clinical practice",
        "first": "Iacobellis G",
        "last": "Iacobellis G",
        "pages": "108125",
        "volume": "162"
      },
      "evidence": "Although its functions are not fully understood yet, DPP4 plays a major role in glucose and insulin metabolism.",
      "key": "23b57e98ef7192454114326b7598e33b",
      "line": 79,
      "relation": "regulates",
      "source": 15,
      "target": 8
    },
    {
      "annotations": {
        "PublicationStatus": {
          "Preprint": true
        },
        "PublicationType": {
          "Review": true
        },
        "Section": {
          "Full Text": true
        },
        "Species": {
          "9606": true
        }
      },
      "citation": {
        "authors": [
          "Iacobellis G"
        ],
        "date": "2020-03-26",
        "db": "PubMed",
        "db_id": "32224164",
        "db_name": "Diabetes research and clinical practice",
        "first": "Iacobellis G",
        "last": "Iacobellis G",
        "pages": "108125",
        "volume": "162"
      },
      "evidence": "Although its functions are not fully understood yet, DPP4 plays a major role in glucose and insulin metabolism.",
      "key": "482c78d5a3886a3074376c46c7298c98",
      "line": 80,
      "relation": "regulates",
      "source": 15,
      "target": 9
    },
    {
      "annotations": {
        "PublicationStatus": {
          "Preprint": true
        },
        "PublicationType": {
          "Review": true
        },
        "Section": {
          "Full Text": true
        },
        "Species": {
          "9606": true
        }
      },
      "citation": {
        "authors": [
          "Iacobellis G"
        ],
        "date": "2020-03-26",
        "db": "PubMed",
        "db_id": "32224164",
        "db_name": "Diabetes research and clinical practice",
        "first": "Iacobellis G",
        "last": "Iacobellis G",
        "pages": "108125",
        "volume": "162"
      },
      "evidence": "DPP4 degrades incretins such as glucagon like peptide 1 (GLP-1) and glucose-dependent insulinotropic polypeptide, ultimately leading to reduced insulin secretion and abnormal visceral adipose tissue metabolism.",
      "key": "d442ee974f0cce3139a97d9a6b66769a",
      "line": 86,
      "object": {
        "modifier": "Degradation"
      },
      "relation": "positiveCorrelation",
      "source": 15,
      "target": 17
    },
    {
      "annotations": {
        "Period": {
          "postprandial": true
        },
        "PublicationStatus": {
          "Preprint": true
        },
        "PublicationType": {
          "Review": true
        },
        "Section": {
          "Full Text": true
        },
        "Species": {
          "9606": true
        }
      },
      "citation": {
        "authors": [
          "Iacobellis G"
        ],
        "date": "2020-03-26",
        "db": "PubMed",
        "db_id": "32224164",
        "db_name": "Diabetes research and clinical practice",
        "first": "Iacobellis G",
        "last": "Iacobellis G",
        "pages": "108125",
        "volume": "162"
      },
      "evidence": "DPP4 regulates postprandial glucose via degradation of GLP-1.",
      "key": "d382b9d9f410aa1f7ec007fea7bab966",
      "line": 95,
      "object": {
        "modifier": "Degradation"
      },
      "relation": "positiveCorrelation",
      "source": 15,
      "target": 17
    },
    {
      "annotations": {
        "MeSHDisease": {
          "Diabetes Mellitus, Type 2": true
        },
        "PublicationStatus": {
          "Preprint": true
        },
        "PublicationType": {
          "Review": true
        },
        "Section": {
          "Full Text": true
        },
        "Species": {
          "9606": true
        }
      },
      "citation": {
        "authors": [
          "Iacobellis G"
        ],
        "date": "2020-03-26",
        "db": "PubMed",
        "db_id": "32224164",
        "db_name": "Diabetes research and clinical practice",
        "first": "Iacobellis G",
        "last": "Iacobellis G",
        "pages": "108125",
        "volume": "162"
      },
      "evidence": "DPP4 inhibitors target the enzymatic activity of DPP4 and consequently block the breakdown of GLP-1. This increase insulin secretion and decrease blood glucose levels in patients with type 2 diabetes.",
      "key": "14de574209e1efc946cb1f180c2153ce",
      "line": 154,
      "object": {
        "modifier": "Degradation"
      },
      "relation": "negativeCorrelation",
      "source": 15,
      "subject": {
        "modifier": "Activity"
      },
      "target": 17
    },
    {
      "annotations": {
        "PublicationStatus": {
          "Preprint": true
        },
        "PublicationType": {
          "Review": true
        },
        "Section": {
          "Full Text": true
        },
        "Species": {
          "9606": true
        }
      },
      "citation": {
        "authors": [
          "Iacobellis G"
        ],
        "date": "2020-03-26",
        "db": "PubMed",
        "db_id": "32224164",
        "db_name": "Diabetes research and clinical practice",
        "first": "Iacobellis G",
        "last": "Iacobellis G",
        "pages": "108125",
        "volume": "162"
      },
      "evidence": "DPP4 degrades incretins such as glucagon like peptide 1 (GLP-1) and glucose-dependent insulinotropic polypeptide, ultimately leading to reduced insulin secretion and abnormal visceral adipose tissue metabolism.",
      "key": "3ed982e1d004127349755e5a3477c7d8",
      "line": 87,
      "object": {
        "modifier": "Degradation"
      },
      "relation": "positiveCorrelation",
      "source": 15,
      "target": 16
    },
    {
      "annotations": {
        "PublicationStatus": {
          "Preprint": true
        },
        "PublicationType": {
          "Review": true
        },
        "Section": {
          "Full Text": true
        },
        "Species": {
          "9606": true
        }
      },
      "citation": {
        "authors": [
          "Iacobellis G"
        ],
        "date": "2020-03-26",
        "db": "PubMed",
        "db_id": "32224164",
        "db_name": "Diabetes research and clinical practice",
        "first": "Iacobellis G",
        "last": "Iacobellis G",
        "pages": "108125",
        "volume": "162"
      },
      "evidence": "DPP4 degrades incretins such as glucagon like peptide 1 (GLP-1) and glucose-dependent insulinotropic polypeptide, ultimately leading to reduced insulin secretion and abnormal visceral adipose tissue metabolism.",
      "key": "81d63d4e7001022cc0c3e53f4954cf6d",
      "line": 88,
      "relation": "negativeCorrelation",
      "source": 15,
      "target": 10
    },
    {
      "annotations": {
        "MeSHDisease": {
          "Diabetes Mellitus, Type 2": true
        },
        "PublicationStatus": {
          "Preprint": true
        },
        "PublicationType": {
          "Review": true
        },
        "Section": {
          "Full Text": true
        },
        "Species": {
          "9606": true
        }
      },
      "citation": {
        "authors": [
          "Iacobellis G"
        ],
        "date": "2020-03-26",
        "db": "PubMed",
        "db_id": "32224164",
        "db_name": "Diabetes research and clinical practice",
        "first": "Iacobellis G",
        "last": "Iacobellis G",
        "pages": "108125",
        "volume": "162"
      },
      "evidence": "DPP4 inhibitors target the enzymatic activity of DPP4 and consequently block the breakdown of GLP-1. This increase insulin secretion and decrease blood glucose levels in patients with type 2 diabetes.",
      "key": "8df6e8230d14350492dcac6525eb05cd",
      "line": 155,
      "relation": "positiveCorrelation",
      "source": 15,
      "subject": {
        "modifier": "Activity"
      },
      "target": 10
    },
    {
      "annotations": {
        "Period": {
          "postprandial": true
        },
        "PublicationStatus": {
          "Preprint": true
        },
        "PublicationType": {
          "Review": true
        },
        "Section": {
          "Full Text": true
        },
        "Species": {
          "9606": true
        }
      },
      "citation": {
        "authors": [
          "Iacobellis G"
        ],
        "date": "2020-03-26",
        "db": "PubMed",
        "db_id": "32224164",
        "db_name": "Diabetes research and clinical practice",
        "first": "Iacobellis G",
        "last": "Iacobellis G",
        "pages": "108125",
        "volume": "162"
      },
      "evidence": "DPP4 regulates postprandial glucose via degradation of GLP-1.",
      "key": "56f9e966a6e50ee4af81bf7f2510e7ca",
      "line": 96,
      "relation": "regulates",
      "source": 15,
      "target": 0
    },
    {
      "annotations": {
        "PublicationStatus": {
          "Preprint": true
        },
        "PublicationType": {
          "Review": true
        },
        "Section": {
          "Full Text": true
        },
        "Species": {
          "9606": true
        }
      },
      "citation": {
        "authors": [
          "Iacobellis G"
        ],
        "date": "2020-03-26",
        "db": "PubMed",
        "db_id": "32224164",
        "db_name": "Diabetes research and clinical practice",
        "first": "Iacobellis G",
        "last": "Iacobellis G",
        "pages": "108125",
        "volume": "162"
      },
      "evidence": "DPP4 plays also an important role in immune regulation by activating T cells and upregulating CD86 expression and NF-κB pathway.",
      "key": "5cd12633f97cb29c3ccda3c620cbbb55",
      "line": 103,
      "relation": "positiveCorrelation",
      "source": 15,
      "target": 3
    },
    {
      "annotations": {
        "PublicationStatus": {
          "Preprint": true
        },
        "PublicationType": {
          "Review": true
        },
        "Section": {
          "Full Text": true
        },
        "Species": {
          "9606": true
        }
      },
      "citation": {
        "authors": [
          "Iacobellis G"
        ],
        "date": "2020-03-26",
        "db": "PubMed",
        "db_id": "32224164",
        "db_name": "Diabetes research and clinical practice",
        "first": "Iacobellis G",
        "last": "Iacobellis G",
        "pages": "108125",
        "volume": "162"
      },
      "evidence": "DPP4 plays also an important role in immune regulation by activating T cells and upregulating CD86 expression and NF-κB pathway.",
      "key": "27d28ace9e83f6e2a9081467f35c7bb5",
      "line": 104,
      "relation": "positiveCorrelation",
      "source": 15,
      "target": 14
    },
    {
      "annotations": {
        "PublicationStatus": {
          "Preprint": true
        },
        "PublicationType": {
          "Review": true
        },
        "Section": {
          "Full Text": true
        },
        "Species": {
          "9606": true
        }
      },
      "citation": {
        "authors": [
          "Iacobellis G"
        ],
        "date": "2020-03-26",
        "db": "PubMed",
        "db_id": "32224164",
        "db_name": "Diabetes research and clinical practice",
        "first": "Iacobellis G",
        "last": "Iacobellis G",
        "pages": "108125",
        "volume": "162"
      },
      "evidence": "DPP4 plays also an important role in immune regulation by activating T cells and upregulating CD86 expression and NF-κB pathway.",
      "key": "501309481b1aa5d9cdac31978d6a0711",
      "line": 105,
      "relation": "positiveCorrelation",
      "source": 15,
      "target": 11
    },
    {
      "annotations": {
        "MeSHDisease": {
          "Diabetes Mellitus, Type 2": true
        },
        "PublicationStatus": {
          "Preprint": true
        },
        "PublicationType": {
          "Review": true
        },
        "Section": {
          "Full Text": true
        },
        "Species": {
          "9606": true
        }
      },
      "citation": {
        "authors": [
          "Iacobellis G"
        ],
        "date": "2020-03-26",
        "db": "PubMed",
        "db_id": "32224164",
        "db_name": "Diabetes research and clinical practice",
        "first": "Iacobellis G",
        "last": "Iacobellis G",
        "pages": "108125",
        "volume": "162"
      },
      "evidence": "DPP4 plays also an important role in immune regulation by activating T cells and upregulating CD86 expression and NF-κB pathway.",
      "key": "e75765b2964d882c5e7193b7543822fd",
      "line": 107,
      "relation": "positiveCorrelation",
      "source": 15,
      "target": 30
    },
    {
      "annotations": {
        "PublicationStatus": {
          "Preprint": true
        },
        "PublicationType": {
          "Review": true
        },
        "Section": {
          "Full Text": true
        },
        "Species": {
          "9606": true
        }
      },
      "citation": {
        "authors": [
          "Iacobellis G"
        ],
        "date": "2020-03-26",
        "db": "PubMed",
        "db_id": "32224164",
        "db_name": "Diabetes research and clinical practice",
        "first": "Iacobellis G",
        "last": "Iacobellis G",
        "pages": "108125",
        "volume": "162"
      },
      "evidence": "Individuals with type 2 diabetes and obesity are commonly prescribed with DPP-4 inhibitors and/or GLP-1 receptor analogs.",
      "key": "029014a841042a38cc6096dea9c2d025",
      "line": 146,
      "relation": "negativeCorrelation",
      "source": 15,
      "subject": {
        "modifier": "Activity"
      },
      "target": 24
    },
    {
      "annotations": {
        "PublicationStatus": {
          "Preprint": true
        },
        "PublicationType": {
          "Review": true
        },
        "Section": {
          "Full Text": true
        },
        "Species": {
          "9606": true
        }
      },
      "citation": {
        "authors": [
          "Iacobellis G"
        ],
        "date": "2020-03-26",
        "db": "PubMed",
        "db_id": "32224164",
        "db_name": "Diabetes research and clinical practice",
        "first": "Iacobellis G",
        "last": "Iacobellis G",
        "pages": "108125",
        "volume": "162"
      },
      "evidence": "Individuals with type 2 diabetes and obesity are commonly prescribed with DPP-4 inhibitors and/or GLP-1 receptor analogs.",
      "key": "00fc319be5fdb99a65c9fcde3ab44487",
      "line": 147,
      "relation": "negativeCorrelation",
      "source": 15,
      "subject": {
        "modifier": "Activity"
      },
      "target": 27
    },
    {
      "annotations": {
        "MeSHDisease": {
          "Diabetes Mellitus, Type 2": true
        },
        "PublicationStatus": {
          "Preprint": true
        },
        "PublicationType": {
          "Review": true
        },
        "Section": {
          "Full Text": true
        },
        "Species": {
          "9606": true
        }
      },
      "citation": {
        "authors": [
          "Iacobellis G"
        ],
        "date": "2020-03-26",
        "db": "PubMed",
        "db_id": "32224164",
        "db_name": "Diabetes research and clinical practice",
        "first": "Iacobellis G",
        "last": "Iacobellis G",
        "pages": "108125",
        "volume": "162"
      },
      "evidence": "DPP4 inhibitors target the enzymatic activity of DPP4 and consequently block the breakdown of GLP-1. This increase insulin secretion and decrease blood glucose levels in patients with type 2 diabetes.",
      "key": "3b9fc9090fc670163844848ee36d5475",
      "line": 156,
      "relation": "negativeCorrelation",
      "source": 15,
      "subject": {
        "modifier": "Activity"
      },
      "target": 1
    },
    {
      "key": "e8128e42c09c990e296aac651fdcf523",
      "relation": "partOf",
      "source": 22,
      "target": 12
    },
    {
      "annotations": {
        "PublicationStatus": {
          "Preprint": true
        },
        "PublicationType": {
          "Review": true
        },
        "Section": {
          "Full Text": true
        },
        "Species": {
          "9606": true
        }
      },
      "citation": {
        "authors": [
          "Iacobellis G"
        ],
        "date": "2020-03-26",
        "db": "PubMed",
        "db_id": "32224164",
        "db_name": "Diabetes research and clinical practice",
        "first": "Iacobellis G",
        "last": "Iacobellis G",
        "pages": "108125",
        "volume": "162"
      },
      "evidence": "Remarkably, human dipeptidyl peptidase 4 (DPP4 was identified as a functional receptor for the spike protein of the MERS-Co-V [4]. MERS-CoV binds to the receptor-binding domain and interacts with T cells and nuclear factors, such as NF-κB, highly involved in the pathogenesis of inflammatory disorders.",
      "key": "f535122cd1d12a40fc401a91ca51876a",
      "line": 72,
      "relation": "positiveCorrelation",
      "source": 13,
      "target": 12
    },
    {
      "annotations": {
        "PublicationStatus": {
          "Preprint": true
        },
        "PublicationType": {
          "Review": true
        },
        "Section": {
          "Full Text": true
        },
        "Species": {
          "9606": true
        }
      },
      "citation": {
        "authors": [
          "Iacobellis G"
        ],
        "date": "2020-03-26",
        "db": "PubMed",
        "db_id": "32224164",
        "db_name": "Diabetes research and clinical practice",
        "first": "Iacobellis G",
        "last": "Iacobellis G",
        "pages": "108125",
        "volume": "162"
      },
      "evidence": "Remarkably, human dipeptidyl peptidase 4 (DPP4 was identified as a functional receptor for the spike protein of the MERS-Co-V [4]. MERS-CoV binds to the receptor-binding domain and interacts with T cells and nuclear factors, such as NF-κB, highly involved in the pathogenesis of inflammatory disorders.",
      "key": "36a6cb1930d37788e7361787467ca153",
      "line": 73,
      "relation": "positiveCorrelation",
      "source": 13,
      "target": 28
    },
    {
      "annotations": {
        "PublicationStatus": {
          "Preprint": true
        },
        "PublicationType": {
          "Review": true
        },
        "Section": {
          "Full Text": true
        },
        "Species": {
          "9606": true
        }
      },
      "citation": {
        "authors": [
          "Iacobellis G"
        ],
        "date": "2020-03-26",
        "db": "PubMed",
        "db_id": "32224164",
        "db_name": "Diabetes research and clinical practice",
        "first": "Iacobellis G",
        "last": "Iacobellis G",
        "pages": "108125",
        "volume": "162"
      },
      "evidence": "Remarkably, human dipeptidyl peptidase 4 (DPP4 was identified as a functional receptor for the spike protein of the MERS-Co-V [4]. MERS-CoV binds to the receptor-binding domain and interacts with T cells and nuclear factors, such as NF-κB, highly involved in the pathogenesis of inflammatory disorders.",
      "key": "5236b52bbb018ec3d90b7522b2bbb62b",
      "line": 73,
      "relation": "positiveCorrelation",
      "source": 28,
      "target": 13
    },
    {
      "annotations": {
        "PublicationStatus": {
          "Preprint": true
        },
        "PublicationType": {
          "Review": true
        },
        "Section": {
          "Full Text": true
        },
        "Species": {
          "9606": true
        }
      },
      "citation": {
        "authors": [
          "Iacobellis G"
        ],
        "date": "2020-03-26",
        "db": "PubMed",
        "db_id": "32224164",
        "db_name": "Diabetes research and clinical practice",
        "first": "Iacobellis G",
        "last": "Iacobellis G",
        "pages": "108125",
        "volume": "162"
      },
      "evidence": "DPP4 degrades incretins such as glucagon like peptide 1 (GLP-1) and glucose-dependent insulinotropic polypeptide, ultimately leading to reduced insulin secretion and abnormal visceral adipose tissue metabolism.",
      "key": "a6f2466103ce82129c8353e5fba25e0b",
      "line": 86,
      "relation": "positiveCorrelation",
      "source": 17,
      "subject": {
        "modifier": "Degradation"
      },
      "target": 15
    },
    {
      "annotations": {
        "Period": {
          "postprandial": true
        },
        "PublicationStatus": {
          "Preprint": true
        },
        "PublicationType": {
          "Review": true
        },
        "Section": {
          "Full Text": true
        },
        "Species": {
          "9606": true
        }
      },
      "citation": {
        "authors": [
          "Iacobellis G"
        ],
        "date": "2020-03-26",
        "db": "PubMed",
        "db_id": "32224164",
        "db_name": "Diabetes research and clinical practice",
        "first": "Iacobellis G",
        "last": "Iacobellis G",
        "pages": "108125",
        "volume": "162"
      },
      "evidence": "DPP4 regulates postprandial glucose via degradation of GLP-1.",
      "key": "d4aafb6c8fca8ada006982d72f4570fb",
      "line": 95,
      "relation": "positiveCorrelation",
      "source": 17,
      "subject": {
        "modifier": "Degradation"
      },
      "target": 15
    },
    {
      "annotations": {
        "MeSHDisease": {
          "Diabetes Mellitus, Type 2": true
        },
        "PublicationStatus": {
          "Preprint": true
        },
        "PublicationType": {
          "Review": true
        },
        "Section": {
          "Full Text": true
        },
        "Species": {
          "9606": true
        }
      },
      "citation": {
        "authors": [
          "Iacobellis G"
        ],
        "date": "2020-03-26",
        "db": "PubMed",
        "db_id": "32224164",
        "db_name": "Diabetes research and clinical practice",
        "first": "Iacobellis G",
        "last": "Iacobellis G",
        "pages": "108125",
        "volume": "162"
      },
      "evidence": "DPP4 inhibitors target the enzymatic activity of DPP4 and consequently block the breakdown of GLP-1. This increase insulin secretion and decrease blood glucose levels in patients with type 2 diabetes.",
      "key": "e2490f080e08ae30fcd104dfe6def9bd",
      "line": 154,
      "object": {
        "modifier": "Activity"
      },
      "relation": "negativeCorrelation",
      "source": 17,
      "subject": {
        "modifier": "Degradation"
      },
      "target": 15
    },
    {
      "annotations": {
        "PublicationStatus": {
          "Preprint": true
        },
        "PublicationType": {
          "Review": true
        },
        "Section": {
          "Full Text": true
        },
        "Species": {
          "9606": true
        }
      },
      "citation": {
        "authors": [
          "Iacobellis G"
        ],
        "date": "2020-03-26",
        "db": "PubMed",
        "db_id": "32224164",
        "db_name": "Diabetes research and clinical practice",
        "first": "Iacobellis G",
        "last": "Iacobellis G",
        "pages": "108125",
        "volume": "162"
      },
      "evidence": "DPP4 degrades incretins such as glucagon like peptide 1 (GLP-1) and glucose-dependent insulinotropic polypeptide, ultimately leading to reduced insulin secretion and abnormal visceral adipose tissue metabolism.",
      "key": "c78cf4779fbe47ec59bfe4b0f977ff6d",
      "line": 87,
      "relation": "positiveCorrelation",
      "source": 16,
      "subject": {
        "modifier": "Degradation"
      },
      "target": 15
    },
    {
      "annotations": {
        "PublicationStatus": {
          "Preprint": true
        },
        "PublicationType": {
          "Review": true
        },
        "Section": {
          "Full Text": true
        },
        "Species": {
          "9606": true
        }
      },
      "citation": {
        "authors": [
          "Iacobellis G"
        ],
        "date": "2020-03-26",
        "db": "PubMed",
        "db_id": "32224164",
        "db_name": "Diabetes research and clinical practice",
        "first": "Iacobellis G",
        "last": "Iacobellis G",
        "pages": "108125",
        "volume": "162"
      },
      "evidence": "DPP4 degrades incretins such as glucagon like peptide 1 (GLP-1) and glucose-dependent insulinotropic polypeptide, ultimately leading to reduced insulin secretion and abnormal visceral adipose tissue metabolism.",
      "key": "1a81fe943d489e1c3cb908aae267140f",
      "line": 88,
      "relation": "negativeCorrelation",
      "source": 10,
      "target": 15
    },
    {
      "annotations": {
        "MeSHDisease": {
          "Diabetes Mellitus, Type 2": true
        },
        "PublicationStatus": {
          "Preprint": true
        },
        "PublicationType": {
          "Review": true
        },
        "Section": {
          "Full Text": true
        },
        "Species": {
          "9606": true
        }
      },
      "citation": {
        "authors": [
          "Iacobellis G"
        ],
        "date": "2020-03-26",
        "db": "PubMed",
        "db_id": "32224164",
        "db_name": "Diabetes research and clinical practice",
        "first": "Iacobellis G",
        "last": "Iacobellis G",
        "pages": "108125",
        "volume": "162"
      },
      "evidence": "DPP4 inhibitors target the enzymatic activity of DPP4 and consequently block the breakdown of GLP-1. This increase insulin secretion and decrease blood glucose levels in patients with type 2 diabetes.",
      "key": "d95cfc063531790ed1cf46ecd831c579",
      "line": 155,
      "object": {
        "modifier": "Activity"
      },
      "relation": "positiveCorrelation",
      "source": 10,
      "target": 15
    },
    {
      "annotations": {
        "PublicationStatus": {
          "Preprint": true
        },
        "PublicationType": {
          "Review": true
        },
        "Section": {
          "Full Text": true
        },
        "Species": {
          "9606": true
        }
      },
      "citation": {
        "authors": [
          "Iacobellis G"
        ],
        "date": "2020-03-26",
        "db": "PubMed",
        "db_id": "32224164",
        "db_name": "Diabetes research and clinical practice",
        "first": "Iacobellis G",
        "last": "Iacobellis G",
        "pages": "108125",
        "volume": "162"
      },
      "evidence": "DPP4 plays also an important role in immune regulation by activating T cells and upregulating CD86 expression and NF-κB pathway.",
      "key": "7be36d5ff94b65c0f15717ab64292b21",
      "line": 103,
      "relation": "positiveCorrelation",
      "source": 3,
      "target": 15
    },
    {
      "annotations": {
        "PublicationStatus": {
          "Preprint": true
        },
        "PublicationType": {
          "Review": true
        },
        "Section": {
          "Full Text": true
        },
        "Species": {
          "9606": true
        }
      },
      "citation": {
        "authors": [
          "Iacobellis G"
        ],
        "date": "2020-03-26",
        "db": "PubMed",
        "db_id": "32224164",
        "db_name": "Diabetes research and clinical practice",
        "first": "Iacobellis G",
        "last": "Iacobellis G",
        "pages": "108125",
        "volume": "162"
      },
      "evidence": "DPP4 plays also an important role in immune regulation by activating T cells and upregulating CD86 expression and NF-κB pathway.",
      "key": "3d31e0965b065727ca79b7d99b849b4e",
      "line": 104,
      "relation": "positiveCorrelation",
      "source": 14,
      "target": 15
    },
    {
      "annotations": {
        "PublicationStatus": {
          "Preprint": true
        },
        "PublicationType": {
          "Review": true
        },
        "Section": {
          "Full Text": true
        },
        "Species": {
          "9606": true
        }
      },
      "citation": {
        "authors": [
          "Iacobellis G"
        ],
        "date": "2020-03-26",
        "db": "PubMed",
        "db_id": "32224164",
        "db_name": "Diabetes research and clinical practice",
        "first": "Iacobellis G",
        "last": "Iacobellis G",
        "pages": "108125",
        "volume": "162"
      },
      "evidence": "DPP4 plays also an important role in immune regulation by activating T cells and upregulating CD86 expression and NF-κB pathway.",
      "key": "0801f65ca054d187621d4b708a7b3387",
      "line": 105,
      "relation": "positiveCorrelation",
      "source": 11,
      "target": 15
    },
    {
      "annotations": {
        "MeSHDisease": {
          "Diabetes Mellitus, Type 2": true
        },
        "PublicationStatus": {
          "Preprint": true
        },
        "PublicationType": {
          "Review": true
        },
        "Section": {
          "Full Text": true
        },
        "Species": {
          "9606": true
        }
      },
      "citation": {
        "authors": [
          "Iacobellis G"
        ],
        "date": "2020-03-26",
        "db": "PubMed",
        "db_id": "32224164",
        "db_name": "Diabetes research and clinical practice",
        "first": "Iacobellis G",
        "last": "Iacobellis G",
        "pages": "108125",
        "volume": "162"
      },
      "evidence": "DPP4 plays also an important role in immune regulation by activating T cells and upregulating CD86 expression and NF-κB pathway.",
      "key": "4cfd08de398c45e9dfec86de34285175",
      "line": 107,
      "relation": "positiveCorrelation",
      "source": 30,
      "target": 15
    },
    {
      "annotations": {
        "Diet": {
          "Diet, High-Fat": true
        },
        "Mouse_Type": {
          "DPP4 KO": true
        },
        "PublicationStatus": {
          "Preprint": true
        },
        "PublicationType": {
          "Review": true
        },
        "Section": {
          "Full Text": true
        },
        "Species": {
          "10090": true
        }
      },
      "citation": {
        "authors": [
          "Iacobellis G"
        ],
        "date": "2020-03-26",
        "db": "PubMed",
        "db_id": "32224164",
        "db_name": "Diabetes research and clinical practice",
        "first": "Iacobellis G",
        "last": "Iacobellis G",
        "pages": "108125",
        "volume": "162"
      },
      "evidence": "Male DPP4 H/M mice fed a high-fat diet (HFD) for 12 to 17 weeks develop hyperglycemia, and hyperinsulinemia, resembling human type 2 diabetes.",
      "key": "645a23a7fb7d1740393e0daf3625f34b",
      "line": 116,
      "relation": "decreases",
      "source": 19,
      "target": 25
    },
    {
      "annotations": {
        "Diet": {
          "Diet, High-Fat": true
        },
        "Mouse_Type": {
          "DPP4 KO": true
        },
        "PublicationStatus": {
          "Preprint": true
        },
        "PublicationType": {
          "Review": true
        },
        "Section": {
          "Full Text": true
        },
        "Species": {
          "10090": true
        }
      },
      "citation": {
        "authors": [
          "Iacobellis G"
        ],
        "date": "2020-03-26",
        "db": "PubMed",
        "db_id": "32224164",
        "db_name": "Diabetes research and clinical practice",
        "first": "Iacobellis G",
        "last": "Iacobellis G",
        "pages": "108125",
        "volume": "162"
      },
      "evidence": "Male DPP4 H/M mice fed a high-fat diet (HFD) for 12 to 17 weeks develop hyperglycemia, and hyperinsulinemia, resembling human type 2 diabetes.",
      "key": "a23c11506cff3ea0ed8a3fab70ea078c",
      "line": 117,
      "relation": "decreases",
      "source": 19,
      "target": 26
    },
    {
      "annotations": {
        "Mouse_Type": {
          "DPP4 KO": true
        },
        "PublicationStatus": {
          "Preprint": true
        },
        "PublicationType": {
          "Review": true
        },
        "Section": {
          "Full Text": true
        },
        "Species": {
          "10090": true
        }
      },
      "citation": {
        "authors": [
          "Iacobellis G"
        ],
        "date": "2020-03-26",
        "db": "PubMed",
        "db_id": "32224164",
        "db_name": "Diabetes research and clinical practice",
        "first": "Iacobellis G",
        "last": "Iacobellis G",
        "pages": "108125",
        "volume": "162"
      },
      "evidence": "Interestingly, diabetic mice had fewer inflammatory monocyte/macrophages, CD4+ T cells, and lower expression of TNFα, IL-6 and Arg1 expression.",
      "key": "c767712f0f3632bf4ae2fe5ce6ead0ce",
      "line": 134,
      "relation": "increases",
      "source": 19,
      "target": 6
    },
    {
      "annotations": {
        "Mouse_Type": {
          "DPP4 KO": true
        },
        "PublicationStatus": {
          "Preprint": true
        },
        "PublicationType": {
          "Review": true
        },
        "Section": {
          "Full Text": true
        },
        "Species": {
          "10090": true
        }
      },
      "citation": {
        "authors": [
          "Iacobellis G"
        ],
        "date": "2020-03-26",
        "db": "PubMed",
        "db_id": "32224164",
        "db_name": "Diabetes research and clinical practice",
        "first": "Iacobellis G",
        "last": "Iacobellis G",
        "pages": "108125",
        "volume": "162"
      },
      "evidence": "Interestingly, diabetic mice had fewer inflammatory monocyte/macrophages, CD4+ T cells, and lower expression of TNFα, IL-6 and Arg1 expression.",
      "key": "09f3dafe2548fff8c480eea9f8087fc5",
      "line": 135,
      "relation": "increases",
      "source": 19,
      "target": 5
    },
    {
      "annotations": {
        "Mouse_Type": {
          "DPP4 KO": true
        },
        "PublicationStatus": {
          "Preprint": true
        },
        "PublicationType": {
          "Review": true
        },
        "Section": {
          "Full Text": true
        },
        "Species": {
          "10090": true
        }
      },
      "citation": {
        "authors": [
          "Iacobellis G"
        ],
        "date": "2020-03-26",
        "db": "PubMed",
        "db_id": "32224164",
        "db_name": "Diabetes research and clinical practice",
        "first": "Iacobellis G",
        "last": "Iacobellis G",
        "pages": "108125",
        "volume": "162"
      },
      "evidence": "Interestingly, diabetic mice had fewer inflammatory monocyte/macrophages, CD4+ T cells, and lower expression of TNFα, IL-6 and Arg1 expression.",
      "key": "91ca3d0751ebf4464692d0f89cd636de",
      "line": 136,
      "relation": "increases",
      "source": 19,
      "target": 4
    },
    {
      "annotations": {
        "Mouse_Type": {
          "DPP4 KO": true
        },
        "PublicationStatus": {
          "Preprint": true
        },
        "PublicationType": {
          "Review": true
        },
        "Section": {
          "Full Text": true
        },
        "Species": {
          "10090": true
        }
      },
      "citation": {
        "authors": [
          "Iacobellis G"
        ],
        "date": "2020-03-26",
        "db": "PubMed",
        "db_id": "32224164",
        "db_name": "Diabetes research and clinical practice",
        "first": "Iacobellis G",
        "last": "Iacobellis G",
        "pages": "108125",
        "volume": "162"
      },
      "evidence": "Interestingly, diabetic mice had fewer inflammatory monocyte/macrophages, CD4+ T cells, and lower expression of TNFα, IL-6 and Arg1 expression.",
      "key": "3ac87ac454a77e63635e1031c46e6622",
      "line": 137,
      "relation": "increases",
      "source": 19,
      "target": 21
    },
    {
      "annotations": {
        "Mouse_Type": {
          "DPP4 KO": true
        },
        "PublicationStatus": {
          "Preprint": true
        },
        "PublicationType": {
          "Review": true
        },
        "Section": {
          "Full Text": true
        },
        "Species": {
          "10090": true
        }
      },
      "citation": {
        "authors": [
          "Iacobellis G"
        ],
        "date": "2020-03-26",
        "db": "PubMed",
        "db_id": "32224164",
        "db_name": "Diabetes research and clinical practice",
        "first": "Iacobellis G",
        "last": "Iacobellis G",
        "pages": "108125",
        "volume": "162"
      },
      "evidence": "Interestingly, diabetic mice had fewer inflammatory monocyte/macrophages, CD4+ T cells, and lower expression of TNFα, IL-6 and Arg1 expression.",
      "key": "f8ef6a47c43e0f26f66dfed3d48356d9",
      "line": 138,
      "relation": "increases",
      "source": 19,
      "target": 20
    },
    {
      "annotations": {
        "Mouse_Type": {
          "DPP4 KO": true
        },
        "PublicationStatus": {
          "Preprint": true
        },
        "PublicationType": {
          "Review": true
        },
        "Section": {
          "Full Text": true
        },
        "Species": {
          "10090": true
        }
      },
      "citation": {
        "authors": [
          "Iacobellis G"
        ],
        "date": "2020-03-26",
        "db": "PubMed",
        "db_id": "32224164",
        "db_name": "Diabetes research and clinical practice",
        "first": "Iacobellis G",
        "last": "Iacobellis G",
        "pages": "108125",
        "volume": "162"
      },
      "evidence": "Interestingly, diabetic mice had fewer inflammatory monocyte/macrophages, CD4+ T cells, and lower expression of TNFα, IL-6 and Arg1 expression.",
      "key": "65e87eba2df0c0945283bc5902928c99",
      "line": 139,
      "relation": "increases",
      "source": 19,
      "target": 18
    },
    {
      "annotations": {
        "Mouse_Type": {
          "DPP4 KO": true
        },
        "PublicationStatus": {
          "Preprint": true
        },
        "PublicationType": {
          "Review": true
        },
        "Section": {
          "Full Text": true
        },
        "Species": {
          "10090": true
        }
      },
      "citation": {
        "authors": [
          "Iacobellis G"
        ],
        "date": "2020-03-26",
        "db": "PubMed",
        "db_id": "32224164",
        "db_name": "Diabetes research and clinical practice",
        "first": "Iacobellis G",
        "last": "Iacobellis G",
        "pages": "108125",
        "volume": "162"
      },
      "evidence": "Upon infection with MERS-CoV, diabetic DPP4H/M mice developed weight loss, and had a prolonged phase of severe disease and delayed recovery.",
      "key": "9ffffab8fe514c409bb7eb5c017f9bc3",
      "line": 126,
      "relation": "increases",
      "source": 2,
      "target": 29
    },
    {
      "annotations": {
        "PublicationStatus": {
          "Preprint": true
        },
        "PublicationType": {
          "Review": true
        },
        "Section": {
          "Full Text": true
        },
        "Species": {
          "9606": true
        }
      },
      "citation": {
        "authors": [
          "Iacobellis G"
        ],
        "date": "2020-03-26",
        "db": "PubMed",
        "db_id": "32224164",
        "db_name": "Diabetes research and clinical practice",
        "first": "Iacobellis G",
        "last": "Iacobellis G",
        "pages": "108125",
        "volume": "162"
      },
      "evidence": "Individuals with type 2 diabetes and obesity are commonly prescribed with DPP-4 inhibitors and/or GLP-1 receptor analogs.",
      "key": "6244c5669396f5a509d9fc2d36a7a7c9",
      "line": 147,
      "object": {
        "modifier": "Activity"
      },
      "relation": "negativeCorrelation",
      "source": 27,
      "target": 15
    },
    {
      "annotations": {
        "MeSHDisease": {
          "Diabetes Mellitus, Type 2": true
        },
        "PublicationStatus": {
          "Preprint": true
        },
        "PublicationType": {
          "Review": true
        },
        "Section": {
          "Full Text": true
        },
        "Species": {
          "9606": true
        }
      },
      "citation": {
        "authors": [
          "Iacobellis G"
        ],
        "date": "2020-03-26",
        "db": "PubMed",
        "db_id": "32224164",
        "db_name": "Diabetes research and clinical practice",
        "first": "Iacobellis G",
        "last": "Iacobellis G",
        "pages": "108125",
        "volume": "162"
      },
      "evidence": "DPP4 inhibitors target the enzymatic activity of DPP4 and consequently block the breakdown of GLP-1. This increase insulin secretion and decrease blood glucose levels in patients with type 2 diabetes.",
      "key": "e22b5b46ccd5e55ae5bf58edc79be282",
      "line": 156,
      "object": {
        "modifier": "Activity"
      },
      "relation": "negativeCorrelation",
      "source": 1,
      "target": 15
    }
  ],
  "multigraph": true,
  "nodes": [
    {
      "bel": "a(CHEBI:glucose)",
      "concept": {
        "name": "glucose",
        "namespace": "CHEBI"
      },
      "function": "Abundance",
      "id": "8b4d8974cf8c0e5830f78bb44168cf4d"
    },
    {
      "bel": "a(MESH:\"Blood Glucose\")",
      "concept": {
        "name": "Blood Glucose",
        "namespace": "MESH"
      },
      "function": "Abundance",
      "id": "c598ab5b75268b0b9109c60541fc59ff"
    },
    {
      "bel": "a(MESH:\"Middle East Respiratory Syndrome Coronavirus\")",
      "concept": {
        "name": "Middle East Respiratory Syndrome Coronavirus",
        "namespace": "MESH"
      },
      "function": "Abundance",
      "id": "69a43bba7c26491c7d7f606f44f21f0f"
    },
    {
      "bel": "a(MESH:\"T-Lymphocytes\")",
      "concept": {
        "name": "T-Lymphocytes",
        "namespace": "MESH"
      },
      "function": "Abundance",
      "id": "04840e346c8f8e46d6d4e5ed8f1b84c5"
    },
    {
      "bel": "a(MESH:\"T-Lymphocytes, Regulatory\")",
      "concept": {
        "name": "T-Lymphocytes, Regulatory",
        "namespace": "MESH"
      },
      "function": "Abundance",
      "id": "fcc3fa9dfeeae3748755e8f546e23b9d"
    },
    {
      "bel": "a(MESH:Macrophages)",
      "concept": {
        "name": "Macrophages",
        "namespace": "MESH"
      },
      "function": "Abundance",
      "id": "311e39dad42597c983d7962f84ee92b6"
    },
    {
      "bel": "a(MESH:Monocytes)",
      "concept": {
        "name": "Monocytes",
        "namespace": "MESH"
      },
      "function": "Abundance",
      "id": "cb51e019d107bf85f8e6744f36d4a5bb"
    },
    {
      "bel": "a(TAX:\"Severe acute respiratory syndrome coronavirus 2\")",
      "concept": {
        "name": "Severe acute respiratory syndrome coronavirus 2",
        "namespace": "TAX"
      },
      "function": "Abundance",
      "id": "c41851da59cc36c21b2e8acf24c1f46d"
    },
    {
      "bel": "bp(GO:\"glucose metabolic process\")",
      "concept": {
        "name": "glucose metabolic process",
        "namespace": "GO"
      },
      "function": "BiologicalProcess",
      "id": "57837c8bd480cd6e4257602591b12dac"
    },
    {
      "bel": "bp(GO:\"insulin metabolic process\")",
      "concept": {
        "name": "insulin metabolic process",
        "namespace": "GO"
      },
      "function": "BiologicalProcess",
      "id": "60d88d7dbf04cfb49bce951bbce00966"
    },
    {
      "bel": "bp(GO:\"insulin secretion\")",
      "concept": {
        "name": "insulin secretion",
        "namespace": "GO"
      },
      "function": "BiologicalProcess",
      "id": "1247391ab012c6ffc9a139716c3fd2db"
    },
    {
      "bel": "complex(GO:\"NF-kappaB complex\")",
      "concept": {
        "name": "NF-kappaB complex",
        "namespace": "GO"
      },
      "function": "Complex",
      "id": "2b8e47488405cbf906efe3bac140985b"
    },
    {
      "bel": "complex(p(HGNC:DPP4), p(UNIPROT:A0A140AYZ5))",
      "function": "Complex",
      "id": "4ab7e394579500a3174c25eb5122e618",
      "members": [
        {
          "bel": "p(HGNC:DPP4)",
          "concept": {
            "name": "DPP4",
            "namespace": "HGNC"
          },
          "function": "Protein",
          "id": "ed0b2cb13479d4589d4dac0ecbced25e"
        },
        {
          "bel": "p(UNIPROT:A0A140AYZ5)",
          "concept": {
            "name": "A0A140AYZ5",
            "namespace": "UNIPROT"
          },
          "function": "Protein",
          "id": "eba20891b3441af1cf6b3d7f68d6d4c0"
        }
      ]
    },
    {
      "bel": "p(GFAM:\"NF-kappa B complex subunits\")",
      "concept": {
        "name": "NF-kappa B complex subunits",
        "namespace": "GFAM"
      },
      "function": "Protein",
      "id": "b80c67723c18965267a42193c54bd23b"
    },
    {
      "bel": "p(HGNC:CD86)",
      "concept": {
        "name": "CD86",
        "namespace": "HGNC"
      },
      "function": "Protein",
      "id": "2749ceafce8a4322524f97a902295d82"
    },
    {
      "bel": "p(HGNC:DPP4)",
      "concept": {
        "name": "DPP4",
        "namespace": "HGNC"
      },
      "function": "Protein",
      "id": "ed0b2cb13479d4589d4dac0ecbced25e"
    },
    {
      "bel": "p(HGNC:GIP)",
      "concept": {
        "name": "GIP",
        "namespace": "HGNC"
      },
      "function": "Protein",
      "id": "23606a96b1770f7af0adb940b1e1fb1e"
    },
    {
      "bel": "p(HGNC:GLP1R)",
      "concept": {
        "name": "GLP1R",
        "namespace": "HGNC"
      },
      "function": "Protein",
      "id": "1c44107fdbab0c3e747079a5a7e438c7"
    },
    {
      "bel": "p(MGI:Arg1)",
      "concept": {
        "name": "Arg1",
        "namespace": "MGI"
      },
      "function": "Protein",
      "id": "a2d05493219f4f08c770e6e97f0f9579"
    },
    {
      "bel": "p(MGI:Dpp4)",
      "concept": {
        "name": "Dpp4",
        "namespace": "MGI"
      },
      "function": "Protein",
      "id": "d0cc86fd8f25b06c23ae85796d3d3c9d"
    },
    {
      "bel": "p(MGI:Il6)",
      "concept": {
        "name": "Il6",
        "namespace": "MGI"
      },
      "function": "Protein",
      "id": "461076a43183c4f1e4e9b4954be313fe"
    },
    {
      "bel": "p(MGI:Tnf)",
      "concept": {
        "name": "Tnf",
        "namespace": "MGI"
      },
      "function": "Protein",
      "id": "cd5c5c12b7855d35a3e18c5ee16eb074"
    },
    {
      "bel": "p(UNIPROT:A0A140AYZ5)",
      "concept": {
        "name": "A0A140AYZ5",
        "namespace": "UNIPROT"
      },
      "function": "Protein",
      "id": "eba20891b3441af1cf6b3d7f68d6d4c0"
    },
    {
      "bel": "path(DO:\"COVID-19\")",
      "concept": {
        "name": "COVID-19",
        "namespace": "DO"
      },
      "function": "Pathology",
      "id": "6f9f1c2e8012537e503a758c6bfaff0f"
    },
    {
      "bel": "path(DO:\"type 2 diabetes mellitus\")",
      "concept": {
        "name": "type 2 diabetes mellitus",
        "namespace": "DO"
      },
      "function": "Pathology",
      "id": "24189641ea99677ffdea94781a2c19e1"
    },
    {
      "bel": "path(DO:hyperglycemia)",
      "concept": {
        "name": "hyperglycemia",
        "namespace": "DO"
      },
      "function": "Pathology",
      "id": "4547064cc6d8bdd291ebeba0b50c9f30"
    },
    {
      "bel": "path(DO:hyperinsulinism)",
      "concept": {
        "name": "hyperinsulinism",
        "namespace": "DO"
      },
      "function": "Pathology",
      "id": "68f01918cf7bb1438ee08d176c0b2e34"
    },
    {
      "bel": "path(DO:obesity)",
      "concept": {
        "name": "obesity",
        "namespace": "DO"
      },
      "function": "Pathology",
      "id": "cf3c45a0dfee8e3fb638c618223e4205"
    },
    {
      "bel": "path(GO:\"inflammatory response\")",
      "concept": {
        "name": "inflammatory response",
        "namespace": "GO"
      },
      "function": "Pathology",
      "id": "c33d40abf9574937f72f5b11c8a4b082"
    },
    {
      "bel": "path(MESH:\"Weight Loss\")",
      "concept": {
        "name": "Weight Loss",
        "namespace": "MESH"
      },
      "function": "Pathology",
      "id": "3cc28e131ac0c00934fa04597d7e31d1"
    },
    {
      "bel": "path(MESH:Inflammation)",
      "concept": {
        "name": "Inflammation",
        "namespace": "MESH"
      },
      "function": "Pathology",
      "id": "10cd96fd4056a5e6c27264e0130e89f9"
    }
  ]
}