{
  "directed": true,
  "graph": {
    "annotation_list": {
      "Custom_Disease": [
        "COVID-19"
      ],
      "PublicationStatus": [
        "Preprint"
      ],
      "PublicationType": [
        "Research"
      ],
      "Section": [
        "Full Text"
      ]
    },
    "annotation_pattern": {
      "BioAssay": ".*"
    },
    "annotation_url": {
      "MeSHDisease": "https://arty.scai.fraunhofer.de/artifactory/bel/annotation/mesh-diseases/mesh-diseases-20190128.belanno",
      "Species": "https://arty.scai.fraunhofer.de/artifactory/bel/annotation/species-taxonomy-id/species-taxonomy-id-20170511.belanno"
    },
    "document_metadata": {
      "authors": "Abish K",
      "contact": "abish@causalitybiomodels.com",
      "copyright": "Copyright © 2020 Fraunhofer Institute SCAI, All rights reserved",
      "description": "COVID Knowledge Curation project",
      "licenses": "Private Ownership to Fraunhofer Institute SCAI",
      "name": "Brielle_et.al_2020.bel",
      "version": "2.0.0"
    },
    "namespace_pattern": {
      "UNIPROT": "^([A-N,R-Z][0-9]([A-Z][A-Z, 0-9][A-Z, 0-9][0-9]){1,2})|([O,P,Q][0-9][A-Z, 0-9][A-Z, 0-9][A-Z, 0-9][0-9])(\\.\\d+)?$"
    },
    "namespace_url": {
      "COVID": "https://arty.scai.fraunhofer.de/artifactory/bel/namespace/ncbi-covid19/ncbi-covid19-20200326.belns",
      "DO": "https://arty.scai.fraunhofer.de/artifactory/bel/namespace/disease-ontology/disease-ontology-20200407.belns",
      "GO": "https://arty.scai.fraunhofer.de/artifactory/bel/namespace/go/go-20180109.belns",
      "HGNC": "https://arty.scai.fraunhofer.de/artifactory/bel/namespace/hgnc/hgnc-20190708.belns",
      "TAX": "https://arty.scai.fraunhofer.de/artifactory/bel/namespace/ncbi-taxonomy/ncbi-taxonomy-20200322.belns"
    },
    "path": "Brielle_et.al_2020.bel",
    "pybel_version": "0.14.6"
  },
  "links": [
    {
      "annotations": {
        "PublicationStatus": {
          "Preprint": true
        },
        "PublicationType": {
          "Research": true
        },
        "Section": {
          "Full Text": true
        },
        "Species": {
          "9606": true
        }
      },
      "citation": {
        "db": "DOI",
        "db_id": "10.1101/2020.03.10.986398"
      },
      "evidence": "Coronavirus disease 2019 (COVID-19), initially detected in the Wuhan seafood market in the Hubei province of China (1) is caused by SARS-CoV-2 (referred to as the COVID-19 virus for clarity).",
      "key": "ed87df4327ae4499c0f9155edbf8e683",
      "line": 47,
      "relation": "positiveCorrelation",
      "source": 0,
      "target": 9
    },
    {
      "annotations": {
        "PublicationStatus": {
          "Preprint": true
        },
        "PublicationType": {
          "Research": true
        },
        "Section": {
          "Full Text": true
        },
        "Species": {
          "9606": true
        }
      },
      "citation": {
        "db": "DOI",
        "db_id": "10.1101/2020.03.10.986398"
      },
      "evidence": "Coronavirus disease 2019 (COVID-19), initially detected in the Wuhan seafood market in the Hubei province of China (1) is caused by SARS-CoV-2 (referred to as the COVID-19 virus for clarity).",
      "key": "222b309a44002db00f2d62821995f722",
      "line": 47,
      "relation": "positiveCorrelation",
      "source": 9,
      "target": 0
    },
    {
      "annotations": {
        "MeSHDisease": {
          "Severe Acute Respiratory Syndrome": true
        },
        "PublicationStatus": {
          "Preprint": true
        },
        "PublicationType": {
          "Research": true
        },
        "Section": {
          "Full Text": true
        },
        "Species": {
          "9606": true
        }
      },
      "citation": {
        "db": "DOI",
        "db_id": "10.1101/2020.03.10.986398"
      },
      "evidence": "The angiotensin-converting enzyme 2 (ACE2) was identified as the critical receptor for mediating SARS-2002 entry into host cells (7, 8).",
      "key": "3095869390ed798446968f47ef9a55d0",
      "line": 52,
      "relation": "increases",
      "source": 4,
      "target": 2
    },
    {
      "annotations": {
        "BioAssay": {
          "surface plasmon resonance": true
        },
        "PublicationStatus": {
          "Preprint": true
        },
        "PublicationType": {
          "Research": true
        },
        "Section": {
          "Full Text": true
        },
        "Species": {
          "9606": true
        }
      },
      "citation": {
        "db": "DOI",
        "db_id": "10.1101/2020.03.10.986398"
      },
      "evidence": "Experimental affinity measurements (e.g. surface plasmon resonance, SPR) confirm the high affinity of SARS-2002 RBD—ACE2 binding, with an equilibrium dissociation constant (K D ) of ~15 mM (18-21), similar to the binding affinity of ACE2 and the COVID-19 RBD (22, 23).",
      "key": "8fdcd15fdfaacc44443b14a37e084d7e",
      "line": 72,
      "relation": "positiveCorrelation",
      "source": 4,
      "target": 10
    },
    {
      "key": "91585dfb07b68567219a2cb720e5cf5e",
      "relation": "partOf",
      "source": 7,
      "target": 4
    },
    {
      "key": "1db03b2523b3b2cd2b465edf9382bc2a",
      "relation": "partOf",
      "source": 7,
      "target": 3
    },
    {
      "key": "e9a19617010334e4a7cd5c4ca2c08702",
      "relation": "partOf",
      "source": 8,
      "target": 4
    },
    {
      "annotations": {
        "MeSHDisease": {
          "Severe Acute Respiratory Syndrome": true
        },
        "PublicationStatus": {
          "Preprint": true
        },
        "PublicationType": {
          "Research": true
        },
        "Section": {
          "Full Text": true
        },
        "Species": {
          "9606": true
        }
      },
      "citation": {
        "db": "DOI",
        "db_id": "10.1101/2020.03.10.986398"
      },
      "evidence": "The angiotensin-converting enzyme 2 (ACE2) was identified as the critical receptor for mediating SARS-2002 entry into host cells (7, 8).",
      "key": "1fbcc5c6af53959d054e02d7ec745708",
      "line": 53,
      "relation": "association",
      "source": 8,
      "target": 1
    },
    {
      "annotations": {
        "MeSHDisease": {
          "Severe Acute Respiratory Syndrome": true
        },
        "PublicationStatus": {
          "Preprint": true
        },
        "PublicationType": {
          "Research": true
        },
        "Section": {
          "Full Text": true
        },
        "Species": {
          "9606": true
        }
      },
      "citation": {
        "db": "DOI",
        "db_id": "10.1101/2020.03.10.986398"
      },
      "evidence": "The angiotensin-converting enzyme 2 (ACE2) was identified as the critical receptor for mediating SARS-2002 entry into host cells (7, 8).",
      "key": "9dab713757fb863e2e139395c398bf0e",
      "line": 54,
      "relation": "increases",
      "source": 2,
      "target": 10
    },
    {
      "annotations": {
        "Custom_Disease": {
          "COVID-19": true
        },
        "PublicationStatus": {
          "Preprint": true
        },
        "PublicationType": {
          "Research": true
        },
        "Section": {
          "Full Text": true
        },
        "Species": {
          "9606": true
        }
      },
      "citation": {
        "db": "DOI",
        "db_id": "10.1101/2020.03.10.986398"
      },
      "evidence": "Similar to the SARS-2002 virus, the COVID-19 virus enters the host cell by RBD binding to the host cell ACE2 receptor (7, 11, 12).",
      "key": "d37afbf5798c1b7a3d59606c0982fcba",
      "line": 61,
      "relation": "increases",
      "source": 2,
      "target": 9
    },
    {
      "annotations": {
        "MeSHDisease": {
          "Severe Acute Respiratory Syndrome": true
        },
        "PublicationStatus": {
          "Preprint": true
        },
        "PublicationType": {
          "Research": true
        },
        "Section": {
          "Full Text": true
        },
        "Species": {
          "9606": true
        }
      },
      "citation": {
        "db": "DOI",
        "db_id": "10.1101/2020.03.10.986398"
      },
      "evidence": "The angiotensin-converting enzyme 2 (ACE2) was identified as the critical receptor for mediating SARS-2002 entry into host cells (7, 8).",
      "key": "fc24242c2ccd05df00b13d1afa9ebd06",
      "line": 53,
      "relation": "association",
      "source": 1,
      "target": 8
    },
    {
      "annotations": {
        "BioAssay": {
          "surface plasmon resonance": true
        },
        "PublicationStatus": {
          "Preprint": true
        },
        "PublicationType": {
          "Research": true
        },
        "Section": {
          "Full Text": true
        },
        "Species": {
          "9606": true
        }
      },
      "citation": {
        "db": "DOI",
        "db_id": "10.1101/2020.03.10.986398"
      },
      "evidence": "Experimental affinity measurements (e.g. surface plasmon resonance, SPR) confirm the high affinity of SARS-2002 RBD—ACE2 binding, with an equilibrium dissociation constant (K D ) of ~15 mM (18-21), similar to the binding affinity of ACE2 and the COVID-19 RBD (22, 23).",
      "key": "1fae2d81d24418360b8df4e2634f17f1",
      "line": 72,
      "relation": "positiveCorrelation",
      "source": 10,
      "target": 4
    },
    {
      "annotations": {
        "Custom_Disease": {
          "COVID-19": true
        },
        "PublicationStatus": {
          "Preprint": true
        },
        "PublicationType": {
          "Research": true
        },
        "Section": {
          "Full Text": true
        },
        "Species": {
          "9606": true
        }
      },
      "citation": {
        "db": "DOI",
        "db_id": "10.1101/2020.03.10.986398"
      },
      "evidence": "Similar to the SARS-2002 virus, the COVID-19 virus enters the host cell by RBD binding to the host cell ACE2 receptor (7, 11, 12).",
      "key": "940c92e5ad40b0707609a882b11f1815",
      "line": 60,
      "relation": "increases",
      "source": 3,
      "target": 2
    },
    {
      "key": "cc2d182e46a7afcbe8de0b32b4f87ed1",
      "relation": "partOf",
      "source": 5,
      "target": 3
    },
    {
      "key": "a480e298bdf6b5368fc56723ae2441c9",
      "relation": "hasVariant",
      "source": 5,
      "target": 6
    },
    {
      "annotations": {
        "BioAssay": {
          "molecular dynamics simulation": true
        },
        "PublicationStatus": {
          "Preprint": true
        },
        "PublicationType": {
          "Research": true
        },
        "Section": {
          "Full Text": true
        },
        "Species": {
          "9606": true
        }
      },
      "citation": {
        "db": "DOI",
        "db_id": "10.1101/2020.03.10.986398"
      },
      "evidence": "This analysis reveals the critical role of L486F (SARS-des residue F472) for stabilizing the COVID-19—ACE2 interface and a reduction in the number of states of the COVID-19 spike protein bound to an ACE2 receptor.",
      "key": "8fe252d33150bab9a76f7aec7d461699",
      "line": 67,
      "relation": "increases",
      "source": 6,
      "target": 3
    },
    {
      "annotations": {
        "BioAssay": {
          "molecular dynamics simulation": true
        },
        "PublicationStatus": {
          "Preprint": true
        },
        "PublicationType": {
          "Research": true
        },
        "Section": {
          "Full Text": true
        },
        "Species": {
          "9606": true
        }
      },
      "citation": {
        "db": "DOI",
        "db_id": "10.1101/2020.03.10.986398"
      },
      "evidence": "Moreover, in the SARS designed variant (SARS-des (11)), the addition of an aromatic residue (L486F substitution) significantly improved the interaction scores and interface stability (Fig. 3, B and D).",
      "key": "11aea4ef236464216162c8122bc07a3e",
      "line": 77,
      "relation": "increases",
      "source": 6,
      "target": 3
    }
  ],
  "multigraph": true,
  "nodes": [
    {
      "bel": "a(TAX:\"Severe acute respiratory syndrome coronavirus 2\")",
      "concept": {
        "name": "Severe acute respiratory syndrome coronavirus 2",
        "namespace": "TAX"
      },
      "function": "Abundance",
      "id": "c41851da59cc36c21b2e8acf24c1f46d"
    },
    {
      "bel": "a(TAX:\"Severe acute respiratory syndrome-related coronavirus\")",
      "concept": {
        "name": "Severe acute respiratory syndrome-related coronavirus",
        "namespace": "TAX"
      },
      "function": "Abundance",
      "id": "a824ba056422b4e42996cd3269ec9a19"
    },
    {
      "bel": "bp(GO:\"viral entry into host cell\")",
      "concept": {
        "name": "viral entry into host cell",
        "namespace": "GO"
      },
      "function": "BiologicalProcess",
      "id": "2a6e5ae8582e2cded25095e14c2ee329"
    },
    {
      "bel": "complex(p(COVID:S), p(HGNC:ACE2))",
      "function": "Complex",
      "id": "6b8514d35b9a04dcfdf30d01d4a3a0a0",
      "members": [
        {
          "bel": "p(COVID:S)",
          "concept": {
            "name": "S",
            "namespace": "COVID"
          },
          "function": "Protein",
          "id": "8d090715298e11996081058536798c19"
        },
        {
          "bel": "p(HGNC:ACE2)",
          "concept": {
            "name": "ACE2",
            "namespace": "HGNC"
          },
          "function": "Protein",
          "id": "bb9a231a2c68ff8f3bad2adad9ed6a94"
        }
      ]
    },
    {
      "bel": "complex(p(HGNC:ACE2), p(UNIPROT:P59594))",
      "function": "Complex",
      "id": "5f0fba1d2f3748b26fc96f962647074c",
      "members": [
        {
          "bel": "p(HGNC:ACE2)",
          "concept": {
            "name": "ACE2",
            "namespace": "HGNC"
          },
          "function": "Protein",
          "id": "bb9a231a2c68ff8f3bad2adad9ed6a94"
        },
        {
          "bel": "p(UNIPROT:P59594)",
          "concept": {
            "name": "P59594",
            "namespace": "UNIPROT"
          },
          "function": "Protein",
          "id": "7543d9372e2f08df7ae62ef5685b391b"
        }
      ]
    },
    {
      "bel": "p(COVID:S)",
      "concept": {
        "name": "S",
        "namespace": "COVID"
      },
      "function": "Protein",
      "id": "8d090715298e11996081058536798c19"
    },
    {
      "bel": "p(COVID:S, var(\"p.Leu486Phe\"))",
      "concept": {
        "name": "S",
        "namespace": "COVID"
      },
      "function": "Protein",
      "id": "0b629ac0886c94841292a79b57e6e944",
      "variants": [
        {
          "hgvs": "p.Leu486Phe",
          "kind": "hgvs"
        }
      ]
    },
    {
      "bel": "p(HGNC:ACE2)",
      "concept": {
        "name": "ACE2",
        "namespace": "HGNC"
      },
      "function": "Protein",
      "id": "bb9a231a2c68ff8f3bad2adad9ed6a94"
    },
    {
      "bel": "p(UNIPROT:P59594)",
      "concept": {
        "name": "P59594",
        "namespace": "UNIPROT"
      },
      "function": "Protein",
      "id": "7543d9372e2f08df7ae62ef5685b391b"
    },
    {
      "bel": "path(DO:\"COVID-19\")",
      "concept": {
        "name": "COVID-19",
        "namespace": "DO"
      },
      "function": "Pathology",
      "id": "6f9f1c2e8012537e503a758c6bfaff0f"
    },
    {
      "bel": "path(DO:\"severe acute respiratory syndrome\")",
      "concept": {
        "name": "severe acute respiratory syndrome",
        "namespace": "DO"
      },
      "function": "Pathology",
      "id": "06fc6690e6ddfff254197e953a470c95"
    }
  ]
}