{
  "directed": true,
  "graph": {
    "annotation_list": {
      "Analysis": [
        "Molecular docking"
      ],
      "PublicationStatus": [
        "Preprint"
      ],
      "PublicationType": [
        "Research"
      ],
      "Section": [
        "Results"
      ]
    },
    "annotation_pattern": {},
    "annotation_url": {},
    "document_metadata": {
      "authors": "Geena Mariya Jose",
      "contact": "geena.mariya.jose@causalitybiomodels.com",
      "copyright": "Copyright © 2020 Fraunhofer Institute SCAI, All rights reserved",
      "description": "COVID Knowledge Curation project",
      "licenses": "Private Ownership to Fraunhofer Institute SCAI",
      "name": "Jazzi_et.al_2020.bel",
      "version": "2.0.0"
    },
    "namespace_pattern": {
      "PUBCHEM": "^\\d+$"
    },
    "namespace_url": {
      "CHEBI": "https://arty.scai.fraunhofer.de/artifactory/bel/namespace/chebi/chebi-20190708.belns",
      "COVID": "https://arty.scai.fraunhofer.de/artifactory/bel/namespace/ncbi-covid19/ncbi-covid19-20200326.belns",
      "HGNC": "https://arty.scai.fraunhofer.de/artifactory/bel/namespace/hgnc/hgnc-20190708.belns",
      "MESH": "https://arty.scai.fraunhofer.de/artifactory/bel/namespace/mesh/mesh-names-20181007.belns"
    },
    "path": "Jazzi_et.al_2020.bel",
    "pybel_version": "0.14.6"
  },
  "links": [
    {
      "key": "47108a1f96a57ed43bffe9796cdfcf48",
      "relation": "partOf",
      "source": 1,
      "target": 6
    },
    {
      "key": "e5d174aa0e04c2f6e24dc7acaeb99edc",
      "relation": "partOf",
      "source": 1,
      "target": 7
    },
    {
      "key": "ec4fc81f7d4e0def32c6e9522f08ab04",
      "relation": "partOf",
      "source": 9,
      "target": 6
    },
    {
      "key": "f59dd217eaf7f75c868798c5bd48b177",
      "relation": "partOf",
      "source": 9,
      "target": 4
    },
    {
      "key": "b7d33677a9029d0ceee889cfe902d83a",
      "relation": "hasVariant",
      "source": 8,
      "target": 9
    },
    {
      "key": "7511beb987b9ee92c7e4e0b545f7f749",
      "relation": "partOf",
      "source": 0,
      "target": 4
    },
    {
      "key": "828b0aa0f2656e2fabfeb32aa91978f3",
      "relation": "partOf",
      "source": 0,
      "target": 5
    },
    {
      "annotations": {
        "Analysis": {
          "Molecular docking": true
        },
        "PublicationStatus": {
          "Preprint": true
        },
        "PublicationType": {
          "Research": true
        },
        "Section": {
          "Results": true
        }
      },
      "citation": {
        "db": "DOI",
        "db_id": "10.20944/preprints202003.0457.v1"
      },
      "evidence": "In other words, despite of the more stability of the ADPR than Losartan, Losartan can compete to ADPR for creating a complex with macrodomain protein, and in the case of TRPM2, Losartan could be a proper inhibitor for TRPM2.",
      "key": "d130e3ec0346c3eedb842c47e3068b46",
      "line": 68,
      "relation": "decreases",
      "source": 0,
      "target": 10
    },
    {
      "annotations": {
        "Analysis": {
          "Molecular docking": true
        },
        "PublicationStatus": {
          "Preprint": true
        },
        "PublicationType": {
          "Research": true
        },
        "Section": {
          "Results": true
        }
      },
      "citation": {
        "db": "DOI",
        "db_id": "10.20944/preprints202003.0457.v1"
      },
      "evidence": "Losartan formed six hydrogen bonds with four amino acids, Phe132, Ser128, Gly180, and Ile131 by the distance between 1.83 and 2.44 Å.",
      "key": "005bce8700ac20804d6a4c47868befc0",
      "line": 52,
      "relation": "increases",
      "source": 2,
      "target": 4
    },
    {
      "annotations": {
        "Analysis": {
          "Molecular docking": true
        },
        "PublicationStatus": {
          "Preprint": true
        },
        "PublicationType": {
          "Research": true
        },
        "Section": {
          "Results": true
        }
      },
      "citation": {
        "db": "DOI",
        "db_id": "10.20944/preprints202003.0457.v1"
      },
      "evidence": "Losartan was exhibited four hydrogen binds with Asn1487, Arg1433 and Ser1382 residues within the range of 1.8 –2.8 Å.",
      "key": "b546cdecaa7dad6a0d061369cdc6cd6f",
      "line": 62,
      "relation": "increases",
      "source": 2,
      "target": 5
    },
    {
      "annotations": {
        "Analysis": {
          "Molecular docking": true
        },
        "PublicationStatus": {
          "Preprint": true
        },
        "PublicationType": {
          "Research": true
        },
        "Section": {
          "Results": true
        }
      },
      "citation": {
        "db": "DOI",
        "db_id": "10.20944/preprints202003.0457.v1"
      },
      "evidence": "Besides, 20 hydrophobic contacts were exhibited with Asp22, Ile23, Phe156, Ala154, Val155, Lue164, Pro136, Pro125, Gly48, Gly51, Gly47, Gly46, Asn40, Ala39, His45, Leu127, Gly133 and Ile131 among the range 3.40-3.90 Å.",
      "key": "38b9f9feedc6884e79226bfbb087aab2",
      "line": 55,
      "relation": "increases",
      "source": 3,
      "target": 4
    },
    {
      "annotations": {
        "Analysis": {
          "Molecular docking": true
        },
        "PublicationStatus": {
          "Preprint": true
        },
        "PublicationType": {
          "Research": true
        },
        "Section": {
          "Results": true
        }
      },
      "citation": {
        "db": "DOI",
        "db_id": "10.20944/preprints202003.0457.v1"
      },
      "evidence": "A total of 13 hydrophobic bonds were found with Pro1388, Val1377, Leu1379, Ser1382, Ala1386, His1348, and Tyr1349 in the range of 3.1-3.9 Å.",
      "key": "9b79677046f4636f2430412780fd6fbf",
      "line": 65,
      "relation": "increases",
      "source": 3,
      "target": 5
    },
    {
      "key": "68cf7dbd0402ab1d4d83081c1457627c",
      "relation": "partOf",
      "source": 10,
      "target": 7
    },
    {
      "key": "368514719b1ca9824122f72f3e9d24db",
      "relation": "partOf",
      "source": 10,
      "target": 5
    }
  ],
  "multigraph": true,
  "nodes": [
    {
      "bel": "a(CHEBI:losartan)",
      "concept": {
        "name": "losartan",
        "namespace": "CHEBI"
      },
      "function": "Abundance",
      "id": "75acc65a998a7c84833f9eaafc14afa2"
    },
    {
      "bel": "a(PUBCHEM:192)",
      "concept": {
        "name": "192",
        "namespace": "PUBCHEM"
      },
      "function": "Abundance",
      "id": "0e6c0a6092594bf634c185aeafa7b908"
    },
    {
      "bel": "bp(MESH:\"Hydrogen Bonding\")",
      "concept": {
        "name": "Hydrogen Bonding",
        "namespace": "MESH"
      },
      "function": "BiologicalProcess",
      "id": "0ce5afd7f0b6ebe292dc6d5a4de0ded1"
    },
    {
      "bel": "bp(MESH:\"Hydrophobic and Hydrophilic Interactions\")",
      "concept": {
        "name": "Hydrophobic and Hydrophilic Interactions",
        "namespace": "MESH"
      },
      "function": "BiologicalProcess",
      "id": "a6e4c5a24c27bd275a9306a9e99978db"
    },
    {
      "bel": "complex(a(CHEBI:losartan), p(COVID:ORF1ab, frag(\"819_2763\")))",
      "function": "Complex",
      "id": "bf84ac1e71274a025b998f292af47f42",
      "members": [
        {
          "bel": "a(CHEBI:losartan)",
          "concept": {
            "name": "losartan",
            "namespace": "CHEBI"
          },
          "function": "Abundance",
          "id": "75acc65a998a7c84833f9eaafc14afa2"
        },
        {
          "bel": "p(COVID:ORF1ab, frag(\"819_2763\"))",
          "concept": {
            "name": "ORF1ab",
            "namespace": "COVID"
          },
          "function": "Protein",
          "id": "598b8d5f87bf878c033f8fe9152ffb2b",
          "variants": [
            {
              "kind": "frag",
              "start": 819,
              "stop": 2763
            }
          ]
        }
      ]
    },
    {
      "bel": "complex(a(CHEBI:losartan), p(HGNC:TRPM2))",
      "function": "Complex",
      "id": "7ac30d985050dcf2ecdbfcf961626c98",
      "members": [
        {
          "bel": "a(CHEBI:losartan)",
          "concept": {
            "name": "losartan",
            "namespace": "CHEBI"
          },
          "function": "Abundance",
          "id": "75acc65a998a7c84833f9eaafc14afa2"
        },
        {
          "bel": "p(HGNC:TRPM2)",
          "concept": {
            "name": "TRPM2",
            "namespace": "HGNC"
          },
          "function": "Protein",
          "id": "40959c3e0ab593596fb98ca74cff5959"
        }
      ]
    },
    {
      "bel": "complex(a(PUBCHEM:192), p(COVID:ORF1ab, frag(\"819_2763\")))",
      "function": "Complex",
      "id": "91547d5e4ef7c71266c360419865dbbe",
      "members": [
        {
          "bel": "a(PUBCHEM:192)",
          "concept": {
            "name": "192",
            "namespace": "PUBCHEM"
          },
          "function": "Abundance",
          "id": "0e6c0a6092594bf634c185aeafa7b908"
        },
        {
          "bel": "p(COVID:ORF1ab, frag(\"819_2763\"))",
          "concept": {
            "name": "ORF1ab",
            "namespace": "COVID"
          },
          "function": "Protein",
          "id": "598b8d5f87bf878c033f8fe9152ffb2b",
          "variants": [
            {
              "kind": "frag",
              "start": 819,
              "stop": 2763
            }
          ]
        }
      ]
    },
    {
      "bel": "complex(a(PUBCHEM:192), p(HGNC:TRPM2))",
      "function": "Complex",
      "id": "63ad3c43b1481664968d25c1c7de663f",
      "members": [
        {
          "bel": "a(PUBCHEM:192)",
          "concept": {
            "name": "192",
            "namespace": "PUBCHEM"
          },
          "function": "Abundance",
          "id": "0e6c0a6092594bf634c185aeafa7b908"
        },
        {
          "bel": "p(HGNC:TRPM2)",
          "concept": {
            "name": "TRPM2",
            "namespace": "HGNC"
          },
          "function": "Protein",
          "id": "40959c3e0ab593596fb98ca74cff5959"
        }
      ]
    },
    {
      "bel": "p(COVID:ORF1ab)",
      "concept": {
        "name": "ORF1ab",
        "namespace": "COVID"
      },
      "function": "Protein",
      "id": "3e2ae75f3061012cb65ea6b97f7db096"
    },
    {
      "bel": "p(COVID:ORF1ab, frag(\"819_2763\"))",
      "concept": {
        "name": "ORF1ab",
        "namespace": "COVID"
      },
      "function": "Protein",
      "id": "598b8d5f87bf878c033f8fe9152ffb2b",
      "variants": [
        {
          "kind": "frag",
          "start": 819,
          "stop": 2763
        }
      ]
    },
    {
      "bel": "p(HGNC:TRPM2)",
      "concept": {
        "name": "TRPM2",
        "namespace": "HGNC"
      },
      "function": "Protein",
      "id": "40959c3e0ab593596fb98ca74cff5959"
    }
  ]
}