{
  "directed": true,
  "graph": {
    "annotation_list": {
      "PublicationStatus": [
        "Preprint"
      ],
      "PublicationType": [
        "Research"
      ],
      "Section": [
        "Results"
      ]
    },
    "annotation_pattern": {},
    "annotation_url": {},
    "document_metadata": {
      "authors": "Thrishna",
      "contact": "thrishna@causalitybiomodels.com",
      "copyright": "Copyright © 2020 Fraunhofer Institute SCAI, All rights reserved",
      "description": "COVID Knowledge Curation project",
      "licenses": "Private Ownership to Fraunhofer Institute SCAI",
      "name": "Meng_et.al_2020.bel",
      "version": "2.0.0"
    },
    "namespace_pattern": {},
    "namespace_url": {
      "COVID": "https://arty.scai.fraunhofer.de/artifactory/bel/namespace/ncbi-covid19/ncbi-covid19-20200326.belns",
      "GO": "https://arty.scai.fraunhofer.de/artifactory/bel/namespace/go/go-20180109.belns",
      "HGNC": "https://arty.scai.fraunhofer.de/artifactory/bel/namespace/hgnc/hgnc-20190708.belns",
      "MESH": "https://arty.scai.fraunhofer.de/artifactory/bel/namespace/mesh/mesh-names-20181007.belns"
    },
    "path": "Meng_et.al_2020.bel",
    "pybel_version": "0.14.6"
  },
  "links": [
    {
      "annotations": {
        "PublicationStatus": {
          "Preprint": true
        },
        "PublicationType": {
          "Research": true
        },
        "Section": {
          "Results": true
        }
      },
      "citation": {
        "db": "DOI",
        "db_id": "10.1101/2020.02.08.926006."
      },
      "evidence": "Then it is cleaved by TMPRSS2 at the S1/S2 boundary or within S2 subunit, which removes the structural constraint of S1 on S2, and releases the internal fusion peptide combined with the Spike TM domain for the fusion of viral and cellular membranes. Finally, the viral genomes enter into the host cells.",
      "key": "d60b75d556830f23ca456bc7a20c8ca6",
      "line": 44,
      "object": {
        "modifier": "Activity"
      },
      "relation": "increases",
      "source": 2,
      "target": 7
    },
    {
      "key": "cc2d182e46a7afcbe8de0b32b4f87ed1",
      "relation": "partOf",
      "source": 3,
      "target": 2
    },
    {
      "key": "1db03b2523b3b2cd2b465edf9382bc2a",
      "relation": "partOf",
      "source": 4,
      "target": 2
    },
    {
      "key": "29dc4d5b724c1bee01c8d0ac21bbd1d5",
      "relation": "hasVariant",
      "source": 4,
      "target": 6
    },
    {
      "key": "054d5433e45552ab6b4d1244016f38e9",
      "relation": "hasVariant",
      "source": 4,
      "target": 5
    },
    {
      "annotations": {
        "PublicationStatus": {
          "Preprint": true
        },
        "PublicationType": {
          "Research": true
        },
        "Section": {
          "Results": true
        }
      },
      "citation": {
        "db": "DOI",
        "db_id": "10.1101/2020.02.08.926006."
      },
      "evidence": "Then it is cleaved by TMPRSS2 at the S1/S2 boundary or within S2 subunit, which removes the structural constraint of S1 on S2, and releases the internal fusion peptide combined with the Spike TM domain for the fusion of viral and cellular membranes. Finally, the viral genomes enter into the host cells.",
      "key": "7a1aad13595818aa9a0b6e3046b8b793",
      "line": 45,
      "relation": "increases",
      "source": 7,
      "subject": {
        "modifier": "Activity"
      },
      "target": 6
    },
    {
      "annotations": {
        "PublicationStatus": {
          "Preprint": true
        },
        "PublicationType": {
          "Research": true
        },
        "Section": {
          "Results": true
        }
      },
      "citation": {
        "db": "DOI",
        "db_id": "10.1101/2020.02.08.926006."
      },
      "evidence": "ACE2 cleaving by TMPRSSs: TMPRSS2 can also cleave ACE2 amino acids 697 to 716, resulting in the shedding of 13kD ACE2 fragment in culture supernatants and augmented viral infectivity.",
      "key": "d0441034e3144aa7df8bab50d4b4ae95",
      "line": 52,
      "relation": "increases",
      "source": 7,
      "subject": {
        "modifier": "Activity"
      },
      "target": 5
    },
    {
      "annotations": {
        "PublicationStatus": {
          "Preprint": true
        },
        "PublicationType": {
          "Research": true
        },
        "Section": {
          "Results": true
        }
      },
      "citation": {
        "db": "DOI",
        "db_id": "10.1101/2020.02.08.926006."
      },
      "evidence": "Then it is cleaved by TMPRSS2 at the S1/S2 boundary or within S2 subunit, which removes the structural constraint of S1 on S2, and releases the internal fusion peptide combined with the Spike TM domain for the fusion of viral and cellular membranes. Finally, the viral genomes enter into the host cells.",
      "key": "aeeaa0114cf58da06c2dc7aa2dba8b11",
      "line": 46,
      "relation": "increases",
      "source": 6,
      "target": 0
    },
    {
      "annotations": {
        "PublicationStatus": {
          "Preprint": true
        },
        "PublicationType": {
          "Research": true
        },
        "Section": {
          "Results": true
        }
      },
      "citation": {
        "db": "DOI",
        "db_id": "10.1101/2020.02.08.926006."
      },
      "evidence": "ACE2 cleaving by TMPRSSs: TMPRSS2 can also cleave ACE2 amino acids 697 to 716, resulting in the shedding of 13kD ACE2 fragment in culture supernatants and augmented viral infectivity.",
      "key": "1d82372aad7922e5b1f32fbf62f281c6",
      "line": 53,
      "relation": "increases",
      "source": 5,
      "target": 1
    }
  ],
  "multigraph": true,
  "nodes": [
    {
      "bel": "bp(GO:\"viral entry into host cell\")",
      "concept": {
        "name": "viral entry into host cell",
        "namespace": "GO"
      },
      "function": "BiologicalProcess",
      "id": "2a6e5ae8582e2cded25095e14c2ee329"
    },
    {
      "bel": "bp(MESH:Virulence)",
      "concept": {
        "name": "Virulence",
        "namespace": "MESH"
      },
      "function": "BiologicalProcess",
      "id": "ea34a3ed799169801c871aed04595a45"
    },
    {
      "bel": "complex(p(COVID:S), p(HGNC:ACE2))",
      "function": "Complex",
      "id": "6b8514d35b9a04dcfdf30d01d4a3a0a0",
      "members": [
        {
          "bel": "p(COVID:S)",
          "concept": {
            "name": "S",
            "namespace": "COVID"
          },
          "function": "Protein",
          "id": "8d090715298e11996081058536798c19"
        },
        {
          "bel": "p(HGNC:ACE2)",
          "concept": {
            "name": "ACE2",
            "namespace": "HGNC"
          },
          "function": "Protein",
          "id": "bb9a231a2c68ff8f3bad2adad9ed6a94"
        }
      ]
    },
    {
      "bel": "p(COVID:S)",
      "concept": {
        "name": "S",
        "namespace": "COVID"
      },
      "function": "Protein",
      "id": "8d090715298e11996081058536798c19"
    },
    {
      "bel": "p(HGNC:ACE2)",
      "concept": {
        "name": "ACE2",
        "namespace": "HGNC"
      },
      "function": "Protein",
      "id": "bb9a231a2c68ff8f3bad2adad9ed6a94"
    },
    {
      "bel": "p(HGNC:ACE2, frag(\"697_716\"))",
      "concept": {
        "name": "ACE2",
        "namespace": "HGNC"
      },
      "function": "Protein",
      "id": "7bfc9a5cb829679486be72bf406a4f09",
      "variants": [
        {
          "kind": "frag",
          "start": 697,
          "stop": 716
        }
      ]
    },
    {
      "bel": "p(HGNC:ACE2, frag(\"?\"))",
      "concept": {
        "name": "ACE2",
        "namespace": "HGNC"
      },
      "function": "Protein",
      "id": "01259677447abcb8a2d5608e93f83325",
      "variants": [
        {
          "kind": "frag",
          "missing": "?"
        }
      ]
    },
    {
      "bel": "p(HGNC:TMPRSS2)",
      "concept": {
        "name": "TMPRSS2",
        "namespace": "HGNC"
      },
      "function": "Protein",
      "id": "1ac71e8152c90a7b43c9bc546579050d"
    }
  ]
}