{
  "directed": true,
  "graph": {
    "annotation_list": {
      "PublicationStatus": [
        "Preprint",
        "Published"
      ],
      "PublicationType": [
        "Commnent",
        "Research",
        "Review"
      ],
      "Section": [
        "Abstract",
        "Full Text",
        "Results"
      ]
    },
    "annotation_pattern": {},
    "annotation_url": {
      "CellLine": "https://arty.scai.fraunhofer.de/artifactory/bel/annotation/cell-line/cell-line-20190128.belanno",
      "MeSHAnatomy": "https://arty.scai.fraunhofer.de/artifactory/bel/annotation/mesh-anatomy/mesh-anatomy-20190128.belanno",
      "Species": "https://arty.scai.fraunhofer.de/artifactory/bel/annotation/species-taxonomy-id/species-taxonomy-id-20170511.belanno"
    },
    "document_metadata": {
      "authors": "Shounak Baksi",
      "contact": "shounak.baksi@causalitybiomodels.com",
      "copyright": "Copyright © 2020 Fraunhofer Institute SCAI, All rights reserved",
      "description": "COVID Knowledge Curation project",
      "licenses": "Private Ownership to Fraunhofer Institute SCAI",
      "name": "Nezhad_et.al_2020.bel",
      "version": "2.0.0"
    },
    "namespace_pattern": {
      "UNIPROT": "^([A-N,R-Z][0-9]([A-Z][A-Z, 0-9][A-Z, 0-9][0-9]){1,2})|([O,P,Q][0-9][A-Z, 0-9][A-Z, 0-9][A-Z, 0-9][0-9])(\\.\\d+)?$"
    },
    "namespace_url": {
      "DO": "https://arty.scai.fraunhofer.de/artifactory/bel/namespace/disease-ontology/disease-ontology-20200407.belns",
      "GO": "https://arty.scai.fraunhofer.de/artifactory/bel/namespace/go/go-20180109.belns",
      "HGNC": "https://arty.scai.fraunhofer.de/artifactory/bel/namespace/hgnc/hgnc-20190708.belns",
      "MESH": "https://arty.scai.fraunhofer.de/artifactory/bel/namespace/mesh/mesh-names-20181007.belns",
      "TAX": "https://arty.scai.fraunhofer.de/artifactory/bel/namespace/ncbi-taxonomy/ncbi-taxonomy-20200322.belns"
    },
    "path": "Nehzad_et.al_2020.bel",
    "pybel_version": "0.14.6"
  },
  "links": [
    {
      "annotations": {
        "PublicationStatus": {
          "Preprint": true
        },
        "PublicationType": {
          "Research": true
        },
        "Section": {
          "Results": true
        },
        "Species": {
          "9606": true
        }
      },
      "citation": {
        "db": "DOI",
        "db_id": "doi:10.20944/preprints202003.0206.v1"
      },
      "evidence": "Several studies revealed that CoV implements some strategies to evade the immune response by antagonizing the arms of IFN signaling pathway (32).In this regard, Frieman et al. indicated that SARS-CoV ORF6 protein blocks the expression of STAT1-activated genes and finally acts as an IFN antagonist (33).",
      "key": "ae2f18ed995fa318f0743e4ae1986cf9",
      "line": 78,
      "relation": "increases",
      "source": 2,
      "target": 4
    },
    {
      "key": "89134cedccc1b6923ff0d7b756cde220",
      "relation": "partOf",
      "source": 2,
      "target": 6
    },
    {
      "annotations": {
        "PublicationStatus": {
          "Preprint": true
        },
        "PublicationType": {
          "Research": true
        },
        "Section": {
          "Results": true
        },
        "Species": {
          "9606": true
        }
      },
      "citation": {
        "db": "DOI",
        "db_id": "doi:10.20944/preprints202003.0206.v1"
      },
      "evidence": "It was concluded that the immune response of SARS-affected patients is mainly innate immune response rather than specific antiviral responses.",
      "key": "1c75b3c36a55a123b22a3abae63ab7b4",
      "line": 99,
      "relation": "increases",
      "source": 2,
      "target": 3
    },
    {
      "annotations": {
        "PublicationStatus": {
          "Preprint": true
        },
        "PublicationType": {
          "Research": true
        },
        "Section": {
          "Results": true
        },
        "Species": {
          "9606": true
        }
      },
      "citation": {
        "db": "DOI",
        "db_id": "doi:10.20944/preprints202003.0206.v1"
      },
      "evidence": "Thus, it can be concluded that a delayed IFN-related antiviral response could debilitate the host immunity to inhibit rapid virus replication at the early stages of infection.",
      "key": "b505f9bad697a191ad4bb1552b096c5e",
      "line": 103,
      "relation": "decreases",
      "source": 4,
      "target": 5
    },
    {
      "annotations": {
        "PublicationStatus": {
          "Preprint": true
        },
        "PublicationType": {
          "Research": true
        },
        "Section": {
          "Results": true
        },
        "Species": {
          "9606": true
        }
      },
      "citation": {
        "db": "DOI",
        "db_id": "doi:10.20944/preprints202003.0206.v1"
      },
      "evidence": "A combination of type I IFN and either IFN-γ or IFN-λ, was shown to synergistically inhibit the virus replication in vitro (40,53,54).",
      "key": "8f93c6e515b737d78fc0b9db751cab4e",
      "line": 125,
      "relation": "decreases",
      "source": 4,
      "target": 5
    },
    {
      "annotations": {
        "PublicationStatus": {
          "Preprint": true
        },
        "PublicationType": {
          "Research": true
        },
        "Section": {
          "Results": true
        },
        "Species": {
          "9606": true
        }
      },
      "citation": {
        "db": "DOI",
        "db_id": "doi:10.20944/preprints202003.0206.v1"
      },
      "evidence": "This immune system inhibition might happen through affecting STAT1 and other important discussed proteins or some other strategies that CoV implement to antagonize IFN signaling (31), which finally compromises effective IFN mediated antiviral immune responses.",
      "key": "9656741362669351f40d155bf0b6394b",
      "line": 107,
      "relation": "regulates",
      "source": 4,
      "target": 15
    },
    {
      "annotations": {
        "PublicationStatus": {
          "Preprint": true
        },
        "PublicationType": {
          "Research": true
        },
        "Section": {
          "Results": true
        },
        "Species": {
          "9606": true
        }
      },
      "citation": {
        "db": "DOI",
        "db_id": "doi:10.20944/preprints202003.0206.v1"
      },
      "evidence": "Several studies revealed that CoV implements some strategies to evade the immune response by antagonizing the arms of IFN signaling pathway (32).In this regard, Frieman et al. indicated that SARS-CoV ORF6 protein blocks the expression of STAT1-activated genes and finally acts as an IFN antagonist (33).",
      "key": "85a35c7b105d1141c376d4c7a7dec840",
      "line": 79,
      "object": {
        "modifier": "Activity"
      },
      "relation": "decreases",
      "source": 21,
      "target": 15
    },
    {
      "annotations": {
        "PublicationStatus": {
          "Preprint": true
        },
        "PublicationType": {
          "Research": true
        },
        "Section": {
          "Results": true
        },
        "Species": {
          "9606": true
        }
      },
      "citation": {
        "db": "DOI",
        "db_id": "doi:10.20944/preprints202003.0206.v1"
      },
      "evidence": "As mentioned above, SARS-CoV ORF6 protein antagonizes the function of STAT1.",
      "key": "1932c9bd94cdd2f1fb1b60e6fc2c82b0",
      "line": 121,
      "object": {
        "modifier": "Activity"
      },
      "relation": "decreases",
      "source": 21,
      "target": 15
    },
    {
      "annotations": {
        "PublicationStatus": {
          "Preprint": true
        },
        "PublicationType": {
          "Research": true
        },
        "Section": {
          "Results": true
        },
        "Species": {
          "9606": true
        }
      },
      "citation": {
        "db": "DOI",
        "db_id": "doi:10.20944/preprints202003.0206.v1"
      },
      "evidence": "Several studies revealed that CoV implements some strategies to evade the immune response by antagonizing the arms of IFN signaling pathway (32).In this regard, Frieman et al. indicated that SARS-CoV ORF6 protein blocks the expression of STAT1-activated genes and finally acts as an IFN antagonist (33).",
      "key": "edb0e8103d85cae4144f13307f51d301",
      "line": 80,
      "relation": "decreases",
      "source": 21,
      "target": 4
    },
    {
      "key": "544fdb00a424f7b604caaa0fe88c7951",
      "relation": "hasVariant",
      "source": 15,
      "target": 16
    },
    {
      "annotations": {
        "PublicationStatus": {
          "Preprint": true
        },
        "PublicationType": {
          "Research": true
        },
        "Section": {
          "Results": true
        },
        "Species": {
          "9606": true
        }
      },
      "citation": {
        "db": "DOI",
        "db_id": "doi:10.20944/preprints202003.0206.v1"
      },
      "evidence": "Another study, demonstrated that IFN-α and -γ co-administration caused hyper-activated IRF-1 and STAT1, which finally led to a more robust antiviral symphony against virus replication (59).",
      "key": "77f1500a182fab8d7bc077b06b5919d3",
      "line": 132,
      "relation": "decreases",
      "source": 15,
      "target": 5
    },
    {
      "annotations": {
        "PublicationStatus": {
          "Preprint": true
        },
        "PublicationType": {
          "Research": true
        },
        "Section": {
          "Results": true
        },
        "Species": {
          "9606": true
        }
      },
      "citation": {
        "db": "DOI",
        "db_id": "doi:10.20944/preprints202003.0206.v1"
      },
      "evidence": "Yang and colleagues indicated that MERS-CoV ORF4b antagonizes the antiviral IFN-β response by inhibiting IRF3 and IRF7 (34).",
      "key": "6b2362e6c10eeee2781bd3d42680519e",
      "line": 84,
      "relation": "decreases",
      "source": 20,
      "target": 12
    },
    {
      "annotations": {
        "PublicationStatus": {
          "Preprint": true
        },
        "PublicationType": {
          "Research": true
        },
        "Section": {
          "Results": true
        },
        "Species": {
          "9606": true
        }
      },
      "citation": {
        "db": "DOI",
        "db_id": "doi:10.20944/preprints202003.0206.v1"
      },
      "evidence": "Yang and colleagues indicated that MERS-CoV ORF4b antagonizes the antiviral IFN-β response by inhibiting IRF3 and IRF7 (34).",
      "key": "90123127e4186c0ed64625d8f455cdcd",
      "line": 85,
      "relation": "decreases",
      "source": 20,
      "target": 13
    },
    {
      "annotations": {
        "PublicationStatus": {
          "Preprint": true
        },
        "PublicationType": {
          "Research": true
        },
        "Section": {
          "Results": true
        },
        "Species": {
          "9606": true
        }
      },
      "citation": {
        "db": "DOI",
        "db_id": "doi:10.20944/preprints202003.0206.v1"
      },
      "evidence": "Yang and colleagues indicated that MERS-CoV ORF4b antagonizes the antiviral IFN-β response by inhibiting IRF3 and IRF7 (34).",
      "key": "e1a4c2f4ebf6377be9c59e84c4dff13d",
      "line": 86,
      "relation": "increases",
      "source": 12,
      "target": 9
    },
    {
      "annotations": {
        "PublicationStatus": {
          "Preprint": true
        },
        "PublicationType": {
          "Research": true
        },
        "Section": {
          "Results": true
        },
        "Species": {
          "9606": true
        }
      },
      "citation": {
        "db": "DOI",
        "db_id": "doi:10.20944/preprints202003.0206.v1"
      },
      "evidence": "Yang and colleagues indicated that MERS-CoV ORF4b antagonizes the antiviral IFN-β response by inhibiting IRF3 and IRF7 (34).",
      "key": "1b909aac2a3e3e776f6e8698d25efa74",
      "line": 87,
      "relation": "increases",
      "source": 13,
      "target": 9
    },
    {
      "annotations": {
        "PublicationStatus": {
          "Preprint": true
        },
        "PublicationType": {
          "Research": true
        },
        "Section": {
          "Results": true
        },
        "Species": {
          "9606": true
        }
      },
      "citation": {
        "db": "DOI",
        "db_id": "doi:10.20944/preprints202003.0206.v1"
      },
      "evidence": "Daczkowski et al. demonstrated that CoV could interact with IFNstimulated gene 15 (ISG15) and antagonize the IFN-mediated antiviral response (36).",
      "key": "b22f170ddd015c0b9e5bde3df4ed5f5f",
      "line": 91,
      "relation": "decreases",
      "source": 6,
      "target": 4
    },
    {
      "key": "d1d5084d29274e364601d54cc8bafc3b",
      "relation": "partOf",
      "source": 14,
      "target": 6
    },
    {
      "annotations": {
        "PublicationStatus": {
          "Preprint": true
        },
        "PublicationType": {
          "Research": true
        },
        "Section": {
          "Results": true
        },
        "Species": {
          "9606": true
        }
      },
      "citation": {
        "db": "DOI",
        "db_id": "doi:10.20944/preprints202003.0206.v1"
      },
      "evidence": "Considering the immunologic differences between adults and children, the IFN-γ induction by NK cells are higher in adults but has a lower threshold in children (11,37).",
      "key": "1afd444a6189d6540b94f540d9b07fd8",
      "line": 95,
      "relation": "increases",
      "source": 0,
      "target": 10
    },
    {
      "annotations": {
        "PublicationStatus": {
          "Preprint": true
        },
        "PublicationType": {
          "Research": true
        },
        "Section": {
          "Results": true
        },
        "Species": {
          "9606": true
        }
      },
      "citation": {
        "db": "DOI",
        "db_id": "doi:10.20944/preprints202003.0206.v1"
      },
      "evidence": "A combination of type I IFN and either IFN-γ or IFN-λ, was shown to synergistically inhibit the virus replication in vitro (40,53,54).",
      "key": "1404456e96807d626150ea06be76455a",
      "line": 126,
      "relation": "decreases",
      "source": 10,
      "target": 5
    },
    {
      "key": "c4a8f3e8ed9989129f86abbe652921ec",
      "relation": "partOf",
      "source": 10,
      "target": 7
    },
    {
      "annotations": {
        "PublicationStatus": {
          "Preprint": true
        },
        "PublicationType": {
          "Research": true
        },
        "Section": {
          "Results": true
        },
        "Species": {
          "9606": true
        }
      },
      "citation": {
        "db": "DOI",
        "db_id": "doi:10.20944/preprints202003.0206.v1"
      },
      "evidence": "This result is consistent with the recent study, which represented that the number of T cells in patients with COVID-19 were reduced and functionally exhausted, especially among elderly patients (≥60) and in patients requiring Intensive Care Unit (ICU) (47).",
      "key": "0452e72ac5a60b0702b48a68f39ff510",
      "line": 111,
      "relation": "decreases",
      "source": 22,
      "target": 1
    },
    {
      "annotations": {
        "MeSHAnatomy": {
          "CD4-Positive T-Lymphocytes": true
        },
        "PublicationStatus": {
          "Preprint": true
        },
        "PublicationType": {
          "Research": true
        },
        "Section": {
          "Results": true
        },
        "Species": {
          "9606": true
        }
      },
      "citation": {
        "db": "DOI",
        "db_id": "doi:10.20944/preprints202003.0206.v1"
      },
      "evidence": "Moreover, the phosphorylation of STAT1 and STAT5 was increased in the activated naïve CD4+ T cells taken from young adults in order to lower their response threshold to type I IFN stimulation",
      "key": "7691c0e5fcae79a79541e2136e63bace",
      "line": 115,
      "relation": "increases",
      "source": 22,
      "target": 16
    },
    {
      "annotations": {
        "MeSHAnatomy": {
          "CD4-Positive T-Lymphocytes": true
        },
        "PublicationStatus": {
          "Preprint": true
        },
        "PublicationType": {
          "Research": true
        },
        "Section": {
          "Results": true
        },
        "Species": {
          "9606": true
        }
      },
      "citation": {
        "db": "DOI",
        "db_id": "doi:10.20944/preprints202003.0206.v1"
      },
      "evidence": "Moreover, the phosphorylation of STAT1 and STAT5 was increased in the activated naïve CD4+ T cells taken from young adults in order to lower their response threshold to type I IFN stimulation",
      "key": "8d17c282b793dc645697566515284b11",
      "line": 116,
      "relation": "increases",
      "source": 22,
      "target": 18
    },
    {
      "key": "669faa06132bbb1ea95d091f0d18df23",
      "relation": "hasVariant",
      "source": 17,
      "target": 18
    },
    {
      "annotations": {
        "PublicationStatus": {
          "Preprint": true
        },
        "PublicationType": {
          "Research": true
        },
        "Section": {
          "Results": true
        },
        "Species": {
          "9606": true
        }
      },
      "citation": {
        "db": "DOI",
        "db_id": "doi:10.20944/preprints202003.0206.v1"
      },
      "evidence": "A combination of type I IFN and either IFN-γ or IFN-λ, was shown to synergistically inhibit the virus replication in vitro (40,53,54).",
      "key": "bfebe7fd2052933e3d9fd22c87d3450a",
      "line": 127,
      "relation": "decreases",
      "source": 8,
      "target": 5
    },
    {
      "key": "81b3af53c9b8ff7f2b8eaba66f7b7dec",
      "relation": "partOf",
      "source": 8,
      "target": 7
    },
    {
      "annotations": {
        "PublicationStatus": {
          "Preprint": true
        },
        "PublicationType": {
          "Research": true
        },
        "Section": {
          "Results": true
        },
        "Species": {
          "9606": true
        }
      },
      "citation": {
        "db": "DOI",
        "db_id": "doi:10.20944/preprints202003.0206.v1"
      },
      "evidence": "Another study, demonstrated that IFN-α and -γ co-administration caused hyper-activated IRF-1 and STAT1, which finally led to a more robust antiviral symphony against virus replication (59).",
      "key": "b245d42f4ff7b6854472fcbc25fbe655",
      "line": 130,
      "object": {
        "modifier": "Activity"
      },
      "relation": "increases",
      "source": 7,
      "target": 11
    },
    {
      "annotations": {
        "PublicationStatus": {
          "Preprint": true
        },
        "PublicationType": {
          "Research": true
        },
        "Section": {
          "Results": true
        },
        "Species": {
          "9606": true
        }
      },
      "citation": {
        "db": "DOI",
        "db_id": "doi:10.20944/preprints202003.0206.v1"
      },
      "evidence": "Another study, demonstrated that IFN-α and -γ co-administration caused hyper-activated IRF-1 and STAT1, which finally led to a more robust antiviral symphony against virus replication (59).",
      "key": "953de497657598889c08f30e8ffe1ed2",
      "line": 131,
      "object": {
        "modifier": "Activity"
      },
      "relation": "increases",
      "source": 7,
      "target": 15
    },
    {
      "annotations": {
        "PublicationStatus": {
          "Preprint": true
        },
        "PublicationType": {
          "Research": true
        },
        "Section": {
          "Results": true
        },
        "Species": {
          "9606": true
        }
      },
      "citation": {
        "db": "DOI",
        "db_id": "doi:10.20944/preprints202003.0206.v1"
      },
      "evidence": "Another study, demonstrated that IFN-α and -γ co-administration caused hyper-activated IRF-1 and STAT1, which finally led to a more robust antiviral symphony against virus replication (59).",
      "key": "ae2c862c98039763a9a6e8522af48185",
      "line": 133,
      "relation": "decreases",
      "source": 11,
      "target": 5
    },
    {
      "annotations": {
        "PublicationStatus": {
          "Preprint": true
        },
        "PublicationType": {
          "Research": true
        },
        "Section": {
          "Results": true
        },
        "Species": {
          "9606": true
        }
      },
      "citation": {
        "db": "DOI",
        "db_id": "doi:10.20944/preprints202003.0206.v1"
      },
      "evidence": "As another approach, the IFN level can be increased indirectly. Noteworthy, toll like receptor (TLR)3 activation, could induce these IFNs (61–64).",
      "key": "bb727c20acf86f2a97bf66ce2156ee38",
      "line": 137,
      "relation": "increases",
      "source": 19,
      "target": 10
    },
    {
      "annotations": {
        "PublicationStatus": {
          "Preprint": true
        },
        "PublicationType": {
          "Research": true
        },
        "Section": {
          "Results": true
        },
        "Species": {
          "9606": true
        }
      },
      "citation": {
        "db": "DOI",
        "db_id": "doi:10.20944/preprints202003.0206.v1"
      },
      "evidence": "As another approach, the IFN level can be increased indirectly. Noteworthy, toll like receptor (TLR)3 activation, could induce these IFNs (61–64).",
      "key": "dcfbe62da0bbe63609b8076539308f81",
      "line": 138,
      "relation": "increases",
      "source": 19,
      "target": 8
    }
  ],
  "multigraph": true,
  "nodes": [
    {
      "bel": "a(MESH:\"Killer Cells, Natural\")",
      "concept": {
        "name": "Killer Cells, Natural",
        "namespace": "MESH"
      },
      "function": "Abundance",
      "id": "977a8a88c878a7d9a31a95090c497b26"
    },
    {
      "bel": "a(MESH:\"T-Lymphocytes\")",
      "concept": {
        "name": "T-Lymphocytes",
        "namespace": "MESH"
      },
      "function": "Abundance",
      "id": "04840e346c8f8e46d6d4e5ed8f1b84c5"
    },
    {
      "bel": "a(TAX:\"Severe acute respiratory syndrome-related coronavirus\")",
      "concept": {
        "name": "Severe acute respiratory syndrome-related coronavirus",
        "namespace": "TAX"
      },
      "function": "Abundance",
      "id": "a824ba056422b4e42996cd3269ec9a19"
    },
    {
      "bel": "bp(GO:\"innate immune response\")",
      "concept": {
        "name": "innate immune response",
        "namespace": "GO"
      },
      "function": "BiologicalProcess",
      "id": "1ea5b49f551eba11aff1ea471b1d9823"
    },
    {
      "bel": "bp(GO:\"type I interferon signaling pathway\")",
      "concept": {
        "name": "type I interferon signaling pathway",
        "namespace": "GO"
      },
      "function": "BiologicalProcess",
      "id": "406286e395b45174d29b736d24d28382"
    },
    {
      "bel": "bp(GO:\"viral genome replication\")",
      "concept": {
        "name": "viral genome replication",
        "namespace": "GO"
      },
      "function": "BiologicalProcess",
      "id": "e08b08a1af1179857efa22393f4badf4"
    },
    {
      "bel": "complex(a(TAX:\"Severe acute respiratory syndrome-related coronavirus\"), p(HGNC:ISG15))",
      "function": "Complex",
      "id": "d1a29316b4a3c20caf9c33b5ead14609",
      "members": [
        {
          "bel": "a(TAX:\"Severe acute respiratory syndrome-related coronavirus\")",
          "concept": {
            "name": "Severe acute respiratory syndrome-related coronavirus",
            "namespace": "TAX"
          },
          "function": "Abundance",
          "id": "a824ba056422b4e42996cd3269ec9a19"
        },
        {
          "bel": "p(HGNC:ISG15)",
          "concept": {
            "name": "ISG15",
            "namespace": "HGNC"
          },
          "function": "Protein",
          "id": "6f03361cf053e3a31b571f7acd2fae30"
        }
      ]
    },
    {
      "bel": "composite(p(HGNC:IFNA1), p(HGNC:IFNG))",
      "function": "Composite",
      "id": "fbdf28a1babfc0348e58b1f03f7e3d80",
      "members": [
        {
          "bel": "p(HGNC:IFNA1)",
          "concept": {
            "name": "IFNA1",
            "namespace": "HGNC"
          },
          "function": "Protein",
          "id": "4f6f7fb1b9b394de8c17cfdd5bbcaff0"
        },
        {
          "bel": "p(HGNC:IFNG)",
          "concept": {
            "name": "IFNG",
            "namespace": "HGNC"
          },
          "function": "Protein",
          "id": "20367a6ea54ae1032be4f48276f3c524"
        }
      ]
    },
    {
      "bel": "p(HGNC:IFNA1)",
      "concept": {
        "name": "IFNA1",
        "namespace": "HGNC"
      },
      "function": "Protein",
      "id": "4f6f7fb1b9b394de8c17cfdd5bbcaff0"
    },
    {
      "bel": "p(HGNC:IFNB1)",
      "concept": {
        "name": "IFNB1",
        "namespace": "HGNC"
      },
      "function": "Protein",
      "id": "187da957c4e0c092e01fc85dd9da5fa4"
    },
    {
      "bel": "p(HGNC:IFNG)",
      "concept": {
        "name": "IFNG",
        "namespace": "HGNC"
      },
      "function": "Protein",
      "id": "20367a6ea54ae1032be4f48276f3c524"
    },
    {
      "bel": "p(HGNC:IRF1)",
      "concept": {
        "name": "IRF1",
        "namespace": "HGNC"
      },
      "function": "Protein",
      "id": "5ebf71c47d53cfff91cc9808ba3065c3"
    },
    {
      "bel": "p(HGNC:IRF3)",
      "concept": {
        "name": "IRF3",
        "namespace": "HGNC"
      },
      "function": "Protein",
      "id": "897eff5dfdc1e9477decd386f7648733"
    },
    {
      "bel": "p(HGNC:IRF7)",
      "concept": {
        "name": "IRF7",
        "namespace": "HGNC"
      },
      "function": "Protein",
      "id": "545adca2f0a5794cbcca6075912741ab"
    },
    {
      "bel": "p(HGNC:ISG15)",
      "concept": {
        "name": "ISG15",
        "namespace": "HGNC"
      },
      "function": "Protein",
      "id": "6f03361cf053e3a31b571f7acd2fae30"
    },
    {
      "bel": "p(HGNC:STAT1)",
      "concept": {
        "name": "STAT1",
        "namespace": "HGNC"
      },
      "function": "Protein",
      "id": "4406636e0faeaf0a1fb400403144d48b"
    },
    {
      "bel": "p(HGNC:STAT1, pmod(Ph))",
      "concept": {
        "name": "STAT1",
        "namespace": "HGNC"
      },
      "function": "Protein",
      "id": "82d978dd82b68bbd7ea4f731c519de53",
      "variants": [
        {
          "concept": {
            "name": "Ph",
            "namespace": "bel"
          },
          "kind": "pmod"
        }
      ]
    },
    {
      "bel": "p(HGNC:STAT5A)",
      "concept": {
        "name": "STAT5A",
        "namespace": "HGNC"
      },
      "function": "Protein",
      "id": "e8f75d225985c338be0ce1709cb38f74"
    },
    {
      "bel": "p(HGNC:STAT5A, pmod(Ph))",
      "concept": {
        "name": "STAT5A",
        "namespace": "HGNC"
      },
      "function": "Protein",
      "id": "889d2ff47132d071d56d2f2cdec41107",
      "variants": [
        {
          "concept": {
            "name": "Ph",
            "namespace": "bel"
          },
          "kind": "pmod"
        }
      ]
    },
    {
      "bel": "p(HGNC:TLR3)",
      "concept": {
        "name": "TLR3",
        "namespace": "HGNC"
      },
      "function": "Protein",
      "id": "8e283e8a56191737442a695574bbee2b"
    },
    {
      "bel": "p(UNIPROT:K9N643)",
      "concept": {
        "name": "K9N643",
        "namespace": "UNIPROT"
      },
      "function": "Protein",
      "id": "e9efa386f9c7ee56a600013d070ee364"
    },
    {
      "bel": "p(UNIPROT:Q19QW5)",
      "concept": {
        "name": "Q19QW5",
        "namespace": "UNIPROT"
      },
      "function": "Protein",
      "id": "a507e0701332f1ff43a63f92bf0a05cf"
    },
    {
      "bel": "path(DO:\"COVID-19\")",
      "concept": {
        "name": "COVID-19",
        "namespace": "DO"
      },
      "function": "Pathology",
      "id": "6f9f1c2e8012537e503a758c6bfaff0f"
    }
  ]
}