{
  "directed": true,
  "graph": {
    "annotation_list": {
      "Infection_Type": [
        "Coronavirus 229E",
        "Coronavirus 229E, Human",
        "Coronavirus OC43, Human",
        "Middle East respiratory syndrome-related coronavirus",
        "Severe acute respiratory syndrome coronavirus 2",
        "Severe acute respiratory syndrome-related coronavirus"
      ],
      "PublicationStatus": [
        "Preprint"
      ],
      "PublicationType": [
        "Research"
      ],
      "Section": [
        "Results"
      ]
    },
    "annotation_pattern": {},
    "annotation_url": {},
    "document_metadata": {
      "authors": "Thrishna",
      "contact": "thrishnacausalitybiomodels.com",
      "copyright": "Copyright © 2020 Fraunhofer Institute SCAI, All rights reserved",
      "description": "COVID Knowledge Curation project",
      "licenses": "Private Ownership to Fraunhofer Institute SCAI",
      "name": "Pfaender_et.al_2020.bel",
      "version": "2.0.0"
    },
    "namespace_pattern": {
      "UNIPROT": "^([A-N,R-Z][0-9]([A-Z][A-Z, 0-9][A-Z, 0-9][0-9]){1,2})|([O,P,Q][0-9][A-Z, 0-9][A-Z, 0-9][A-Z, 0-9][0-9])(\\.\\d+)?$"
    },
    "namespace_url": {
      "COVID": "https://arty.scai.fraunhofer.de/artifactory/bel/namespace/ncbi-covid19/ncbi-covid19-20200326.belns",
      "GO": "https://arty.scai.fraunhofer.de/artifactory/bel/namespace/go/go-20180109.belns",
      "HGNC": "https://arty.scai.fraunhofer.de/artifactory/bel/namespace/hgnc/hgnc-20190708.belns",
      "MESH": "https://arty.scai.fraunhofer.de/artifactory/bel/namespace/mesh/mesh-names-20181007.belns"
    },
    "path": "Pfaender_et.al_2020.bel",
    "pybel_version": "0.14.6"
  },
  "links": [
    {
      "annotations": {
        "Infection_Type": {
          "Coronavirus 229E, Human": true
        },
        "PublicationStatus": {
          "Preprint": true
        },
        "PublicationType": {
          "Research": true
        },
        "Section": {
          "Results": true
        }
      },
      "citation": {
        "db": "DOI",
        "db_id": "10.1101/2020.03.05.979260"
      },
      "evidence": "The ISG lymphocyte antigen 6 complex, locus E (LY6E) strikingly inhibited HCoV-229E infection (Fig. 1a-b, Extended Data Fig. 1a).",
      "key": "849acae27f5419494adf46acfeca9b65",
      "line": 44,
      "relation": "decreases",
      "source": 4,
      "subject": {
        "modifier": "Activity"
      },
      "target": 2
    },
    {
      "annotations": {
        "Infection_Type": {
          "Coronavirus OC43, Human": true,
          "Middle East respiratory syndrome-related coronavirus": true,
          "Severe acute respiratory syndrome coronavirus 2": true,
          "Severe acute respiratory syndrome-related coronavirus": true
        },
        "PublicationStatus": {
          "Preprint": true
        },
        "PublicationType": {
          "Research": true
        },
        "Section": {
          "Results": true
        }
      },
      "citation": {
        "db": "DOI",
        "db_id": "10.1101/2020.03.05.979260"
      },
      "evidence": "In addition to HCoV-229E (Fig. 1c), LY6E significantly inhibited infection by HCoV-OC43, MERS-CoV, SARSCoV, and the recently emerged SARS-CoV-2 (Fig. 1d-g).",
      "key": "9e252f7564cdd82b361591ac15f7a543",
      "line": 53,
      "relation": "decreases",
      "source": 4,
      "subject": {
        "modifier": "Activity"
      },
      "target": 2
    },
    {
      "annotations": {
        "Infection_Type": {
          "Coronavirus 229E": true
        },
        "PublicationStatus": {
          "Preprint": true
        },
        "PublicationType": {
          "Research": true
        },
        "Section": {
          "Results": true
        }
      },
      "citation": {
        "db": "DOI",
        "db_id": "10.1101/2020.03.05.979260"
      },
      "evidence": "Strikingly, LY6E significantly inhibited VSVpp entry mediated by S proteins from HCoV-229E (Fig. 2a), MERS-CoV (Fig. 2b), SARS-CoV (Fig. 2c), and SARS-CoV-2 (Fig. 2d).",
      "key": "71a68c8de5f9824856008b070311178b",
      "line": 61,
      "object": {
        "modifier": "Activity"
      },
      "relation": "decreases",
      "source": 4,
      "subject": {
        "modifier": "Activity"
      },
      "target": 5
    },
    {
      "annotations": {
        "Infection_Type": {
          "Coronavirus 229E": true
        },
        "PublicationStatus": {
          "Preprint": true
        },
        "PublicationType": {
          "Research": true
        },
        "Section": {
          "Results": true
        }
      },
      "citation": {
        "db": "DOI",
        "db_id": "10.1101/2020.03.05.979260"
      },
      "evidence": "LY6E potently inhibited CoV S protein-mediated syncytia formation (Fig. 2e-f).",
      "key": "8be7b87556cf8ef8e37c37699ea8a8f8",
      "line": 81,
      "object": {
        "modifier": "Activity"
      },
      "relation": "decreases",
      "source": 4,
      "subject": {
        "modifier": "Activity"
      },
      "target": 5
    },
    {
      "annotations": {
        "Infection_Type": {
          "Coronavirus 229E": true
        },
        "PublicationStatus": {
          "Preprint": true
        },
        "PublicationType": {
          "Research": true
        },
        "Section": {
          "Results": true
        }
      },
      "citation": {
        "db": "DOI",
        "db_id": "10.1101/2020.03.05.979260"
      },
      "evidence": "Strikingly, LY6E significantly inhibited VSVpp entry mediated by S proteins from HCoV-229E (Fig. 2a), MERS-CoV (Fig. 2b), SARS-CoV (Fig. 2c), and SARS-CoV-2 (Fig. 2d).",
      "key": "7d60358353fa703f54fbc4abe4daf16c",
      "line": 60,
      "relation": "increases",
      "source": 5,
      "subject": {
        "modifier": "Activity"
      },
      "target": 1
    },
    {
      "annotations": {
        "Infection_Type": {
          "Coronavirus 229E": true
        },
        "PublicationStatus": {
          "Preprint": true
        },
        "PublicationType": {
          "Research": true
        },
        "Section": {
          "Results": true
        }
      },
      "citation": {
        "db": "DOI",
        "db_id": "10.1101/2020.03.05.979260"
      },
      "evidence": "LY6E potently inhibited CoV S protein-mediated syncytia formation (Fig. 2e-f).",
      "key": "1f4d17017a21bc1eb644bf1accbe7e99",
      "line": 80,
      "relation": "increases",
      "source": 5,
      "subject": {
        "modifier": "Activity"
      },
      "target": 0
    },
    {
      "annotations": {
        "Infection_Type": {
          "Middle East respiratory syndrome-related coronavirus": true
        },
        "PublicationStatus": {
          "Preprint": true
        },
        "PublicationType": {
          "Research": true
        },
        "Section": {
          "Results": true
        }
      },
      "citation": {
        "db": "DOI",
        "db_id": "10.1101/2020.03.05.979260"
      },
      "evidence": "Strikingly, LY6E significantly inhibited VSVpp entry mediated by S proteins from HCoV-229E (Fig. 2a), MERS-CoV (Fig. 2b), SARS-CoV (Fig. 2c), and SARS-CoV-2 (Fig. 2d).",
      "key": "64811196e26d439af8c545c691823598",
      "line": 64,
      "relation": "increases",
      "source": 7,
      "subject": {
        "modifier": "Activity"
      },
      "target": 1
    },
    {
      "annotations": {
        "Infection_Type": {
          "Middle East respiratory syndrome-related coronavirus": true
        },
        "PublicationStatus": {
          "Preprint": true
        },
        "PublicationType": {
          "Research": true
        },
        "Section": {
          "Results": true
        }
      },
      "citation": {
        "db": "DOI",
        "db_id": "10.1101/2020.03.05.979260"
      },
      "evidence": "LY6E potently inhibited CoV S protein-mediated syncytia formation (Fig. 2e-f).",
      "key": "76cda563af3abd721cb2d61aaae2e01a",
      "line": 84,
      "relation": "increases",
      "source": 7,
      "subject": {
        "modifier": "Activity"
      },
      "target": 0
    },
    {
      "annotations": {
        "Infection_Type": {
          "Severe acute respiratory syndrome-related coronavirus": true
        },
        "PublicationStatus": {
          "Preprint": true
        },
        "PublicationType": {
          "Research": true
        },
        "Section": {
          "Results": true
        }
      },
      "citation": {
        "db": "DOI",
        "db_id": "10.1101/2020.03.05.979260"
      },
      "evidence": "Strikingly, LY6E significantly inhibited VSVpp entry mediated by S proteins from HCoV-229E (Fig. 2a), MERS-CoV (Fig. 2b), SARS-CoV (Fig. 2c), and SARS-CoV-2 (Fig. 2d).",
      "key": "5d379518d7625cf8f036f8c3230af122",
      "line": 68,
      "relation": "increases",
      "source": 6,
      "subject": {
        "modifier": "Activity"
      },
      "target": 1
    },
    {
      "annotations": {
        "Infection_Type": {
          "Severe acute respiratory syndrome-related coronavirus": true
        },
        "PublicationStatus": {
          "Preprint": true
        },
        "PublicationType": {
          "Research": true
        },
        "Section": {
          "Results": true
        }
      },
      "citation": {
        "db": "DOI",
        "db_id": "10.1101/2020.03.05.979260"
      },
      "evidence": "LY6E potently inhibited CoV S protein-mediated syncytia formation (Fig. 2e-f).",
      "key": "0f46a4dbbfb142181013228f1c00da53",
      "line": 88,
      "relation": "increases",
      "source": 6,
      "subject": {
        "modifier": "Activity"
      },
      "target": 0
    },
    {
      "annotations": {
        "Infection_Type": {
          "Severe acute respiratory syndrome-related coronavirus": true
        },
        "PublicationStatus": {
          "Preprint": true
        },
        "PublicationType": {
          "Research": true
        },
        "Section": {
          "Results": true
        }
      },
      "citation": {
        "db": "DOI",
        "db_id": "10.1101/2020.03.05.979260"
      },
      "evidence": "Strikingly, LY6E significantly inhibited VSVpp entry mediated by S proteins from HCoV-229E (Fig. 2a), MERS-CoV (Fig. 2b), SARS-CoV (Fig. 2c), and SARS-CoV-2 (Fig. 2d).",
      "key": "d394c4194f7c1e652b6bafc9a68e9d2c",
      "line": 72,
      "relation": "increases",
      "source": 3,
      "subject": {
        "modifier": "Activity"
      },
      "target": 1
    },
    {
      "annotations": {
        "Infection_Type": {
          "Severe acute respiratory syndrome-related coronavirus": true
        },
        "PublicationStatus": {
          "Preprint": true
        },
        "PublicationType": {
          "Research": true
        },
        "Section": {
          "Results": true
        }
      },
      "citation": {
        "db": "DOI",
        "db_id": "10.1101/2020.03.05.979260"
      },
      "evidence": "LY6E potently inhibited CoV S protein-mediated syncytia formation (Fig. 2e-f).",
      "key": "e6aadf04051eea822cca3fd6c27752d7",
      "line": 92,
      "relation": "increases",
      "source": 3,
      "subject": {
        "modifier": "Activity"
      },
      "target": 0
    }
  ],
  "multigraph": true,
  "nodes": [
    {
      "bel": "bp(GO:\"syncytium formation\")",
      "concept": {
        "name": "syncytium formation",
        "namespace": "GO"
      },
      "function": "BiologicalProcess",
      "id": "b7b66b34f981f3db649959e04d17e38b"
    },
    {
      "bel": "bp(GO:\"viral entry into host cell\")",
      "concept": {
        "name": "viral entry into host cell",
        "namespace": "GO"
      },
      "function": "BiologicalProcess",
      "id": "2a6e5ae8582e2cded25095e14c2ee329"
    },
    {
      "bel": "bp(MESH:Virulence)",
      "concept": {
        "name": "Virulence",
        "namespace": "MESH"
      },
      "function": "BiologicalProcess",
      "id": "ea34a3ed799169801c871aed04595a45"
    },
    {
      "bel": "p(COVID:S)",
      "concept": {
        "name": "S",
        "namespace": "COVID"
      },
      "function": "Protein",
      "id": "8d090715298e11996081058536798c19"
    },
    {
      "bel": "p(HGNC:LY6E)",
      "concept": {
        "name": "LY6E",
        "namespace": "HGNC"
      },
      "function": "Protein",
      "id": "5bf2e190af1b54422267331f7beb61f2"
    },
    {
      "bel": "p(UNIPROT:P15423)",
      "concept": {
        "name": "P15423",
        "namespace": "UNIPROT"
      },
      "function": "Protein",
      "id": "aa053c0f80a8717395402329a14d79df"
    },
    {
      "bel": "p(UNIPROT:P59594)",
      "concept": {
        "name": "P59594",
        "namespace": "UNIPROT"
      },
      "function": "Protein",
      "id": "7543d9372e2f08df7ae62ef5685b391b"
    },
    {
      "bel": "p(UNIPROT:R9UQ53)",
      "concept": {
        "name": "R9UQ53",
        "namespace": "UNIPROT"
      },
      "function": "Protein",
      "id": "b9704d7cd26ae2a3ce68e27ae801e655"
    }
  ]
}