{
  "directed": true,
  "graph": {
    "annotation_list": {
      "PublicationStatus": [
        "Published"
      ],
      "PublicationType": [
        "Research"
      ],
      "Section": [
        "Results"
      ]
    },
    "annotation_pattern": {
      "BioAssay": ".*"
    },
    "annotation_url": {},
    "document_metadata": {
      "authors": "Priya S",
      "contact": "priya@causalitybiomodels.com",
      "copyright": "Copyright © 2020 Fraunhofer Institute SCAI, All rights reserved",
      "description": "COVID Knowledge Curation project",
      "licenses": "Private Ownership to Fraunhofer Institute SCAI",
      "name": "Shaghaghi_et.al_2020.bel",
      "version": "2.0.0"
    },
    "namespace_pattern": {
      "PUBCHEM": "^\\d+$"
    },
    "namespace_url": {
      "COVID": "https://arty.scai.fraunhofer.de/artifactory/bel/namespace/ncbi-covid19/ncbi-covid19-20200326.belns",
      "HGNC": "https://arty.scai.fraunhofer.de/artifactory/bel/namespace/hgnc/hgnc-20190708.belns",
      "TAX": "https://arty.scai.fraunhofer.de/artifactory/bel/namespace/ncbi-taxonomy/ncbi-taxonomy-20200322.belns"
    },
    "path": "Shaghaghi_et.al_2020.bel",
    "pybel_version": "0.14.6"
  },
  "links": [
    {
      "annotations": {
        "BioAssay": {
          "molecular docking": true
        },
        "PublicationStatus": {
          "Published": true
        },
        "PublicationType": {
          "Research": true
        },
        "Section": {
          "Results": true
        }
      },
      "citation": {
        "db": "DOI",
        "db_id": "10.26434/chemrxiv.11935722"
      },
      "evidence": "The results of this study indicate the strong interactions of terpenoids in the two enzymatically protected flap regions. Connecting to the above mentioned areas is highly desirable. The results for the binding of these compounds are summarized in Tables 2,3 and 4.",
      "key": "751cf11fb5290bb7411bb2bd3a9834c1",
      "line": 43,
      "relation": "decreases",
      "source": 10,
      "target": 9
    },
    {
      "key": "d90a0c89478fdaeb318ec2e7a45d887c",
      "relation": "partOf",
      "source": 0,
      "target": 10
    },
    {
      "key": "5b9faf2c2bc45b03374508a8da30a5c2",
      "relation": "partOf",
      "source": 20,
      "target": 10
    },
    {
      "key": "68ecd2f7370c9d2fe39b288fe919e832",
      "relation": "partOf",
      "source": 20,
      "target": 12
    },
    {
      "key": "fddba58c970c4c2ede777fb62f295084",
      "relation": "partOf",
      "source": 20,
      "target": 18
    },
    {
      "key": "f1ee654be11fcd28e79532160b844869",
      "relation": "partOf",
      "source": 20,
      "target": 17
    },
    {
      "key": "869357a87d26b36dd832d0c6ac9ba1f5",
      "relation": "partOf",
      "source": 20,
      "target": 11
    },
    {
      "key": "792564aea0e6a177a612c83b8fff0525",
      "relation": "partOf",
      "source": 20,
      "target": 14
    },
    {
      "key": "b14c417c230a343ec0806f7979d09370",
      "relation": "partOf",
      "source": 20,
      "target": 13
    },
    {
      "key": "64c00a848c64b46babf2a29bce9ec026",
      "relation": "partOf",
      "source": 20,
      "target": 16
    },
    {
      "key": "4f8a64e8d07b081d127332c094a0385d",
      "relation": "partOf",
      "source": 20,
      "target": 15
    },
    {
      "key": "84a9f95a7d3b16f705d7150136b890fd",
      "relation": "hasVariant",
      "source": 19,
      "target": 20
    },
    {
      "annotations": {
        "BioAssay": {
          "molecular docking": true
        },
        "PublicationStatus": {
          "Published": true
        },
        "PublicationType": {
          "Research": true
        },
        "Section": {
          "Results": true
        }
      },
      "citation": {
        "db": "DOI",
        "db_id": "10.26434/chemrxiv.11935722"
      },
      "evidence": "The results of this study indicate the strong interactions of terpenoids in the two enzymatically protected flap regions. Connecting to the above mentioned areas is highly desirable. The results for the binding of these compounds are summarized in Tables 2,3 and 4.",
      "key": "0af241abec9159a85c43cb83adf3deb6",
      "line": 46,
      "relation": "decreases",
      "source": 12,
      "target": 9
    },
    {
      "key": "2f12ddfdd1ac8dc3898390c03ff7abc4",
      "relation": "partOf",
      "source": 2,
      "target": 12
    },
    {
      "annotations": {
        "BioAssay": {
          "molecular docking": true
        },
        "PublicationStatus": {
          "Published": true
        },
        "PublicationType": {
          "Research": true
        },
        "Section": {
          "Results": true
        }
      },
      "citation": {
        "db": "DOI",
        "db_id": "10.26434/chemrxiv.11935722"
      },
      "evidence": "The results of this study indicate the strong interactions of terpenoids in the two enzymatically protected flap regions. Connecting to the above mentioned areas is highly desirable. The results for the binding of these compounds are summarized in Tables 2,3 and 4.",
      "key": "b662fb544458426416182cf20a7bffba",
      "line": 48,
      "relation": "decreases",
      "source": 18,
      "target": 9
    },
    {
      "key": "1f31a14b7066735137177a10813b1b45",
      "relation": "partOf",
      "source": 8,
      "target": 18
    },
    {
      "annotations": {
        "BioAssay": {
          "molecular docking": true
        },
        "PublicationStatus": {
          "Published": true
        },
        "PublicationType": {
          "Research": true
        },
        "Section": {
          "Results": true
        }
      },
      "citation": {
        "db": "DOI",
        "db_id": "10.26434/chemrxiv.11935722"
      },
      "evidence": "The results of this study indicate the strong interactions of terpenoids in the two enzymatically protected flap regions. Connecting to the above mentioned areas is highly desirable. The results for the binding of these compounds are summarized in Tables 2,3 and 4.",
      "key": "f1acf5c5aa69a2d938dd6664baaf663c",
      "line": 50,
      "relation": "decreases",
      "source": 17,
      "target": 9
    },
    {
      "key": "cd2bf5dd6ed0e5980527afe7d5dd41f6",
      "relation": "partOf",
      "source": 7,
      "target": 17
    },
    {
      "annotations": {
        "BioAssay": {
          "molecular docking": true
        },
        "PublicationStatus": {
          "Published": true
        },
        "PublicationType": {
          "Research": true
        },
        "Section": {
          "Results": true
        }
      },
      "citation": {
        "db": "DOI",
        "db_id": "10.26434/chemrxiv.11935722"
      },
      "evidence": "The results of this study indicate the strong interactions of terpenoids in the two enzymatically protected flap regions. Connecting to the above mentioned areas is highly desirable. The results for the binding of these compounds are summarized in Tables 2,3 and 4.",
      "key": "61c017ae0daf063c28421d22fa622def",
      "line": 52,
      "relation": "decreases",
      "source": 11,
      "target": 9
    },
    {
      "key": "f8863d72cd0fa1e951f90b0ddf6d1263",
      "relation": "partOf",
      "source": 1,
      "target": 11
    },
    {
      "annotations": {
        "BioAssay": {
          "molecular docking": true
        },
        "PublicationStatus": {
          "Published": true
        },
        "PublicationType": {
          "Research": true
        },
        "Section": {
          "Results": true
        }
      },
      "citation": {
        "db": "DOI",
        "db_id": "10.26434/chemrxiv.11935722"
      },
      "evidence": "The results of this study indicate the strong interactions of terpenoids in the two enzymatically protected flap regions. Connecting to the above mentioned areas is highly desirable. The results for the binding of these compounds are summarized in Tables 2,3 and 4.",
      "key": "0d94ad5cff6fbb76fb05310a3eb6f524",
      "line": 54,
      "relation": "decreases",
      "source": 14,
      "target": 9
    },
    {
      "key": "3f5b61f3ba32488512aca2eedef1201a",
      "relation": "partOf",
      "source": 4,
      "target": 14
    },
    {
      "annotations": {
        "BioAssay": {
          "molecular docking": true
        },
        "PublicationStatus": {
          "Published": true
        },
        "PublicationType": {
          "Research": true
        },
        "Section": {
          "Results": true
        }
      },
      "citation": {
        "db": "DOI",
        "db_id": "10.26434/chemrxiv.11935722"
      },
      "evidence": "The results of this study indicate the strong interactions of terpenoids in the two enzymatically protected flap regions. Connecting to the above mentioned areas is highly desirable. The results for the binding of these compounds are summarized in Tables 2,3 and 4.",
      "key": "c518f128a3b5ab6fb243b8b39a7c02ad",
      "line": 56,
      "relation": "decreases",
      "source": 13,
      "target": 9
    },
    {
      "key": "57f5f0da6fff73d7b874762a8f06997d",
      "relation": "partOf",
      "source": 3,
      "target": 13
    },
    {
      "annotations": {
        "BioAssay": {
          "molecular docking": true
        },
        "PublicationStatus": {
          "Published": true
        },
        "PublicationType": {
          "Research": true
        },
        "Section": {
          "Results": true
        }
      },
      "citation": {
        "db": "DOI",
        "db_id": "10.26434/chemrxiv.11935722"
      },
      "evidence": "The results of this study indicate the strong interactions of terpenoids in the two enzymatically protected flap regions. Connecting to the above mentioned areas is highly desirable. The results for the binding of these compounds are summarized in Tables 2,3 and 4.",
      "key": "d0e86b55012c812a7f105a3f9efacc44",
      "line": 58,
      "relation": "decreases",
      "source": 16,
      "target": 9
    },
    {
      "key": "a64e9b08cfa7a7c6c29345c2cfe29da9",
      "relation": "partOf",
      "source": 6,
      "target": 16
    },
    {
      "annotations": {
        "BioAssay": {
          "molecular docking": true
        },
        "PublicationStatus": {
          "Published": true
        },
        "PublicationType": {
          "Research": true
        },
        "Section": {
          "Results": true
        }
      },
      "citation": {
        "db": "DOI",
        "db_id": "10.26434/chemrxiv.11935722"
      },
      "evidence": "The results of this study indicate the strong interactions of terpenoids in the two enzymatically protected flap regions. Connecting to the above mentioned areas is highly desirable. The results for the binding of these compounds are summarized in Tables 2,3 and 4.",
      "key": "3758829fd718a86c70286af568b60973",
      "line": 60,
      "relation": "decreases",
      "source": 15,
      "target": 9
    },
    {
      "key": "66a7e5f98c5fc3eeb08f27b56d37cfc3",
      "relation": "partOf",
      "source": 5,
      "target": 15
    }
  ],
  "multigraph": true,
  "nodes": [
    {
      "bel": "a(PUBCHEM:10281)",
      "concept": {
        "name": "10281",
        "namespace": "PUBCHEM"
      },
      "function": "Abundance",
      "id": "35aff7f39cf5158efdef75739010b028"
    },
    {
      "bel": "a(PUBCHEM:1254)",
      "concept": {
        "name": "1254",
        "namespace": "PUBCHEM"
      },
      "function": "Abundance",
      "id": "b84b727234c31ed8a8b30d96c897fa92"
    },
    {
      "bel": "a(PUBCHEM:1285630)",
      "concept": {
        "name": "1285630",
        "namespace": "PUBCHEM"
      },
      "function": "Abundance",
      "id": "414accdc5be5146e9eed20dca01acab5"
    },
    {
      "bel": "a(PUBCHEM:275196)",
      "concept": {
        "name": "275196",
        "namespace": "PUBCHEM"
      },
      "function": "Abundance",
      "id": "a2f27abd970cc533e24220466def4c0c"
    },
    {
      "bel": "a(PUBCHEM:441293)",
      "concept": {
        "name": "441293",
        "namespace": "PUBCHEM"
      },
      "function": "Abundance",
      "id": "ace273742060f4ac6c83ffa74968e3f3"
    },
    {
      "bel": "a(PUBCHEM:442393)",
      "concept": {
        "name": "442393",
        "namespace": "PUBCHEM"
      },
      "function": "Abundance",
      "id": "b213ac82b1f248bbf647e3c133f430c3"
    },
    {
      "bel": "a(PUBCHEM:47936)",
      "concept": {
        "name": "47936",
        "namespace": "PUBCHEM"
      },
      "function": "Abundance",
      "id": "dbf0ee388ed8eac158bb334ba4aeb27f"
    },
    {
      "bel": "a(PUBCHEM:638011)",
      "concept": {
        "name": "638011",
        "namespace": "PUBCHEM"
      },
      "function": "Abundance",
      "id": "8d01de6a9319f0fd387139009fb53db4"
    },
    {
      "bel": "a(PUBCHEM:73581)",
      "concept": {
        "name": "73581",
        "namespace": "PUBCHEM"
      },
      "function": "Abundance",
      "id": "aafb81eb871542fd5feb33248ee64fc6"
    },
    {
      "bel": "a(TAX:\"Severe acute respiratory syndrome coronavirus 2\")",
      "concept": {
        "name": "Severe acute respiratory syndrome coronavirus 2",
        "namespace": "TAX"
      },
      "function": "Abundance",
      "id": "c41851da59cc36c21b2e8acf24c1f46d"
    },
    {
      "bel": "complex(a(PUBCHEM:10281), p(COVID:ORF1ab, frag(\"3264_3569\")))",
      "function": "Complex",
      "id": "4e3b9053d5b83e77df2ef5654d9d7326",
      "members": [
        {
          "bel": "a(PUBCHEM:10281)",
          "concept": {
            "name": "10281",
            "namespace": "PUBCHEM"
          },
          "function": "Abundance",
          "id": "35aff7f39cf5158efdef75739010b028"
        },
        {
          "bel": "p(COVID:ORF1ab, frag(\"3264_3569\"))",
          "concept": {
            "name": "ORF1ab",
            "namespace": "COVID"
          },
          "function": "Protein",
          "id": "8b1aed13f6853876f8b68f28deac1a26",
          "variants": [
            {
              "kind": "frag",
              "start": 3264,
              "stop": 3569
            }
          ]
        }
      ]
    },
    {
      "bel": "complex(a(PUBCHEM:1254), p(COVID:ORF1ab, frag(\"3264_3569\")))",
      "function": "Complex",
      "id": "599eea0e5fdb1845c2c8b37034671678",
      "members": [
        {
          "bel": "a(PUBCHEM:1254)",
          "concept": {
            "name": "1254",
            "namespace": "PUBCHEM"
          },
          "function": "Abundance",
          "id": "b84b727234c31ed8a8b30d96c897fa92"
        },
        {
          "bel": "p(COVID:ORF1ab, frag(\"3264_3569\"))",
          "concept": {
            "name": "ORF1ab",
            "namespace": "COVID"
          },
          "function": "Protein",
          "id": "8b1aed13f6853876f8b68f28deac1a26",
          "variants": [
            {
              "kind": "frag",
              "start": 3264,
              "stop": 3569
            }
          ]
        }
      ]
    },
    {
      "bel": "complex(a(PUBCHEM:1285630), p(COVID:ORF1ab, frag(\"3264_3569\")))",
      "function": "Complex",
      "id": "0c823de7a534de1178457b75d16d40fd",
      "members": [
        {
          "bel": "a(PUBCHEM:1285630)",
          "concept": {
            "name": "1285630",
            "namespace": "PUBCHEM"
          },
          "function": "Abundance",
          "id": "414accdc5be5146e9eed20dca01acab5"
        },
        {
          "bel": "p(COVID:ORF1ab, frag(\"3264_3569\"))",
          "concept": {
            "name": "ORF1ab",
            "namespace": "COVID"
          },
          "function": "Protein",
          "id": "8b1aed13f6853876f8b68f28deac1a26",
          "variants": [
            {
              "kind": "frag",
              "start": 3264,
              "stop": 3569
            }
          ]
        }
      ]
    },
    {
      "bel": "complex(a(PUBCHEM:275196), p(COVID:ORF1ab, frag(\"3264_3569\")))",
      "function": "Complex",
      "id": "49c557bf05ca4367f99a0cf33874ed8a",
      "members": [
        {
          "bel": "a(PUBCHEM:275196)",
          "concept": {
            "name": "275196",
            "namespace": "PUBCHEM"
          },
          "function": "Abundance",
          "id": "a2f27abd970cc533e24220466def4c0c"
        },
        {
          "bel": "p(COVID:ORF1ab, frag(\"3264_3569\"))",
          "concept": {
            "name": "ORF1ab",
            "namespace": "COVID"
          },
          "function": "Protein",
          "id": "8b1aed13f6853876f8b68f28deac1a26",
          "variants": [
            {
              "kind": "frag",
              "start": 3264,
              "stop": 3569
            }
          ]
        }
      ]
    },
    {
      "bel": "complex(a(PUBCHEM:441293), p(COVID:ORF1ab, frag(\"3264_3569\")))",
      "function": "Complex",
      "id": "bd3503e3592b882b5c0c3c82a9cb6071",
      "members": [
        {
          "bel": "a(PUBCHEM:441293)",
          "concept": {
            "name": "441293",
            "namespace": "PUBCHEM"
          },
          "function": "Abundance",
          "id": "ace273742060f4ac6c83ffa74968e3f3"
        },
        {
          "bel": "p(COVID:ORF1ab, frag(\"3264_3569\"))",
          "concept": {
            "name": "ORF1ab",
            "namespace": "COVID"
          },
          "function": "Protein",
          "id": "8b1aed13f6853876f8b68f28deac1a26",
          "variants": [
            {
              "kind": "frag",
              "start": 3264,
              "stop": 3569
            }
          ]
        }
      ]
    },
    {
      "bel": "complex(a(PUBCHEM:442393), p(COVID:ORF1ab, frag(\"3264_3569\")))",
      "function": "Complex",
      "id": "ea638f03adc12af442089244ab8a2996",
      "members": [
        {
          "bel": "a(PUBCHEM:442393)",
          "concept": {
            "name": "442393",
            "namespace": "PUBCHEM"
          },
          "function": "Abundance",
          "id": "b213ac82b1f248bbf647e3c133f430c3"
        },
        {
          "bel": "p(COVID:ORF1ab, frag(\"3264_3569\"))",
          "concept": {
            "name": "ORF1ab",
            "namespace": "COVID"
          },
          "function": "Protein",
          "id": "8b1aed13f6853876f8b68f28deac1a26",
          "variants": [
            {
              "kind": "frag",
              "start": 3264,
              "stop": 3569
            }
          ]
        }
      ]
    },
    {
      "bel": "complex(a(PUBCHEM:47936), p(COVID:ORF1ab, frag(\"3264_3569\")))",
      "function": "Complex",
      "id": "eb06b6f7418c39ba0f1384f606986bdf",
      "members": [
        {
          "bel": "a(PUBCHEM:47936)",
          "concept": {
            "name": "47936",
            "namespace": "PUBCHEM"
          },
          "function": "Abundance",
          "id": "dbf0ee388ed8eac158bb334ba4aeb27f"
        },
        {
          "bel": "p(COVID:ORF1ab, frag(\"3264_3569\"))",
          "concept": {
            "name": "ORF1ab",
            "namespace": "COVID"
          },
          "function": "Protein",
          "id": "8b1aed13f6853876f8b68f28deac1a26",
          "variants": [
            {
              "kind": "frag",
              "start": 3264,
              "stop": 3569
            }
          ]
        }
      ]
    },
    {
      "bel": "complex(a(PUBCHEM:638011), p(COVID:ORF1ab, frag(\"3264_3569\")))",
      "function": "Complex",
      "id": "e449a7c53bfdd5e38fb47b5567ff08d3",
      "members": [
        {
          "bel": "a(PUBCHEM:638011)",
          "concept": {
            "name": "638011",
            "namespace": "PUBCHEM"
          },
          "function": "Abundance",
          "id": "8d01de6a9319f0fd387139009fb53db4"
        },
        {
          "bel": "p(COVID:ORF1ab, frag(\"3264_3569\"))",
          "concept": {
            "name": "ORF1ab",
            "namespace": "COVID"
          },
          "function": "Protein",
          "id": "8b1aed13f6853876f8b68f28deac1a26",
          "variants": [
            {
              "kind": "frag",
              "start": 3264,
              "stop": 3569
            }
          ]
        }
      ]
    },
    {
      "bel": "complex(a(PUBCHEM:73581), p(COVID:ORF1ab, frag(\"3264_3569\")))",
      "function": "Complex",
      "id": "a5344c34e36151f7b2fdc912c314667c",
      "members": [
        {
          "bel": "a(PUBCHEM:73581)",
          "concept": {
            "name": "73581",
            "namespace": "PUBCHEM"
          },
          "function": "Abundance",
          "id": "aafb81eb871542fd5feb33248ee64fc6"
        },
        {
          "bel": "p(COVID:ORF1ab, frag(\"3264_3569\"))",
          "concept": {
            "name": "ORF1ab",
            "namespace": "COVID"
          },
          "function": "Protein",
          "id": "8b1aed13f6853876f8b68f28deac1a26",
          "variants": [
            {
              "kind": "frag",
              "start": 3264,
              "stop": 3569
            }
          ]
        }
      ]
    },
    {
      "bel": "p(COVID:ORF1ab)",
      "concept": {
        "name": "ORF1ab",
        "namespace": "COVID"
      },
      "function": "Protein",
      "id": "3e2ae75f3061012cb65ea6b97f7db096"
    },
    {
      "bel": "p(COVID:ORF1ab, frag(\"3264_3569\"))",
      "concept": {
        "name": "ORF1ab",
        "namespace": "COVID"
      },
      "function": "Protein",
      "id": "8b1aed13f6853876f8b68f28deac1a26",
      "variants": [
        {
          "kind": "frag",
          "start": 3264,
          "stop": 3569
        }
      ]
    }
  ]
}