{
  "directed": true,
  "graph": {
    "annotation_list": {
      "Assay": [
        "real-time reverse-transcriptase polymerase chain reaction"
      ],
      "PublicationStatus": [
        "Published"
      ],
      "PublicationType": [
        "Case report"
      ],
      "Sample": [
        "Blood",
        "Plasma",
        "feces",
        "nasopharyngeal swab",
        "sputum"
      ],
      "Section": [
        "Full Text"
      ],
      "Timeline": [
        "20 days",
        "4 days",
        "5-6 days",
        "7-9 days"
      ]
    },
    "annotation_pattern": {},
    "annotation_url": {
      "Species": "https://arty.scai.fraunhofer.de/artifactory/bel/annotation/species-taxonomy-id/species-taxonomy-id-20170511.belanno"
    },
    "document_metadata": {
      "authors": "Priya S",
      "contact": "priya@causalitybiomodels.com",
      "copyright": "Copyright © 2020 Fraunhofer Institute SCAI, All rights reserved",
      "description": "COVID Knowledge Curation project",
      "licenses": "Private Ownership to Fraunhofer Institute SCAI",
      "name": "Thevarajan_et.al_2020.bel",
      "version": "2.0.0"
    },
    "namespace_pattern": {
      "UNIPROT": "^([A-N,R-Z][0-9]([A-Z][A-Z, 0-9][A-Z, 0-9][0-9]){1,2})|([O,P,Q][0-9][A-Z, 0-9][A-Z, 0-9][A-Z, 0-9][0-9])(\\.\\d+)?$",
      "dbSNP": "rs[0-9]+"
    },
    "namespace_url": {
      "DO": "https://arty.scai.fraunhofer.de/artifactory/bel/namespace/disease-ontology/disease-ontology-20200407.belns",
      "HGNC": "https://arty.scai.fraunhofer.de/artifactory/bel/namespace/hgnc/hgnc-20190708.belns",
      "MESH": "https://arty.scai.fraunhofer.de/artifactory/bel/namespace/mesh/mesh-names-20181007.belns",
      "TAX": "https://arty.scai.fraunhofer.de/artifactory/bel/namespace/ncbi-taxonomy/ncbi-taxonomy-20200322.belns"
    },
    "path": "Thevarajan_et.al_2020.bel",
    "pybel_version": "0.14.6"
  },
  "links": [
    {
      "annotations": {
        "PublicationStatus": {
          "Published": true
        },
        "PublicationType": {
          "Case report": true
        },
        "Section": {
          "Full Text": true
        },
        "Species": {
          "9606": true
        }
      },
      "citation": {
        "db": "DOI",
        "db_id": "10.1038/s41591-020-0819-2"
      },
      "evidence": "Increased antibody-secreting cells (ASCs),follicular helper T cells (TFH cells), activated CD4+ T cells and CD8+ T cells and immunoglobulin M (IgM) and IgG antibodies that bound the COVID-19- causing coronavirus SARS-CoV-2 were detected in blood before symptomatic recovery.",
      "key": "b84b4708f9a2b30a88e44e19937b12cf",
      "line": 51,
      "relation": "increases",
      "source": 6,
      "target": 15
    },
    {
      "annotations": {
        "Assay": {
          "real-time reverse-transcriptase polymerase chain reaction": true
        },
        "PublicationStatus": {
          "Published": true
        },
        "PublicationType": {
          "Case report": true
        },
        "Sample": {
          "nasopharyngeal swab": true
        },
        "Section": {
          "Full Text": true
        },
        "Species": {
          "9606": true
        },
        "Timeline": {
          "4 days": true
        }
      },
      "citation": {
        "db": "DOI",
        "db_id": "10.1038/s41591-020-0819-2"
      },
      "evidence": "At presentation on day 4, SARS-CoV-2 was detected in a nasopharyngeal swab specimen by real-time reverse-transcriptase PCR. SARS-CoV-2 was again detected at days 5–6 in nasopharyngeal, sputum and fecal samples, but was undetectable from day 7 (Fig.1a).",
      "key": "82b72d979ff87622bc49fc492dac2b88",
      "line": 65,
      "relation": "increases",
      "source": 6,
      "target": 15
    },
    {
      "annotations": {
        "PublicationStatus": {
          "Published": true
        },
        "PublicationType": {
          "Case report": true
        },
        "Sample": {
          "Blood": true
        },
        "Section": {
          "Full Text": true
        },
        "Species": {
          "9606": true
        }
      },
      "citation": {
        "db": "DOI",
        "db_id": "10.1038/s41591-020-0819-2"
      },
      "evidence": "Increased antibody-secreting cells (ASCs),follicular helper T cells (TFH cells), activated CD4+ T cells and CD8+ T cells and immunoglobulin M (IgM) and IgG antibodies that bound the COVID-19- causing coronavirus SARS-CoV-2 were detected in blood before symptomatic recovery.",
      "key": "0f0a999359b3bd4758ee05cd525a1dc5",
      "line": 53,
      "relation": "increases",
      "source": 15,
      "target": 0
    },
    {
      "annotations": {
        "PublicationStatus": {
          "Published": true
        },
        "PublicationType": {
          "Case report": true
        },
        "Sample": {
          "Blood": true
        },
        "Section": {
          "Full Text": true
        },
        "Species": {
          "9606": true
        }
      },
      "citation": {
        "db": "DOI",
        "db_id": "10.1038/s41591-020-0819-2"
      },
      "evidence": "Increased antibody-secreting cells (ASCs),follicular helper T cells (TFH cells), activated CD4+ T cells and CD8+ T cells and immunoglobulin M (IgM) and IgG antibodies that bound the COVID-19- causing coronavirus SARS-CoV-2 were detected in blood before symptomatic recovery.",
      "key": "357b0c6f23134c43019e541e0bac9088",
      "line": 54,
      "relation": "increases",
      "source": 15,
      "target": 5
    },
    {
      "annotations": {
        "PublicationStatus": {
          "Published": true
        },
        "PublicationType": {
          "Case report": true
        },
        "Sample": {
          "Blood": true
        },
        "Section": {
          "Full Text": true
        },
        "Species": {
          "9606": true
        }
      },
      "citation": {
        "db": "DOI",
        "db_id": "10.1038/s41591-020-0819-2"
      },
      "evidence": "Increased antibody-secreting cells (ASCs),follicular helper T cells (TFH cells), activated CD4+ T cells and CD8+ T cells and immunoglobulin M (IgM) and IgG antibodies that bound the COVID-19- causing coronavirus SARS-CoV-2 were detected in blood before symptomatic recovery.",
      "key": "2fe8107040fd69c26fa2a226a9450830",
      "line": 55,
      "relation": "increases",
      "source": 15,
      "target": 1
    },
    {
      "annotations": {
        "PublicationStatus": {
          "Published": true
        },
        "PublicationType": {
          "Case report": true
        },
        "Sample": {
          "Blood": true
        },
        "Section": {
          "Full Text": true
        },
        "Species": {
          "9606": true
        }
      },
      "citation": {
        "db": "DOI",
        "db_id": "10.1038/s41591-020-0819-2"
      },
      "evidence": "Increased antibody-secreting cells (ASCs),follicular helper T cells (TFH cells), activated CD4+ T cells and CD8+ T cells and immunoglobulin M (IgM) and IgG antibodies that bound the COVID-19- causing coronavirus SARS-CoV-2 were detected in blood before symptomatic recovery.",
      "key": "bf14ed126219b0be510093aa8624a7e7",
      "line": 56,
      "relation": "increases",
      "source": 15,
      "target": 4
    },
    {
      "annotations": {
        "PublicationStatus": {
          "Published": true
        },
        "PublicationType": {
          "Case report": true
        },
        "Sample": {
          "Blood": true
        },
        "Section": {
          "Full Text": true
        },
        "Species": {
          "9606": true
        }
      },
      "citation": {
        "db": "DOI",
        "db_id": "10.1038/s41591-020-0819-2"
      },
      "evidence": "Increased antibody-secreting cells (ASCs),follicular helper T cells (TFH cells), activated CD4+ T cells and CD8+ T cells and immunoglobulin M (IgM) and IgG antibodies that bound the COVID-19- causing coronavirus SARS-CoV-2 were detected in blood before symptomatic recovery.",
      "key": "cf1ad38e230d2abe4fc49a3a6d3362f7",
      "line": 57,
      "relation": "increases",
      "source": 15,
      "target": 3
    },
    {
      "annotations": {
        "PublicationStatus": {
          "Published": true
        },
        "PublicationType": {
          "Case report": true
        },
        "Sample": {
          "Blood": true
        },
        "Section": {
          "Full Text": true
        },
        "Species": {
          "9606": true
        }
      },
      "citation": {
        "db": "DOI",
        "db_id": "10.1038/s41591-020-0819-2"
      },
      "evidence": "Blood C-reactive protein was elevated at 83.2, with normal counts of lymphocytes (4.3 × 109 cells per liter (range, 4.0 × 109 to 12.0 × 109 cells per liter)) and neutrophils (6.3 × 109 cells per liter (range, 2.0 × 109 to 8.0 × 109 × 109 cells per liter)).",
      "key": "7099de8fa838f7decd493ccb0642ffb6",
      "line": 78,
      "relation": "increases",
      "source": 15,
      "target": 10
    },
    {
      "annotations": {
        "PublicationStatus": {
          "Published": true
        },
        "PublicationType": {
          "Case report": true
        },
        "Sample": {
          "Plasma": true
        },
        "Section": {
          "Full Text": true
        },
        "Species": {
          "9606": true
        }
      },
      "citation": {
        "db": "DOI",
        "db_id": "10.1038/s41591-020-0819-2"
      },
      "evidence": "We found low levels of the chemokine MCP-1 (CCL2) in the patient’s plasma (Extended Data Fig. 2a), although this was comparable to results obtained for healthy donors (22.15 ± 13.81; n = 5), patients infected with influenza A virus or influenza B, assessed at days 7–9 (33.85 ± 30.12; n = 5), and a patient infected with the human coronavirus HCoV-229e (40.56).",
      "key": "0865ef1210c24af71eb373fcf205531d",
      "line": 99,
      "relation": "increases",
      "source": 15,
      "target": 8
    },
    {
      "annotations": {
        "PublicationStatus": {
          "Published": true
        },
        "PublicationType": {
          "Case report": true
        },
        "Section": {
          "Full Text": true
        },
        "Species": {
          "9606": true
        }
      },
      "citation": {
        "db": "DOI",
        "db_id": "10.1038/s41591-020-0819-2"
      },
      "evidence": "As the single-nucleotide polymorphism rs12252-C/C in the gene IFITM3 (which encodes interferon-induced transmembrane protein 3) is linked to severe influenza6,7, we analyzed IFITM3-rs12252 in the patient with COVID-19 and found the ‘risk’ IFITM3-rs12252-C/C variant (Extended Data Fig. 2b).",
      "key": "308e99b855498c9d039708b24154bbec",
      "line": 105,
      "relation": "positiveCorrelation",
      "source": 15,
      "target": 7
    },
    {
      "annotations": {
        "PublicationStatus": {
          "Published": true
        },
        "PublicationType": {
          "Case report": true
        },
        "Section": {
          "Full Text": true
        },
        "Species": {
          "9606": true
        },
        "Timeline": {
          "7-9 days": true
        }
      },
      "citation": {
        "db": "DOI",
        "db_id": "10.1038/s41591-020-0819-2"
      },
      "evidence": "As per reports for Ebola and influenza1,4, co-expression of CD38 and HLA-DR on CD8+ T cells (assessed as the frequency of CD38+HLA-DR+ CD8+ T cells) rapidly increased in this patient from day 7 (3.57%) to day 8 (5.32%) and day 9 (11.8%), then decreased at day 20 (7.05%) (Fig. 1e).",
      "key": "c6f2de5665cf0471fb052d04a7fd779b",
      "line": 83,
      "relation": "increases",
      "source": 1,
      "target": 2
    },
    {
      "annotations": {
        "PublicationStatus": {
          "Published": true
        },
        "PublicationType": {
          "Case report": true
        },
        "Section": {
          "Full Text": true
        },
        "Species": {
          "9606": true
        },
        "Timeline": {
          "20 days": true
        }
      },
      "citation": {
        "db": "DOI",
        "db_id": "10.1038/s41591-020-0819-2"
      },
      "evidence": "As per reports for Ebola and influenza1,4, co-expression of CD38 and HLA-DR on CD8+ T cells (assessed as the frequency of CD38+HLA-DR+ CD8+ T cells) rapidly increased in this patient from day 7 (3.57%) to day 8 (5.32%) and day 9 (11.8%), then decreased at day 20 (7.05%) (Fig. 1e).",
      "key": "6936c753526de2557b178a1f09dd7200",
      "line": 87,
      "relation": "decreases",
      "source": 1,
      "target": 2
    },
    {
      "annotations": {
        "PublicationStatus": {
          "Published": true
        },
        "PublicationType": {
          "Case report": true
        },
        "Section": {
          "Full Text": true
        },
        "Species": {
          "9606": true
        },
        "Timeline": {
          "7-9 days": true
        }
      },
      "citation": {
        "db": "DOI",
        "db_id": "10.1038/s41591-020-0819-2"
      },
      "evidence": "As per reports for Ebola and influenza1,4, co-expression of CD38 and HLA-DR on CD8+ T cells (assessed as the frequency of CD38+HLA-DR+ CD8+ T cells) rapidly increased in this patient from day 7 (3.57%) to day 8 (5.32%) and day 9 (11.8%), then decreased at day 20 (7.05%) (Fig. 1e).",
      "key": "7b1c0e425177432334292c272d9b52f4",
      "line": 84,
      "relation": "increases",
      "source": 1,
      "target": 9
    },
    {
      "annotations": {
        "PublicationStatus": {
          "Published": true
        },
        "PublicationType": {
          "Case report": true
        },
        "Section": {
          "Full Text": true
        },
        "Species": {
          "9606": true
        },
        "Timeline": {
          "20 days": true
        }
      },
      "citation": {
        "db": "DOI",
        "db_id": "10.1038/s41591-020-0819-2"
      },
      "evidence": "As per reports for Ebola and influenza1,4, co-expression of CD38 and HLA-DR on CD8+ T cells (assessed as the frequency of CD38+HLA-DR+ CD8+ T cells) rapidly increased in this patient from day 7 (3.57%) to day 8 (5.32%) and day 9 (11.8%), then decreased at day 20 (7.05%) (Fig. 1e).",
      "key": "ca42c3993836cbfdfcc6b3b6dbf558e1",
      "line": 88,
      "relation": "decreases",
      "source": 1,
      "target": 9
    },
    {
      "annotations": {
        "PublicationStatus": {
          "Published": true
        },
        "PublicationType": {
          "Case report": true
        },
        "Section": {
          "Full Text": true
        },
        "Species": {
          "9606": true
        }
      },
      "citation": {
        "db": "DOI",
        "db_id": "10.1038/s41591-020-0819-2"
      },
      "evidence": "CD38+HLA-DR+ T cells, especially CD8+T cells, produced larger amounts of granzymes A and B and perforin (~34–54% higher) than did their parent cells (CD8+ or CD4+ populations; Fig. 1e).",
      "key": "e1256040042b43d78369ded1abe3e291",
      "line": 93,
      "relation": "increases",
      "source": 1,
      "target": 13
    },
    {
      "annotations": {
        "PublicationStatus": {
          "Published": true
        },
        "PublicationType": {
          "Case report": true
        },
        "Section": {
          "Full Text": true
        },
        "Species": {
          "9606": true
        }
      },
      "citation": {
        "db": "DOI",
        "db_id": "10.1038/s41591-020-0819-2"
      },
      "evidence": "CD38+HLA-DR+ T cells, especially CD8+T cells, produced larger amounts of granzymes A and B and perforin (~34–54% higher) than did their parent cells (CD8+ or CD4+ populations; Fig. 1e).",
      "key": "aaf219b61598294dbb4da0b204986f67",
      "line": 94,
      "relation": "increases",
      "source": 1,
      "target": 12
    },
    {
      "annotations": {
        "PublicationStatus": {
          "Published": true
        },
        "PublicationType": {
          "Case report": true
        },
        "Section": {
          "Full Text": true
        },
        "Species": {
          "9606": true
        }
      },
      "citation": {
        "db": "DOI",
        "db_id": "10.1038/s41591-020-0819-2"
      },
      "evidence": "CD38+HLA-DR+ T cells, especially CD8+T cells, produced larger amounts of granzymes A and B and perforin (~34–54% higher) than did their parent cells (CD8+ or CD4+ populations; Fig. 1e).",
      "key": "cdc6fe663024ffe846fda20b5b945cb5",
      "line": 95,
      "relation": "increases",
      "source": 1,
      "target": 14
    },
    {
      "annotations": {
        "PublicationStatus": {
          "Published": true
        },
        "PublicationType": {
          "Case report": true
        },
        "Section": {
          "Full Text": true
        },
        "Species": {
          "9606": true
        }
      },
      "citation": {
        "db": "DOI",
        "db_id": "10.1038/s41591-020-0819-2"
      },
      "evidence": "As the single-nucleotide polymorphism rs12252-C/C in the gene IFITM3 (which encodes interferon-induced transmembrane protein 3) is linked to severe influenza6,7, we analyzed IFITM3-rs12252 in the patient with COVID-19 and found the ‘risk’ IFITM3-rs12252-C/C variant (Extended Data Fig. 2b).",
      "key": "7f0bc4b559b1de3d4d508cfb3b7b3e4e",
      "line": 103,
      "relation": "association",
      "source": 7,
      "target": 11
    },
    {
      "annotations": {
        "PublicationStatus": {
          "Published": true
        },
        "PublicationType": {
          "Case report": true
        },
        "Section": {
          "Full Text": true
        },
        "Species": {
          "9606": true
        }
      },
      "citation": {
        "db": "DOI",
        "db_id": "10.1038/s41591-020-0819-2"
      },
      "evidence": "As the single-nucleotide polymorphism rs12252-C/C in the gene IFITM3 (which encodes interferon-induced transmembrane protein 3) is linked to severe influenza6,7, we analyzed IFITM3-rs12252 in the patient with COVID-19 and found the ‘risk’ IFITM3-rs12252-C/C variant (Extended Data Fig. 2b).",
      "key": "a6d26ee17463c150aea4ec52cbdda2a8",
      "line": 105,
      "relation": "positiveCorrelation",
      "source": 7,
      "target": 15
    },
    {
      "annotations": {
        "PublicationStatus": {
          "Published": true
        },
        "PublicationType": {
          "Case report": true
        },
        "Section": {
          "Full Text": true
        },
        "Species": {
          "9606": true
        }
      },
      "citation": {
        "db": "DOI",
        "db_id": "10.1038/s41591-020-0819-2"
      },
      "evidence": "As the single-nucleotide polymorphism rs12252-C/C in the gene IFITM3 (which encodes interferon-induced transmembrane protein 3) is linked to severe influenza6,7, we analyzed IFITM3-rs12252 in the patient with COVID-19 and found the ‘risk’ IFITM3-rs12252-C/C variant (Extended Data Fig. 2b).",
      "key": "74e27f16dd1db47914efe07e90a30f90",
      "line": 103,
      "relation": "association",
      "source": 11,
      "target": 7
    },
    {
      "annotations": {
        "PublicationStatus": {
          "Published": true
        },
        "PublicationType": {
          "Case report": true
        },
        "Section": {
          "Full Text": true
        },
        "Species": {
          "9606": true
        }
      },
      "citation": {
        "db": "DOI",
        "db_id": "10.1038/s41591-020-0819-2"
      },
      "evidence": "As the single-nucleotide polymorphism rs12252-C/C in the gene IFITM3 (which encodes interferon-induced transmembrane protein 3) is linked to severe influenza6,7, we analyzed IFITM3-rs12252 in the patient with COVID-19 and found the ‘risk’ IFITM3-rs12252-C/C variant (Extended Data Fig. 2b).",
      "key": "3d6ef0e77616961a59b21ff3bc932c38",
      "line": 104,
      "relation": "association",
      "source": 11,
      "target": 16
    },
    {
      "annotations": {
        "PublicationStatus": {
          "Published": true
        },
        "PublicationType": {
          "Case report": true
        },
        "Section": {
          "Full Text": true
        },
        "Species": {
          "9606": true
        }
      },
      "citation": {
        "db": "DOI",
        "db_id": "10.1038/s41591-020-0819-2"
      },
      "evidence": "As the single-nucleotide polymorphism rs12252-C/C in the gene IFITM3 (which encodes interferon-induced transmembrane protein 3) is linked to severe influenza6,7, we analyzed IFITM3-rs12252 in the patient with COVID-19 and found the ‘risk’ IFITM3-rs12252-C/C variant (Extended Data Fig. 2b).",
      "key": "4a73425af5248f1ac34b9645aba4670c",
      "line": 104,
      "relation": "association",
      "source": 16,
      "target": 11
    }
  ],
  "multigraph": true,
  "nodes": [
    {
      "bel": "a(MESH:\"Antibody-Producing Cells\")",
      "concept": {
        "name": "Antibody-Producing Cells",
        "namespace": "MESH"
      },
      "function": "Abundance",
      "id": "95b3b9d5798fba9b618809c15f54b8e9"
    },
    {
      "bel": "a(MESH:\"CD8-Positive T-Lymphocytes\")",
      "concept": {
        "name": "CD8-Positive T-Lymphocytes",
        "namespace": "MESH"
      },
      "function": "Abundance",
      "id": "59b2f285d4c75c8c59127aa7c441658c"
    },
    {
      "bel": "a(MESH:\"Histocompatibility Antigens Class II\")",
      "concept": {
        "name": "Histocompatibility Antigens Class II",
        "namespace": "MESH"
      },
      "function": "Abundance",
      "id": "fd291ecddf8692a83d27bc702c8a55d6"
    },
    {
      "bel": "a(MESH:\"Immunoglobulin G\")",
      "concept": {
        "name": "Immunoglobulin G",
        "namespace": "MESH"
      },
      "function": "Abundance",
      "id": "ed6b199fc0a3b814d8ce805fa9964dca"
    },
    {
      "bel": "a(MESH:\"Immunoglobulin M\")",
      "concept": {
        "name": "Immunoglobulin M",
        "namespace": "MESH"
      },
      "function": "Abundance",
      "id": "3cbf8b95fef3a7e7a668264a25b1dec7"
    },
    {
      "bel": "a(MESH:\"T-Lymphocytes, Helper-Inducer\")",
      "concept": {
        "name": "T-Lymphocytes, Helper-Inducer",
        "namespace": "MESH"
      },
      "function": "Abundance",
      "id": "addf362153ff7858e2d94b231c02e9b9"
    },
    {
      "bel": "a(TAX:\"Severe acute respiratory syndrome coronavirus 2\")",
      "concept": {
        "name": "Severe acute respiratory syndrome coronavirus 2",
        "namespace": "TAX"
      },
      "function": "Abundance",
      "id": "c41851da59cc36c21b2e8acf24c1f46d"
    },
    {
      "bel": "g(dbSNP:rs12252)",
      "concept": {
        "name": "rs12252",
        "namespace": "dbSNP"
      },
      "function": "Gene",
      "id": "3069698e4a1272656f533e66c0a3c68a"
    },
    {
      "bel": "p(HGNC:CCL2)",
      "concept": {
        "name": "CCL2",
        "namespace": "HGNC"
      },
      "function": "Protein",
      "id": "2a1fddd8526478c2c7edadaa639bbe85"
    },
    {
      "bel": "p(HGNC:CD38)",
      "concept": {
        "name": "CD38",
        "namespace": "HGNC"
      },
      "function": "Protein",
      "id": "e7ce2323213d9194a2a5250b7e964cf5"
    },
    {
      "bel": "p(HGNC:CRP)",
      "concept": {
        "name": "CRP",
        "namespace": "HGNC"
      },
      "function": "Protein",
      "id": "b2238c9ec2ce73112c0f44c8375b7acb"
    },
    {
      "bel": "p(HGNC:IFITM3)",
      "concept": {
        "name": "IFITM3",
        "namespace": "HGNC"
      },
      "function": "Protein",
      "id": "f4ef24be61a791348f1d202f04bf97a0"
    },
    {
      "bel": "p(UNIPROT:P10144)",
      "concept": {
        "name": "P10144",
        "namespace": "UNIPROT"
      },
      "function": "Protein",
      "id": "32ef46802c95b9b36010df092f13fbcb"
    },
    {
      "bel": "p(UNIPROT:P12544)",
      "concept": {
        "name": "P12544",
        "namespace": "UNIPROT"
      },
      "function": "Protein",
      "id": "f251d0665d867af5b10386aa5678cd44"
    },
    {
      "bel": "p(UNIPROT:P14222)",
      "concept": {
        "name": "P14222",
        "namespace": "UNIPROT"
      },
      "function": "Protein",
      "id": "ae64ec3bedcb0abfb392ff6a73ec3e28"
    },
    {
      "bel": "path(DO:\"COVID-19\")",
      "concept": {
        "name": "COVID-19",
        "namespace": "DO"
      },
      "function": "Pathology",
      "id": "6f9f1c2e8012537e503a758c6bfaff0f"
    },
    {
      "bel": "path(DO:influenza)",
      "concept": {
        "name": "influenza",
        "namespace": "DO"
      },
      "function": "Pathology",
      "id": "ed15bfb63a176a38b4cce77ca70dab7a"
    }
  ]
}